transactionId,date,amount,currency,status
TXN0001,2025-06-24,2377.66,EUR,PENDING
TXN0002,2025-06-25,4763.08,EUR,SUCCESS
TXN0003,2025-06-27,695.01,INR,FAILED
TXN0004,2025-06-23,3393.95,EUR,SUCCESS
TXN0005,2025-06-20,973.62,INR,SUCCESS
TXN0006,2025-06-26,4855.7,INR,FAILED
TXN0007,2025-06-21,1545.59,USD,PENDING
TXN0008,2025-06-19,1653.9,USD,FAILED
TXN0009,2025-06-17,3355.5,INR,PENDING
TXN0010,2025-06-24,3537.79,INR,SUCCESS
TXN0011,2025-06-24,2477.89,USD,SUCCESS
TXN0012,2025-06-21,2811.25,EUR,SUCCESS
TXN0013,2025-06-25,1726.41,EUR,FAILED
TXN0014,2025-06-19,2320.8,USD,FAILED
TXN0015,2025-06-27,769.76,EUR,SUCCESS
TXN0016,2025-06-23,4804.32,USD,SUCCESS
TXN0017,2025-06-22,3991.56,USD,PENDING
TXN0018,2025-06-19,4379.86,EUR,PENDING
TXN0019,2025-06-18,4181.06,EUR,SUCCESS
TXN0020,2025-06-17,1644.47,USD,SUCCESS
TXN0021,2025-06-26,3018.59,USD,PENDING
TXN0022,2025-06-19,1502.76,INR,SUCCESS
TXN0023,2025-06-20,2564.72,EUR,SUCCESS
TXN0024,2025-06-27,4104.68,INR,PENDING
TXN0025,2025-06-20,1213.9,INR,FAILED
TXN0026,2025-06-23,2916.67,USD,PENDING
TXN0027,2025-06-24,1631.99,INR,SUCCESS
TXN0028,2025-06-20,869.58,EUR,SUCCESS
TXN0029,2025-06-21,600.54,EUR,PENDING
TXN0030,2025-06-25,1362.29,USD,PENDING
TXN0031,2025-06-22,2685.28,EUR,SUCCESS
TXN0032,2025-06-20,3757.48,USD,PENDING
TXN0033,2025-06-20,1234.75,INR,PENDING
TXN0034,2025-06-24,1849.95,INR,PENDING
TXN0035,2025-06-21,464.34,USD,FAILED
TXN0036,2025-06-27,3781.35,EUR,PENDING
TXN0037,2025-06-27,1498.29,INR,FAILED
TXN0038,2025-06-26,2437.01,EUR,FAILED
TXN0039,2025-06-23,3920.43,INR,FAILED
TXN0040,2025-06-24,3385.29,EUR,FAILED
TXN0041,2025-06-23,1929.31,USD,SUCCESS
TXN0042,2025-06-17,2463.17,EUR,SUCCESS
TXN0043,2025-06-22,3074.52,EUR,SUCCESS
TXN0044,2025-06-24,2446.13,INR,FAILED
TXN0045,2025-06-20,3716.26,INR,SUCCESS
TXN0046,2025-06-23,251.84,INR,SUCCESS
TXN0047,2025-06-26,4332.74,USD,SUCCESS
TXN0048,2025-06-24,3943.83,USD,FAILED
TXN0049,2025-06-25,978.44,EUR,PENDING
TXN0050,2025-06-21,3562.02,USD,PENDING
TXN0051,2025-06-24,910.49,INR,PENDING
TXN0052,2025-06-19,1522.14,USD,SUCCESS
TXN0053,2025-06-24,4831.38,EUR,FAILED
TXN0054,2025-06-27,100.97,INR,SUCCESS
TXN0055,2025-06-23,2883.19,EUR,PENDING
TXN0056,2025-06-26,4428.16,USD,PENDING
TXN0057,2025-06-18,4890.55,INR,PENDING
TXN0058,2025-06-25,263.74,INR,FAILED
TXN0059,2025-06-27,3041.36,USD,SUCCESS
TXN0060,2025-06-21,3044.46,USD,FAILED
TXN0061,2025-06-17,3188.47,EUR,FAILED
TXN0062,2025-06-26,3773.64,USD,FAILED
TXN0063,2025-06-17,3167.51,INR,SUCCESS
TXN0064,2025-06-18,1715.09,INR,FAILED
TXN0065,2025-06-18,990.73,INR,SUCCESS
TXN0066,2025-06-23,4740.37,EUR,FAILED
TXN0067,2025-06-22,4723.3,INR,FAILED
TXN0068,2025-06-22,4874.56,USD,FAILED
TXN0069,2025-06-27,3794.17,USD,SUCCESS
TXN0070,2025-06-21,1558.48,EUR,SUCCESS
TXN0071,2025-06-18,933.23,USD,FAILED
TXN0072,2025-06-22,939.71,USD,PENDING
TXN0073,2025-06-21,4329.34,USD,PENDING
TXN0074,2025-06-21,2056.91,EUR,FAILED
TXN0075,2025-06-17,759.12,INR,FAILED
TXN0076,2025-06-26,4124.26,INR,PENDING
TXN0077,2025-06-20,773.62,INR,PENDING
TXN0078,2025-06-22,2343.24,USD,FAILED
TXN0079,2025-06-18,2241.21,USD,FAILED
TXN0080,2025-06-17,2387.17,EUR,FAILED
TXN0081,2025-06-19,1937.6,EUR,SUCCESS
TXN0082,2025-06-24,3306.59,EUR,FAILED
TXN0083,2025-06-25,467.49,INR,PENDING
TXN0084,2025-06-20,3917.93,USD,FAILED
TXN0085,2025-06-22,2414.69,USD,FAILED
TXN0086,2025-06-27,464.92,USD,SUCCESS
TXN0087,2025-06-19,1511.43,INR,FAILED
TXN0088,2025-06-22,4309.15,INR,FAILED
TXN0089,2025-06-17,1764.5,EUR,FAILED
TXN0090,2025-06-21,2581.31,EUR,FAILED
TXN0091,2025-06-22,4147.41,USD,FAILED
TXN0092,2025-06-21,464.44,USD,SUCCESS
TXN0093,2025-06-20,2863.42,USD,PENDING
TXN0094,2025-06-18,2964.81,USD,PENDING
TXN0095,2025-06-19,2138.98,INR,PENDING
TXN0096,2025-06-24,3207.63,INR,SUCCESS
TXN0097,2025-06-27,4681.86,INR,PENDING
TXN0098,2025-06-19,4321.93,EUR,SUCCESS
TXN0099,2025-06-26,2481.3,USD,PENDING
TXN0100,2025-06-20,3966.91,EUR,PENDING
TXN0101,2025-06-26,1013.79,EUR,PENDING
TXN0102,2025-06-27,665.41,USD,SUCCESS
TXN0103,2025-06-25,2490.08,INR,SUCCESS
TXN0104,2025-06-23,4157.03,USD,FAILED
TXN0105,2025-06-25,3440.78,USD,PENDING
TXN0106,2025-06-27,2137.57,INR,PENDING
TXN0107,2025-06-25,494.82,INR,SUCCESS
TXN0108,2025-06-22,1617.71,EUR,FAILED
TXN0109,2025-06-17,4105.33,INR,PENDING
TXN0110,2025-06-21,1678.22,EUR,PENDING
TXN0111,2025-06-27,1460.51,USD,SUCCESS
TXN0112,2025-06-22,3882.91,INR,FAILED
TXN0113,2025-06-17,221.77,INR,FAILED
TXN0114,2025-06-19,1469.88,USD,PENDING
TXN0115,2025-06-19,2679.63,EUR,SUCCESS
TXN0116,2025-06-24,1903.16,INR,FAILED
TXN0117,2025-06-19,3087.78,INR,SUCCESS
TXN0118,2025-06-17,4793.71,EUR,SUCCESS
TXN0119,2025-06-22,719.81,EUR,SUCCESS
TXN0120,2025-06-18,3729.61,INR,PENDING
TXN0121,2025-06-20,591.74,USD,FAILED
TXN0122,2025-06-24,1582.46,EUR,SUCCESS
TXN0123,2025-06-23,1456.26,INR,FAILED
TXN0124,2025-06-17,2123.26,USD,FAILED
TXN0125,2025-06-22,3508.61,USD,FAILED
TXN0126,2025-06-23,971.41,INR,SUCCESS
TXN0127,2025-06-22,1844.46,INR,SUCCESS
TXN0128,2025-06-17,697.93,INR,PENDING
TXN0129,2025-06-27,936.57,USD,SUCCESS
TXN0130,2025-06-24,1191.4,USD,FAILED
TXN0131,2025-06-23,4666.01,USD,SUCCESS
TXN0132,2025-06-20,197.15,USD,PENDING
TXN0133,2025-06-23,4878.7,EUR,PENDING
TXN0134,2025-06-21,558.08,EUR,PENDING
TXN0135,2025-06-21,1168.17,INR,FAILED
TXN0136,2025-06-27,1872.06,EUR,PENDING
TXN0137,2025-06-21,266.83,USD,PENDING
TXN0138,2025-06-20,1256.5,USD,PENDING
TXN0139,2025-06-21,1646.75,EUR,PENDING
TXN0140,2025-06-25,3879.62,EUR,FAILED
TXN0141,2025-06-25,3137.09,INR,FAILED
TXN0142,2025-06-24,1984.71,INR,SUCCESS
TXN0143,2025-06-20,1095.75,INR,FAILED
TXN0144,2025-06-25,2170.18,USD,SUCCESS
TXN0145,2025-06-19,1043.61,EUR,SUCCESS
TXN0146,2025-06-25,1722.82,USD,FAILED
TXN0147,2025-06-21,2489.12,INR,PENDING
TXN0148,2025-06-18,2339.27,USD,SUCCESS
TXN0149,2025-06-21,4238.34,EUR,FAILED
TXN0150,2025-06-26,4592.76,INR,SUCCESS
TXN0151,2025-06-26,145.73,INR,SUCCESS
TXN0152,2025-06-20,2345.17,EUR,PENDING
TXN0153,2025-06-22,2735.21,EUR,PENDING
TXN0154,2025-06-24,2741.25,INR,PENDING
TXN0155,2025-06-25,608.98,USD,PENDING
TXN0156,2025-06-20,1261.6,EUR,FAILED
TXN0157,2025-06-25,4947.43,INR,PENDING
TXN0158,2025-06-21,2492.71,EUR,PENDING
TXN0159,2025-06-17,1853.39,USD,SUCCESS
TXN0160,2025-06-19,4594.97,USD,FAILED
TXN0161,2025-06-27,3424.16,USD,PENDING
TXN0162,2025-06-21,4306.41,EUR,PENDING
TXN0163,2025-06-26,1635.73,INR,SUCCESS
TXN0164,2025-06-20,168.32,USD,PENDING
TXN0165,2025-06-20,2159.1,INR,PENDING
TXN0166,2025-06-21,1529.78,EUR,SUCCESS
TXN0167,2025-06-19,2260.32,INR,FAILED
TXN0168,2025-06-25,4238.61,USD,FAILED
TXN0169,2025-06-17,522.85,INR,SUCCESS
TXN0170,2025-06-24,3885.57,EUR,FAILED
TXN0171,2025-06-19,2674.09,INR,SUCCESS
TXN0172,2025-06-20,3061.6,INR,FAILED
TXN0173,2025-06-17,817.61,EUR,PENDING
TXN0174,2025-06-18,865.53,EUR,SUCCESS
TXN0175,2025-06-18,939.84,USD,FAILED
TXN0176,2025-06-18,2130.85,USD,FAILED
TXN0177,2025-06-19,3646.66,EUR,FAILED
TXN0178,2025-06-24,1687.52,EUR,SUCCESS
TXN0179,2025-06-20,1079.9,EUR,PENDING
TXN0180,2025-06-18,4828.29,INR,FAILED
TXN0181,2025-06-20,4246.86,INR,SUCCESS
TXN0182,2025-06-25,3842.02,EUR,PENDING
TXN0183,2025-06-18,3643.55,EUR,SUCCESS
TXN0184,2025-06-19,4335.36,USD,SUCCESS
TXN0185,2025-06-23,2336.17,USD,FAILED
TXN0186,2025-06-27,1278.56,INR,SUCCESS
TXN0187,2025-06-24,3652.37,USD,FAILED
TXN0188,2025-06-19,3318.14,EUR,FAILED
TXN0189,2025-06-23,3031.68,USD,SUCCESS
TXN0190,2025-06-19,3482.52,USD,PENDING
TXN0191,2025-06-23,1675.41,USD,SUCCESS
TXN0192,2025-06-27,1585.44,EUR,PENDING
TXN0193,2025-06-24,354.41,INR,PENDING
TXN0194,2025-06-22,963.81,EUR,FAILED
TXN0195,2025-06-23,3633.16,USD,SUCCESS
TXN0196,2025-06-23,4430.41,USD,SUCCESS
TXN0197,2025-06-26,1637.54,USD,PENDING
TXN0198,2025-06-19,3692.38,INR,PENDING
TXN0199,2025-06-23,3371.93,INR,PENDING
TXN0200,2025-06-21,2347.0,EUR,SUCCESS
TXN0201,2025-06-23,353.57,INR,PENDING
TXN0202,2025-06-20,434.23,INR,PENDING
TXN0203,2025-06-26,1967.16,USD,PENDING
TXN0204,2025-06-26,169.77,EUR,PENDING
TXN0205,2025-06-17,421.32,INR,PENDING
TXN0206,2025-06-19,1032.16,USD,FAILED
TXN0207,2025-06-19,2246.76,INR,PENDING
TXN0208,2025-06-24,3675.06,EUR,FAILED
TXN0209,2025-06-20,1196.03,INR,SUCCESS
TXN0210,2025-06-17,169.04,EUR,PENDING
TXN0211,2025-06-21,921.03,USD,SUCCESS
TXN0212,2025-06-19,1914.54,INR,SUCCESS
TXN0213,2025-06-20,2189.49,EUR,FAILED
TXN0214,2025-06-19,141.31,EUR,FAILED
TXN0215,2025-06-26,2499.84,INR,FAILED
TXN0216,2025-06-19,3297.15,EUR,PENDING
TXN0217,2025-06-20,2096.06,INR,PENDING
TXN0218,2025-06-26,2986.61,INR,SUCCESS
TXN0219,2025-06-21,876.0,EUR,PENDING
TXN0220,2025-06-19,3717.97,EUR,FAILED
TXN0221,2025-06-20,1393.87,USD,SUCCESS
TXN0222,2025-06-25,370.28,INR,SUCCESS
TXN0223,2025-06-19,538.86,EUR,SUCCESS
TXN0224,2025-06-22,2459.78,INR,FAILED
TXN0225,2025-06-23,798.39,USD,SUCCESS
TXN0226,2025-06-20,3975.06,EUR,SUCCESS
TXN0227,2025-06-26,4341.28,EUR,FAILED
TXN0228,2025-06-17,3027.96,USD,PENDING
TXN0229,2025-06-21,2505.56,USD,FAILED
TXN0230,2025-06-27,2428.64,EUR,PENDING
TXN0231,2025-06-19,4358.15,EUR,SUCCESS
TXN0232,2025-06-24,4216.59,INR,PENDING
TXN0233,2025-06-26,1281.09,USD,FAILED
TXN0234,2025-06-26,4340.05,USD,FAILED
TXN0235,2025-06-25,2665.16,INR,FAILED
TXN0236,2025-06-22,1312.15,USD,FAILED
TXN0237,2025-06-23,2489.81,INR,PENDING
TXN0238,2025-06-20,3760.54,EUR,FAILED
TXN0239,2025-06-17,658.37,USD,PENDING
TXN0240,2025-06-26,3111.89,INR,SUCCESS
TXN0241,2025-06-22,111.25,INR,PENDING
TXN0242,2025-06-26,2823.46,EUR,PENDING
TXN0243,2025-06-17,3060.51,EUR,PENDING
TXN0244,2025-06-25,2702.96,USD,PENDING
TXN0245,2025-06-26,2279.74,EUR,SUCCESS
TXN0246,2025-06-19,2345.58,EUR,PENDING
TXN0247,2025-06-19,1329.25,EUR,PENDING
TXN0248,2025-06-23,2507.02,EUR,FAILED
TXN0249,2025-06-20,1090.77,EUR,FAILED
TXN0250,2025-06-22,1453.49,USD,PENDING
TXN0251,2025-06-21,3170.89,USD,SUCCESS
TXN0252,2025-06-27,2843.97,USD,FAILED
TXN0253,2025-06-25,1099.18,USD,FAILED
TXN0254,2025-06-19,4365.02,INR,SUCCESS
TXN0255,2025-06-20,2879.98,EUR,FAILED
TXN0256,2025-06-23,2639.05,INR,FAILED
TXN0257,2025-06-23,4011.92,INR,PENDING
TXN0258,2025-06-27,3126.95,USD,FAILED
TXN0259,2025-06-17,3344.48,EUR,FAILED
TXN0260,2025-06-17,1560.06,USD,PENDING
TXN0261,2025-06-19,4663.52,INR,PENDING
TXN0262,2025-06-23,1387.15,EUR,PENDING
TXN0263,2025-06-18,4852.69,INR,SUCCESS
TXN0264,2025-06-18,4090.7,EUR,SUCCESS
TXN0265,2025-06-26,2645.45,USD,SUCCESS
TXN0266,2025-06-26,641.44,INR,SUCCESS
TXN0267,2025-06-24,1427.1,EUR,PENDING
TXN0268,2025-06-27,1428.89,EUR,FAILED
TXN0269,2025-06-17,3536.41,EUR,PENDING
TXN0270,2025-06-18,982.74,USD,FAILED
TXN0271,2025-06-22,2695.54,USD,SUCCESS
TXN0272,2025-06-21,1501.58,EUR,SUCCESS
TXN0273,2025-06-25,2659.61,EUR,SUCCESS
TXN0274,2025-06-22,1713.08,EUR,FAILED
TXN0275,2025-06-19,4810.82,USD,SUCCESS
TXN0276,2025-06-25,3297.88,INR,FAILED
TXN0277,2025-06-20,3460.75,INR,FAILED
TXN0278,2025-06-27,303.93,EUR,PENDING
TXN0279,2025-06-22,354.36,USD,FAILED
TXN0280,2025-06-24,1261.14,USD,PENDING
TXN0281,2025-06-27,2354.68,USD,FAILED
TXN0282,2025-06-19,527.34,EUR,SUCCESS
TXN0283,2025-06-22,3501.31,INR,SUCCESS
TXN0284,2025-06-24,1014.55,EUR,PENDING
TXN0285,2025-06-22,1556.5,USD,PENDING
TXN0286,2025-06-20,1252.58,EUR,PENDING
TXN0287,2025-06-22,3637.35,USD,SUCCESS
TXN0288,2025-06-22,2539.71,USD,PENDING
TXN0289,2025-06-20,2857.78,USD,FAILED
TXN0290,2025-06-17,3894.42,INR,FAILED
TXN0291,2025-06-18,207.01,USD,PENDING
TXN0292,2025-06-21,3554.95,INR,PENDING
TXN0293,2025-06-17,115.19,USD,SUCCESS
TXN0294,2025-06-21,3435.01,INR,FAILED
TXN0295,2025-06-20,4161.12,INR,PENDING
TXN0296,2025-06-23,346.23,INR,SUCCESS
TXN0297,2025-06-17,3101.94,INR,SUCCESS
TXN0298,2025-06-24,3294.32,INR,PENDING
TXN0299,2025-06-21,2743.58,EUR,SUCCESS
TXN0300,2025-06-24,4949.23,USD,PENDING
TXN0301,2025-06-20,4543.89,INR,FAILED
TXN0302,2025-06-21,4957.1,INR,PENDING
TXN0303,2025-06-27,4402.83,EUR,PENDING
TXN0304,2025-06-24,3241.91,INR,PENDING
TXN0305,2025-06-17,2910.4,EUR,FAILED
TXN0306,2025-06-20,641.08,EUR,FAILED
TXN0307,2025-06-26,2097.84,INR,PENDING
TXN0308,2025-06-25,671.58,INR,PENDING
TXN0309,2025-06-24,1625.49,INR,SUCCESS
TXN0310,2025-06-20,2816.2,EUR,SUCCESS
TXN0311,2025-06-18,4653.99,INR,FAILED
TXN0312,2025-06-20,1997.93,USD,SUCCESS
TXN0313,2025-06-23,3400.48,INR,FAILED
TXN0314,2025-06-23,1718.96,USD,SUCCESS
TXN0315,2025-06-18,713.49,INR,PENDING
TXN0316,2025-06-25,3010.91,INR,PENDING
TXN0317,2025-06-23,4040.49,USD,FAILED
TXN0318,2025-06-23,2085.52,INR,PENDING
TXN0319,2025-06-25,4103.17,USD,PENDING
TXN0320,2025-06-18,653.75,USD,FAILED
TXN0321,2025-06-27,2854.14,INR,PENDING
TXN0322,2025-06-25,4319.34,INR,FAILED
TXN0323,2025-06-18,1280.93,USD,SUCCESS
TXN0324,2025-06-21,2142.29,EUR,SUCCESS
TXN0325,2025-06-19,702.46,INR,SUCCESS
TXN0326,2025-06-21,4888.41,USD,FAILED
TXN0327,2025-06-24,3802.39,EUR,SUCCESS
TXN0328,2025-06-18,1192.89,INR,PENDING
TXN0329,2025-06-20,3227.96,USD,PENDING
TXN0330,2025-06-19,2883.16,EUR,PENDING
TXN0331,2025-06-26,1033.91,INR,PENDING
TXN0332,2025-06-25,3661.25,USD,PENDING
TXN0333,2025-06-23,2867.79,USD,FAILED
TXN0334,2025-06-26,4771.1,EUR,SUCCESS
TXN0335,2025-06-25,4338.5,USD,PENDING
TXN0336,2025-06-27,3287.17,USD,FAILED
TXN0337,2025-06-25,1251.37,INR,FAILED
TXN0338,2025-06-23,682.94,EUR,PENDING
TXN0339,2025-06-19,2605.64,INR,FAILED
TXN0340,2025-06-22,3546.7,INR,SUCCESS
TXN0341,2025-06-19,443.19,INR,FAILED
TXN0342,2025-06-19,4307.02,INR,FAILED
TXN0343,2025-06-19,4135.28,EUR,PENDING
TXN0344,2025-06-25,4018.46,USD,FAILED
TXN0345,2025-06-18,871.37,EUR,SUCCESS
TXN0346,2025-06-22,3919.26,EUR,FAILED
TXN0347,2025-06-17,638.49,INR,PENDING
TXN0348,2025-06-25,4000.33,USD,SUCCESS
TXN0349,2025-06-20,525.52,EUR,SUCCESS
TXN0350,2025-06-18,4457.27,EUR,PENDING
TXN0351,2025-06-19,3917.09,USD,SUCCESS
TXN0352,2025-06-19,785.77,EUR,SUCCESS
TXN0353,2025-06-19,406.29,EUR,PENDING
TXN0354,2025-06-22,758.05,USD,FAILED
TXN0355,2025-06-27,2123.93,INR,FAILED
TXN0356,2025-06-20,2920.34,USD,PENDING
TXN0357,2025-06-22,1876.01,INR,SUCCESS
TXN0358,2025-06-17,1020.9,EUR,FAILED
TXN0359,2025-06-25,3766.06,INR,FAILED
TXN0360,2025-06-20,3131.81,INR,PENDING
TXN0361,2025-06-21,2425.4,USD,FAILED
TXN0362,2025-06-26,3338.77,USD,SUCCESS
TXN0363,2025-06-17,4235.49,INR,PENDING
TXN0364,2025-06-21,2418.61,INR,PENDING
TXN0365,2025-06-25,4418.08,EUR,SUCCESS
TXN0366,2025-06-18,1708.6,USD,SUCCESS
TXN0367,2025-06-22,3268.12,INR,PENDING
TXN0368,2025-06-26,2595.97,INR,FAILED
TXN0369,2025-06-22,3272.94,INR,FAILED
TXN0370,2025-06-19,3606.38,EUR,FAILED
TXN0371,2025-06-22,3700.95,USD,FAILED
TXN0372,2025-06-17,3048.43,USD,FAILED
TXN0373,2025-06-25,4866.58,USD,SUCCESS
TXN0374,2025-06-27,351.72,INR,SUCCESS
TXN0375,2025-06-26,2001.57,USD,PENDING
TXN0376,2025-06-20,650.04,EUR,FAILED
TXN0377,2025-06-26,4738.55,INR,FAILED
TXN0378,2025-06-21,4641.46,INR,FAILED
TXN0379,2025-06-18,2975.62,INR,FAILED
TXN0380,2025-06-27,1053.12,EUR,SUCCESS
TXN0381,2025-06-21,4578.93,EUR,PENDING
TXN0382,2025-06-19,1803.76,USD,SUCCESS
TXN0383,2025-06-27,4962.57,EUR,SUCCESS
TXN0384,2025-06-24,1255.68,EUR,PENDING
TXN0385,2025-06-21,567.65,INR,SUCCESS
TXN0386,2025-06-25,3201.78,EUR,PENDING
TXN0387,2025-06-27,4788.24,INR,SUCCESS
TXN0388,2025-06-19,686.0,EUR,SUCCESS
TXN0389,2025-06-22,3567.29,USD,PENDING
TXN0390,2025-06-27,1176.48,USD,SUCCESS
TXN0391,2025-06-21,4579.42,EUR,FAILED
TXN0392,2025-06-19,628.91,INR,SUCCESS
TXN0393,2025-06-17,1359.96,USD,FAILED
TXN0394,2025-06-22,1780.18,INR,PENDING
TXN0395,2025-06-26,1745.88,INR,PENDING
TXN0396,2025-06-19,1450.43,EUR,PENDING
TXN0397,2025-06-19,2150.7,USD,PENDING
TXN0398,2025-06-20,2095.02,EUR,SUCCESS
TXN0399,2025-06-23,2264.19,EUR,PENDING
TXN0400,2025-06-21,4413.65,EUR,PENDING
TXN0401,2025-06-18,3046.88,EUR,PENDING
TXN0402,2025-06-26,427.74,USD,FAILED
TXN0403,2025-06-27,354.15,USD,SUCCESS
TXN0404,2025-06-19,4865.35,EUR,PENDING
TXN0405,2025-06-27,4995.03,USD,FAILED
TXN0406,2025-06-25,3772.31,INR,FAILED
TXN0407,2025-06-22,4920.0,EUR,SUCCESS
TXN0408,2025-06-17,4340.08,EUR,SUCCESS
TXN0409,2025-06-20,3849.05,USD,SUCCESS
TXN0410,2025-06-17,4624.32,EUR,SUCCESS
TXN0411,2025-06-27,3463.16,INR,FAILED
TXN0412,2025-06-26,1635.15,INR,PENDING
TXN0413,2025-06-26,4106.82,INR,FAILED
TXN0414,2025-06-25,530.96,INR,FAILED
TXN0415,2025-06-23,2375.01,INR,FAILED
TXN0416,2025-06-18,4340.55,INR,SUCCESS
TXN0417,2025-06-26,3787.15,EUR,FAILED
TXN0418,2025-06-23,465.4,INR,PENDING
TXN0419,2025-06-20,2807.55,USD,SUCCESS
TXN0420,2025-06-17,2300.13,EUR,PENDING
TXN0421,2025-06-21,2399.62,INR,SUCCESS
TXN0422,2025-06-19,2041.64,USD,SUCCESS
TXN0423,2025-06-26,2664.36,EUR,PENDING
TXN0424,2025-06-22,1084.9,INR,PENDING
TXN0425,2025-06-25,1996.98,USD,PENDING
TXN0426,2025-06-23,3479.13,EUR,FAILED
TXN0427,2025-06-20,3350.45,EUR,PENDING
TXN0428,2025-06-18,2700.58,EUR,PENDING
TXN0429,2025-06-25,2419.83,EUR,SUCCESS
TXN0430,2025-06-23,3783.71,USD,PENDING
TXN0431,2025-06-25,342.12,INR,PENDING
TXN0432,2025-06-19,3673.27,INR,SUCCESS
TXN0433,2025-06-26,4583.42,USD,PENDING
TXN0434,2025-06-24,1292.86,INR,FAILED
TXN0435,2025-06-26,4664.81,EUR,SUCCESS
TXN0436,2025-06-23,459.73,INR,PENDING
TXN0437,2025-06-22,4521.02,EUR,SUCCESS
TXN0438,2025-06-27,4846.0,USD,SUCCESS
TXN0439,2025-06-26,495.67,INR,PENDING
TXN0440,2025-06-19,3436.11,INR,FAILED
TXN0441,2025-06-17,4592.51,EUR,SUCCESS
TXN0442,2025-06-19,2864.43,EUR,PENDING
TXN0443,2025-06-22,1961.52,INR,SUCCESS
TXN0444,2025-06-20,1699.15,USD,SUCCESS
TXN0445,2025-06-27,4547.25,INR,SUCCESS
TXN0446,2025-06-18,2706.51,USD,FAILED
TXN0447,2025-06-20,1627.04,EUR,SUCCESS
TXN0448,2025-06-20,4049.29,INR,PENDING
TXN0449,2025-06-22,287.08,INR,PENDING
TXN0450,2025-06-19,1054.59,INR,SUCCESS
TXN0451,2025-06-26,3031.06,EUR,FAILED
TXN0452,2025-06-17,4742.78,INR,FAILED
TXN0453,2025-06-23,2413.95,USD,PENDING
TXN0454,2025-06-21,1862.36,EUR,SUCCESS
TXN0455,2025-06-25,4239.14,INR,SUCCESS
TXN0456,2025-06-17,2192.57,INR,SUCCESS
TXN0457,2025-06-17,3019.01,INR,SUCCESS
TXN0458,2025-06-24,1619.57,USD,FAILED
TXN0459,2025-06-27,1512.89,INR,PENDING
TXN0460,2025-06-25,2912.17,EUR,PENDING
TXN0461,2025-06-25,4893.71,USD,PENDING
TXN0462,2025-06-21,2180.03,EUR,SUCCESS
TXN0463,2025-06-23,252.68,INR,SUCCESS
TXN0464,2025-06-19,3723.9,INR,PENDING
TXN0465,2025-06-21,3705.51,EUR,PENDING
TXN0466,2025-06-27,2098.44,USD,PENDING
TXN0467,2025-06-18,3853.78,INR,FAILED
TXN0468,2025-06-27,3212.55,INR,PENDING
TXN0469,2025-06-19,3218.31,USD,FAILED
TXN0470,2025-06-23,802.27,INR,FAILED
TXN0471,2025-06-23,1482.46,USD,SUCCESS
TXN0472,2025-06-27,2919.28,USD,FAILED
TXN0473,2025-06-21,4028.93,INR,FAILED
TXN0474,2025-06-18,1731.82,INR,FAILED
TXN0475,2025-06-20,2503.07,INR,FAILED
TXN0476,2025-06-20,1342.09,INR,FAILED
TXN0477,2025-06-24,1928.6,USD,SUCCESS
TXN0478,2025-06-26,4810.72,INR,PENDING
TXN0479,2025-06-20,3511.1,USD,SUCCESS
TXN0480,2025-06-17,4188.17,USD,SUCCESS
TXN0481,2025-06-25,1615.32,USD,FAILED
TXN0482,2025-06-22,3878.71,USD,FAILED
TXN0483,2025-06-25,730.04,USD,SUCCESS
TXN0484,2025-06-17,2549.43,INR,PENDING
TXN0485,2025-06-17,1893.28,EUR,PENDING
TXN0486,2025-06-23,1518.43,EUR,PENDING
TXN0487,2025-06-25,4126.72,INR,FAILED
TXN0488,2025-06-23,2868.63,INR,FAILED
TXN0489,2025-06-19,3163.19,EUR,PENDING
TXN0490,2025-06-17,972.23,INR,PENDING
TXN0491,2025-06-20,861.97,EUR,PENDING
TXN0492,2025-06-26,261.2,INR,FAILED
TXN0493,2025-06-22,1634.28,EUR,FAILED
TXN0494,2025-06-24,2659.26,USD,PENDING
TXN0495,2025-06-18,4446.6,INR,PENDING
TXN0496,2025-06-20,4975.26,USD,PENDING
TXN0497,2025-06-24,3639.26,INR,SUCCESS
TXN0498,2025-06-21,3741.37,INR,SUCCESS
TXN0499,2025-06-18,4723.52,EUR,FAILED
TXN0500,2025-06-26,1889.95,INR,SUCCESS
TXN0501,2025-06-25,3061.99,INR,PENDING
TXN0502,2025-06-18,1167.2,USD,FAILED
TXN0503,2025-06-18,3124.67,EUR,FAILED
TXN0504,2025-06-22,4225.87,INR,SUCCESS
TXN0505,2025-06-24,2891.95,EUR,SUCCESS
TXN0506,2025-06-24,3825.49,EUR,PENDING
TXN0507,2025-06-23,3914.05,INR,SUCCESS
TXN0508,2025-06-17,1749.79,USD,SUCCESS
TXN0509,2025-06-27,2875.31,INR,SUCCESS
TXN0510,2025-06-25,2267.69,INR,FAILED
TXN0511,2025-06-21,2837.9,INR,PENDING
TXN0512,2025-06-22,1591.81,EUR,PENDING
TXN0513,2025-06-25,1542.13,EUR,FAILED
TXN0514,2025-06-21,4798.76,USD,PENDING
TXN0515,2025-06-25,2804.45,INR,FAILED
TXN0516,2025-06-20,470.7,INR,FAILED
TXN0517,2025-06-21,2161.44,EUR,SUCCESS
TXN0518,2025-06-17,1412.39,INR,FAILED
TXN0519,2025-06-23,2590.8,INR,PENDING
TXN0520,2025-06-18,4305.06,USD,SUCCESS
TXN0521,2025-06-26,832.16,USD,PENDING
TXN0522,2025-06-27,1753.55,EUR,PENDING
TXN0523,2025-06-27,1121.17,INR,FAILED
TXN0524,2025-06-17,3967.79,EUR,SUCCESS
TXN0525,2025-06-27,3771.74,INR,FAILED
TXN0526,2025-06-21,524.52,INR,SUCCESS
TXN0527,2025-06-23,794.31,EUR,PENDING
TXN0528,2025-06-26,4678.74,USD,FAILED
TXN0529,2025-06-26,2998.64,EUR,FAILED
TXN0530,2025-06-17,3718.78,EUR,PENDING
TXN0531,2025-06-17,3607.14,USD,PENDING
TXN0532,2025-06-17,2759.28,INR,FAILED
TXN0533,2025-06-20,957.41,EUR,FAILED
TXN0534,2025-06-26,293.99,EUR,PENDING
TXN0535,2025-06-27,4198.04,EUR,FAILED
TXN0536,2025-06-27,838.23,INR,SUCCESS
TXN0537,2025-06-24,2214.11,EUR,FAILED
TXN0538,2025-06-19,4899.12,USD,PENDING
TXN0539,2025-06-26,4582.93,INR,PENDING
TXN0540,2025-06-20,661.58,EUR,SUCCESS
TXN0541,2025-06-22,4853.42,INR,SUCCESS
TXN0542,2025-06-17,1394.86,USD,FAILED
TXN0543,2025-06-25,2816.7,INR,SUCCESS
TXN0544,2025-06-21,2860.23,EUR,FAILED
TXN0545,2025-06-17,4839.05,EUR,PENDING
TXN0546,2025-06-26,4749.76,INR,SUCCESS
TXN0547,2025-06-20,3273.81,USD,FAILED
TXN0548,2025-06-22,3093.15,INR,SUCCESS
TXN0549,2025-06-26,3139.79,EUR,PENDING
TXN0550,2025-06-23,3910.02,INR,SUCCESS
TXN0551,2025-06-20,2179.3,USD,FAILED
TXN0552,2025-06-17,3378.2,EUR,PENDING
TXN0553,2025-06-20,4927.59,EUR,FAILED
TXN0554,2025-06-25,350.93,USD,PENDING
TXN0555,2025-06-19,1997.97,INR,FAILED
TXN0556,2025-06-27,4955.15,EUR,PENDING
TXN0557,2025-06-22,3363.92,USD,FAILED
TXN0558,2025-06-18,206.86,USD,PENDING
TXN0559,2025-06-24,190.37,INR,SUCCESS
TXN0560,2025-06-18,2965.5,INR,SUCCESS
TXN0561,2025-06-20,2341.8,EUR,SUCCESS
TXN0562,2025-06-22,3848.14,INR,SUCCESS
TXN0563,2025-06-23,346.3,USD,SUCCESS
TXN0564,2025-06-20,164.91,EUR,PENDING
TXN0565,2025-06-19,2076.1,INR,PENDING
TXN0566,2025-06-23,3289.65,USD,FAILED
TXN0567,2025-06-19,4607.68,USD,PENDING
TXN0568,2025-06-21,715.39,EUR,SUCCESS
TXN0569,2025-06-25,4396.99,INR,PENDING
TXN0570,2025-06-24,1329.97,INR,SUCCESS
TXN0571,2025-06-25,2355.45,USD,PENDING
TXN0572,2025-06-19,4682.01,USD,FAILED
TXN0573,2025-06-17,2686.2,INR,SUCCESS
TXN0574,2025-06-17,3742.82,USD,PENDING
TXN0575,2025-06-26,878.0,INR,PENDING
TXN0576,2025-06-24,858.88,INR,FAILED
TXN0577,2025-06-17,134.04,INR,FAILED
TXN0578,2025-06-20,4053.02,INR,SUCCESS
TXN0579,2025-06-18,2286.88,INR,SUCCESS
TXN0580,2025-06-23,1145.27,USD,PENDING
TXN0581,2025-06-18,4190.37,EUR,FAILED
TXN0582,2025-06-21,955.3,INR,FAILED
TXN0583,2025-06-26,3269.5,INR,FAILED
TXN0584,2025-06-22,4309.05,INR,PENDING
TXN0585,2025-06-21,2027.61,EUR,SUCCESS
TXN0586,2025-06-22,990.83,EUR,SUCCESS
TXN0587,2025-06-20,1937.69,USD,FAILED
TXN0588,2025-06-18,125.33,INR,SUCCESS
TXN0589,2025-06-21,4235.09,INR,PENDING
TXN0590,2025-06-24,2509.91,EUR,SUCCESS
TXN0591,2025-06-23,2605.2,USD,SUCCESS
TXN0592,2025-06-24,322.81,INR,PENDING
TXN0593,2025-06-24,4634.78,USD,FAILED
TXN0594,2025-06-24,1664.77,INR,SUCCESS
TXN0595,2025-06-17,3405.93,EUR,SUCCESS
TXN0596,2025-06-24,4211.23,EUR,SUCCESS
TXN0597,2025-06-18,1263.81,EUR,SUCCESS
TXN0598,2025-06-26,4640.92,USD,FAILED
TXN0599,2025-06-22,2368.63,USD,PENDING
TXN0600,2025-06-20,764.38,USD,FAILED
TXN0601,2025-06-20,4060.59,INR,PENDING
TXN0602,2025-06-17,657.38,USD,PENDING
TXN0603,2025-06-24,2438.92,USD,PENDING
TXN0604,2025-06-21,530.04,INR,FAILED
TXN0605,2025-06-24,4199.07,EUR,SUCCESS
TXN0606,2025-06-19,866.76,EUR,SUCCESS
TXN0607,2025-06-20,1177.43,EUR,PENDING
TXN0608,2025-06-23,646.68,USD,FAILED
TXN0609,2025-06-22,2415.72,EUR,FAILED
TXN0610,2025-06-23,1693.16,EUR,PENDING
TXN0611,2025-06-23,1054.46,INR,FAILED
TXN0612,2025-06-26,2396.05,INR,FAILED
TXN0613,2025-06-21,758.39,INR,SUCCESS
TXN0614,2025-06-27,2932.75,USD,FAILED
TXN0615,2025-06-18,4306.38,USD,FAILED
TXN0616,2025-06-20,460.04,EUR,SUCCESS
TXN0617,2025-06-23,1104.5,USD,SUCCESS
TXN0618,2025-06-23,3996.58,USD,FAILED
TXN0619,2025-06-24,671.08,EUR,SUCCESS
TXN0620,2025-06-23,4448.89,EUR,SUCCESS
TXN0621,2025-06-25,3576.62,USD,PENDING
TXN0622,2025-06-21,693.25,EUR,FAILED
TXN0623,2025-06-19,2801.93,INR,FAILED
TXN0624,2025-06-24,4960.91,INR,SUCCESS
TXN0625,2025-06-19,3835.58,EUR,SUCCESS
TXN0626,2025-06-19,995.52,USD,PENDING
TXN0627,2025-06-27,3277.07,EUR,FAILED
TXN0628,2025-06-17,2717.46,INR,FAILED
TXN0629,2025-06-23,2708.49,EUR,PENDING
TXN0630,2025-06-25,2933.3,INR,SUCCESS
TXN0631,2025-06-21,2612.78,EUR,PENDING
TXN0632,2025-06-25,709.24,USD,FAILED
TXN0633,2025-06-22,285.72,EUR,FAILED
TXN0634,2025-06-23,3872.41,EUR,PENDING
TXN0635,2025-06-20,549.07,USD,SUCCESS
TXN0636,2025-06-22,4207.53,INR,FAILED
TXN0637,2025-06-25,1126.37,USD,SUCCESS
TXN0638,2025-06-27,2034.98,EUR,SUCCESS
TXN0639,2025-06-17,3824.88,EUR,FAILED
TXN0640,2025-06-21,3469.9,INR,SUCCESS
TXN0641,2025-06-18,3423.36,INR,SUCCESS
TXN0642,2025-06-23,1210.03,EUR,PENDING
TXN0643,2025-06-26,126.49,INR,PENDING
TXN0644,2025-06-19,2075.65,USD,PENDING
TXN0645,2025-06-20,270.51,EUR,PENDING
TXN0646,2025-06-22,4030.7,EUR,SUCCESS
TXN0647,2025-06-27,3407.36,INR,FAILED
TXN0648,2025-06-19,2923.16,EUR,FAILED
TXN0649,2025-06-25,1006.03,USD,SUCCESS
TXN0650,2025-06-23,3579.88,INR,FAILED
TXN0651,2025-06-26,2132.98,INR,PENDING
TXN0652,2025-06-18,4802.17,INR,FAILED
TXN0653,2025-06-25,3052.54,USD,SUCCESS
TXN0654,2025-06-19,4718.81,EUR,FAILED
TXN0655,2025-06-27,1741.43,USD,PENDING
TXN0656,2025-06-21,2767.3,INR,FAILED
TXN0657,2025-06-17,1618.13,INR,FAILED
TXN0658,2025-06-21,3404.22,EUR,PENDING
TXN0659,2025-06-26,3926.92,USD,FAILED
TXN0660,2025-06-17,244.9,INR,PENDING
TXN0661,2025-06-21,1943.46,INR,FAILED
TXN0662,2025-06-23,4346.1,USD,SUCCESS
TXN0663,2025-06-17,3851.64,USD,PENDING
TXN0664,2025-06-19,4440.2,USD,PENDING
TXN0665,2025-06-19,1245.63,USD,PENDING
TXN0666,2025-06-22,2914.25,USD,SUCCESS
TXN0667,2025-06-22,4314.48,EUR,SUCCESS
TXN0668,2025-06-21,4323.47,INR,PENDING
TXN0669,2025-06-17,4131.74,INR,FAILED
TXN0670,2025-06-22,989.91,EUR,PENDING
TXN0671,2025-06-22,4387.93,USD,FAILED
TXN0672,2025-06-20,4256.99,EUR,SUCCESS
TXN0673,2025-06-20,4587.09,EUR,PENDING
TXN0674,2025-06-19,3767.44,USD,SUCCESS
TXN0675,2025-06-23,2632.95,EUR,PENDING
TXN0676,2025-06-24,352.14,USD,FAILED
TXN0677,2025-06-22,3482.75,USD,PENDING
TXN0678,2025-06-23,1540.79,EUR,FAILED
TXN0679,2025-06-27,1116.98,USD,PENDING
TXN0680,2025-06-26,2858.35,USD,PENDING
TXN0681,2025-06-22,2640.87,INR,FAILED
TXN0682,2025-06-27,3980.44,INR,SUCCESS
TXN0683,2025-06-19,4669.01,EUR,FAILED
TXN0684,2025-06-21,3846.31,EUR,FAILED
TXN0685,2025-06-23,2841.29,USD,SUCCESS
TXN0686,2025-06-18,4961.91,USD,SUCCESS
TXN0687,2025-06-22,3496.3,EUR,FAILED
TXN0688,2025-06-21,1796.47,EUR,FAILED
TXN0689,2025-06-17,1978.79,EUR,PENDING
TXN0690,2025-06-21,4821.04,USD,PENDING
TXN0691,2025-06-17,638.96,USD,SUCCESS
TXN0692,2025-06-17,2908.84,EUR,PENDING
TXN0693,2025-06-27,2915.19,INR,PENDING
TXN0694,2025-06-27,1299.41,USD,PENDING
TXN0695,2025-06-26,3183.97,EUR,SUCCESS
TXN0696,2025-06-27,1130.01,USD,SUCCESS
TXN0697,2025-06-25,765.37,INR,PENDING
TXN0698,2025-06-24,4728.8,EUR,FAILED
TXN0699,2025-06-23,1468.28,USD,FAILED
TXN0700,2025-06-27,2561.11,INR,SUCCESS
TXN0701,2025-06-22,521.01,INR,SUCCESS
TXN0702,2025-06-18,1385.64,EUR,FAILED
TXN0703,2025-06-17,1497.31,EUR,SUCCESS
TXN0704,2025-06-25,4137.25,USD,SUCCESS
TXN0705,2025-06-22,1593.1,INR,PENDING
TXN0706,2025-06-17,1588.71,EUR,SUCCESS
TXN0707,2025-06-17,1981.67,EUR,FAILED
TXN0708,2025-06-23,262.59,EUR,FAILED
TXN0709,2025-06-20,3997.43,INR,SUCCESS
TXN0710,2025-06-18,2150.17,INR,SUCCESS
TXN0711,2025-06-23,2637.02,INR,FAILED
TXN0712,2025-06-17,4697.33,EUR,SUCCESS
TXN0713,2025-06-19,900.86,EUR,FAILED
TXN0714,2025-06-17,3818.54,EUR,PENDING
TXN0715,2025-06-26,3218.79,USD,SUCCESS
TXN0716,2025-06-19,4561.73,INR,SUCCESS
TXN0717,2025-06-23,3245.29,USD,PENDING
TXN0718,2025-06-20,1749.04,USD,FAILED
TXN0719,2025-06-24,1350.65,INR,PENDING
TXN0720,2025-06-19,2978.45,USD,FAILED
TXN0721,2025-06-27,446.21,USD,FAILED
TXN0722,2025-06-21,416.87,EUR,SUCCESS
TXN0723,2025-06-17,931.92,USD,SUCCESS
TXN0724,2025-06-17,3083.95,USD,SUCCESS
TXN0725,2025-06-18,4490.24,INR,PENDING
TXN0726,2025-06-24,1138.21,USD,PENDING
TXN0727,2025-06-18,4434.7,EUR,FAILED
TXN0728,2025-06-18,2067.1,INR,SUCCESS
TXN0729,2025-06-22,174.17,USD,SUCCESS
TXN0730,2025-06-23,1551.62,USD,FAILED
TXN0731,2025-06-21,354.18,USD,FAILED
TXN0732,2025-06-24,1895.13,USD,SUCCESS
TXN0733,2025-06-25,756.73,USD,PENDING
TXN0734,2025-06-25,4730.95,INR,PENDING
TXN0735,2025-06-22,1131.86,INR,SUCCESS
TXN0736,2025-06-26,1034.08,USD,FAILED
TXN0737,2025-06-18,2025.99,USD,FAILED
TXN0738,2025-06-23,4924.87,INR,PENDING
TXN0739,2025-06-25,338.35,INR,FAILED
TXN0740,2025-06-22,2498.31,INR,FAILED
TXN0741,2025-06-19,3430.54,USD,SUCCESS
TXN0742,2025-06-21,3787.9,EUR,PENDING
TXN0743,2025-06-26,1389.57,EUR,FAILED
TXN0744,2025-06-21,3868.95,INR,PENDING
TXN0745,2025-06-22,3520.02,USD,FAILED
TXN0746,2025-06-22,3046.16,USD,PENDING
TXN0747,2025-06-17,449.09,USD,PENDING
TXN0748,2025-06-23,4495.66,EUR,FAILED
TXN0749,2025-06-23,2914.4,INR,SUCCESS
TXN0750,2025-06-18,1353.17,USD,SUCCESS
TXN0751,2025-06-24,4864.47,EUR,PENDING
TXN0752,2025-06-27,2701.53,INR,FAILED
TXN0753,2025-06-19,1172.41,EUR,PENDING
TXN0754,2025-06-19,102.04,INR,FAILED
TXN0755,2025-06-25,470.18,INR,SUCCESS
TXN0756,2025-06-21,1894.96,USD,SUCCESS
TXN0757,2025-06-21,590.29,INR,FAILED
TXN0758,2025-06-25,260.68,INR,SUCCESS
TXN0759,2025-06-26,3018.0,EUR,SUCCESS
TXN0760,2025-06-24,2827.14,EUR,PENDING
TXN0761,2025-06-20,4491.44,USD,FAILED
TXN0762,2025-06-19,4735.32,INR,FAILED
TXN0763,2025-06-20,802.09,INR,SUCCESS
TXN0764,2025-06-21,3869.64,USD,PENDING
TXN0765,2025-06-17,1988.98,INR,PENDING
TXN0766,2025-06-21,324.82,EUR,PENDING
TXN0767,2025-06-19,3217.35,EUR,FAILED
TXN0768,2025-06-21,3423.21,USD,SUCCESS
TXN0769,2025-06-24,408.55,USD,FAILED
TXN0770,2025-06-18,3063.34,EUR,FAILED
TXN0771,2025-06-26,3961.74,EUR,FAILED
TXN0772,2025-06-23,203.83,INR,PENDING
TXN0773,2025-06-24,4593.64,EUR,SUCCESS
TXN0774,2025-06-21,1125.89,INR,FAILED
TXN0775,2025-06-22,2858.71,INR,SUCCESS
TXN0776,2025-06-18,1162.82,USD,PENDING
TXN0777,2025-06-25,263.72,USD,FAILED
TXN0778,2025-06-26,225.94,EUR,SUCCESS
TXN0779,2025-06-24,520.63,EUR,FAILED
TXN0780,2025-06-20,4621.34,EUR,SUCCESS
TXN0781,2025-06-20,965.72,INR,FAILED
TXN0782,2025-06-22,755.35,EUR,FAILED
TXN0783,2025-06-19,1967.5,USD,FAILED
TXN0784,2025-06-19,2801.88,EUR,SUCCESS
TXN0785,2025-06-18,1931.5,INR,SUCCESS
TXN0786,2025-06-17,311.33,EUR,SUCCESS
TXN0787,2025-06-20,2029.15,USD,FAILED
TXN0788,2025-06-20,1912.9,INR,FAILED
TXN0789,2025-06-17,1477.71,USD,PENDING
TXN0790,2025-06-19,1473.91,USD,FAILED
TXN0791,2025-06-26,680.09,EUR,SUCCESS
TXN0792,2025-06-23,2284.32,EUR,SUCCESS
TXN0793,2025-06-18,2776.9,INR,FAILED
TXN0794,2025-06-17,2337.16,EUR,FAILED
TXN0795,2025-06-25,4977.55,EUR,SUCCESS
TXN0796,2025-06-24,1024.9,EUR,PENDING
TXN0797,2025-06-23,3021.38,INR,PENDING
TXN0798,2025-06-26,4683.19,USD,SUCCESS
TXN0799,2025-06-17,3913.32,EUR,SUCCESS
TXN0800,2025-06-20,1158.63,USD,PENDING
TXN0801,2025-06-26,3926.67,INR,FAILED
TXN0802,2025-06-21,1605.87,INR,FAILED
TXN0803,2025-06-21,4424.03,EUR,FAILED
TXN0804,2025-06-24,3282.86,INR,SUCCESS
TXN0805,2025-06-18,1115.57,EUR,FAILED
TXN0806,2025-06-21,3976.39,INR,PENDING
TXN0807,2025-06-24,2838.25,USD,FAILED
TXN0808,2025-06-20,4138.55,INR,PENDING
TXN0809,2025-06-18,3168.39,USD,PENDING
TXN0810,2025-06-27,4604.77,INR,PENDING
TXN0811,2025-06-24,3153.5,INR,SUCCESS
TXN0812,2025-06-24,2145.42,INR,SUCCESS
TXN0813,2025-06-17,2840.99,USD,PENDING
TXN0814,2025-06-21,4601.18,INR,SUCCESS
TXN0815,2025-06-17,4183.12,EUR,PENDING
TXN0816,2025-06-17,2997.36,INR,FAILED
TXN0817,2025-06-27,1646.15,EUR,SUCCESS
TXN0818,2025-06-18,2746.28,INR,SUCCESS
TXN0819,2025-06-25,4753.37,EUR,FAILED
TXN0820,2025-06-18,2473.13,EUR,SUCCESS
TXN0821,2025-06-21,623.28,INR,FAILED
TXN0822,2025-06-27,913.93,INR,FAILED
TXN0823,2025-06-21,2520.92,USD,FAILED
TXN0824,2025-06-17,2567.12,INR,PENDING
TXN0825,2025-06-19,3993.35,INR,PENDING
TXN0826,2025-06-18,3549.28,USD,SUCCESS
TXN0827,2025-06-26,822.43,EUR,PENDING
TXN0828,2025-06-27,1232.16,INR,FAILED
TXN0829,2025-06-24,1737.94,USD,SUCCESS
TXN0830,2025-06-19,3352.26,USD,SUCCESS
TXN0831,2025-06-17,4573.27,INR,PENDING
TXN0832,2025-06-17,1500.63,INR,PENDING
TXN0833,2025-06-25,1081.98,USD,FAILED
TXN0834,2025-06-22,3949.32,INR,SUCCESS
TXN0835,2025-06-26,2156.45,USD,SUCCESS
TXN0836,2025-06-27,3053.91,INR,SUCCESS
TXN0837,2025-06-20,809.87,EUR,PENDING
TXN0838,2025-06-22,1758.02,EUR,SUCCESS
TXN0839,2025-06-27,1699.56,USD,SUCCESS
TXN0840,2025-06-20,978.91,USD,PENDING
TXN0841,2025-06-22,2207.91,EUR,PENDING
TXN0842,2025-06-21,2261.03,USD,FAILED
TXN0843,2025-06-18,2627.05,EUR,SUCCESS
TXN0844,2025-06-20,3983.56,USD,FAILED
TXN0845,2025-06-22,1429.47,EUR,PENDING
TXN0846,2025-06-21,4249.43,INR,SUCCESS
TXN0847,2025-06-25,246.38,INR,PENDING
TXN0848,2025-06-27,262.43,USD,SUCCESS
TXN0849,2025-06-18,362.99,EUR,PENDING
TXN0850,2025-06-19,3737.69,USD,PENDING
TXN0851,2025-06-20,2033.58,INR,PENDING
TXN0852,2025-06-26,4962.89,EUR,FAILED
TXN0853,2025-06-21,4791.99,INR,FAILED
TXN0854,2025-06-19,4335.43,INR,PENDING
TXN0855,2025-06-22,166.3,INR,SUCCESS
TXN0856,2025-06-27,2111.0,EUR,PENDING
TXN0857,2025-06-19,775.76,USD,FAILED
TXN0858,2025-06-21,4707.8,EUR,PENDING
TXN0859,2025-06-26,3140.36,INR,PENDING
TXN0860,2025-06-17,2683.16,INR,FAILED
TXN0861,2025-06-20,3355.51,USD,FAILED
TXN0862,2025-06-22,619.26,EUR,PENDING
TXN0863,2025-06-21,3637.81,INR,SUCCESS
TXN0864,2025-06-17,4434.27,EUR,SUCCESS
TXN0865,2025-06-24,3911.64,INR,FAILED
TXN0866,2025-06-22,689.97,USD,PENDING
TXN0867,2025-06-24,3598.64,USD,PENDING
TXN0868,2025-06-19,2120.33,USD,PENDING
TXN0869,2025-06-18,1971.35,EUR,SUCCESS
TXN0870,2025-06-24,2854.62,INR,FAILED
TXN0871,2025-06-25,416.98,EUR,PENDING
TXN0872,2025-06-18,936.66,INR,SUCCESS
TXN0873,2025-06-26,766.94,INR,PENDING
TXN0874,2025-06-19,1754.62,USD,SUCCESS
TXN0875,2025-06-23,4064.0,USD,SUCCESS
TXN0876,2025-06-27,2911.5,USD,PENDING
TXN0877,2025-06-25,2666.47,USD,SUCCESS
TXN0878,2025-06-23,2936.59,EUR,PENDING
TXN0879,2025-06-26,3585.85,USD,FAILED
TXN0880,2025-06-18,1400.52,USD,FAILED
TXN0881,2025-06-24,2295.25,EUR,PENDING
TXN0882,2025-06-17,2232.45,USD,PENDING
TXN0883,2025-06-19,4886.21,EUR,FAILED
TXN0884,2025-06-17,2421.46,USD,PENDING
TXN0885,2025-06-27,2727.49,USD,PENDING
TXN0886,2025-06-27,3011.4,USD,SUCCESS
TXN0887,2025-06-17,2363.65,USD,PENDING
TXN0888,2025-06-25,3346.53,EUR,FAILED
TXN0889,2025-06-17,2348.69,EUR,FAILED
TXN0890,2025-06-17,4929.94,USD,FAILED
TXN0891,2025-06-25,4801.44,INR,SUCCESS
TXN0892,2025-06-18,326.03,INR,FAILED
TXN0893,2025-06-22,3379.95,EUR,PENDING
TXN0894,2025-06-21,2746.82,INR,FAILED
TXN0895,2025-06-20,4565.34,INR,FAILED
TXN0896,2025-06-20,2625.29,USD,PENDING
TXN0897,2025-06-25,892.61,INR,FAILED
TXN0898,2025-06-22,2493.77,EUR,FAILED
TXN0899,2025-06-25,3868.15,EUR,SUCCESS
TXN0900,2025-06-18,4349.07,EUR,PENDING
TXN0901,2025-06-27,4486.48,INR,SUCCESS
TXN0902,2025-06-19,3396.01,USD,PENDING
TXN0903,2025-06-21,471.72,EUR,PENDING
TXN0904,2025-06-17,836.29,INR,PENDING
TXN0905,2025-06-24,3764.7,USD,SUCCESS
TXN0906,2025-06-22,2493.95,INR,SUCCESS
TXN0907,2025-06-25,4592.39,EUR,PENDING
TXN0908,2025-06-19,199.04,EUR,SUCCESS
TXN0909,2025-06-22,1195.42,EUR,FAILED
TXN0910,2025-06-19,3735.41,INR,FAILED
TXN0911,2025-06-18,1614.28,USD,PENDING
TXN0912,2025-06-27,2807.42,EUR,FAILED
TXN0913,2025-06-22,1123.2,INR,PENDING
TXN0914,2025-06-21,4584.8,USD,FAILED
TXN0915,2025-06-24,4214.92,EUR,PENDING
TXN0916,2025-06-26,4246.03,INR,FAILED
TXN0917,2025-06-21,4378.92,INR,PENDING
TXN0918,2025-06-25,4037.88,INR,SUCCESS
TXN0919,2025-06-22,4651.54,USD,FAILED
TXN0920,2025-06-17,3237.08,INR,PENDING
TXN0921,2025-06-21,3545.98,USD,PENDING
TXN0922,2025-06-24,1618.91,EUR,FAILED
TXN0923,2025-06-21,4612.17,EUR,PENDING
TXN0924,2025-06-22,3609.57,EUR,PENDING
TXN0925,2025-06-20,2737.22,INR,PENDING
TXN0926,2025-06-19,2430.49,INR,SUCCESS
TXN0927,2025-06-25,4564.97,INR,FAILED
TXN0928,2025-06-24,322.54,EUR,FAILED
TXN0929,2025-06-26,2995.5,INR,FAILED
TXN0930,2025-06-17,1728.75,USD,SUCCESS
TXN0931,2025-06-19,783.88,EUR,SUCCESS
TXN0932,2025-06-27,229.5,EUR,SUCCESS
TXN0933,2025-06-21,2543.15,USD,SUCCESS
TXN0934,2025-06-23,4232.04,USD,FAILED
TXN0935,2025-06-23,1332.53,INR,PENDING
TXN0936,2025-06-25,4527.84,INR,FAILED
TXN0937,2025-06-27,1555.27,INR,FAILED
TXN0938,2025-06-17,1785.01,INR,SUCCESS
TXN0939,2025-06-26,2754.66,USD,FAILED
TXN0940,2025-06-17,3265.58,INR,FAILED
TXN0941,2025-06-22,3456.67,EUR,SUCCESS
TXN0942,2025-06-27,4968.89,EUR,FAILED
TXN0943,2025-06-26,2696.24,USD,SUCCESS
TXN0944,2025-06-23,2424.94,INR,FAILED
TXN0945,2025-06-20,4144.1,INR,FAILED
TXN0946,2025-06-25,1534.54,EUR,SUCCESS
TXN0947,2025-06-27,1236.47,EUR,SUCCESS
TXN0948,2025-06-19,4264.31,USD,FAILED
TXN0949,2025-06-19,4274.09,USD,FAILED
TXN0950,2025-06-20,2172.28,USD,SUCCESS
TXN0951,2025-06-18,1847.12,EUR,SUCCESS
TXN0952,2025-06-23,4467.0,USD,PENDING
TXN0953,2025-06-24,1538.21,INR,SUCCESS
TXN0954,2025-06-20,3416.21,USD,FAILED
TXN0955,2025-06-20,3706.68,USD,FAILED
TXN0956,2025-06-21,1468.9,EUR,FAILED
TXN0957,2025-06-18,4754.82,INR,PENDING
TXN0958,2025-06-20,1913.11,INR,FAILED
TXN0959,2025-06-17,1000.71,EUR,FAILED
TXN0960,2025-06-20,4492.01,INR,PENDING
TXN0961,2025-06-20,2805.11,USD,SUCCESS
TXN0962,2025-06-19,1767.7,USD,SUCCESS
TXN0963,2025-06-23,2501.13,EUR,FAILED
TXN0964,2025-06-23,1759.5,INR,FAILED
TXN0965,2025-06-22,2129.86,INR,FAILED
TXN0966,2025-06-23,3055.78,EUR,FAILED
TXN0967,2025-06-22,471.1,INR,PENDING
TXN0968,2025-06-27,463.22,USD,FAILED
TXN0969,2025-06-26,509.67,EUR,PENDING
TXN0970,2025-06-19,810.93,INR,SUCCESS
TXN0971,2025-06-24,2218.13,EUR,SUCCESS
TXN0972,2025-06-24,1878.97,INR,SUCCESS
TXN0973,2025-06-26,3083.05,INR,SUCCESS
TXN0974,2025-06-22,248.25,EUR,SUCCESS
TXN0975,2025-06-17,203.97,USD,FAILED
TXN0976,2025-06-21,4616.42,EUR,SUCCESS
TXN0977,2025-06-24,4614.92,EUR,PENDING
TXN0978,2025-06-27,1808.44,EUR,FAILED
TXN0979,2025-06-20,1769.22,USD,PENDING
TXN0980,2025-06-17,1820.56,EUR,PENDING
TXN0981,2025-06-24,3569.83,USD,PENDING
TXN0982,2025-06-26,1048.57,INR,SUCCESS
TXN0983,2025-06-23,359.96,INR,PENDING
TXN0984,2025-06-26,1195.91,EUR,PENDING
TXN0985,2025-06-26,2487.62,USD,SUCCESS
TXN0986,2025-06-19,321.08,EUR,PENDING
TXN0987,2025-06-24,1766.75,EUR,FAILED
TXN0988,2025-06-25,1828.56,EUR,FAILED
TXN0989,2025-06-24,691.38,USD,PENDING
TXN0990,2025-06-17,1994.05,USD,FAILED
TXN0991,2025-06-26,3484.65,USD,FAILED
TXN0992,2025-06-22,4452.92,EUR,PENDING
TXN0993,2025-06-21,2966.17,EUR,FAILED
TXN0994,2025-06-19,3702.62,INR,SUCCESS
TXN0995,2025-06-25,3638.12,INR,PENDING
TXN0996,2025-06-23,3776.6,INR,FAILED
TXN0997,2025-06-24,3844.96,USD,PENDING
TXN0998,2025-06-24,2428.21,USD,SUCCESS
TXN0999,2025-06-22,4354.37,EUR,FAILED
TXN1000,2025-06-19,1046.05,INR,PENDING
TXN1001,2025-06-18,2219.58,INR,SUCCESS
TXN1002,2025-06-20,1612.39,USD,FAILED
TXN1003,2025-06-26,3518.93,EUR,FAILED
TXN1004,2025-06-18,372.47,EUR,SUCCESS
TXN1005,2025-06-23,2344.22,EUR,SUCCESS
TXN1006,2025-06-23,3641.41,USD,SUCCESS
TXN1007,2025-06-17,2589.85,EUR,FAILED
TXN1008,2025-06-27,3186.24,EUR,FAILED
TXN1009,2025-06-25,2938.91,INR,FAILED
TXN1010,2025-06-26,3814.99,EUR,SUCCESS
TXN1011,2025-06-20,4447.86,EUR,PENDING
TXN1012,2025-06-26,1116.39,EUR,FAILED
TXN1013,2025-06-17,3296.72,USD,PENDING
TXN1014,2025-06-25,2167.72,EUR,SUCCESS
TXN1015,2025-06-22,556.34,INR,FAILED
TXN1016,2025-06-26,4572.47,USD,PENDING
TXN1017,2025-06-24,1133.68,INR,PENDING
TXN1018,2025-06-24,4729.58,USD,SUCCESS
TXN1019,2025-06-18,2295.4,USD,FAILED
TXN1020,2025-06-19,2577.69,USD,SUCCESS
TXN1021,2025-06-25,3410.79,EUR,PENDING
TXN1022,2025-06-18,2651.84,EUR,SUCCESS
TXN1023,2025-06-23,4246.68,EUR,FAILED
TXN1024,2025-06-17,2639.59,INR,FAILED
TXN1025,2025-06-22,4630.09,INR,SUCCESS
TXN1026,2025-06-19,1397.73,USD,PENDING
TXN1027,2025-06-21,3171.25,EUR,SUCCESS
TXN1028,2025-06-19,3783.04,EUR,FAILED
TXN1029,2025-06-23,3460.82,EUR,PENDING
TXN1030,2025-06-23,1322.03,INR,FAILED
TXN1031,2025-06-17,3671.28,INR,SUCCESS
TXN1032,2025-06-19,2483.89,EUR,PENDING
TXN1033,2025-06-19,3623.48,EUR,SUCCESS
TXN1034,2025-06-27,839.53,USD,FAILED
TXN1035,2025-06-22,1742.24,EUR,PENDING
TXN1036,2025-06-17,2283.54,INR,SUCCESS
TXN1037,2025-06-27,4663.04,USD,PENDING
TXN1038,2025-06-21,3745.08,INR,FAILED
TXN1039,2025-06-27,3547.04,INR,SUCCESS
TXN1040,2025-06-19,523.66,EUR,FAILED
TXN1041,2025-06-18,2685.4,USD,FAILED
TXN1042,2025-06-25,2574.16,USD,PENDING
TXN1043,2025-06-27,1207.09,USD,SUCCESS
TXN1044,2025-06-17,537.67,USD,FAILED
TXN1045,2025-06-24,3423.43,INR,SUCCESS
TXN1046,2025-06-20,3466.86,EUR,SUCCESS
TXN1047,2025-06-25,133.6,USD,FAILED
TXN1048,2025-06-25,2742.36,INR,FAILED
TXN1049,2025-06-26,654.2,USD,FAILED
TXN1050,2025-06-19,2696.47,EUR,PENDING
TXN1051,2025-06-21,2126.7,INR,FAILED
TXN1052,2025-06-25,157.12,EUR,PENDING
TXN1053,2025-06-18,4657.52,INR,FAILED
TXN1054,2025-06-27,2009.83,USD,SUCCESS
TXN1055,2025-06-22,2900.14,USD,SUCCESS
TXN1056,2025-06-25,328.6,USD,SUCCESS
TXN1057,2025-06-19,2941.99,INR,SUCCESS
TXN1058,2025-06-21,4340.05,INR,SUCCESS
TXN1059,2025-06-19,2927.79,USD,PENDING
TXN1060,2025-06-24,3167.87,USD,SUCCESS
TXN1061,2025-06-19,1496.41,EUR,SUCCESS
TXN1062,2025-06-22,1796.31,USD,FAILED
TXN1063,2025-06-22,4750.65,INR,PENDING
TXN1064,2025-06-24,181.04,USD,PENDING
TXN1065,2025-06-17,2931.86,EUR,PENDING
TXN1066,2025-06-20,4639.79,INR,SUCCESS
TXN1067,2025-06-19,188.23,USD,SUCCESS
TXN1068,2025-06-22,3977.82,INR,PENDING
TXN1069,2025-06-25,325.51,USD,SUCCESS
TXN1070,2025-06-26,4434.14,EUR,PENDING
TXN1071,2025-06-18,1613.1,USD,FAILED
TXN1072,2025-06-24,4698.15,INR,SUCCESS
TXN1073,2025-06-17,1257.74,EUR,SUCCESS
TXN1074,2025-06-22,3059.26,USD,SUCCESS
TXN1075,2025-06-19,1812.37,USD,SUCCESS
TXN1076,2025-06-18,3597.17,USD,FAILED
TXN1077,2025-06-24,2297.47,INR,PENDING
TXN1078,2025-06-22,1864.26,INR,FAILED
TXN1079,2025-06-25,4200.4,USD,FAILED
TXN1080,2025-06-24,3727.14,INR,SUCCESS
TXN1081,2025-06-19,1219.19,USD,PENDING
TXN1082,2025-06-20,2500.4,EUR,FAILED
TXN1083,2025-06-20,626.51,USD,SUCCESS
TXN1084,2025-06-25,2903.26,INR,FAILED
TXN1085,2025-06-24,4813.18,INR,PENDING
TXN1086,2025-06-20,2827.24,USD,PENDING
TXN1087,2025-06-27,1199.5,INR,FAILED
TXN1088,2025-06-19,4520.33,USD,SUCCESS
TXN1089,2025-06-19,1485.19,USD,FAILED
TXN1090,2025-06-23,3335.99,INR,SUCCESS
TXN1091,2025-06-20,304.93,EUR,FAILED
TXN1092,2025-06-24,2984.15,EUR,FAILED
TXN1093,2025-06-27,1588.0,INR,PENDING
TXN1094,2025-06-19,3155.52,INR,PENDING
TXN1095,2025-06-19,3802.42,INR,FAILED
TXN1096,2025-06-18,3873.25,INR,FAILED
TXN1097,2025-06-27,1342.36,EUR,PENDING
TXN1098,2025-06-24,1263.39,EUR,PENDING
TXN1099,2025-06-20,3245.97,USD,FAILED
TXN1100,2025-06-25,4888.87,USD,PENDING
TXN1101,2025-06-18,4478.62,INR,FAILED
TXN1102,2025-06-26,193.19,USD,SUCCESS
TXN1103,2025-06-18,2622.11,INR,SUCCESS
TXN1104,2025-06-26,2480.07,USD,PENDING
TXN1105,2025-06-24,1173.26,USD,FAILED
TXN1106,2025-06-24,4356.13,INR,PENDING
TXN1107,2025-06-25,3760.03,USD,PENDING
TXN1108,2025-06-24,405.87,USD,PENDING
TXN1109,2025-06-20,3538.35,EUR,FAILED
TXN1110,2025-06-23,2611.95,USD,FAILED
TXN1111,2025-06-21,1622.46,EUR,SUCCESS
TXN1112,2025-06-23,2062.7,USD,SUCCESS
TXN1113,2025-06-24,3111.71,USD,FAILED
TXN1114,2025-06-21,1089.15,USD,PENDING
TXN1115,2025-06-18,3577.63,USD,PENDING
TXN1116,2025-06-21,1148.4,USD,FAILED
TXN1117,2025-06-19,4941.39,USD,PENDING
TXN1118,2025-06-26,663.59,INR,PENDING
TXN1119,2025-06-19,3918.08,INR,PENDING
TXN1120,2025-06-19,1350.73,EUR,PENDING
TXN1121,2025-06-17,2716.63,USD,PENDING
TXN1122,2025-06-17,712.31,EUR,SUCCESS
TXN1123,2025-06-19,3267.36,INR,PENDING
TXN1124,2025-06-17,143.05,EUR,FAILED
TXN1125,2025-06-25,4112.57,INR,SUCCESS
TXN1126,2025-06-21,3369.25,USD,FAILED
TXN1127,2025-06-17,3270.3,EUR,SUCCESS
TXN1128,2025-06-18,2413.69,USD,PENDING
TXN1129,2025-06-17,4796.37,USD,SUCCESS
TXN1130,2025-06-22,3319.62,INR,PENDING
TXN1131,2025-06-20,3282.88,EUR,FAILED
TXN1132,2025-06-22,990.16,INR,FAILED
TXN1133,2025-06-22,2670.31,EUR,PENDING
TXN1134,2025-06-24,4398.5,EUR,PENDING
TXN1135,2025-06-19,1508.22,USD,FAILED
TXN1136,2025-06-19,4708.98,EUR,SUCCESS
TXN1137,2025-06-27,3885.42,EUR,SUCCESS
TXN1138,2025-06-18,1210.76,USD,FAILED
TXN1139,2025-06-18,3186.44,INR,FAILED
TXN1140,2025-06-19,260.35,INR,PENDING
TXN1141,2025-06-23,457.48,INR,SUCCESS
TXN1142,2025-06-18,4063.71,INR,PENDING
TXN1143,2025-06-25,2006.58,EUR,PENDING
TXN1144,2025-06-19,2644.9,EUR,SUCCESS
TXN1145,2025-06-23,3898.31,EUR,PENDING
TXN1146,2025-06-20,3431.8,INR,PENDING
TXN1147,2025-06-25,1925.17,INR,FAILED
TXN1148,2025-06-18,213.95,EUR,PENDING
TXN1149,2025-06-26,820.9,EUR,PENDING
TXN1150,2025-06-22,4905.75,INR,FAILED
TXN1151,2025-06-26,4690.94,INR,PENDING
TXN1152,2025-06-23,2086.55,EUR,PENDING
TXN1153,2025-06-23,4672.69,USD,SUCCESS
TXN1154,2025-06-22,1156.75,EUR,PENDING
TXN1155,2025-06-26,3729.81,EUR,PENDING
TXN1156,2025-06-20,2847.32,EUR,FAILED
TXN1157,2025-06-25,4611.64,INR,PENDING
TXN1158,2025-06-22,3454.5,INR,PENDING
TXN1159,2025-06-26,3694.43,INR,PENDING
TXN1160,2025-06-24,4803.61,INR,SUCCESS
TXN1161,2025-06-25,2047.86,USD,PENDING
TXN1162,2025-06-21,2492.7,USD,PENDING
TXN1163,2025-06-24,3632.65,INR,FAILED
TXN1164,2025-06-18,584.15,INR,FAILED
TXN1165,2025-06-23,3762.73,EUR,PENDING
TXN1166,2025-06-27,615.91,INR,PENDING
TXN1167,2025-06-26,4056.67,USD,SUCCESS
TXN1168,2025-06-23,3013.02,INR,SUCCESS
TXN1169,2025-06-20,1647.48,EUR,SUCCESS
TXN1170,2025-06-27,4347.6,EUR,PENDING
TXN1171,2025-06-21,133.13,EUR,SUCCESS
TXN1172,2025-06-25,444.4,INR,SUCCESS
TXN1173,2025-06-20,3696.88,INR,PENDING
TXN1174,2025-06-17,1174.44,INR,SUCCESS
TXN1175,2025-06-27,1611.48,EUR,SUCCESS
TXN1176,2025-06-18,4952.91,EUR,FAILED
TXN1177,2025-06-19,3007.74,USD,FAILED
TXN1178,2025-06-23,3527.8,EUR,FAILED
TXN1179,2025-06-20,4276.0,INR,PENDING
TXN1180,2025-06-25,3108.73,EUR,FAILED
TXN1181,2025-06-17,421.59,INR,PENDING
TXN1182,2025-06-19,2169.24,EUR,SUCCESS
TXN1183,2025-06-21,1420.87,USD,SUCCESS
TXN1184,2025-06-25,1025.41,EUR,SUCCESS
TXN1185,2025-06-24,2020.07,EUR,PENDING
TXN1186,2025-06-20,1938.21,EUR,FAILED
TXN1187,2025-06-26,3627.54,USD,FAILED
TXN1188,2025-06-18,3339.11,EUR,PENDING
TXN1189,2025-06-17,3746.04,EUR,SUCCESS
TXN1190,2025-06-22,3625.83,INR,FAILED
TXN1191,2025-06-19,4206.83,EUR,SUCCESS
TXN1192,2025-06-24,3821.72,USD,PENDING
TXN1193,2025-06-21,4604.67,EUR,FAILED
TXN1194,2025-06-19,2463.61,EUR,SUCCESS
TXN1195,2025-06-21,4193.27,EUR,FAILED
TXN1196,2025-06-23,2105.08,USD,FAILED
TXN1197,2025-06-18,168.0,EUR,FAILED
TXN1198,2025-06-18,4038.51,INR,SUCCESS
TXN1199,2025-06-24,180.4,INR,SUCCESS
TXN1200,2025-06-24,1996.89,USD,SUCCESS
TXN1201,2025-06-23,4471.8,USD,PENDING
TXN1202,2025-06-25,4678.93,EUR,SUCCESS
TXN1203,2025-06-25,2286.91,EUR,PENDING
TXN1204,2025-06-25,4693.68,INR,SUCCESS
TXN1205,2025-06-18,3861.66,USD,FAILED
TXN1206,2025-06-21,1552.07,EUR,FAILED
TXN1207,2025-06-17,4552.21,USD,PENDING
TXN1208,2025-06-24,3513.12,EUR,SUCCESS
TXN1209,2025-06-20,3597.9,USD,PENDING
TXN1210,2025-06-17,388.38,EUR,FAILED
TXN1211,2025-06-25,567.03,USD,FAILED
TXN1212,2025-06-25,4478.14,USD,SUCCESS
TXN1213,2025-06-24,4930.42,EUR,PENDING
TXN1214,2025-06-26,3559.4,EUR,PENDING
TXN1215,2025-06-23,228.88,EUR,SUCCESS
TXN1216,2025-06-27,4242.08,INR,FAILED
TXN1217,2025-06-27,1906.77,USD,FAILED
TXN1218,2025-06-21,3462.09,EUR,SUCCESS
TXN1219,2025-06-19,1955.2,USD,FAILED
TXN1220,2025-06-25,2226.53,EUR,SUCCESS
TXN1221,2025-06-24,2755.5,EUR,SUCCESS
TXN1222,2025-06-19,4110.26,EUR,FAILED
TXN1223,2025-06-18,270.89,EUR,FAILED
TXN1224,2025-06-26,2970.91,INR,FAILED
TXN1225,2025-06-26,3245.63,EUR,SUCCESS
TXN1226,2025-06-24,486.69,USD,SUCCESS
TXN1227,2025-06-25,3933.76,USD,FAILED
TXN1228,2025-06-20,4684.5,USD,FAILED
TXN1229,2025-06-27,3928.48,EUR,SUCCESS
TXN1230,2025-06-17,1626.61,EUR,PENDING
TXN1231,2025-06-23,319.62,EUR,SUCCESS
TXN1232,2025-06-21,3383.85,EUR,PENDING
TXN1233,2025-06-20,3757.89,USD,SUCCESS
TXN1234,2025-06-18,3760.19,INR,FAILED
TXN1235,2025-06-27,3977.21,INR,FAILED
TXN1236,2025-06-21,3581.35,EUR,SUCCESS
TXN1237,2025-06-26,3798.08,USD,SUCCESS
TXN1238,2025-06-20,4882.14,USD,FAILED
TXN1239,2025-06-17,1754.64,EUR,SUCCESS
TXN1240,2025-06-19,4119.49,INR,FAILED
TXN1241,2025-06-23,3083.95,INR,SUCCESS
TXN1242,2025-06-17,4371.99,INR,SUCCESS
TXN1243,2025-06-20,713.88,INR,SUCCESS
TXN1244,2025-06-25,4070.76,INR,SUCCESS
TXN1245,2025-06-19,128.61,EUR,PENDING
TXN1246,2025-06-22,563.08,EUR,SUCCESS
TXN1247,2025-06-21,414.4,INR,SUCCESS
TXN1248,2025-06-19,2873.25,EUR,SUCCESS
TXN1249,2025-06-24,139.97,EUR,FAILED
TXN1250,2025-06-18,3318.5,USD,FAILED
TXN1251,2025-06-20,2899.24,EUR,PENDING
TXN1252,2025-06-20,3948.21,INR,PENDING
TXN1253,2025-06-19,3158.59,EUR,SUCCESS
TXN1254,2025-06-18,3977.89,USD,SUCCESS
TXN1255,2025-06-18,698.51,EUR,FAILED
TXN1256,2025-06-27,354.51,USD,SUCCESS
TXN1257,2025-06-24,2602.37,USD,FAILED
TXN1258,2025-06-27,1802.2,INR,SUCCESS
TXN1259,2025-06-19,4931.91,INR,PENDING
TXN1260,2025-06-21,4815.0,EUR,SUCCESS
TXN1261,2025-06-26,3757.2,USD,FAILED
TXN1262,2025-06-26,1276.86,EUR,PENDING
TXN1263,2025-06-24,839.36,USD,FAILED
TXN1264,2025-06-26,1881.84,EUR,PENDING
TXN1265,2025-06-17,2047.28,INR,SUCCESS
TXN1266,2025-06-17,1959.72,INR,PENDING
TXN1267,2025-06-25,4223.64,EUR,PENDING
TXN1268,2025-06-19,2060.72,INR,PENDING
TXN1269,2025-06-17,3096.66,INR,SUCCESS
TXN1270,2025-06-19,1053.79,INR,PENDING
TXN1271,2025-06-22,2755.71,EUR,PENDING
TXN1272,2025-06-24,3336.08,EUR,SUCCESS
TXN1273,2025-06-17,4357.68,INR,SUCCESS
TXN1274,2025-06-26,4935.39,USD,FAILED
TXN1275,2025-06-22,3015.91,INR,PENDING
TXN1276,2025-06-22,497.41,EUR,SUCCESS
TXN1277,2025-06-18,3985.21,USD,FAILED
TXN1278,2025-06-27,2763.68,EUR,PENDING
TXN1279,2025-06-25,739.23,EUR,PENDING
TXN1280,2025-06-18,3966.23,EUR,FAILED
TXN1281,2025-06-20,3834.93,INR,PENDING
TXN1282,2025-06-18,865.42,USD,FAILED
TXN1283,2025-06-17,3278.94,INR,FAILED
TXN1284,2025-06-24,3487.61,INR,FAILED
TXN1285,2025-06-23,3414.76,INR,PENDING
TXN1286,2025-06-27,4279.87,INR,SUCCESS
TXN1287,2025-06-18,395.83,INR,FAILED
TXN1288,2025-06-19,3190.05,USD,FAILED
TXN1289,2025-06-19,883.23,INR,PENDING
TXN1290,2025-06-22,3499.28,EUR,SUCCESS
TXN1291,2025-06-20,2412.05,EUR,FAILED
TXN1292,2025-06-21,3269.04,INR,PENDING
TXN1293,2025-06-23,730.53,EUR,SUCCESS
TXN1294,2025-06-17,2400.34,EUR,FAILED
TXN1295,2025-06-17,2105.78,INR,PENDING
TXN1296,2025-06-26,1881.45,USD,SUCCESS
TXN1297,2025-06-19,544.48,USD,SUCCESS
TXN1298,2025-06-22,494.99,USD,SUCCESS
TXN1299,2025-06-21,3365.38,INR,PENDING
TXN1300,2025-06-23,206.47,INR,FAILED
TXN1301,2025-06-18,2810.54,EUR,SUCCESS
TXN1302,2025-06-22,4470.36,INR,FAILED
TXN1303,2025-06-21,1108.01,USD,FAILED
TXN1304,2025-06-19,3558.03,EUR,FAILED
TXN1305,2025-06-25,2647.41,USD,SUCCESS
TXN1306,2025-06-18,2176.91,INR,PENDING
TXN1307,2025-06-24,969.02,EUR,FAILED
TXN1308,2025-06-18,1374.11,EUR,SUCCESS
TXN1309,2025-06-23,232.97,INR,SUCCESS
TXN1310,2025-06-22,3798.58,INR,SUCCESS
TXN1311,2025-06-17,413.5,EUR,SUCCESS
TXN1312,2025-06-23,1278.96,EUR,FAILED
TXN1313,2025-06-25,3963.06,EUR,SUCCESS
TXN1314,2025-06-26,1906.86,USD,SUCCESS
TXN1315,2025-06-22,2030.79,EUR,FAILED
TXN1316,2025-06-25,791.56,INR,SUCCESS
TXN1317,2025-06-19,1703.91,USD,SUCCESS
TXN1318,2025-06-17,478.43,USD,SUCCESS
TXN1319,2025-06-23,1473.87,EUR,FAILED
TXN1320,2025-06-25,1510.1,USD,SUCCESS
TXN1321,2025-06-19,4539.15,EUR,PENDING
TXN1322,2025-06-25,3421.08,USD,PENDING
TXN1323,2025-06-19,2519.46,EUR,SUCCESS
TXN1324,2025-06-18,379.37,EUR,FAILED
TXN1325,2025-06-17,2116.75,EUR,SUCCESS
TXN1326,2025-06-23,140.37,USD,FAILED
TXN1327,2025-06-20,1905.97,EUR,FAILED
TXN1328,2025-06-21,2478.53,EUR,PENDING
TXN1329,2025-06-22,125.65,EUR,FAILED
TXN1330,2025-06-17,4109.25,EUR,SUCCESS
TXN1331,2025-06-24,610.22,INR,FAILED
TXN1332,2025-06-27,1025.84,USD,SUCCESS
TXN1333,2025-06-21,1726.58,INR,SUCCESS
TXN1334,2025-06-19,1924.18,USD,FAILED
TXN1335,2025-06-26,951.36,INR,SUCCESS
TXN1336,2025-06-20,2915.5,EUR,SUCCESS
TXN1337,2025-06-24,2472.6,INR,SUCCESS
TXN1338,2025-06-26,4408.01,USD,SUCCESS
TXN1339,2025-06-24,3001.03,INR,PENDING
TXN1340,2025-06-22,1258.5,USD,FAILED
TXN1341,2025-06-27,1809.97,USD,SUCCESS
TXN1342,2025-06-24,2281.61,EUR,FAILED
TXN1343,2025-06-21,2205.26,USD,PENDING
TXN1344,2025-06-26,1903.09,INR,SUCCESS
TXN1345,2025-06-25,3558.61,EUR,FAILED
TXN1346,2025-06-20,2378.18,EUR,SUCCESS
TXN1347,2025-06-17,4961.92,INR,SUCCESS
TXN1348,2025-06-18,3637.02,USD,SUCCESS
TXN1349,2025-06-26,2518.35,EUR,FAILED
TXN1350,2025-06-26,3639.6,USD,PENDING
TXN1351,2025-06-21,1708.88,INR,PENDING
TXN1352,2025-06-21,1610.39,EUR,SUCCESS
TXN1353,2025-06-20,4511.5,USD,FAILED
TXN1354,2025-06-22,4108.85,EUR,PENDING
TXN1355,2025-06-20,1355.16,INR,FAILED
TXN1356,2025-06-21,3199.16,INR,PENDING
TXN1357,2025-06-22,755.48,USD,SUCCESS
TXN1358,2025-06-21,3539.67,INR,PENDING
TXN1359,2025-06-25,3327.12,INR,SUCCESS
TXN1360,2025-06-27,740.02,INR,SUCCESS
TXN1361,2025-06-21,928.54,INR,PENDING
TXN1362,2025-06-20,3358.4,USD,FAILED
TXN1363,2025-06-21,4381.95,INR,PENDING
TXN1364,2025-06-17,1949.34,INR,PENDING
TXN1365,2025-06-27,513.36,EUR,SUCCESS
TXN1366,2025-06-27,1659.29,INR,PENDING
TXN1367,2025-06-18,1521.26,INR,FAILED
TXN1368,2025-06-27,823.77,EUR,SUCCESS
TXN1369,2025-06-24,527.92,EUR,SUCCESS
TXN1370,2025-06-22,1671.23,INR,SUCCESS
TXN1371,2025-06-22,2988.9,INR,SUCCESS
TXN1372,2025-06-25,4211.97,USD,SUCCESS
TXN1373,2025-06-17,1783.11,INR,SUCCESS
TXN1374,2025-06-19,3509.44,INR,SUCCESS
TXN1375,2025-06-17,2858.36,EUR,FAILED
TXN1376,2025-06-26,4057.56,USD,SUCCESS
TXN1377,2025-06-22,1006.3,USD,SUCCESS
TXN1378,2025-06-27,4901.49,EUR,FAILED
TXN1379,2025-06-19,4729.08,EUR,PENDING
TXN1380,2025-06-25,4666.36,USD,PENDING
TXN1381,2025-06-18,1741.12,USD,PENDING
TXN1382,2025-06-27,1096.23,USD,PENDING
TXN1383,2025-06-23,4654.93,EUR,SUCCESS
TXN1384,2025-06-24,586.29,USD,PENDING
TXN1385,2025-06-19,1266.41,USD,FAILED
TXN1386,2025-06-27,1391.24,INR,SUCCESS
TXN1387,2025-06-21,1322.06,EUR,SUCCESS
TXN1388,2025-06-22,105.26,EUR,SUCCESS
TXN1389,2025-06-17,1429.52,INR,SUCCESS
TXN1390,2025-06-26,577.88,EUR,FAILED
TXN1391,2025-06-19,1517.41,USD,SUCCESS
TXN1392,2025-06-19,1654.57,EUR,PENDING
TXN1393,2025-06-18,1713.7,USD,FAILED
TXN1394,2025-06-17,4761.2,INR,PENDING
TXN1395,2025-06-27,3670.87,EUR,FAILED
TXN1396,2025-06-23,4053.32,INR,PENDING
TXN1397,2025-06-26,3789.8,USD,FAILED
TXN1398,2025-06-23,1003.65,EUR,FAILED
TXN1399,2025-06-20,1469.63,USD,PENDING
TXN1400,2025-06-20,3138.63,USD,FAILED
TXN1401,2025-06-21,666.22,INR,SUCCESS
TXN1402,2025-06-20,3291.8,INR,PENDING
TXN1403,2025-06-23,4941.05,EUR,PENDING
TXN1404,2025-06-20,4575.05,USD,PENDING
TXN1405,2025-06-27,3270.74,EUR,PENDING
TXN1406,2025-06-23,4210.84,USD,PENDING
TXN1407,2025-06-17,3029.83,EUR,SUCCESS
TXN1408,2025-06-17,3554.42,INR,SUCCESS
TXN1409,2025-06-18,4512.28,USD,SUCCESS
TXN1410,2025-06-27,4899.13,INR,FAILED
TXN1411,2025-06-27,610.08,EUR,FAILED
TXN1412,2025-06-26,2401.18,EUR,SUCCESS
TXN1413,2025-06-27,923.85,INR,PENDING
TXN1414,2025-06-18,875.04,USD,FAILED
TXN1415,2025-06-27,586.07,USD,SUCCESS
TXN1416,2025-06-19,145.66,USD,PENDING
TXN1417,2025-06-17,4112.49,EUR,SUCCESS
TXN1418,2025-06-25,3187.14,INR,PENDING
TXN1419,2025-06-25,654.07,USD,FAILED
TXN1420,2025-06-21,4257.07,INR,SUCCESS
TXN1421,2025-06-24,2317.81,USD,FAILED
TXN1422,2025-06-17,2058.26,EUR,PENDING
TXN1423,2025-06-18,1295.62,INR,PENDING
TXN1424,2025-06-18,2613.62,USD,FAILED
TXN1425,2025-06-22,1954.36,INR,SUCCESS
TXN1426,2025-06-24,2830.11,USD,FAILED
TXN1427,2025-06-17,171.41,INR,FAILED
TXN1428,2025-06-17,4179.62,INR,PENDING
TXN1429,2025-06-17,2257.81,EUR,FAILED
TXN1430,2025-06-18,4400.97,INR,SUCCESS
TXN1431,2025-06-21,1678.3,EUR,PENDING
TXN1432,2025-06-19,4774.38,EUR,SUCCESS
TXN1433,2025-06-26,1304.39,USD,FAILED
TXN1434,2025-06-19,1090.57,INR,FAILED
TXN1435,2025-06-24,1858.13,EUR,PENDING
TXN1436,2025-06-19,1415.78,EUR,PENDING
TXN1437,2025-06-20,442.07,USD,SUCCESS
TXN1438,2025-06-26,315.65,INR,SUCCESS
TXN1439,2025-06-17,3466.0,EUR,SUCCESS
TXN1440,2025-06-19,4069.76,INR,FAILED
TXN1441,2025-06-25,4093.58,INR,PENDING
TXN1442,2025-06-18,4473.9,INR,PENDING
TXN1443,2025-06-22,3633.39,USD,SUCCESS
TXN1444,2025-06-26,3393.2,INR,PENDING
TXN1445,2025-06-25,3856.54,USD,SUCCESS
TXN1446,2025-06-21,1479.45,USD,PENDING
TXN1447,2025-06-26,3686.94,USD,PENDING
TXN1448,2025-06-18,1657.62,USD,PENDING
TXN1449,2025-06-25,2394.68,INR,FAILED
TXN1450,2025-06-18,1340.81,INR,FAILED
TXN1451,2025-06-22,2830.6,EUR,PENDING
TXN1452,2025-06-20,2431.55,INR,SUCCESS
TXN1453,2025-06-20,141.44,EUR,PENDING
TXN1454,2025-06-21,4942.03,INR,FAILED
TXN1455,2025-06-20,424.79,INR,SUCCESS
TXN1456,2025-06-23,3567.34,EUR,SUCCESS
TXN1457,2025-06-25,4693.98,USD,SUCCESS
TXN1458,2025-06-26,4991.37,INR,FAILED
TXN1459,2025-06-25,134.9,EUR,FAILED
TXN1460,2025-06-24,2640.21,EUR,PENDING
TXN1461,2025-06-21,859.07,INR,SUCCESS
TXN1462,2025-06-22,3360.32,INR,FAILED
TXN1463,2025-06-26,279.8,USD,PENDING
TXN1464,2025-06-23,3453.57,USD,SUCCESS
TXN1465,2025-06-27,3573.52,INR,SUCCESS
TXN1466,2025-06-22,457.09,USD,PENDING
TXN1467,2025-06-24,3844.17,EUR,PENDING
TXN1468,2025-06-18,1411.89,INR,PENDING
TXN1469,2025-06-25,2724.12,USD,FAILED
TXN1470,2025-06-25,704.28,USD,PENDING
TXN1471,2025-06-24,1320.8,USD,SUCCESS
TXN1472,2025-06-25,700.18,EUR,PENDING
TXN1473,2025-06-25,1293.61,EUR,SUCCESS
TXN1474,2025-06-27,2149.78,EUR,PENDING
TXN1475,2025-06-26,1342.52,EUR,FAILED
TXN1476,2025-06-26,184.6,USD,SUCCESS
TXN1477,2025-06-22,167.23,INR,PENDING
TXN1478,2025-06-27,136.96,INR,FAILED
TXN1479,2025-06-18,3896.1,EUR,SUCCESS
TXN1480,2025-06-22,1631.81,EUR,PENDING
TXN1481,2025-06-20,3466.28,USD,SUCCESS
TXN1482,2025-06-26,4304.14,INR,FAILED
TXN1483,2025-06-22,1884.13,USD,PENDING
TXN1484,2025-06-24,1992.17,INR,PENDING
TXN1485,2025-06-19,4206.88,EUR,FAILED
TXN1486,2025-06-26,1674.08,EUR,FAILED
TXN1487,2025-06-17,2317.54,USD,PENDING
TXN1488,2025-06-27,1718.5,USD,PENDING
TXN1489,2025-06-20,2075.11,USD,FAILED
TXN1490,2025-06-25,509.8,USD,PENDING
TXN1491,2025-06-17,3685.17,INR,SUCCESS
TXN1492,2025-06-21,1790.32,INR,FAILED
TXN1493,2025-06-17,4552.83,USD,PENDING
TXN1494,2025-06-18,1724.06,EUR,FAILED
TXN1495,2025-06-27,1712.66,EUR,FAILED
TXN1496,2025-06-27,1031.91,USD,FAILED
TXN1497,2025-06-26,3735.79,EUR,PENDING
TXN1498,2025-06-27,4053.58,INR,FAILED
TXN1499,2025-06-17,1403.14,EUR,FAILED
TXN1500,2025-06-21,957.29,USD,PENDING
TXN1501,2025-06-25,4837.91,USD,PENDING
TXN1502,2025-06-26,4123.82,USD,FAILED
TXN1503,2025-06-22,1122.48,INR,FAILED
TXN1504,2025-06-19,993.21,EUR,FAILED
TXN1505,2025-06-20,3340.44,INR,FAILED
TXN1506,2025-06-21,3186.58,INR,PENDING
TXN1507,2025-06-20,3341.98,INR,FAILED
TXN1508,2025-06-20,4896.84,EUR,FAILED
TXN1509,2025-06-18,1304.2,USD,PENDING
TXN1510,2025-06-27,2286.03,EUR,FAILED
TXN1511,2025-06-24,4902.69,EUR,FAILED
TXN1512,2025-06-21,3665.54,INR,PENDING
TXN1513,2025-06-19,4030.61,INR,PENDING
TXN1514,2025-06-19,603.74,USD,PENDING
TXN1515,2025-06-21,1464.15,USD,PENDING
TXN1516,2025-06-24,3207.18,INR,FAILED
TXN1517,2025-06-19,4752.41,INR,PENDING
TXN1518,2025-06-21,526.42,USD,PENDING
TXN1519,2025-06-27,783.91,INR,SUCCESS
TXN1520,2025-06-27,3232.55,INR,PENDING
TXN1521,2025-06-18,2694.93,USD,FAILED
TXN1522,2025-06-20,4722.54,INR,PENDING
TXN1523,2025-06-26,1915.28,USD,FAILED
TXN1524,2025-06-22,145.59,EUR,SUCCESS
TXN1525,2025-06-19,1954.24,EUR,FAILED
TXN1526,2025-06-22,1095.2,INR,SUCCESS
TXN1527,2025-06-23,4027.7,USD,PENDING
TXN1528,2025-06-27,1895.25,USD,PENDING
TXN1529,2025-06-25,1999.24,EUR,FAILED
TXN1530,2025-06-23,1607.5,EUR,PENDING
TXN1531,2025-06-18,1487.76,USD,SUCCESS
TXN1532,2025-06-21,3731.5,EUR,FAILED
TXN1533,2025-06-20,2087.89,INR,PENDING
TXN1534,2025-06-21,3352.7,EUR,PENDING
TXN1535,2025-06-23,809.29,USD,SUCCESS
TXN1536,2025-06-17,2016.57,INR,SUCCESS
TXN1537,2025-06-18,4526.38,USD,SUCCESS
TXN1538,2025-06-23,2324.84,INR,FAILED
TXN1539,2025-06-23,1522.8,EUR,FAILED
TXN1540,2025-06-26,3810.41,INR,SUCCESS
TXN1541,2025-06-21,2670.01,USD,PENDING
TXN1542,2025-06-20,4899.15,INR,SUCCESS
TXN1543,2025-06-27,1456.5,EUR,FAILED
TXN1544,2025-06-20,3604.25,INR,FAILED
TXN1545,2025-06-17,4753.47,INR,FAILED
TXN1546,2025-06-20,2284.69,USD,SUCCESS
TXN1547,2025-06-18,2028.36,EUR,FAILED
TXN1548,2025-06-19,4305.3,USD,FAILED
TXN1549,2025-06-17,4468.49,EUR,SUCCESS
TXN1550,2025-06-24,4009.3,EUR,PENDING
TXN1551,2025-06-24,2594.76,INR,PENDING
TXN1552,2025-06-21,676.59,USD,PENDING
TXN1553,2025-06-22,363.9,EUR,PENDING
TXN1554,2025-06-26,3446.77,USD,FAILED
TXN1555,2025-06-18,549.65,INR,FAILED
TXN1556,2025-06-18,4465.56,USD,PENDING
TXN1557,2025-06-27,3343.4,EUR,SUCCESS
TXN1558,2025-06-20,3241.93,EUR,FAILED
TXN1559,2025-06-25,4947.44,USD,PENDING
TXN1560,2025-06-18,4652.97,INR,FAILED
TXN1561,2025-06-22,2581.4,USD,FAILED
TXN1562,2025-06-25,1965.78,USD,PENDING
TXN1563,2025-06-17,1995.75,USD,SUCCESS
TXN1564,2025-06-25,4457.25,USD,FAILED
TXN1565,2025-06-26,1384.38,EUR,SUCCESS
TXN1566,2025-06-17,3517.0,EUR,PENDING
TXN1567,2025-06-18,3194.12,USD,FAILED
TXN1568,2025-06-17,595.8,INR,FAILED
TXN1569,2025-06-19,1766.05,INR,SUCCESS
TXN1570,2025-06-26,1660.43,USD,SUCCESS
TXN1571,2025-06-27,4541.46,EUR,FAILED
TXN1572,2025-06-27,1005.95,INR,PENDING
TXN1573,2025-06-26,2142.92,USD,PENDING
TXN1574,2025-06-26,1036.97,USD,SUCCESS
TXN1575,2025-06-23,881.74,EUR,FAILED
TXN1576,2025-06-27,240.36,INR,PENDING
TXN1577,2025-06-21,3831.95,INR,FAILED
TXN1578,2025-06-27,2700.56,USD,FAILED
TXN1579,2025-06-24,3654.08,EUR,SUCCESS
TXN1580,2025-06-22,4665.76,INR,FAILED
TXN1581,2025-06-21,4284.5,EUR,SUCCESS
TXN1582,2025-06-26,1016.81,INR,SUCCESS
TXN1583,2025-06-18,2321.34,INR,PENDING
TXN1584,2025-06-17,535.07,USD,SUCCESS
TXN1585,2025-06-17,3059.5,EUR,FAILED
TXN1586,2025-06-25,2783.28,EUR,PENDING
TXN1587,2025-06-23,306.68,EUR,FAILED
TXN1588,2025-06-22,229.9,EUR,FAILED
TXN1589,2025-06-25,4391.01,INR,FAILED
TXN1590,2025-06-23,2844.98,EUR,SUCCESS
TXN1591,2025-06-22,788.2,EUR,PENDING
TXN1592,2025-06-19,4262.03,USD,PENDING
TXN1593,2025-06-18,3124.16,INR,PENDING
TXN1594,2025-06-17,1020.08,USD,PENDING
TXN1595,2025-06-17,1938.64,USD,PENDING
TXN1596,2025-06-24,1169.5,EUR,PENDING
TXN1597,2025-06-21,170.83,EUR,SUCCESS
TXN1598,2025-06-21,3008.46,INR,PENDING
TXN1599,2025-06-18,347.45,EUR,PENDING
TXN1600,2025-06-19,2481.49,EUR,SUCCESS
TXN1601,2025-06-18,3444.05,INR,FAILED
TXN1602,2025-06-18,634.43,INR,FAILED
TXN1603,2025-06-27,2225.56,INR,FAILED
TXN1604,2025-06-19,3023.94,INR,FAILED
TXN1605,2025-06-23,4998.2,USD,SUCCESS
TXN1606,2025-06-19,1804.33,INR,PENDING
TXN1607,2025-06-18,1072.44,EUR,PENDING
TXN1608,2025-06-23,4101.67,USD,FAILED
TXN1609,2025-06-24,4128.21,INR,SUCCESS
TXN1610,2025-06-21,4694.19,USD,PENDING
TXN1611,2025-06-25,1240.71,EUR,SUCCESS
TXN1612,2025-06-19,1324.02,EUR,SUCCESS
TXN1613,2025-06-25,2235.81,INR,FAILED
TXN1614,2025-06-21,153.56,USD,FAILED
TXN1615,2025-06-19,1880.91,USD,PENDING
TXN1616,2025-06-20,1109.93,EUR,SUCCESS
TXN1617,2025-06-21,2724.9,INR,FAILED
TXN1618,2025-06-19,2042.24,EUR,PENDING
TXN1619,2025-06-25,4609.39,EUR,SUCCESS
TXN1620,2025-06-24,1886.85,INR,SUCCESS
TXN1621,2025-06-21,828.57,EUR,FAILED
TXN1622,2025-06-21,3000.94,INR,FAILED
TXN1623,2025-06-21,1437.09,INR,FAILED
TXN1624,2025-06-20,2389.44,USD,PENDING
TXN1625,2025-06-22,114.7,USD,PENDING
TXN1626,2025-06-27,1333.44,EUR,FAILED
TXN1627,2025-06-17,240.68,USD,SUCCESS
TXN1628,2025-06-27,4665.98,EUR,FAILED
TXN1629,2025-06-24,3210.18,INR,PENDING
TXN1630,2025-06-22,621.28,INR,PENDING
TXN1631,2025-06-27,3273.14,USD,SUCCESS
TXN1632,2025-06-20,1781.82,EUR,PENDING
TXN1633,2025-06-27,344.37,INR,FAILED
TXN1634,2025-06-22,1079.89,USD,PENDING
TXN1635,2025-06-18,2473.05,INR,FAILED
TXN1636,2025-06-17,679.49,EUR,PENDING
TXN1637,2025-06-26,2534.96,INR,FAILED
TXN1638,2025-06-24,3457.02,EUR,SUCCESS
TXN1639,2025-06-17,3901.56,EUR,PENDING
TXN1640,2025-06-27,2599.62,INR,PENDING
TXN1641,2025-06-18,4229.21,EUR,SUCCESS
TXN1642,2025-06-25,2375.25,INR,FAILED
TXN1643,2025-06-26,4048.31,INR,SUCCESS
TXN1644,2025-06-20,2193.72,INR,FAILED
TXN1645,2025-06-18,1443.87,EUR,FAILED
TXN1646,2025-06-24,511.8,INR,FAILED
TXN1647,2025-06-18,1556.66,EUR,PENDING
TXN1648,2025-06-19,3683.66,USD,FAILED
TXN1649,2025-06-24,4347.89,INR,PENDING
TXN1650,2025-06-17,2351.41,EUR,FAILED
TXN1651,2025-06-17,979.52,EUR,PENDING
TXN1652,2025-06-24,4621.78,USD,FAILED
TXN1653,2025-06-21,3045.74,EUR,PENDING
TXN1654,2025-06-27,3791.82,EUR,SUCCESS
TXN1655,2025-06-26,318.15,USD,FAILED
TXN1656,2025-06-21,4926.45,INR,FAILED
TXN1657,2025-06-21,1920.44,EUR,SUCCESS
TXN1658,2025-06-24,940.03,USD,SUCCESS
TXN1659,2025-06-23,716.5,EUR,FAILED
TXN1660,2025-06-24,331.8,INR,FAILED
TXN1661,2025-06-20,1743.25,INR,SUCCESS
TXN1662,2025-06-26,2727.06,USD,FAILED
TXN1663,2025-06-19,655.01,USD,FAILED
TXN1664,2025-06-17,3871.86,USD,SUCCESS
TXN1665,2025-06-17,625.22,INR,FAILED
TXN1666,2025-06-17,4745.62,EUR,SUCCESS
TXN1667,2025-06-22,3644.02,EUR,SUCCESS
TXN1668,2025-06-24,1587.06,EUR,FAILED
TXN1669,2025-06-20,1310.84,USD,FAILED
TXN1670,2025-06-26,1968.81,INR,SUCCESS
TXN1671,2025-06-20,4899.88,INR,SUCCESS
TXN1672,2025-06-20,3042.87,EUR,FAILED
TXN1673,2025-06-17,1265.17,EUR,FAILED
TXN1674,2025-06-21,2143.88,INR,SUCCESS
TXN1675,2025-06-18,4397.06,USD,FAILED
TXN1676,2025-06-24,4716.18,USD,PENDING
TXN1677,2025-06-21,3061.97,INR,PENDING
TXN1678,2025-06-18,1786.88,USD,PENDING
TXN1679,2025-06-17,1750.04,INR,FAILED
TXN1680,2025-06-17,1009.4,INR,PENDING
TXN1681,2025-06-22,3506.04,USD,FAILED
TXN1682,2025-06-17,578.75,EUR,FAILED
TXN1683,2025-06-22,1980.43,EUR,FAILED
TXN1684,2025-06-25,4454.77,INR,SUCCESS
TXN1685,2025-06-22,3292.21,EUR,PENDING
TXN1686,2025-06-23,3999.43,EUR,FAILED
TXN1687,2025-06-19,2860.61,USD,FAILED
TXN1688,2025-06-27,1876.3,INR,PENDING
TXN1689,2025-06-19,3453.96,USD,SUCCESS
TXN1690,2025-06-27,4537.64,USD,PENDING
TXN1691,2025-06-27,4247.79,EUR,PENDING
TXN1692,2025-06-17,4511.72,EUR,FAILED
TXN1693,2025-06-22,1941.37,USD,SUCCESS
TXN1694,2025-06-19,3697.68,EUR,PENDING
TXN1695,2025-06-24,4550.9,EUR,SUCCESS
TXN1696,2025-06-17,1124.99,USD,SUCCESS
TXN1697,2025-06-27,3282.84,INR,SUCCESS
TXN1698,2025-06-18,4641.14,EUR,FAILED
TXN1699,2025-06-24,1695.29,EUR,FAILED
TXN1700,2025-06-25,215.31,INR,SUCCESS
TXN1701,2025-06-19,3954.1,USD,FAILED
TXN1702,2025-06-22,3049.63,INR,FAILED
TXN1703,2025-06-27,1240.25,INR,SUCCESS
TXN1704,2025-06-21,1904.77,USD,PENDING
TXN1705,2025-06-19,4360.41,EUR,SUCCESS
TXN1706,2025-06-20,3680.65,USD,SUCCESS
TXN1707,2025-06-23,3561.42,INR,SUCCESS
TXN1708,2025-06-25,3618.6,INR,SUCCESS
TXN1709,2025-06-17,4870.67,INR,PENDING
TXN1710,2025-06-24,2338.32,INR,SUCCESS
TXN1711,2025-06-20,4847.65,EUR,FAILED
TXN1712,2025-06-17,262.11,EUR,SUCCESS
TXN1713,2025-06-18,832.13,EUR,FAILED
TXN1714,2025-06-17,1146.38,EUR,PENDING
TXN1715,2025-06-17,411.53,INR,PENDING
TXN1716,2025-06-21,4576.18,USD,FAILED
TXN1717,2025-06-17,945.0,USD,SUCCESS
TXN1718,2025-06-23,4020.43,INR,PENDING
TXN1719,2025-06-21,4584.59,USD,PENDING
TXN1720,2025-06-21,4180.02,INR,FAILED
TXN1721,2025-06-23,4837.34,EUR,SUCCESS
TXN1722,2025-06-24,385.52,INR,PENDING
TXN1723,2025-06-17,2917.96,EUR,PENDING
TXN1724,2025-06-18,1263.44,USD,FAILED
TXN1725,2025-06-22,766.3,INR,PENDING
TXN1726,2025-06-25,3879.19,EUR,SUCCESS
TXN1727,2025-06-21,4633.88,USD,SUCCESS
TXN1728,2025-06-20,4229.34,USD,PENDING
TXN1729,2025-06-24,4051.69,INR,FAILED
TXN1730,2025-06-25,753.44,EUR,FAILED
TXN1731,2025-06-21,1627.59,EUR,FAILED
TXN1732,2025-06-26,4836.05,INR,PENDING
TXN1733,2025-06-23,4764.67,USD,FAILED
TXN1734,2025-06-24,3263.54,EUR,FAILED
TXN1735,2025-06-22,1502.02,USD,PENDING
TXN1736,2025-06-20,4993.19,USD,SUCCESS
TXN1737,2025-06-23,4536.51,USD,SUCCESS
TXN1738,2025-06-19,2338.74,USD,SUCCESS
TXN1739,2025-06-23,2655.43,EUR,FAILED
TXN1740,2025-06-19,4904.49,EUR,PENDING
TXN1741,2025-06-26,3753.8,INR,PENDING
TXN1742,2025-06-24,4451.97,INR,PENDING
TXN1743,2025-06-21,757.11,EUR,PENDING
TXN1744,2025-06-27,2181.05,EUR,FAILED
TXN1745,2025-06-26,176.42,INR,FAILED
TXN1746,2025-06-24,709.0,EUR,PENDING
TXN1747,2025-06-21,1124.64,INR,FAILED
TXN1748,2025-06-23,2826.27,EUR,PENDING
TXN1749,2025-06-18,518.07,EUR,SUCCESS
TXN1750,2025-06-21,2918.46,INR,FAILED
TXN1751,2025-06-26,3308.35,INR,SUCCESS
TXN1752,2025-06-17,2775.11,USD,SUCCESS
TXN1753,2025-06-23,1473.84,INR,SUCCESS
TXN1754,2025-06-26,3077.26,INR,PENDING
TXN1755,2025-06-27,538.38,INR,FAILED
TXN1756,2025-06-17,3085.72,EUR,FAILED
TXN1757,2025-06-20,2184.58,INR,FAILED
TXN1758,2025-06-22,290.48,USD,SUCCESS
TXN1759,2025-06-20,728.13,INR,PENDING
TXN1760,2025-06-23,2404.91,INR,FAILED
TXN1761,2025-06-27,4997.19,INR,FAILED
TXN1762,2025-06-24,1899.78,EUR,FAILED
TXN1763,2025-06-18,3994.51,INR,FAILED
TXN1764,2025-06-21,2283.41,INR,PENDING
TXN1765,2025-06-23,4458.8,INR,SUCCESS
TXN1766,2025-06-20,3308.2,INR,FAILED
TXN1767,2025-06-25,1073.46,USD,PENDING
TXN1768,2025-06-19,1538.65,EUR,SUCCESS
TXN1769,2025-06-21,3477.62,EUR,FAILED
TXN1770,2025-06-18,376.1,EUR,PENDING
TXN1771,2025-06-24,4497.6,USD,FAILED
TXN1772,2025-06-17,4322.7,USD,SUCCESS
TXN1773,2025-06-17,4141.39,USD,SUCCESS
TXN1774,2025-06-27,4131.32,INR,FAILED
TXN1775,2025-06-24,3170.26,EUR,FAILED
TXN1776,2025-06-20,994.18,USD,PENDING
TXN1777,2025-06-23,1175.96,INR,PENDING
TXN1778,2025-06-23,1069.43,INR,PENDING
TXN1779,2025-06-24,3421.16,INR,SUCCESS
TXN1780,2025-06-18,1990.76,USD,SUCCESS
TXN1781,2025-06-21,2518.47,INR,FAILED
TXN1782,2025-06-18,4637.88,EUR,SUCCESS
TXN1783,2025-06-17,746.18,INR,SUCCESS
TXN1784,2025-06-27,349.87,INR,PENDING
TXN1785,2025-06-22,111.91,USD,PENDING
TXN1786,2025-06-24,368.43,USD,SUCCESS
TXN1787,2025-06-18,4450.88,EUR,SUCCESS
TXN1788,2025-06-20,3974.9,EUR,SUCCESS
TXN1789,2025-06-21,3049.07,USD,SUCCESS
TXN1790,2025-06-25,4109.51,USD,PENDING
TXN1791,2025-06-19,2480.32,USD,FAILED
TXN1792,2025-06-27,1018.69,INR,PENDING
TXN1793,2025-06-20,261.72,INR,FAILED
TXN1794,2025-06-18,721.38,USD,SUCCESS
TXN1795,2025-06-26,4031.79,INR,SUCCESS
TXN1796,2025-06-21,3408.2,EUR,FAILED
TXN1797,2025-06-21,3107.92,INR,SUCCESS
TXN1798,2025-06-18,2771.6,EUR,SUCCESS
TXN1799,2025-06-27,4491.69,EUR,SUCCESS
TXN1800,2025-06-23,1672.02,INR,PENDING
TXN1801,2025-06-20,4189.33,INR,PENDING
TXN1802,2025-06-23,4624.51,INR,PENDING
TXN1803,2025-06-20,3101.85,EUR,SUCCESS
TXN1804,2025-06-24,549.79,EUR,PENDING
TXN1805,2025-06-21,270.74,USD,SUCCESS
TXN1806,2025-06-25,509.39,USD,PENDING
TXN1807,2025-06-19,4528.74,EUR,PENDING
TXN1808,2025-06-22,2944.96,EUR,SUCCESS
TXN1809,2025-06-17,2107.73,INR,SUCCESS
TXN1810,2025-06-21,3079.0,INR,FAILED
TXN1811,2025-06-27,106.08,EUR,SUCCESS
TXN1812,2025-06-27,2379.72,USD,FAILED
TXN1813,2025-06-22,2462.05,INR,PENDING
TXN1814,2025-06-23,4760.03,USD,SUCCESS
TXN1815,2025-06-27,4474.3,INR,SUCCESS
TXN1816,2025-06-23,2544.13,INR,FAILED
TXN1817,2025-06-18,4497.5,INR,FAILED
TXN1818,2025-06-24,4566.93,INR,SUCCESS
TXN1819,2025-06-17,2992.83,EUR,PENDING
TXN1820,2025-06-17,2477.56,USD,PENDING
TXN1821,2025-06-26,3425.06,INR,SUCCESS
TXN1822,2025-06-22,2590.91,INR,SUCCESS
TXN1823,2025-06-17,860.42,USD,SUCCESS
TXN1824,2025-06-25,3040.4,EUR,SUCCESS
TXN1825,2025-06-20,3982.24,EUR,PENDING
TXN1826,2025-06-20,4416.12,EUR,SUCCESS
TXN1827,2025-06-21,3875.46,EUR,SUCCESS
TXN1828,2025-06-23,2829.91,EUR,FAILED
TXN1829,2025-06-20,3500.55,EUR,SUCCESS
TXN1830,2025-06-17,3507.21,INR,PENDING
TXN1831,2025-06-22,4280.95,USD,FAILED
TXN1832,2025-06-22,3981.88,USD,PENDING
TXN1833,2025-06-23,2676.39,USD,SUCCESS
TXN1834,2025-06-27,1244.06,USD,PENDING
TXN1835,2025-06-26,4128.56,EUR,PENDING
TXN1836,2025-06-21,1377.99,INR,FAILED
TXN1837,2025-06-17,3691.74,INR,PENDING
TXN1838,2025-06-27,649.35,EUR,SUCCESS
TXN1839,2025-06-27,761.88,EUR,SUCCESS
TXN1840,2025-06-25,4837.52,EUR,SUCCESS
TXN1841,2025-06-23,3099.12,INR,FAILED
TXN1842,2025-06-26,4971.02,EUR,FAILED
TXN1843,2025-06-20,2611.11,EUR,SUCCESS
TXN1844,2025-06-24,2318.86,USD,FAILED
TXN1845,2025-06-27,4308.2,EUR,SUCCESS
TXN1846,2025-06-18,4234.67,USD,SUCCESS
TXN1847,2025-06-17,4617.04,EUR,SUCCESS
TXN1848,2025-06-22,382.12,INR,FAILED
TXN1849,2025-06-20,2222.71,EUR,PENDING
TXN1850,2025-06-27,465.42,EUR,SUCCESS
TXN1851,2025-06-23,3451.23,INR,PENDING
TXN1852,2025-06-18,4994.33,EUR,PENDING
TXN1853,2025-06-18,4578.73,USD,PENDING
TXN1854,2025-06-26,4760.87,INR,PENDING
TXN1855,2025-06-20,2993.84,INR,PENDING
TXN1856,2025-06-21,2678.32,USD,SUCCESS
TXN1857,2025-06-21,794.53,EUR,SUCCESS
TXN1858,2025-06-24,1485.52,INR,PENDING
TXN1859,2025-06-22,2107.32,EUR,SUCCESS
TXN1860,2025-06-26,1837.46,EUR,FAILED
TXN1861,2025-06-23,4045.01,EUR,SUCCESS
TXN1862,2025-06-27,4927.17,INR,FAILED
TXN1863,2025-06-26,1945.72,USD,SUCCESS
TXN1864,2025-06-26,1817.24,USD,FAILED
TXN1865,2025-06-21,4451.7,USD,FAILED
TXN1866,2025-06-17,4361.95,INR,FAILED
TXN1867,2025-06-24,3008.52,INR,PENDING
TXN1868,2025-06-23,548.25,INR,PENDING
TXN1869,2025-06-22,1209.17,USD,FAILED
TXN1870,2025-06-17,3173.82,USD,SUCCESS
TXN1871,2025-06-26,4471.02,EUR,FAILED
TXN1872,2025-06-23,792.19,EUR,FAILED
TXN1873,2025-06-23,2758.63,USD,PENDING
TXN1874,2025-06-22,4397.12,INR,FAILED
TXN1875,2025-06-25,2950.87,INR,SUCCESS
TXN1876,2025-06-20,3737.02,INR,FAILED
TXN1877,2025-06-27,4859.31,EUR,FAILED
TXN1878,2025-06-27,4790.18,INR,FAILED
TXN1879,2025-06-24,3070.5,EUR,FAILED
TXN1880,2025-06-18,4197.94,USD,SUCCESS
TXN1881,2025-06-25,3432.24,USD,PENDING
TXN1882,2025-06-27,3726.32,INR,SUCCESS
TXN1883,2025-06-19,2106.92,INR,PENDING
TXN1884,2025-06-21,155.63,INR,PENDING
TXN1885,2025-06-26,2361.69,USD,PENDING
TXN1886,2025-06-18,4673.81,USD,SUCCESS
TXN1887,2025-06-17,148.52,INR,PENDING
TXN1888,2025-06-20,3801.12,EUR,FAILED
TXN1889,2025-06-25,4716.44,EUR,SUCCESS
TXN1890,2025-06-27,2906.28,USD,FAILED
TXN1891,2025-06-27,751.67,INR,PENDING
TXN1892,2025-06-20,1454.29,USD,SUCCESS
TXN1893,2025-06-24,4637.18,EUR,SUCCESS
TXN1894,2025-06-22,2633.62,USD,FAILED
TXN1895,2025-06-22,515.0,INR,PENDING
TXN1896,2025-06-21,162.37,USD,SUCCESS
TXN1897,2025-06-26,3449.95,EUR,PENDING
TXN1898,2025-06-21,1166.49,INR,PENDING
TXN1899,2025-06-24,4646.61,INR,FAILED
TXN1900,2025-06-19,3961.2,EUR,SUCCESS
TXN1901,2025-06-17,242.72,EUR,PENDING
TXN1902,2025-06-22,1388.15,USD,FAILED
TXN1903,2025-06-18,1353.27,EUR,PENDING
TXN1904,2025-06-20,994.55,INR,SUCCESS
TXN1905,2025-06-25,2599.29,EUR,FAILED
TXN1906,2025-06-24,951.84,USD,PENDING
TXN1907,2025-06-19,4009.77,EUR,FAILED
TXN1908,2025-06-19,1467.34,USD,SUCCESS
TXN1909,2025-06-22,4604.25,EUR,SUCCESS
TXN1910,2025-06-18,4490.6,USD,FAILED
TXN1911,2025-06-24,2702.43,INR,SUCCESS
TXN1912,2025-06-21,701.77,EUR,SUCCESS
TXN1913,2025-06-22,4063.11,EUR,FAILED
TXN1914,2025-06-21,4335.85,INR,PENDING
TXN1915,2025-06-22,4662.73,INR,FAILED
TXN1916,2025-06-22,1694.75,INR,FAILED
TXN1917,2025-06-18,3357.78,EUR,FAILED
TXN1918,2025-06-27,2788.48,EUR,FAILED
TXN1919,2025-06-24,834.95,USD,PENDING
TXN1920,2025-06-17,3851.71,USD,PENDING
TXN1921,2025-06-17,1096.01,USD,SUCCESS
TXN1922,2025-06-23,2406.89,EUR,FAILED
TXN1923,2025-06-24,1535.92,EUR,FAILED
TXN1924,2025-06-24,310.59,EUR,PENDING
TXN1925,2025-06-24,1356.21,EUR,PENDING
TXN1926,2025-06-27,4781.55,USD,PENDING
TXN1927,2025-06-23,1835.02,EUR,PENDING
TXN1928,2025-06-21,656.37,EUR,FAILED
TXN1929,2025-06-19,2957.07,USD,PENDING
TXN1930,2025-06-22,167.9,EUR,FAILED
TXN1931,2025-06-22,2712.54,USD,FAILED
TXN1932,2025-06-27,3877.11,USD,PENDING
TXN1933,2025-06-21,2993.86,INR,PENDING
TXN1934,2025-06-27,3105.59,INR,PENDING
TXN1935,2025-06-27,4418.83,INR,FAILED
TXN1936,2025-06-27,656.51,EUR,SUCCESS
TXN1937,2025-06-26,3189.98,INR,FAILED
TXN1938,2025-06-20,592.17,EUR,SUCCESS
TXN1939,2025-06-24,4571.15,INR,SUCCESS
TXN1940,2025-06-19,226.85,INR,PENDING
TXN1941,2025-06-25,4284.03,INR,PENDING
TXN1942,2025-06-19,1325.96,INR,FAILED
TXN1943,2025-06-23,1288.27,USD,SUCCESS
TXN1944,2025-06-25,749.48,EUR,FAILED
TXN1945,2025-06-24,3704.41,EUR,PENDING
TXN1946,2025-06-21,1400.28,EUR,FAILED
TXN1947,2025-06-19,3823.21,EUR,PENDING
TXN1948,2025-06-25,3238.29,EUR,SUCCESS
TXN1949,2025-06-24,3964.69,INR,PENDING
TXN1950,2025-06-23,1063.2,EUR,SUCCESS
TXN1951,2025-06-22,4983.0,EUR,FAILED
TXN1952,2025-06-27,2420.33,USD,PENDING
TXN1953,2025-06-17,1057.07,USD,SUCCESS
TXN1954,2025-06-27,990.47,USD,FAILED
TXN1955,2025-06-22,2166.07,INR,FAILED
TXN1956,2025-06-20,3310.71,EUR,FAILED
TXN1957,2025-06-22,2586.87,INR,SUCCESS
TXN1958,2025-06-23,4269.49,INR,PENDING
TXN1959,2025-06-19,3891.85,INR,PENDING
TXN1960,2025-06-17,4048.0,EUR,SUCCESS
TXN1961,2025-06-23,4311.84,EUR,FAILED
TXN1962,2025-06-20,1904.24,INR,FAILED
TXN1963,2025-06-23,4954.6,INR,SUCCESS
TXN1964,2025-06-26,4596.62,USD,SUCCESS
TXN1965,2025-06-27,1582.09,EUR,PENDING
TXN1966,2025-06-24,1310.94,EUR,FAILED
TXN1967,2025-06-26,3856.49,INR,PENDING
TXN1968,2025-06-22,2144.12,EUR,FAILED
TXN1969,2025-06-18,3382.92,EUR,PENDING
TXN1970,2025-06-25,1674.24,EUR,PENDING
TXN1971,2025-06-19,992.2,INR,FAILED
TXN1972,2025-06-27,4567.06,EUR,SUCCESS
TXN1973,2025-06-25,3159.44,USD,FAILED
TXN1974,2025-06-22,4257.69,EUR,FAILED
TXN1975,2025-06-21,1798.4,EUR,FAILED
TXN1976,2025-06-21,2617.62,EUR,SUCCESS
TXN1977,2025-06-17,2835.29,USD,FAILED
TXN1978,2025-06-17,1711.21,EUR,FAILED
TXN1979,2025-06-25,205.02,EUR,SUCCESS
TXN1980,2025-06-25,554.67,INR,FAILED
TXN1981,2025-06-27,2528.77,USD,PENDING
TXN1982,2025-06-27,1307.5,INR,FAILED
TXN1983,2025-06-27,2316.97,INR,SUCCESS
TXN1984,2025-06-21,3613.98,INR,SUCCESS
TXN1985,2025-06-27,887.79,INR,SUCCESS
TXN1986,2025-06-27,210.18,EUR,PENDING
TXN1987,2025-06-22,1715.35,INR,SUCCESS
TXN1988,2025-06-26,3370.49,USD,FAILED
TXN1989,2025-06-22,3557.66,INR,FAILED
TXN1990,2025-06-25,2717.02,EUR,PENDING
TXN1991,2025-06-26,3685.56,EUR,SUCCESS
TXN1992,2025-06-24,1584.83,USD,SUCCESS
TXN1993,2025-06-23,1322.07,USD,SUCCESS
TXN1994,2025-06-20,4815.46,USD,SUCCESS
TXN1995,2025-06-21,4832.28,EUR,SUCCESS
TXN1996,2025-06-25,594.57,EUR,FAILED
TXN1997,2025-06-23,3923.16,INR,PENDING
TXN1998,2025-06-18,927.15,EUR,SUCCESS
TXN1999,2025-06-23,2422.91,INR,SUCCESS
TXN2000,2025-06-27,4219.38,INR,SUCCESS
TXN2001,2025-06-27,3046.89,INR,PENDING
TXN2002,2025-06-22,4941.2,INR,FAILED
TXN2003,2025-06-21,841.57,EUR,PENDING
TXN2004,2025-06-17,1803.02,EUR,SUCCESS
TXN2005,2025-06-18,2387.97,EUR,FAILED
TXN2006,2025-06-17,4103.56,EUR,PENDING
TXN2007,2025-06-20,2552.92,INR,PENDING
TXN2008,2025-06-26,238.26,EUR,FAILED
TXN2009,2025-06-18,563.01,INR,PENDING
TXN2010,2025-06-21,3642.26,INR,PENDING
TXN2011,2025-06-27,3255.62,INR,PENDING
TXN2012,2025-06-25,2275.44,EUR,SUCCESS
TXN2013,2025-06-20,4466.16,INR,SUCCESS
TXN2014,2025-06-27,1550.83,INR,PENDING
TXN2015,2025-06-18,1700.33,USD,FAILED
TXN2016,2025-06-20,801.78,USD,SUCCESS
TXN2017,2025-06-23,1878.64,USD,FAILED
TXN2018,2025-06-24,2722.34,USD,SUCCESS
TXN2019,2025-06-22,3036.92,USD,FAILED
TXN2020,2025-06-24,3485.67,INR,FAILED
TXN2021,2025-06-22,2089.74,INR,PENDING
TXN2022,2025-06-20,2595.1,INR,PENDING
TXN2023,2025-06-17,4407.51,EUR,SUCCESS
TXN2024,2025-06-25,4166.55,USD,FAILED
TXN2025,2025-06-27,2243.05,USD,FAILED
TXN2026,2025-06-21,4032.51,INR,SUCCESS
TXN2027,2025-06-23,1848.92,EUR,PENDING
TXN2028,2025-06-23,4649.53,USD,SUCCESS
TXN2029,2025-06-22,3349.27,USD,FAILED
TXN2030,2025-06-27,4339.96,USD,SUCCESS
TXN2031,2025-06-22,4828.84,USD,PENDING
TXN2032,2025-06-24,2833.66,USD,SUCCESS
TXN2033,2025-06-18,1714.67,INR,SUCCESS
TXN2034,2025-06-22,4269.1,EUR,PENDING
TXN2035,2025-06-17,1890.68,USD,FAILED
TXN2036,2025-06-25,2032.18,USD,FAILED
TXN2037,2025-06-22,3500.83,USD,FAILED
TXN2038,2025-06-17,910.32,USD,FAILED
TXN2039,2025-06-19,934.76,INR,FAILED
TXN2040,2025-06-19,2305.99,INR,FAILED
TXN2041,2025-06-25,2957.45,USD,FAILED
TXN2042,2025-06-23,819.12,USD,FAILED
TXN2043,2025-06-27,742.24,INR,PENDING
TXN2044,2025-06-19,4471.56,INR,FAILED
TXN2045,2025-06-26,4462.3,EUR,SUCCESS
TXN2046,2025-06-21,1267.63,INR,FAILED
TXN2047,2025-06-20,3102.46,USD,SUCCESS
TXN2048,2025-06-20,2814.51,INR,PENDING
TXN2049,2025-06-24,4839.76,EUR,FAILED
TXN2050,2025-06-23,4413.8,INR,SUCCESS
TXN2051,2025-06-27,3074.73,INR,FAILED
TXN2052,2025-06-17,2693.63,EUR,PENDING
TXN2053,2025-06-22,2922.73,USD,PENDING
TXN2054,2025-06-18,3769.35,EUR,SUCCESS
TXN2055,2025-06-20,1518.39,INR,PENDING
TXN2056,2025-06-22,1659.93,INR,SUCCESS
TXN2057,2025-06-21,3065.08,INR,FAILED
TXN2058,2025-06-26,3446.1,EUR,FAILED
TXN2059,2025-06-17,1834.02,INR,FAILED
TXN2060,2025-06-20,1354.2,INR,FAILED
TXN2061,2025-06-19,489.05,EUR,PENDING
TXN2062,2025-06-20,761.59,EUR,PENDING
TXN2063,2025-06-18,226.9,INR,PENDING
TXN2064,2025-06-20,4990.92,INR,FAILED
TXN2065,2025-06-24,1166.8,EUR,FAILED
TXN2066,2025-06-23,3086.16,EUR,SUCCESS
TXN2067,2025-06-18,2630.08,INR,PENDING
TXN2068,2025-06-23,786.3,INR,PENDING
TXN2069,2025-06-23,1294.45,USD,FAILED
TXN2070,2025-06-20,587.41,EUR,SUCCESS
TXN2071,2025-06-25,2925.59,EUR,PENDING
TXN2072,2025-06-17,559.82,EUR,SUCCESS
TXN2073,2025-06-21,2544.05,EUR,SUCCESS
TXN2074,2025-06-25,2135.48,USD,PENDING
TXN2075,2025-06-26,4266.5,USD,PENDING
TXN2076,2025-06-20,4110.03,EUR,FAILED
TXN2077,2025-06-23,2276.12,EUR,FAILED
TXN2078,2025-06-22,3368.05,USD,FAILED
TXN2079,2025-06-18,2341.66,EUR,PENDING
TXN2080,2025-06-17,3144.83,USD,SUCCESS
TXN2081,2025-06-20,3905.82,INR,SUCCESS
TXN2082,2025-06-24,638.97,INR,SUCCESS
TXN2083,2025-06-22,2354.21,USD,FAILED
TXN2084,2025-06-17,660.2,INR,SUCCESS
TXN2085,2025-06-22,3591.68,EUR,PENDING
TXN2086,2025-06-17,2042.7,EUR,SUCCESS
TXN2087,2025-06-22,4410.64,INR,FAILED
TXN2088,2025-06-23,277.36,EUR,PENDING
TXN2089,2025-06-22,3349.34,EUR,FAILED
TXN2090,2025-06-26,4572.88,USD,PENDING
TXN2091,2025-06-25,4757.41,INR,SUCCESS
TXN2092,2025-06-24,1808.58,USD,SUCCESS
TXN2093,2025-06-25,4198.25,USD,SUCCESS
TXN2094,2025-06-27,2625.45,EUR,SUCCESS
TXN2095,2025-06-26,1718.44,USD,FAILED
TXN2096,2025-06-20,2829.04,EUR,PENDING
TXN2097,2025-06-19,841.61,INR,FAILED
TXN2098,2025-06-27,3649.04,EUR,PENDING
TXN2099,2025-06-23,3672.84,USD,PENDING
TXN2100,2025-06-21,4317.03,INR,SUCCESS
TXN2101,2025-06-17,3005.93,INR,SUCCESS
TXN2102,2025-06-17,969.79,USD,FAILED
TXN2103,2025-06-20,2430.29,INR,PENDING
TXN2104,2025-06-25,2450.09,EUR,PENDING
TXN2105,2025-06-26,2706.83,EUR,PENDING
TXN2106,2025-06-20,2073.33,USD,FAILED
TXN2107,2025-06-26,4376.48,USD,SUCCESS
TXN2108,2025-06-19,3260.73,EUR,FAILED
TXN2109,2025-06-19,3493.06,INR,SUCCESS
TXN2110,2025-06-23,3787.15,INR,FAILED
TXN2111,2025-06-18,4854.51,INR,FAILED
TXN2112,2025-06-18,747.19,EUR,SUCCESS
TXN2113,2025-06-25,4148.37,EUR,SUCCESS
TXN2114,2025-06-20,718.84,EUR,SUCCESS
TXN2115,2025-06-26,2709.63,INR,PENDING
TXN2116,2025-06-20,631.93,USD,SUCCESS
TXN2117,2025-06-21,946.89,USD,FAILED
TXN2118,2025-06-23,2842.69,INR,PENDING
TXN2119,2025-06-20,396.35,EUR,FAILED
TXN2120,2025-06-27,3767.08,USD,SUCCESS
TXN2121,2025-06-26,800.28,USD,SUCCESS
TXN2122,2025-06-25,3957.69,USD,PENDING
TXN2123,2025-06-21,1578.37,EUR,PENDING
TXN2124,2025-06-21,906.37,USD,FAILED
TXN2125,2025-06-17,1754.55,INR,FAILED
TXN2126,2025-06-22,2654.81,INR,FAILED
TXN2127,2025-06-19,2336.7,EUR,FAILED
TXN2128,2025-06-23,774.86,USD,FAILED
TXN2129,2025-06-22,4249.59,INR,PENDING
TXN2130,2025-06-27,214.74,INR,PENDING
TXN2131,2025-06-19,1740.55,INR,PENDING
TXN2132,2025-06-18,2841.6,INR,SUCCESS
TXN2133,2025-06-25,2920.04,USD,FAILED
TXN2134,2025-06-17,2048.43,INR,SUCCESS
TXN2135,2025-06-17,2049.3,INR,PENDING
TXN2136,2025-06-17,101.2,EUR,PENDING
TXN2137,2025-06-25,626.83,USD,FAILED
TXN2138,2025-06-24,3541.87,EUR,FAILED
TXN2139,2025-06-21,183.45,INR,SUCCESS
TXN2140,2025-06-25,1347.99,EUR,SUCCESS
TXN2141,2025-06-17,1553.51,USD,SUCCESS
TXN2142,2025-06-23,1207.51,EUR,FAILED
TXN2143,2025-06-26,4010.9,EUR,PENDING
TXN2144,2025-06-26,4209.11,USD,SUCCESS
TXN2145,2025-06-23,4977.74,USD,SUCCESS
TXN2146,2025-06-22,4192.1,INR,FAILED
TXN2147,2025-06-23,3336.05,USD,PENDING
TXN2148,2025-06-23,4317.23,EUR,SUCCESS
TXN2149,2025-06-19,3289.33,USD,SUCCESS
TXN2150,2025-06-17,186.08,EUR,PENDING
TXN2151,2025-06-25,2750.78,EUR,FAILED
TXN2152,2025-06-27,4460.61,EUR,SUCCESS
TXN2153,2025-06-23,4618.93,EUR,PENDING
TXN2154,2025-06-26,3775.42,INR,SUCCESS
TXN2155,2025-06-19,1489.67,USD,SUCCESS
TXN2156,2025-06-24,368.58,INR,SUCCESS
TXN2157,2025-06-17,1920.09,INR,SUCCESS
TXN2158,2025-06-25,3931.63,INR,SUCCESS
TXN2159,2025-06-19,4164.85,USD,FAILED
TXN2160,2025-06-24,459.43,USD,SUCCESS
TXN2161,2025-06-26,2937.59,INR,SUCCESS
TXN2162,2025-06-19,1251.44,INR,SUCCESS
TXN2163,2025-06-26,2034.03,USD,FAILED
TXN2164,2025-06-24,848.1,INR,SUCCESS
TXN2165,2025-06-19,106.76,EUR,SUCCESS
TXN2166,2025-06-17,2588.13,INR,SUCCESS
TXN2167,2025-06-18,2095.73,USD,SUCCESS
TXN2168,2025-06-23,2052.88,INR,SUCCESS
TXN2169,2025-06-19,135.99,USD,SUCCESS
TXN2170,2025-06-17,1903.67,EUR,FAILED
TXN2171,2025-06-18,293.26,EUR,FAILED
TXN2172,2025-06-17,1350.24,EUR,SUCCESS
TXN2173,2025-06-18,350.62,EUR,SUCCESS
TXN2174,2025-06-25,4261.59,USD,SUCCESS
TXN2175,2025-06-17,1803.27,EUR,FAILED
TXN2176,2025-06-22,4311.8,USD,SUCCESS
TXN2177,2025-06-20,4343.3,USD,SUCCESS
TXN2178,2025-06-22,2614.29,INR,PENDING
TXN2179,2025-06-22,1138.66,INR,FAILED
TXN2180,2025-06-25,4463.02,EUR,PENDING
TXN2181,2025-06-26,3684.9,EUR,FAILED
TXN2182,2025-06-27,1586.26,INR,PENDING
TXN2183,2025-06-26,121.92,INR,SUCCESS
TXN2184,2025-06-26,4631.37,USD,SUCCESS
TXN2185,2025-06-18,2967.08,EUR,FAILED
TXN2186,2025-06-22,3404.91,EUR,SUCCESS
TXN2187,2025-06-17,3258.47,INR,PENDING
TXN2188,2025-06-23,2484.45,EUR,SUCCESS
TXN2189,2025-06-26,3358.06,INR,PENDING
TXN2190,2025-06-23,2608.72,USD,PENDING
TXN2191,2025-06-19,2315.34,EUR,FAILED
TXN2192,2025-06-24,1689.34,INR,FAILED
TXN2193,2025-06-17,721.85,EUR,FAILED
TXN2194,2025-06-22,115.67,USD,FAILED
TXN2195,2025-06-25,2783.74,EUR,SUCCESS
TXN2196,2025-06-23,106.43,EUR,SUCCESS
TXN2197,2025-06-27,2237.42,USD,PENDING
TXN2198,2025-06-23,2679.33,EUR,PENDING
TXN2199,2025-06-27,3135.17,INR,PENDING
TXN2200,2025-06-18,473.24,USD,FAILED
TXN2201,2025-06-22,4284.29,INR,SUCCESS
TXN2202,2025-06-25,2213.06,EUR,SUCCESS
TXN2203,2025-06-24,3358.13,USD,PENDING
TXN2204,2025-06-24,2673.45,EUR,SUCCESS
TXN2205,2025-06-18,4884.61,USD,FAILED
TXN2206,2025-06-24,2073.56,INR,PENDING
TXN2207,2025-06-19,915.33,USD,PENDING
TXN2208,2025-06-17,2882.0,EUR,SUCCESS
TXN2209,2025-06-22,2297.93,INR,SUCCESS
TXN2210,2025-06-19,3357.52,EUR,PENDING
TXN2211,2025-06-20,3134.24,USD,PENDING
TXN2212,2025-06-25,1378.58,USD,PENDING
TXN2213,2025-06-22,3516.4,EUR,SUCCESS
TXN2214,2025-06-23,4352.89,INR,PENDING
TXN2215,2025-06-25,4704.98,EUR,FAILED
TXN2216,2025-06-23,102.97,USD,FAILED
TXN2217,2025-06-17,2954.85,USD,FAILED
TXN2218,2025-06-18,4278.02,INR,SUCCESS
TXN2219,2025-06-17,2289.06,INR,SUCCESS
TXN2220,2025-06-22,432.54,INR,SUCCESS
TXN2221,2025-06-19,3354.5,INR,FAILED
TXN2222,2025-06-24,329.09,INR,SUCCESS
TXN2223,2025-06-22,3074.26,USD,SUCCESS
TXN2224,2025-06-26,3303.19,INR,PENDING
TXN2225,2025-06-20,3720.66,USD,PENDING
TXN2226,2025-06-22,656.57,INR,PENDING
TXN2227,2025-06-25,3979.1,USD,SUCCESS
TXN2228,2025-06-27,947.69,USD,FAILED
TXN2229,2025-06-27,4132.09,USD,PENDING
TXN2230,2025-06-24,2152.13,EUR,FAILED
TXN2231,2025-06-24,3478.26,INR,SUCCESS
TXN2232,2025-06-17,3852.22,USD,SUCCESS
TXN2233,2025-06-17,1921.21,INR,PENDING
TXN2234,2025-06-18,969.35,INR,FAILED
TXN2235,2025-06-20,4881.37,EUR,PENDING
TXN2236,2025-06-17,537.78,USD,FAILED
TXN2237,2025-06-24,4724.72,INR,SUCCESS
TXN2238,2025-06-26,774.77,USD,PENDING
TXN2239,2025-06-26,2076.29,USD,PENDING
TXN2240,2025-06-25,3833.53,USD,FAILED
TXN2241,2025-06-23,3463.19,INR,FAILED
TXN2242,2025-06-23,4016.64,EUR,PENDING
TXN2243,2025-06-21,3759.68,EUR,PENDING
TXN2244,2025-06-21,260.66,EUR,SUCCESS
TXN2245,2025-06-24,2080.7,USD,SUCCESS
TXN2246,2025-06-26,2043.51,INR,PENDING
TXN2247,2025-06-18,2415.22,EUR,FAILED
TXN2248,2025-06-20,2819.59,EUR,FAILED
TXN2249,2025-06-18,2745.57,EUR,PENDING
TXN2250,2025-06-24,797.36,EUR,FAILED
TXN2251,2025-06-21,239.36,EUR,PENDING
TXN2252,2025-06-24,896.41,USD,SUCCESS
TXN2253,2025-06-26,4370.03,USD,SUCCESS
TXN2254,2025-06-26,1854.92,INR,FAILED
TXN2255,2025-06-17,2096.36,INR,PENDING
TXN2256,2025-06-19,4224.56,INR,SUCCESS
TXN2257,2025-06-21,4697.57,INR,SUCCESS
TXN2258,2025-06-23,4367.4,EUR,SUCCESS
TXN2259,2025-06-22,1978.86,USD,FAILED
TXN2260,2025-06-19,4883.55,EUR,PENDING
TXN2261,2025-06-20,4935.07,USD,SUCCESS
TXN2262,2025-06-22,1656.36,USD,PENDING
TXN2263,2025-06-18,3990.24,INR,FAILED
TXN2264,2025-06-23,1444.44,EUR,PENDING
TXN2265,2025-06-27,4562.0,EUR,FAILED
TXN2266,2025-06-25,4962.08,USD,FAILED
TXN2267,2025-06-19,1989.44,INR,SUCCESS
TXN2268,2025-06-27,123.23,USD,PENDING
TXN2269,2025-06-20,4249.01,EUR,SUCCESS
TXN2270,2025-06-21,4169.21,INR,SUCCESS
TXN2271,2025-06-23,2417.67,USD,SUCCESS
TXN2272,2025-06-19,2261.29,EUR,PENDING
TXN2273,2025-06-25,4820.95,INR,SUCCESS
TXN2274,2025-06-17,866.71,EUR,PENDING
TXN2275,2025-06-26,2823.13,INR,SUCCESS
TXN2276,2025-06-18,306.15,USD,PENDING
TXN2277,2025-06-27,2512.25,INR,FAILED
TXN2278,2025-06-19,3584.43,USD,SUCCESS
TXN2279,2025-06-27,435.83,EUR,FAILED
TXN2280,2025-06-21,535.95,EUR,FAILED
TXN2281,2025-06-21,3314.46,EUR,SUCCESS
TXN2282,2025-06-18,2508.84,USD,FAILED
TXN2283,2025-06-21,2343.39,INR,SUCCESS
TXN2284,2025-06-26,2961.54,EUR,FAILED
TXN2285,2025-06-20,358.38,USD,SUCCESS
TXN2286,2025-06-23,3058.59,INR,SUCCESS
TXN2287,2025-06-26,569.26,EUR,SUCCESS
TXN2288,2025-06-21,824.35,EUR,PENDING
TXN2289,2025-06-18,4231.01,EUR,SUCCESS
TXN2290,2025-06-17,3115.34,EUR,FAILED
TXN2291,2025-06-18,543.94,USD,PENDING
TXN2292,2025-06-17,1974.13,INR,SUCCESS
TXN2293,2025-06-24,3429.04,USD,PENDING
TXN2294,2025-06-17,2998.07,INR,FAILED
TXN2295,2025-06-21,1760.56,USD,SUCCESS
TXN2296,2025-06-17,1726.16,EUR,PENDING
TXN2297,2025-06-17,4446.89,EUR,SUCCESS
TXN2298,2025-06-24,4692.29,INR,PENDING
TXN2299,2025-06-21,2182.75,USD,FAILED
TXN2300,2025-06-26,602.33,INR,SUCCESS
TXN2301,2025-06-22,1702.98,INR,SUCCESS
TXN2302,2025-06-19,4892.71,INR,SUCCESS
TXN2303,2025-06-25,4146.06,EUR,PENDING
TXN2304,2025-06-21,4452.01,INR,FAILED
TXN2305,2025-06-26,1745.46,EUR,SUCCESS
TXN2306,2025-06-21,538.12,INR,FAILED
TXN2307,2025-06-22,1444.08,INR,PENDING
TXN2308,2025-06-17,436.78,USD,PENDING
TXN2309,2025-06-21,3760.62,EUR,SUCCESS
TXN2310,2025-06-22,127.38,EUR,PENDING
TXN2311,2025-06-18,3504.67,EUR,SUCCESS
TXN2312,2025-06-23,3744.45,INR,SUCCESS
TXN2313,2025-06-22,2010.46,USD,SUCCESS
TXN2314,2025-06-26,171.02,EUR,SUCCESS
TXN2315,2025-06-27,372.42,EUR,SUCCESS
TXN2316,2025-06-17,485.25,USD,FAILED
TXN2317,2025-06-20,4209.29,INR,SUCCESS
TXN2318,2025-06-18,2908.15,INR,PENDING
TXN2319,2025-06-25,4907.76,EUR,FAILED
TXN2320,2025-06-22,1764.23,EUR,PENDING
TXN2321,2025-06-19,1564.47,EUR,FAILED
TXN2322,2025-06-17,1023.6,INR,FAILED
TXN2323,2025-06-25,1244.61,USD,PENDING
TXN2324,2025-06-22,3236.89,USD,PENDING
TXN2325,2025-06-22,1141.21,INR,FAILED
TXN2326,2025-06-17,2633.19,USD,PENDING
TXN2327,2025-06-27,4580.03,INR,SUCCESS
TXN2328,2025-06-18,2888.49,USD,SUCCESS
TXN2329,2025-06-19,2797.61,USD,SUCCESS
TXN2330,2025-06-24,3077.55,USD,PENDING
TXN2331,2025-06-20,4359.93,USD,FAILED
TXN2332,2025-06-24,387.47,INR,PENDING
TXN2333,2025-06-19,2856.55,USD,SUCCESS
TXN2334,2025-06-19,146.35,INR,FAILED
TXN2335,2025-06-24,2461.96,INR,SUCCESS
TXN2336,2025-06-19,1598.24,INR,SUCCESS
TXN2337,2025-06-17,1028.33,EUR,PENDING
TXN2338,2025-06-20,3439.66,EUR,PENDING
TXN2339,2025-06-25,2787.33,INR,SUCCESS
TXN2340,2025-06-24,2948.6,EUR,SUCCESS
TXN2341,2025-06-27,888.02,INR,PENDING
TXN2342,2025-06-20,1196.9,EUR,FAILED
TXN2343,2025-06-22,3028.79,USD,PENDING
TXN2344,2025-06-18,4368.07,EUR,PENDING
TXN2345,2025-06-20,2886.27,INR,PENDING
TXN2346,2025-06-26,3646.74,EUR,SUCCESS
TXN2347,2025-06-26,4844.38,INR,PENDING
TXN2348,2025-06-23,3995.22,EUR,SUCCESS
TXN2349,2025-06-19,2841.92,USD,SUCCESS
TXN2350,2025-06-17,4347.28,INR,PENDING
TXN2351,2025-06-19,703.57,INR,PENDING
TXN2352,2025-06-17,2680.52,EUR,SUCCESS
TXN2353,2025-06-24,234.41,EUR,FAILED
TXN2354,2025-06-27,2064.77,EUR,FAILED
TXN2355,2025-06-26,4684.62,USD,FAILED
TXN2356,2025-06-25,1610.11,EUR,PENDING
TXN2357,2025-06-20,1541.71,INR,FAILED
TXN2358,2025-06-27,3929.69,EUR,PENDING
TXN2359,2025-06-26,888.6,INR,PENDING
TXN2360,2025-06-19,1161.13,INR,FAILED
TXN2361,2025-06-27,1354.56,INR,FAILED
TXN2362,2025-06-21,548.66,USD,FAILED
TXN2363,2025-06-23,1037.4,INR,FAILED
TXN2364,2025-06-17,1886.98,EUR,PENDING
TXN2365,2025-06-25,4942.83,INR,PENDING
TXN2366,2025-06-26,4825.62,EUR,FAILED
TXN2367,2025-06-25,4878.14,EUR,PENDING
TXN2368,2025-06-21,2156.99,USD,FAILED
TXN2369,2025-06-22,4171.48,INR,PENDING
TXN2370,2025-06-17,3075.55,EUR,SUCCESS
TXN2371,2025-06-17,2317.91,EUR,PENDING
TXN2372,2025-06-17,2678.72,EUR,PENDING
TXN2373,2025-06-21,4154.82,EUR,PENDING
TXN2374,2025-06-27,2229.83,INR,FAILED
TXN2375,2025-06-22,2170.38,EUR,SUCCESS
TXN2376,2025-06-17,1221.48,USD,FAILED
TXN2377,2025-06-17,2659.97,EUR,SUCCESS
TXN2378,2025-06-17,3973.98,USD,PENDING
TXN2379,2025-06-23,1129.45,EUR,SUCCESS
TXN2380,2025-06-23,2503.09,USD,FAILED
TXN2381,2025-06-18,4441.84,EUR,PENDING
TXN2382,2025-06-18,1088.25,USD,PENDING
TXN2383,2025-06-27,2302.15,USD,SUCCESS
TXN2384,2025-06-26,4173.49,USD,FAILED
TXN2385,2025-06-20,3384.27,USD,FAILED
TXN2386,2025-06-27,1898.03,USD,SUCCESS
TXN2387,2025-06-18,738.24,INR,FAILED
TXN2388,2025-06-27,4142.18,INR,FAILED
TXN2389,2025-06-20,2432.05,USD,FAILED
TXN2390,2025-06-19,3801.63,INR,PENDING
TXN2391,2025-06-26,657.5,USD,PENDING
TXN2392,2025-06-27,2814.36,EUR,SUCCESS
TXN2393,2025-06-18,1430.08,EUR,SUCCESS
TXN2394,2025-06-22,419.31,INR,SUCCESS
TXN2395,2025-06-23,2441.2,USD,PENDING
TXN2396,2025-06-24,705.62,USD,SUCCESS
TXN2397,2025-06-17,4380.33,EUR,FAILED
TXN2398,2025-06-18,1494.36,USD,FAILED
TXN2399,2025-06-18,4963.79,EUR,SUCCESS
TXN2400,2025-06-20,3166.81,INR,FAILED
TXN2401,2025-06-17,214.56,USD,PENDING
TXN2402,2025-06-21,977.19,USD,FAILED
TXN2403,2025-06-18,1313.69,EUR,PENDING
TXN2404,2025-06-17,4389.5,INR,PENDING
TXN2405,2025-06-22,1389.0,INR,PENDING
TXN2406,2025-06-19,4686.38,USD,PENDING
TXN2407,2025-06-17,2918.89,USD,SUCCESS
TXN2408,2025-06-26,4817.91,EUR,SUCCESS
TXN2409,2025-06-23,4874.91,INR,SUCCESS
TXN2410,2025-06-21,2894.05,INR,SUCCESS
TXN2411,2025-06-22,3308.65,EUR,FAILED
TXN2412,2025-06-20,736.0,EUR,SUCCESS
TXN2413,2025-06-24,4305.07,INR,SUCCESS
TXN2414,2025-06-25,2682.61,USD,FAILED
TXN2415,2025-06-22,2945.42,INR,SUCCESS
TXN2416,2025-06-20,520.44,USD,PENDING
TXN2417,2025-06-26,356.55,INR,PENDING
TXN2418,2025-06-20,659.08,INR,PENDING
TXN2419,2025-06-17,4171.29,INR,PENDING
TXN2420,2025-06-27,1946.93,USD,SUCCESS
TXN2421,2025-06-25,3249.23,INR,SUCCESS
TXN2422,2025-06-25,4664.2,INR,SUCCESS
TXN2423,2025-06-26,2007.59,USD,SUCCESS
TXN2424,2025-06-21,295.54,USD,FAILED
TXN2425,2025-06-21,2364.22,USD,FAILED
TXN2426,2025-06-27,353.19,INR,FAILED
TXN2427,2025-06-22,2153.16,EUR,SUCCESS
TXN2428,2025-06-25,4050.0,INR,FAILED
TXN2429,2025-06-25,2706.56,USD,PENDING
TXN2430,2025-06-22,4547.21,USD,PENDING
TXN2431,2025-06-19,2713.35,USD,PENDING
TXN2432,2025-06-24,3000.77,USD,SUCCESS
TXN2433,2025-06-24,4995.28,INR,SUCCESS
TXN2434,2025-06-17,2395.38,INR,FAILED
TXN2435,2025-06-23,510.31,USD,PENDING
TXN2436,2025-06-17,1822.05,EUR,PENDING
TXN2437,2025-06-17,305.0,EUR,FAILED
TXN2438,2025-06-20,1206.1,USD,FAILED
TXN2439,2025-06-25,2500.52,EUR,PENDING
TXN2440,2025-06-26,4165.74,EUR,SUCCESS
TXN2441,2025-06-26,2285.11,INR,SUCCESS
TXN2442,2025-06-19,3230.1,INR,PENDING
TXN2443,2025-06-23,651.04,EUR,SUCCESS
TXN2444,2025-06-27,1187.18,USD,PENDING
TXN2445,2025-06-21,3317.74,INR,PENDING
TXN2446,2025-06-19,1518.67,USD,PENDING
TXN2447,2025-06-24,1245.35,INR,SUCCESS
TXN2448,2025-06-25,4334.54,USD,SUCCESS
TXN2449,2025-06-22,2641.52,EUR,SUCCESS
TXN2450,2025-06-18,448.8,USD,FAILED
TXN2451,2025-06-25,772.39,USD,FAILED
TXN2452,2025-06-22,4150.83,EUR,PENDING
TXN2453,2025-06-24,2736.44,USD,SUCCESS
TXN2454,2025-06-21,3581.26,EUR,SUCCESS
TXN2455,2025-06-19,1829.71,INR,SUCCESS
TXN2456,2025-06-19,2191.51,USD,PENDING
TXN2457,2025-06-23,184.32,EUR,SUCCESS
TXN2458,2025-06-27,3979.55,INR,PENDING
TXN2459,2025-06-24,1287.03,USD,SUCCESS
TXN2460,2025-06-20,1411.49,INR,SUCCESS
TXN2461,2025-06-27,733.58,INR,SUCCESS
TXN2462,2025-06-23,486.29,INR,PENDING
TXN2463,2025-06-27,281.98,INR,FAILED
TXN2464,2025-06-19,2480.13,USD,SUCCESS
TXN2465,2025-06-22,1688.11,INR,PENDING
TXN2466,2025-06-19,1014.29,USD,SUCCESS
TXN2467,2025-06-26,433.04,USD,SUCCESS
TXN2468,2025-06-22,4903.64,EUR,SUCCESS
TXN2469,2025-06-22,422.88,EUR,PENDING
TXN2470,2025-06-27,1193.27,EUR,PENDING
TXN2471,2025-06-17,2705.55,USD,SUCCESS
TXN2472,2025-06-22,4519.41,INR,SUCCESS
TXN2473,2025-06-24,2894.75,EUR,SUCCESS
TXN2474,2025-06-27,3003.33,INR,FAILED
TXN2475,2025-06-23,3176.78,INR,FAILED
TXN2476,2025-06-22,2531.51,INR,FAILED
TXN2477,2025-06-27,635.68,EUR,FAILED
TXN2478,2025-06-27,1707.31,USD,FAILED
TXN2479,2025-06-17,1875.64,INR,FAILED
TXN2480,2025-06-19,2856.35,USD,PENDING
TXN2481,2025-06-25,4059.87,USD,SUCCESS
TXN2482,2025-06-18,2693.03,INR,PENDING
TXN2483,2025-06-22,2290.32,USD,PENDING
TXN2484,2025-06-25,309.94,INR,FAILED
TXN2485,2025-06-25,2023.66,USD,SUCCESS
TXN2486,2025-06-17,4417.88,EUR,SUCCESS
TXN2487,2025-06-25,653.1,USD,PENDING
TXN2488,2025-06-19,3784.64,USD,FAILED
TXN2489,2025-06-17,1516.21,USD,SUCCESS
TXN2490,2025-06-18,1056.36,USD,PENDING
TXN2491,2025-06-20,3426.48,INR,SUCCESS
TXN2492,2025-06-18,3269.29,USD,SUCCESS
TXN2493,2025-06-26,4761.53,EUR,FAILED
TXN2494,2025-06-18,4641.97,INR,PENDING
TXN2495,2025-06-24,4443.15,INR,PENDING
TXN2496,2025-06-25,1560.32,EUR,PENDING
TXN2497,2025-06-23,911.87,USD,SUCCESS
TXN2498,2025-06-24,1939.35,INR,PENDING
TXN2499,2025-06-19,3642.28,EUR,FAILED
TXN2500,2025-06-21,3825.3,INR,FAILED
TXN2501,2025-06-18,997.79,USD,SUCCESS
TXN2502,2025-06-19,3195.26,EUR,SUCCESS
TXN2503,2025-06-26,3554.03,USD,PENDING
TXN2504,2025-06-18,1792.3,EUR,PENDING
TXN2505,2025-06-22,3392.52,EUR,PENDING
TXN2506,2025-06-25,2321.83,INR,PENDING
TXN2507,2025-06-17,1229.12,USD,PENDING
TXN2508,2025-06-21,2619.67,EUR,FAILED
TXN2509,2025-06-23,229.5,EUR,SUCCESS
TXN2510,2025-06-24,2925.16,INR,FAILED
TXN2511,2025-06-24,3696.97,USD,FAILED
TXN2512,2025-06-19,3699.53,EUR,FAILED
TXN2513,2025-06-22,371.68,EUR,SUCCESS
TXN2514,2025-06-23,2768.74,USD,PENDING
TXN2515,2025-06-27,2288.95,EUR,SUCCESS
TXN2516,2025-06-17,1013.95,USD,FAILED
TXN2517,2025-06-24,3203.39,INR,PENDING
TXN2518,2025-06-27,3935.16,USD,FAILED
TXN2519,2025-06-21,4475.46,USD,SUCCESS
TXN2520,2025-06-26,1523.55,USD,PENDING
TXN2521,2025-06-26,2769.83,USD,SUCCESS
TXN2522,2025-06-25,898.16,INR,PENDING
TXN2523,2025-06-20,2647.92,EUR,SUCCESS
TXN2524,2025-06-17,4795.33,INR,SUCCESS
TXN2525,2025-06-23,4522.07,INR,FAILED
TXN2526,2025-06-21,590.94,INR,SUCCESS
TXN2527,2025-06-19,3794.74,USD,PENDING
TXN2528,2025-06-20,4687.49,EUR,PENDING
TXN2529,2025-06-25,4990.03,EUR,SUCCESS
TXN2530,2025-06-24,3767.44,USD,PENDING
TXN2531,2025-06-21,2969.17,INR,PENDING
TXN2532,2025-06-22,869.6,EUR,SUCCESS
TXN2533,2025-06-27,750.43,USD,SUCCESS
TXN2534,2025-06-24,737.21,INR,FAILED
TXN2535,2025-06-18,1440.62,INR,PENDING
TXN2536,2025-06-25,1431.05,EUR,PENDING
TXN2537,2025-06-26,244.43,USD,PENDING
TXN2538,2025-06-24,1647.31,USD,PENDING
TXN2539,2025-06-23,4682.41,USD,FAILED
TXN2540,2025-06-27,1443.63,INR,FAILED
TXN2541,2025-06-25,1549.29,EUR,FAILED
TXN2542,2025-06-21,3595.52,EUR,PENDING
TXN2543,2025-06-19,191.04,USD,PENDING
TXN2544,2025-06-24,3080.24,INR,SUCCESS
TXN2545,2025-06-20,1469.68,INR,PENDING
TXN2546,2025-06-22,1101.51,USD,PENDING
TXN2547,2025-06-19,3385.07,INR,FAILED
TXN2548,2025-06-27,4874.88,INR,PENDING
TXN2549,2025-06-18,3028.8,INR,FAILED
TXN2550,2025-06-26,4350.46,EUR,SUCCESS
TXN2551,2025-06-18,1810.9,EUR,FAILED
TXN2552,2025-06-22,1344.29,USD,FAILED
TXN2553,2025-06-23,4710.52,USD,FAILED
TXN2554,2025-06-17,302.84,EUR,SUCCESS
TXN2555,2025-06-19,3385.46,USD,PENDING
TXN2556,2025-06-26,2953.44,USD,PENDING
TXN2557,2025-06-24,3125.35,EUR,SUCCESS
TXN2558,2025-06-24,2026.34,USD,SUCCESS
TXN2559,2025-06-21,3300.07,USD,SUCCESS
TXN2560,2025-06-25,1806.25,USD,PENDING
TXN2561,2025-06-19,4101.83,USD,FAILED
TXN2562,2025-06-25,2605.83,INR,FAILED
TXN2563,2025-06-24,2693.3,USD,SUCCESS
TXN2564,2025-06-20,4746.05,USD,PENDING
TXN2565,2025-06-23,4135.43,INR,FAILED
TXN2566,2025-06-24,1803.75,EUR,FAILED
TXN2567,2025-06-17,1413.51,USD,FAILED
TXN2568,2025-06-18,2368.13,EUR,PENDING
TXN2569,2025-06-20,3781.9,INR,FAILED
TXN2570,2025-06-23,2287.89,INR,PENDING
TXN2571,2025-06-26,256.88,EUR,SUCCESS
TXN2572,2025-06-17,2137.19,EUR,SUCCESS
TXN2573,2025-06-20,3417.92,USD,PENDING
TXN2574,2025-06-17,2462.93,INR,PENDING
TXN2575,2025-06-17,1595.6,INR,PENDING
TXN2576,2025-06-19,1051.73,EUR,SUCCESS
TXN2577,2025-06-19,2705.39,USD,PENDING
TXN2578,2025-06-18,4167.98,EUR,FAILED
TXN2579,2025-06-21,3649.16,USD,SUCCESS
TXN2580,2025-06-24,4088.16,EUR,FAILED
TXN2581,2025-06-24,454.9,INR,PENDING
TXN2582,2025-06-20,3549.8,EUR,PENDING
TXN2583,2025-06-27,2557.36,USD,FAILED
TXN2584,2025-06-18,3644.05,EUR,SUCCESS
TXN2585,2025-06-23,4523.94,EUR,FAILED
TXN2586,2025-06-21,4667.14,USD,PENDING
TXN2587,2025-06-24,1350.28,EUR,PENDING
TXN2588,2025-06-19,831.87,INR,PENDING
TXN2589,2025-06-26,3671.98,EUR,FAILED
TXN2590,2025-06-20,1245.9,USD,FAILED
TXN2591,2025-06-22,1948.07,INR,PENDING
TXN2592,2025-06-20,2132.87,USD,SUCCESS
TXN2593,2025-06-23,4977.16,EUR,PENDING
TXN2594,2025-06-23,3807.8,EUR,SUCCESS
TXN2595,2025-06-22,3955.68,INR,PENDING
TXN2596,2025-06-23,1200.24,INR,FAILED
TXN2597,2025-06-20,2715.48,EUR,PENDING
TXN2598,2025-06-25,3371.05,INR,PENDING
TXN2599,2025-06-17,1725.89,EUR,FAILED
TXN2600,2025-06-19,2687.92,EUR,FAILED
TXN2601,2025-06-18,406.78,INR,PENDING
TXN2602,2025-06-27,1381.68,USD,SUCCESS
TXN2603,2025-06-24,2840.99,EUR,FAILED
TXN2604,2025-06-20,4639.7,INR,PENDING
TXN2605,2025-06-17,4837.55,USD,SUCCESS
TXN2606,2025-06-20,3808.61,INR,FAILED
TXN2607,2025-06-17,4072.58,EUR,FAILED
TXN2608,2025-06-21,134.13,INR,FAILED
TXN2609,2025-06-19,1196.58,USD,SUCCESS
TXN2610,2025-06-23,1342.55,INR,SUCCESS
TXN2611,2025-06-23,4582.03,USD,FAILED
TXN2612,2025-06-21,2368.9,USD,PENDING
TXN2613,2025-06-23,1947.47,USD,SUCCESS
TXN2614,2025-06-21,4617.38,EUR,SUCCESS
TXN2615,2025-06-23,3801.16,INR,PENDING
TXN2616,2025-06-26,2092.67,USD,PENDING
TXN2617,2025-06-26,3491.21,EUR,PENDING
TXN2618,2025-06-26,2829.38,EUR,PENDING
TXN2619,2025-06-19,2064.1,EUR,SUCCESS
TXN2620,2025-06-18,814.34,USD,SUCCESS
TXN2621,2025-06-25,4380.23,EUR,SUCCESS
TXN2622,2025-06-27,4144.78,EUR,PENDING
TXN2623,2025-06-19,1141.15,EUR,PENDING
TXN2624,2025-06-23,4141.57,USD,PENDING
TXN2625,2025-06-24,2771.74,EUR,FAILED
TXN2626,2025-06-21,2757.85,INR,PENDING
TXN2627,2025-06-20,1278.5,EUR,FAILED
TXN2628,2025-06-26,2113.98,USD,FAILED
TXN2629,2025-06-27,3392.51,INR,FAILED
TXN2630,2025-06-18,4631.18,INR,FAILED
TXN2631,2025-06-24,2592.74,EUR,FAILED
TXN2632,2025-06-26,1029.8,USD,SUCCESS
TXN2633,2025-06-18,3340.5,EUR,SUCCESS
TXN2634,2025-06-18,4203.82,EUR,PENDING
TXN2635,2025-06-20,2741.92,INR,PENDING
TXN2636,2025-06-26,3883.61,EUR,SUCCESS
TXN2637,2025-06-27,3176.26,INR,PENDING
TXN2638,2025-06-24,1722.27,EUR,PENDING
TXN2639,2025-06-19,2980.94,EUR,PENDING
TXN2640,2025-06-22,3006.18,USD,PENDING
TXN2641,2025-06-22,4718.1,INR,PENDING
TXN2642,2025-06-27,3995.76,INR,SUCCESS
TXN2643,2025-06-24,2679.49,USD,FAILED
TXN2644,2025-06-22,4919.55,INR,FAILED
TXN2645,2025-06-22,1289.1,INR,FAILED
TXN2646,2025-06-19,1325.27,INR,SUCCESS
TXN2647,2025-06-21,626.03,EUR,SUCCESS
TXN2648,2025-06-17,1018.84,EUR,PENDING
TXN2649,2025-06-24,3765.19,USD,FAILED
TXN2650,2025-06-24,1405.72,INR,FAILED
TXN2651,2025-06-20,1544.9,INR,SUCCESS
TXN2652,2025-06-25,4418.32,INR,FAILED
TXN2653,2025-06-22,4219.62,INR,PENDING
TXN2654,2025-06-17,2741.92,INR,SUCCESS
TXN2655,2025-06-18,2036.82,EUR,FAILED
TXN2656,2025-06-27,3399.5,EUR,SUCCESS
TXN2657,2025-06-19,4328.75,EUR,FAILED
TXN2658,2025-06-21,4434.32,INR,PENDING
TXN2659,2025-06-20,2761.22,INR,FAILED
TXN2660,2025-06-23,2479.73,USD,PENDING
TXN2661,2025-06-24,3640.03,INR,PENDING
TXN2662,2025-06-17,2003.09,USD,PENDING
TXN2663,2025-06-19,1274.11,USD,PENDING
TXN2664,2025-06-17,3480.82,USD,SUCCESS
TXN2665,2025-06-19,622.09,USD,FAILED
TXN2666,2025-06-18,3059.38,INR,FAILED
TXN2667,2025-06-21,4877.04,USD,PENDING
TXN2668,2025-06-17,2939.38,INR,SUCCESS
TXN2669,2025-06-20,4900.91,INR,FAILED
TXN2670,2025-06-19,4619.21,INR,FAILED
TXN2671,2025-06-26,719.85,EUR,PENDING
TXN2672,2025-06-24,4840.47,USD,PENDING
TXN2673,2025-06-19,1524.16,INR,SUCCESS
TXN2674,2025-06-25,4845.37,EUR,SUCCESS
TXN2675,2025-06-22,3754.78,INR,PENDING
TXN2676,2025-06-19,4868.6,USD,FAILED
TXN2677,2025-06-27,1776.24,INR,SUCCESS
TXN2678,2025-06-25,1033.12,EUR,PENDING
TXN2679,2025-06-23,1033.58,USD,FAILED
TXN2680,2025-06-27,1061.34,INR,SUCCESS
TXN2681,2025-06-17,4304.06,USD,PENDING
TXN2682,2025-06-21,4341.55,USD,SUCCESS
TXN2683,2025-06-18,3331.78,INR,FAILED
TXN2684,2025-06-25,4953.48,EUR,PENDING
TXN2685,2025-06-27,4616.11,USD,PENDING
TXN2686,2025-06-24,3708.04,INR,FAILED
TXN2687,2025-06-26,4668.45,INR,SUCCESS
TXN2688,2025-06-20,1284.48,INR,SUCCESS
TXN2689,2025-06-21,4803.69,USD,PENDING
TXN2690,2025-06-27,4574.96,EUR,PENDING
TXN2691,2025-06-18,2943.88,INR,FAILED
TXN2692,2025-06-23,3904.78,USD,FAILED
TXN2693,2025-06-17,3756.85,EUR,FAILED
TXN2694,2025-06-23,1516.99,INR,SUCCESS
TXN2695,2025-06-27,3603.44,INR,PENDING
TXN2696,2025-06-17,3280.11,USD,SUCCESS
TXN2697,2025-06-21,3237.47,EUR,FAILED
TXN2698,2025-06-17,3887.76,INR,PENDING
TXN2699,2025-06-17,2666.59,INR,SUCCESS
TXN2700,2025-06-17,2207.49,INR,PENDING
TXN2701,2025-06-21,1062.58,USD,FAILED
TXN2702,2025-06-23,1511.94,USD,PENDING
TXN2703,2025-06-19,1795.5,USD,SUCCESS
TXN2704,2025-06-27,3967.48,USD,PENDING
TXN2705,2025-06-23,476.55,USD,SUCCESS
TXN2706,2025-06-17,4953.78,USD,SUCCESS
TXN2707,2025-06-27,3813.0,EUR,PENDING
TXN2708,2025-06-26,2251.44,INR,PENDING
TXN2709,2025-06-26,642.91,EUR,SUCCESS
TXN2710,2025-06-20,2633.26,EUR,FAILED
TXN2711,2025-06-20,3251.56,INR,SUCCESS
TXN2712,2025-06-24,1381.43,EUR,SUCCESS
TXN2713,2025-06-20,1413.3,EUR,SUCCESS
TXN2714,2025-06-27,1515.11,USD,SUCCESS
TXN2715,2025-06-17,4795.43,USD,PENDING
TXN2716,2025-06-17,4263.06,USD,SUCCESS
TXN2717,2025-06-21,2626.66,EUR,PENDING
TXN2718,2025-06-25,4172.43,INR,FAILED
TXN2719,2025-06-24,758.8,USD,PENDING
TXN2720,2025-06-25,2147.07,INR,FAILED
TXN2721,2025-06-23,3393.56,INR,PENDING
TXN2722,2025-06-19,2545.29,EUR,SUCCESS
TXN2723,2025-06-23,1226.37,USD,PENDING
TXN2724,2025-06-22,2594.64,USD,PENDING
TXN2725,2025-06-21,3745.18,USD,PENDING
TXN2726,2025-06-25,2698.8,INR,FAILED
TXN2727,2025-06-25,3476.36,USD,SUCCESS
TXN2728,2025-06-21,879.59,EUR,FAILED
TXN2729,2025-06-21,2280.22,INR,FAILED
TXN2730,2025-06-23,1641.89,USD,PENDING
TXN2731,2025-06-24,3476.86,INR,FAILED
TXN2732,2025-06-24,4622.15,INR,FAILED
TXN2733,2025-06-22,1722.19,USD,FAILED
TXN2734,2025-06-25,3173.8,INR,FAILED
TXN2735,2025-06-25,407.01,INR,FAILED
TXN2736,2025-06-25,775.66,USD,FAILED
TXN2737,2025-06-27,1493.96,USD,FAILED
TXN2738,2025-06-23,626.3,USD,SUCCESS
TXN2739,2025-06-26,3151.87,USD,PENDING
TXN2740,2025-06-22,570.17,INR,SUCCESS
TXN2741,2025-06-18,1768.22,EUR,SUCCESS
TXN2742,2025-06-27,4950.92,EUR,SUCCESS
TXN2743,2025-06-23,1062.35,EUR,SUCCESS
TXN2744,2025-06-20,1068.17,INR,SUCCESS
TXN2745,2025-06-25,4162.55,EUR,SUCCESS
TXN2746,2025-06-17,2950.23,USD,FAILED
TXN2747,2025-06-25,4056.78,INR,SUCCESS
TXN2748,2025-06-20,3145.5,USD,FAILED
TXN2749,2025-06-20,979.74,INR,FAILED
TXN2750,2025-06-17,4471.9,EUR,FAILED
TXN2751,2025-06-19,3951.28,INR,PENDING
TXN2752,2025-06-24,2468.14,EUR,SUCCESS
TXN2753,2025-06-24,1400.02,INR,SUCCESS
TXN2754,2025-06-18,4873.41,INR,FAILED
TXN2755,2025-06-24,1911.33,USD,SUCCESS
TXN2756,2025-06-24,588.95,INR,PENDING
TXN2757,2025-06-26,967.07,USD,PENDING
TXN2758,2025-06-19,2074.48,EUR,PENDING
TXN2759,2025-06-18,3809.81,INR,FAILED
TXN2760,2025-06-19,1505.51,INR,FAILED
TXN2761,2025-06-23,2932.23,USD,SUCCESS
TXN2762,2025-06-22,2917.88,INR,FAILED
TXN2763,2025-06-22,3374.22,EUR,PENDING
TXN2764,2025-06-19,1346.2,EUR,FAILED
TXN2765,2025-06-26,1498.63,INR,SUCCESS
TXN2766,2025-06-23,4744.54,INR,PENDING
TXN2767,2025-06-25,1933.83,INR,SUCCESS
TXN2768,2025-06-21,221.75,INR,SUCCESS
TXN2769,2025-06-27,109.83,INR,PENDING
TXN2770,2025-06-19,3699.63,EUR,SUCCESS
TXN2771,2025-06-19,904.92,USD,FAILED
TXN2772,2025-06-23,103.39,EUR,SUCCESS
TXN2773,2025-06-22,2345.22,INR,SUCCESS
TXN2774,2025-06-17,2460.19,INR,PENDING
TXN2775,2025-06-22,2100.69,INR,SUCCESS
TXN2776,2025-06-26,2601.83,EUR,PENDING
TXN2777,2025-06-26,4158.87,INR,PENDING
TXN2778,2025-06-27,604.82,USD,PENDING
TXN2779,2025-06-19,732.86,INR,SUCCESS
TXN2780,2025-06-18,731.87,EUR,SUCCESS
TXN2781,2025-06-21,3986.43,INR,PENDING
TXN2782,2025-06-27,3512.5,EUR,SUCCESS
TXN2783,2025-06-23,2377.01,USD,SUCCESS
TXN2784,2025-06-22,4013.59,USD,SUCCESS
TXN2785,2025-06-27,459.39,USD,SUCCESS
TXN2786,2025-06-20,4459.87,USD,PENDING
TXN2787,2025-06-17,872.75,INR,PENDING
TXN2788,2025-06-27,4400.58,USD,FAILED
TXN2789,2025-06-26,1152.65,USD,FAILED
TXN2790,2025-06-24,4630.82,USD,FAILED
TXN2791,2025-06-20,2451.21,USD,FAILED
TXN2792,2025-06-20,2097.65,INR,PENDING
TXN2793,2025-06-25,195.83,USD,SUCCESS
TXN2794,2025-06-25,2234.63,USD,FAILED
TXN2795,2025-06-22,821.19,INR,PENDING
TXN2796,2025-06-22,4570.07,INR,SUCCESS
TXN2797,2025-06-22,1921.52,EUR,FAILED
TXN2798,2025-06-25,2250.24,USD,PENDING
TXN2799,2025-06-25,3839.66,INR,SUCCESS
TXN2800,2025-06-21,3373.83,INR,PENDING
TXN2801,2025-06-23,3402.95,INR,FAILED
TXN2802,2025-06-20,2220.11,EUR,PENDING
TXN2803,2025-06-17,160.08,EUR,FAILED
TXN2804,2025-06-23,3015.13,EUR,SUCCESS
TXN2805,2025-06-27,1272.2,INR,SUCCESS
TXN2806,2025-06-21,4960.56,USD,FAILED
TXN2807,2025-06-24,2072.53,USD,SUCCESS
TXN2808,2025-06-21,4853.62,USD,SUCCESS
TXN2809,2025-06-17,1779.33,INR,SUCCESS
TXN2810,2025-06-24,3278.59,USD,SUCCESS
TXN2811,2025-06-25,1825.75,USD,FAILED
TXN2812,2025-06-24,3591.18,EUR,FAILED
TXN2813,2025-06-25,4597.24,USD,FAILED
TXN2814,2025-06-20,579.62,USD,SUCCESS
TXN2815,2025-06-20,1389.56,EUR,SUCCESS
TXN2816,2025-06-20,4453.93,EUR,SUCCESS
TXN2817,2025-06-26,3780.47,EUR,FAILED
TXN2818,2025-06-24,3361.09,INR,SUCCESS
TXN2819,2025-06-26,1375.87,USD,FAILED
TXN2820,2025-06-22,2276.71,EUR,PENDING
TXN2821,2025-06-17,716.74,USD,PENDING
TXN2822,2025-06-18,740.9,EUR,FAILED
TXN2823,2025-06-22,484.98,EUR,FAILED
TXN2824,2025-06-20,4068.13,INR,FAILED
TXN2825,2025-06-26,4630.21,USD,FAILED
TXN2826,2025-06-18,1929.67,INR,PENDING
TXN2827,2025-06-20,1627.19,EUR,FAILED
TXN2828,2025-06-22,4788.14,EUR,FAILED
TXN2829,2025-06-25,1865.04,INR,FAILED
TXN2830,2025-06-18,4323.61,USD,SUCCESS
TXN2831,2025-06-27,4350.29,EUR,FAILED
TXN2832,2025-06-23,346.1,EUR,SUCCESS
TXN2833,2025-06-18,4754.01,USD,FAILED
TXN2834,2025-06-20,3458.35,USD,SUCCESS
TXN2835,2025-06-21,2993.57,USD,SUCCESS
TXN2836,2025-06-18,1232.99,USD,FAILED
TXN2837,2025-06-21,3172.66,INR,FAILED
TXN2838,2025-06-17,4867.06,EUR,PENDING
TXN2839,2025-06-25,4219.52,EUR,FAILED
TXN2840,2025-06-19,4893.06,EUR,PENDING
TXN2841,2025-06-24,4422.83,EUR,FAILED
TXN2842,2025-06-22,2753.84,USD,PENDING
TXN2843,2025-06-18,771.29,USD,SUCCESS
TXN2844,2025-06-27,2719.71,INR,FAILED
TXN2845,2025-06-24,4126.87,EUR,FAILED
TXN2846,2025-06-26,1574.42,EUR,PENDING
TXN2847,2025-06-21,2302.83,USD,FAILED
TXN2848,2025-06-25,2217.33,INR,PENDING
TXN2849,2025-06-22,1559.72,USD,SUCCESS
TXN2850,2025-06-23,377.34,INR,FAILED
TXN2851,2025-06-26,2424.76,INR,SUCCESS
TXN2852,2025-06-23,2134.4,USD,FAILED
TXN2853,2025-06-26,429.36,USD,FAILED
TXN2854,2025-06-26,2328.44,EUR,SUCCESS
TXN2855,2025-06-18,1235.74,EUR,FAILED
TXN2856,2025-06-27,1570.9,USD,FAILED
TXN2857,2025-06-26,2720.21,EUR,SUCCESS
TXN2858,2025-06-25,1251.15,EUR,FAILED
TXN2859,2025-06-26,444.37,EUR,SUCCESS
TXN2860,2025-06-26,4405.6,USD,PENDING
TXN2861,2025-06-27,3052.92,INR,SUCCESS
TXN2862,2025-06-20,3328.75,USD,SUCCESS
TXN2863,2025-06-17,3343.05,EUR,FAILED
TXN2864,2025-06-21,449.04,USD,SUCCESS
TXN2865,2025-06-24,2575.93,INR,FAILED
TXN2866,2025-06-25,3007.34,USD,SUCCESS
TXN2867,2025-06-23,3032.69,INR,PENDING
TXN2868,2025-06-25,749.96,EUR,PENDING
TXN2869,2025-06-21,1605.55,USD,PENDING
TXN2870,2025-06-25,120.37,INR,PENDING
TXN2871,2025-06-17,1700.14,EUR,FAILED
TXN2872,2025-06-25,2906.53,EUR,SUCCESS
TXN2873,2025-06-17,4974.33,EUR,PENDING
TXN2874,2025-06-19,134.93,INR,SUCCESS
TXN2875,2025-06-20,4084.23,INR,SUCCESS
TXN2876,2025-06-24,1465.0,USD,PENDING
TXN2877,2025-06-23,833.74,USD,FAILED
TXN2878,2025-06-26,1387.84,USD,PENDING
TXN2879,2025-06-17,1166.81,INR,SUCCESS
TXN2880,2025-06-27,4325.67,INR,PENDING
TXN2881,2025-06-18,4741.36,EUR,PENDING
TXN2882,2025-06-21,753.65,INR,FAILED
TXN2883,2025-06-20,4040.63,INR,PENDING
TXN2884,2025-06-27,1155.51,EUR,FAILED
TXN2885,2025-06-25,4901.75,INR,PENDING
TXN2886,2025-06-27,4589.82,USD,SUCCESS
TXN2887,2025-06-21,2832.14,EUR,FAILED
TXN2888,2025-06-23,3128.36,INR,SUCCESS
TXN2889,2025-06-22,901.15,INR,FAILED
TXN2890,2025-06-20,613.52,USD,SUCCESS
TXN2891,2025-06-23,1545.59,INR,SUCCESS
TXN2892,2025-06-19,2633.16,EUR,PENDING
TXN2893,2025-06-24,4963.91,EUR,SUCCESS
TXN2894,2025-06-26,4907.74,INR,SUCCESS
TXN2895,2025-06-23,1732.19,INR,SUCCESS
TXN2896,2025-06-21,2893.82,EUR,SUCCESS
TXN2897,2025-06-20,2686.74,EUR,PENDING
TXN2898,2025-06-18,3160.95,EUR,PENDING
TXN2899,2025-06-21,3612.95,EUR,SUCCESS
TXN2900,2025-06-20,4674.9,INR,FAILED
TXN2901,2025-06-19,930.99,EUR,SUCCESS
TXN2902,2025-06-22,3785.73,INR,PENDING
TXN2903,2025-06-25,2814.51,INR,SUCCESS
TXN2904,2025-06-22,1237.97,INR,SUCCESS
TXN2905,2025-06-19,780.14,USD,FAILED
TXN2906,2025-06-27,3193.53,USD,SUCCESS
TXN2907,2025-06-21,3883.08,USD,SUCCESS
TXN2908,2025-06-19,2665.68,INR,PENDING
TXN2909,2025-06-17,1060.72,USD,PENDING
TXN2910,2025-06-22,4142.55,EUR,SUCCESS
TXN2911,2025-06-17,2073.34,USD,SUCCESS
TXN2912,2025-06-19,2582.53,USD,PENDING
TXN2913,2025-06-27,4479.94,USD,FAILED
TXN2914,2025-06-22,4668.05,USD,FAILED
TXN2915,2025-06-25,1095.61,EUR,SUCCESS
TXN2916,2025-06-17,399.6,USD,PENDING
TXN2917,2025-06-24,4561.28,INR,PENDING
TXN2918,2025-06-27,1398.21,USD,PENDING
TXN2919,2025-06-17,4204.41,EUR,PENDING
TXN2920,2025-06-26,2085.72,USD,PENDING
TXN2921,2025-06-25,860.01,USD,PENDING
TXN2922,2025-06-19,1512.89,EUR,FAILED
TXN2923,2025-06-22,3729.14,INR,FAILED
TXN2924,2025-06-21,1708.22,USD,FAILED
TXN2925,2025-06-26,277.17,INR,SUCCESS
TXN2926,2025-06-21,3761.48,EUR,PENDING
TXN2927,2025-06-27,900.11,INR,SUCCESS
TXN2928,2025-06-17,2366.46,EUR,SUCCESS
TXN2929,2025-06-24,4764.37,EUR,PENDING
TXN2930,2025-06-23,4812.78,USD,SUCCESS
TXN2931,2025-06-27,1309.31,USD,PENDING
TXN2932,2025-06-22,3951.63,USD,PENDING
TXN2933,2025-06-19,2633.41,USD,SUCCESS
TXN2934,2025-06-20,1301.58,INR,SUCCESS
TXN2935,2025-06-24,2791.07,USD,PENDING
TXN2936,2025-06-23,163.42,INR,SUCCESS
TXN2937,2025-06-21,2099.13,USD,FAILED
TXN2938,2025-06-21,1988.47,USD,PENDING
TXN2939,2025-06-26,1986.2,INR,SUCCESS
TXN2940,2025-06-24,1430.38,INR,PENDING
TXN2941,2025-06-26,3913.49,INR,PENDING
TXN2942,2025-06-22,4973.32,USD,PENDING
TXN2943,2025-06-20,4715.28,INR,SUCCESS
TXN2944,2025-06-20,2882.89,USD,FAILED
TXN2945,2025-06-18,1844.35,INR,SUCCESS
TXN2946,2025-06-25,375.88,INR,PENDING
TXN2947,2025-06-18,3158.69,EUR,SUCCESS
TXN2948,2025-06-26,269.33,EUR,FAILED
TXN2949,2025-06-23,2619.31,EUR,SUCCESS
TXN2950,2025-06-27,1320.96,EUR,FAILED
TXN2951,2025-06-20,3176.36,INR,SUCCESS
TXN2952,2025-06-24,2889.01,USD,SUCCESS
TXN2953,2025-06-26,822.27,EUR,SUCCESS
TXN2954,2025-06-24,941.22,USD,SUCCESS
TXN2955,2025-06-21,3362.45,EUR,FAILED
TXN2956,2025-06-26,187.83,EUR,PENDING
TXN2957,2025-06-27,1966.75,INR,SUCCESS
TXN2958,2025-06-24,409.9,USD,PENDING
TXN2959,2025-06-22,1252.69,INR,PENDING
TXN2960,2025-06-22,1333.97,USD,FAILED
TXN2961,2025-06-21,4997.99,EUR,FAILED
TXN2962,2025-06-20,779.54,INR,FAILED
TXN2963,2025-06-22,1129.27,EUR,PENDING
TXN2964,2025-06-19,350.57,USD,SUCCESS
TXN2965,2025-06-27,352.85,EUR,PENDING
TXN2966,2025-06-21,4697.59,USD,FAILED
TXN2967,2025-06-21,4039.08,USD,PENDING
TXN2968,2025-06-18,655.43,EUR,PENDING
TXN2969,2025-06-27,2485.74,USD,FAILED
TXN2970,2025-06-25,2514.41,INR,PENDING
TXN2971,2025-06-21,4411.88,INR,FAILED
TXN2972,2025-06-20,659.01,USD,SUCCESS
TXN2973,2025-06-24,1197.87,USD,FAILED
TXN2974,2025-06-18,2208.03,USD,PENDING
TXN2975,2025-06-20,3119.18,USD,PENDING
TXN2976,2025-06-27,4559.29,USD,PENDING
TXN2977,2025-06-25,1089.09,EUR,PENDING
TXN2978,2025-06-27,1268.18,USD,PENDING
TXN2979,2025-06-22,1127.89,EUR,FAILED
TXN2980,2025-06-18,4319.84,EUR,FAILED
TXN2981,2025-06-22,4970.87,EUR,PENDING
TXN2982,2025-06-20,3120.03,INR,FAILED
TXN2983,2025-06-25,2603.0,USD,SUCCESS
TXN2984,2025-06-24,215.77,INR,PENDING
TXN2985,2025-06-26,1013.62,EUR,SUCCESS
TXN2986,2025-06-17,1343.54,INR,PENDING
TXN2987,2025-06-19,1866.74,EUR,SUCCESS
TXN2988,2025-06-19,1388.0,INR,FAILED
TXN2989,2025-06-24,4156.1,INR,SUCCESS
TXN2990,2025-06-24,1253.28,USD,FAILED
TXN2991,2025-06-25,836.01,INR,FAILED
TXN2992,2025-06-17,1554.58,INR,SUCCESS
TXN2993,2025-06-25,2029.24,USD,PENDING
TXN2994,2025-06-19,2297.31,EUR,PENDING
TXN2995,2025-06-24,4547.35,USD,FAILED
TXN2996,2025-06-24,2939.38,INR,PENDING
TXN2997,2025-06-27,239.52,EUR,PENDING
TXN2998,2025-06-19,3764.86,INR,PENDING
TXN2999,2025-06-25,1064.03,EUR,SUCCESS
TXN3000,2025-06-19,349.78,EUR,SUCCESS
