Nov 12, 2025 5:04:37 PM org.atyeti.controller.ElevatorController assignRequest
INFO: Controller: Assigned Elevator 1 for Request{src=3, dest=5, priority=2}
Nov 12, 2025 5:04:37 PM org.atyeti.model.Elevator addRequest
INFO: Elevator 1 received Request{src=3, dest=5, priority=2}
Nov 12, 2025 5:04:37 PM org.atyeti.model.Elevator moveTo
INFO: Elevator 1 moving from 0 to 3
Nov 12, 2025 5:04:38 PM org.atyeti.model.Elevator moveTo
INFO: Elevator 1 reached floor 3
Nov 12, 2025 5:04:38 PM org.atyeti.model.Elevator moveTo
INFO: Elevator 1 moving from 3 to 5
Nov 12, 2025 5:04:39 PM org.atyeti.controller.ElevatorController assignRequest
INFO: Controller: Assigned Elevator 1 for Request{src=8, dest=5, priority=3}
Nov 12, 2025 5:04:39 PM org.atyeti.model.Elevator addRequest
INFO: Elevator 1 received Request{src=8, dest=5, priority=3}
Nov 12, 2025 5:04:39 PM org.atyeti.model.Elevator moveTo
INFO: Elevator 1 reached floor 5
Nov 12, 2025 5:04:39 PM org.atyeti.model.Elevator moveTo
INFO: Elevator 1 moving from 5 to 8
Nov 12, 2025 5:04:40 PM org.atyeti.model.Elevator moveTo
INFO: Elevator 1 reached floor 8
Nov 12, 2025 5:04:40 PM org.atyeti.model.Elevator moveTo
INFO: Elevator 1 moving from 8 to 5
Nov 12, 2025 5:04:41 PM org.atyeti.controller.ElevatorController assignRequest
INFO: Controller: Assigned Elevator 1 for Request{src=8, dest=3, priority=2}
Nov 12, 2025 5:04:41 PM org.atyeti.model.Elevator addRequest
INFO: Elevator 1 received Request{src=8, dest=3, priority=2}
Nov 12, 2025 5:04:42 PM org.atyeti.model.Elevator moveTo
INFO: Elevator 1 reached floor 5
Nov 12, 2025 5:04:42 PM org.atyeti.model.Elevator moveTo
INFO: Elevator 1 moving from 5 to 8
Nov 12, 2025 5:04:43 PM org.atyeti.model.Elevator moveTo
INFO: Elevator 1 reached floor 8
Nov 12, 2025 5:04:43 PM org.atyeti.model.Elevator moveTo
INFO: Elevator 1 moving from 8 to 3
Nov 12, 2025 5:04:43 PM org.atyeti.controller.ElevatorController assignRequest
INFO: Controller: Assigned Elevator 1 for Request{src=6, dest=0, priority=3}
Nov 12, 2025 5:04:43 PM org.atyeti.model.Elevator addRequest
INFO: Elevator 1 received Request{src=6, dest=0, priority=3}
Nov 12, 2025 5:04:45 PM org.atyeti.model.Elevator moveTo
INFO: Elevator 1 reached floor 3
Nov 12, 2025 5:04:45 PM org.atyeti.model.Elevator moveTo
INFO: Elevator 1 moving from 3 to 6
Nov 12, 2025 5:04:45 PM org.atyeti.controller.ElevatorController assignRequest
INFO: Controller: Assigned Elevator 2 for Request{src=1, dest=3, priority=1}
Nov 12, 2025 5:04:45 PM org.atyeti.model.Elevator addRequest
INFO: Elevator 2 received Request{src=1, dest=3, priority=1}
Nov 12, 2025 5:04:45 PM org.atyeti.model.Elevator moveTo
INFO: Elevator 2 moving from 0 to 1
Nov 12, 2025 5:04:46 PM org.atyeti.model.Elevator moveTo
INFO: Elevator 2 reached floor 1
Nov 12, 2025 5:04:46 PM org.atyeti.model.Elevator moveTo
INFO: Elevator 2 moving from 1 to 3
Nov 12, 2025 5:04:46 PM org.atyeti.model.Elevator moveTo
INFO: Elevator 1 reached floor 6
Nov 12, 2025 5:04:46 PM org.atyeti.model.Elevator moveTo
INFO: Elevator 1 moving from 6 to 0
Nov 12, 2025 5:04:46 PM org.atyeti.model.Elevator moveTo
INFO: Elevator 2 reached floor 3
Nov 12, 2025 5:04:47 PM org.atyeti.controller.ElevatorController assignRequest
INFO: Controller: Assigned Elevator 3 for Request{src=1, dest=4, priority=2}
Nov 12, 2025 5:04:47 PM org.atyeti.model.Elevator addRequest
INFO: Elevator 3 received Request{src=1, dest=4, priority=2}
Nov 12, 2025 5:04:47 PM org.atyeti.model.Elevator moveTo
INFO: Elevator 3 moving from 0 to 1
Nov 12, 2025 5:04:48 PM org.atyeti.model.Elevator moveTo
INFO: Elevator 3 reached floor 1
Nov 12, 2025 5:04:48 PM org.atyeti.model.Elevator moveTo
INFO: Elevator 3 moving from 1 to 4
Nov 12, 2025 5:04:48 PM org.atyeti.model.Elevator moveTo
INFO: Elevator 1 reached floor 0
Nov 12, 2025 5:04:49 PM org.atyeti.model.Elevator moveTo
INFO: Elevator 3 reached floor 4
Nov 12, 2025 5:04:49 PM org.atyeti.controller.ElevatorController assignRequest
INFO: Controller: Assigned Elevator 3 for Request{src=8, dest=7, priority=1}
Nov 12, 2025 5:04:49 PM org.atyeti.model.Elevator addRequest
INFO: Elevator 3 received Request{src=8, dest=7, priority=1}
Nov 12, 2025 5:04:49 PM org.atyeti.model.Elevator moveTo
INFO: Elevator 3 moving from 4 to 8
Nov 12, 2025 5:04:51 PM org.atyeti.model.Elevator moveTo
INFO: Elevator 3 reached floor 8
Nov 12, 2025 5:04:51 PM org.atyeti.model.Elevator moveTo
INFO: Elevator 3 moving from 8 to 7
Nov 12, 2025 5:04:51 PM org.atyeti.controller.ElevatorController assignRequest
INFO: Controller: Assigned Elevator 1 for Request{src=0, dest=9, priority=3}
Nov 12, 2025 5:04:51 PM org.atyeti.model.Elevator addRequest
INFO: Elevator 1 received Request{src=0, dest=9, priority=3}
Nov 12, 2025 5:04:51 PM org.atyeti.model.Elevator moveTo
INFO: Elevator 1 moving from 0 to 0
Nov 12, 2025 5:04:51 PM org.atyeti.model.Elevator moveTo
INFO: Elevator 1 reached floor 0
Nov 12, 2025 5:04:51 PM org.atyeti.model.Elevator moveTo
INFO: Elevator 1 moving from 0 to 9
Nov 12, 2025 5:04:51 PM org.atyeti.model.Elevator moveTo
INFO: Elevator 3 reached floor 7
Nov 12, 2025 5:04:53 PM org.atyeti.controller.ElevatorController assignRequest
INFO: Controller: Assigned Elevator 3 for Request{src=6, dest=5, priority=3}
Nov 12, 2025 5:04:53 PM org.atyeti.model.Elevator addRequest
INFO: Elevator 3 received Request{src=6, dest=5, priority=3}
Nov 12, 2025 5:04:53 PM org.atyeti.model.Elevator moveTo
INFO: Elevator 3 moving from 7 to 6
Nov 12, 2025 5:04:54 PM org.atyeti.model.Elevator moveTo
INFO: Elevator 3 reached floor 6
Nov 12, 2025 5:04:54 PM org.atyeti.model.Elevator moveTo
INFO: Elevator 3 moving from 6 to 5
Nov 12, 2025 5:04:54 PM org.atyeti.model.Elevator moveTo
INFO: Elevator 3 reached floor 5
Nov 12, 2025 5:04:55 PM org.atyeti.model.Elevator moveTo
INFO: Elevator 1 reached floor 9
Nov 12, 2025 5:04:55 PM org.atyeti.controller.ElevatorController assignRequest
INFO: Controller: Assigned Elevator 2 for Request{src=1, dest=6, priority=2}
Nov 12, 2025 5:04:55 PM org.atyeti.model.Elevator addRequest
INFO: Elevator 2 received Request{src=1, dest=6, priority=2}
Nov 12, 2025 5:04:55 PM org.atyeti.model.Elevator moveTo
INFO: Elevator 2 moving from 3 to 1
Nov 12, 2025 5:04:56 PM org.atyeti.model.Elevator moveTo
INFO: Elevator 2 reached floor 1
Nov 12, 2025 5:04:56 PM org.atyeti.model.Elevator moveTo
INFO: Elevator 2 moving from 1 to 6
Nov 12, 2025 5:04:57 PM org.atyeti.controller.ElevatorController assignRequest
INFO: Controller: Assigned Elevator 2 for Request{src=1, dest=5, priority=1}
Nov 12, 2025 5:04:57 PM org.atyeti.model.Elevator addRequest
INFO: Elevator 2 received Request{src=1, dest=5, priority=1}
Nov 12, 2025 5:04:58 PM org.atyeti.model.Elevator moveTo
INFO: Elevator 2 reached floor 6
Nov 12, 2025 5:04:58 PM org.atyeti.model.Elevator moveTo
INFO: Elevator 2 moving from 6 to 1
Nov 12, 2025 5:04:59 PM org.atyeti.controller.ElevatorController assignRequest
INFO: Controller: Assigned Elevator 2 for Request{src=6, dest=9, priority=2}
Nov 12, 2025 5:04:59 PM org.atyeti.model.Elevator addRequest
INFO: Elevator 2 received Request{src=6, dest=9, priority=2}
Nov 12, 2025 5:05:00 PM org.atyeti.model.Elevator moveTo
INFO: Elevator 2 reached floor 1
Nov 12, 2025 5:05:00 PM org.atyeti.model.Elevator moveTo
INFO: Elevator 2 moving from 1 to 5
Nov 12, 2025 5:05:01 PM org.atyeti.controller.ElevatorController assignRequest
INFO: Controller: Assigned Elevator 3 for Request{src=3, dest=1, priority=3}
Nov 12, 2025 5:05:01 PM org.atyeti.model.Elevator addRequest
INFO: Elevator 3 received Request{src=3, dest=1, priority=3}
Nov 12, 2025 5:05:01 PM org.atyeti.model.Elevator moveTo
INFO: Elevator 3 moving from 5 to 3
Nov 12, 2025 5:05:02 PM org.atyeti.model.Elevator moveTo
INFO: Elevator 2 reached floor 5
Nov 12, 2025 5:05:02 PM org.atyeti.model.Elevator moveTo
INFO: Elevator 2 moving from 5 to 6
Nov 12, 2025 5:05:02 PM org.atyeti.model.Elevator moveTo
INFO: Elevator 3 reached floor 3
Nov 12, 2025 5:05:02 PM org.atyeti.model.Elevator moveTo
INFO: Elevator 3 moving from 3 to 1
Nov 12, 2025 5:05:02 PM org.atyeti.model.Elevator moveTo
INFO: Elevator 2 reached floor 6
Nov 12, 2025 5:05:02 PM org.atyeti.model.Elevator moveTo
INFO: Elevator 2 moving from 6 to 9
Nov 12, 2025 5:05:03 PM org.atyeti.model.Elevator moveTo
INFO: Elevator 3 reached floor 1
Nov 12, 2025 5:05:03 PM org.atyeti.controller.ElevatorController assignRequest
INFO: Controller: Assigned Elevator 2 for Request{src=5, dest=6, priority=2}
Nov 12, 2025 5:05:03 PM org.atyeti.model.Elevator addRequest
INFO: Elevator 2 received Request{src=5, dest=6, priority=2}
Nov 12, 2025 5:05:03 PM org.atyeti.model.Elevator moveTo
INFO: Elevator 2 reached floor 9
Nov 12, 2025 5:05:03 PM org.atyeti.model.Elevator moveTo
INFO: Elevator 2 moving from 9 to 5
Nov 12, 2025 5:05:05 PM org.atyeti.model.Elevator moveTo
INFO: Elevator 2 reached floor 5
Nov 12, 2025 5:05:05 PM org.atyeti.model.Elevator moveTo
INFO: Elevator 2 moving from 5 to 6
Nov 12, 2025 5:05:05 PM org.atyeti.controller.ElevatorController assignRequest
INFO: Controller: Assigned Elevator 2 for Request{src=5, dest=6, priority=2}
Nov 12, 2025 5:05:05 PM org.atyeti.model.Elevator addRequest
INFO: Elevator 2 received Request{src=5, dest=6, priority=2}
Nov 12, 2025 5:05:05 PM org.atyeti.model.Elevator moveTo
INFO: Elevator 2 reached floor 6
Nov 12, 2025 5:05:05 PM org.atyeti.model.Elevator moveTo
INFO: Elevator 2 moving from 6 to 5
Nov 12, 2025 5:05:06 PM org.atyeti.model.Elevator moveTo
INFO: Elevator 2 reached floor 5
Nov 12, 2025 5:05:06 PM org.atyeti.model.Elevator moveTo
INFO: Elevator 2 moving from 5 to 6
Nov 12, 2025 5:05:06 PM org.atyeti.model.Elevator moveTo
INFO: Elevator 2 reached floor 6
Nov 12, 2025 5:05:07 PM org.atyeti.controller.ElevatorController assignRequest
INFO: Controller: Assigned Elevator 3 for Request{src=0, dest=5, priority=1}
Nov 12, 2025 5:05:07 PM org.atyeti.model.Elevator addRequest
INFO: Elevator 3 received Request{src=0, dest=5, priority=1}
Nov 12, 2025 5:05:07 PM org.atyeti.model.Elevator moveTo
INFO: Elevator 3 moving from 1 to 0
Nov 12, 2025 5:05:08 PM org.atyeti.model.Elevator moveTo
INFO: Elevator 3 reached floor 0
Nov 12, 2025 5:05:08 PM org.atyeti.model.Elevator moveTo
INFO: Elevator 3 moving from 0 to 5
Nov 12, 2025 5:05:09 PM org.atyeti.controller.ElevatorController assignRequest
INFO: Controller: Assigned Elevator 3 for Request{src=0, dest=2, priority=2}
Nov 12, 2025 5:05:09 PM org.atyeti.model.Elevator addRequest
INFO: Elevator 3 received Request{src=0, dest=2, priority=2}
Nov 12, 2025 5:05:10 PM org.atyeti.model.Elevator moveTo
INFO: Elevator 3 reached floor 5
Nov 12, 2025 5:05:10 PM org.atyeti.model.Elevator moveTo
INFO: Elevator 3 moving from 5 to 0
Nov 12, 2025 5:05:11 PM org.atyeti.controller.ElevatorController assignRequest
INFO: Controller: Assigned Elevator 3 for Request{src=5, dest=6, priority=2}
Nov 12, 2025 5:05:11 PM org.atyeti.model.Elevator addRequest
INFO: Elevator 3 received Request{src=5, dest=6, priority=2}
Nov 12, 2025 5:05:12 PM org.atyeti.model.Elevator moveTo
INFO: Elevator 3 reached floor 0
Nov 12, 2025 5:05:12 PM org.atyeti.model.Elevator moveTo
INFO: Elevator 3 moving from 0 to 2
Nov 12, 2025 5:05:12 PM org.atyeti.model.Elevator moveTo
INFO: Elevator 3 reached floor 2
Nov 12, 2025 5:05:12 PM org.atyeti.model.Elevator moveTo
INFO: Elevator 3 moving from 2 to 5
Nov 12, 2025 5:05:13 PM org.atyeti.controller.ElevatorController assignRequest
INFO: Controller: Assigned Elevator 3 for Request{src=2, dest=9, priority=1}
Nov 12, 2025 5:05:13 PM org.atyeti.model.Elevator addRequest
INFO: Elevator 3 received Request{src=2, dest=9, priority=1}
Nov 12, 2025 5:05:14 PM org.atyeti.model.Elevator moveTo
INFO: Elevator 3 reached floor 5
Nov 12, 2025 5:05:14 PM org.atyeti.model.Elevator moveTo
INFO: Elevator 3 moving from 5 to 6
Nov 12, 2025 5:05:14 PM org.atyeti.model.Elevator moveTo
INFO: Elevator 3 reached floor 6
Nov 12, 2025 5:05:14 PM org.atyeti.model.Elevator moveTo
INFO: Elevator 3 moving from 6 to 2
Nov 12, 2025 5:05:15 PM org.atyeti.controller.ElevatorController assignRequest
INFO: Controller: Assigned Elevator 2 for Request{src=6, dest=9, priority=1}
Nov 12, 2025 5:05:15 PM org.atyeti.model.Elevator addRequest
INFO: Elevator 2 received Request{src=6, dest=9, priority=1}
Nov 12, 2025 5:05:15 PM org.atyeti.model.Elevator moveTo
INFO: Elevator 2 moving from 6 to 6
Nov 12, 2025 5:05:15 PM org.atyeti.model.Elevator moveTo
INFO: Elevator 2 reached floor 6
Nov 12, 2025 5:05:15 PM org.atyeti.model.Elevator moveTo
INFO: Elevator 2 moving from 6 to 9
Nov 12, 2025 5:05:16 PM org.atyeti.model.Elevator moveTo
INFO: Elevator 3 reached floor 2
Nov 12, 2025 5:05:16 PM org.atyeti.model.Elevator moveTo
INFO: Elevator 3 moving from 2 to 9
Nov 12, 2025 5:05:16 PM org.atyeti.model.Elevator moveTo
INFO: Elevator 2 reached floor 9
Nov 12, 2025 5:05:17 PM org.atyeti.controller.ElevatorController assignRequest
INFO: Controller: Assigned Elevator 3 for Request{src=0, dest=7, priority=1}
Nov 12, 2025 5:05:17 PM org.atyeti.model.Elevator addRequest
INFO: Elevator 3 received Request{src=0, dest=7, priority=1}
Nov 12, 2025 5:05:18 PM org.atyeti.model.Elevator moveTo
INFO: Elevator 3 reached floor 9
Nov 12, 2025 5:05:18 PM org.atyeti.model.Elevator moveTo
INFO: Elevator 3 moving from 9 to 0
Nov 12, 2025 5:05:19 PM org.atyeti.controller.ElevatorController assignRequest
INFO: Controller: Assigned Elevator 1 for Request{src=9, dest=3, priority=2}
Nov 12, 2025 5:05:19 PM org.atyeti.model.Elevator addRequest
INFO: Elevator 1 received Request{src=9, dest=3, priority=2}
Nov 12, 2025 5:05:19 PM org.atyeti.model.Elevator moveTo
INFO: Elevator 1 moving from 9 to 9
Nov 12, 2025 5:05:19 PM org.atyeti.model.Elevator moveTo
INFO: Elevator 1 reached floor 9
Nov 12, 2025 5:05:19 PM org.atyeti.model.Elevator moveTo
INFO: Elevator 1 moving from 9 to 3
Nov 12, 2025 5:05:21 PM org.atyeti.controller.ElevatorController assignRequest
INFO: Controller: Assigned Elevator 1 for Request{src=0, dest=5, priority=3}
Nov 12, 2025 5:05:21 PM org.atyeti.model.Elevator addRequest
INFO: Elevator 1 received Request{src=0, dest=5, priority=3}
Nov 12, 2025 5:05:22 PM org.atyeti.model.Elevator moveTo
INFO: Elevator 1 reached floor 3
Nov 12, 2025 5:05:22 PM org.atyeti.model.Elevator moveTo
INFO: Elevator 1 moving from 3 to 0
Nov 12, 2025 5:05:22 PM org.atyeti.model.Elevator moveTo
INFO: Elevator 3 reached floor 0
Nov 12, 2025 5:05:22 PM org.atyeti.model.Elevator moveTo
INFO: Elevator 3 moving from 0 to 7
Nov 12, 2025 5:05:23 PM org.atyeti.model.Elevator moveTo
INFO: Elevator 1 reached floor 0
Nov 12, 2025 5:05:23 PM org.atyeti.model.Elevator moveTo
INFO: Elevator 1 moving from 0 to 5
Nov 12, 2025 5:05:23 PM org.atyeti.controller.ElevatorController assignRequest
INFO: Controller: Assigned Elevator 2 for Request{src=5, dest=4, priority=2}
Nov 12, 2025 5:05:23 PM org.atyeti.model.Elevator addRequest
INFO: Elevator 2 received Request{src=5, dest=4, priority=2}
Nov 12, 2025 5:05:23 PM org.atyeti.model.Elevator moveTo
INFO: Elevator 2 moving from 9 to 5
Nov 12, 2025 5:05:25 PM org.atyeti.model.Elevator moveTo
INFO: Elevator 2 reached floor 5
Nov 12, 2025 5:05:25 PM org.atyeti.model.Elevator moveTo
INFO: Elevator 2 moving from 5 to 4
Nov 12, 2025 5:05:25 PM org.atyeti.model.Elevator moveTo
INFO: Elevator 1 reached floor 5
Nov 12, 2025 5:05:25 PM org.atyeti.model.Elevator moveTo
INFO: Elevator 3 reached floor 7
Nov 12, 2025 5:05:25 PM org.atyeti.controller.ElevatorController assignRequest
INFO: Controller: Assigned Elevator 1 for Request{src=6, dest=0, priority=3}
Nov 12, 2025 5:05:25 PM org.atyeti.model.Elevator addRequest
INFO: Elevator 1 received Request{src=6, dest=0, priority=3}
Nov 12, 2025 5:05:25 PM org.atyeti.model.Elevator moveTo
INFO: Elevator 1 moving from 5 to 6
Nov 12, 2025 5:05:25 PM org.atyeti.model.Elevator moveTo
INFO: Elevator 2 reached floor 4
Nov 12, 2025 5:05:26 PM org.atyeti.model.Elevator moveTo
INFO: Elevator 1 reached floor 6
Nov 12, 2025 5:05:26 PM org.atyeti.model.Elevator moveTo
INFO: Elevator 1 moving from 6 to 0
Nov 12, 2025 5:05:27 PM org.atyeti.controller.ElevatorController assignRequest
INFO: Controller: Assigned Elevator 2 for Request{src=2, dest=8, priority=3}
Nov 12, 2025 5:05:27 PM org.atyeti.model.Elevator addRequest
INFO: Elevator 2 received Request{src=2, dest=8, priority=3}
Nov 12, 2025 5:05:27 PM org.atyeti.model.Elevator moveTo
INFO: Elevator 2 moving from 4 to 2
Nov 12, 2025 5:05:28 PM org.atyeti.model.Elevator moveTo
INFO: Elevator 1 reached floor 0
Nov 12, 2025 5:05:28 PM org.atyeti.model.Elevator moveTo
INFO: Elevator 2 reached floor 2
Nov 12, 2025 5:05:28 PM org.atyeti.model.Elevator moveTo
INFO: Elevator 2 moving from 2 to 8
Nov 12, 2025 5:05:29 PM org.atyeti.controller.ElevatorController assignRequest
INFO: Controller: Assigned Elevator 3 for Request{src=6, dest=0, priority=2}
Nov 12, 2025 5:05:29 PM org.atyeti.model.Elevator addRequest
INFO: Elevator 3 received Request{src=6, dest=0, priority=2}
Nov 12, 2025 5:05:29 PM org.atyeti.model.Elevator moveTo
INFO: Elevator 3 moving from 7 to 6
Nov 12, 2025 5:05:30 PM org.atyeti.model.Elevator moveTo
INFO: Elevator 3 reached floor 6
Nov 12, 2025 5:05:30 PM org.atyeti.model.Elevator moveTo
INFO: Elevator 3 moving from 6 to 0
Nov 12, 2025 5:05:30 PM org.atyeti.model.Elevator moveTo
INFO: Elevator 2 reached floor 8
Nov 12, 2025 5:05:31 PM org.atyeti.controller.ElevatorController assignRequest
INFO: Controller: Assigned Elevator 2 for Request{src=9, dest=0, priority=1}
Nov 12, 2025 5:05:31 PM org.atyeti.model.Elevator addRequest
INFO: Elevator 2 received Request{src=9, dest=0, priority=1}
Nov 12, 2025 5:05:31 PM org.atyeti.model.Elevator moveTo
INFO: Elevator 2 moving from 8 to 9
Nov 12, 2025 5:05:32 PM org.atyeti.model.Elevator moveTo
INFO: Elevator 2 reached floor 9
Nov 12, 2025 5:05:32 PM org.atyeti.model.Elevator moveTo
INFO: Elevator 2 moving from 9 to 0
Nov 12, 2025 5:05:32 PM org.atyeti.model.Elevator moveTo
INFO: Elevator 3 reached floor 0
Nov 12, 2025 5:05:33 PM org.atyeti.controller.ElevatorController assignRequest
INFO: Controller: Assigned Elevator 1 for Request{src=3, dest=4, priority=1}
Nov 12, 2025 5:05:33 PM org.atyeti.model.Elevator addRequest
INFO: Elevator 1 received Request{src=3, dest=4, priority=1}
Nov 12, 2025 5:05:33 PM org.atyeti.model.Elevator moveTo
INFO: Elevator 1 moving from 0 to 3
Nov 12, 2025 5:05:34 PM org.atyeti.model.Elevator moveTo
INFO: Elevator 1 reached floor 3
Nov 12, 2025 5:05:34 PM org.atyeti.model.Elevator moveTo
INFO: Elevator 1 moving from 3 to 4
Nov 12, 2025 5:05:35 PM org.atyeti.model.Elevator moveTo
INFO: Elevator 1 reached floor 4
Nov 12, 2025 5:05:35 PM org.atyeti.controller.ElevatorController assignRequest
INFO: Controller: Assigned Elevator 2 for Request{src=9, dest=5, priority=2}
Nov 12, 2025 5:05:35 PM org.atyeti.model.Elevator addRequest
INFO: Elevator 2 received Request{src=9, dest=5, priority=2}
Nov 12, 2025 5:05:35 PM org.atyeti.model.Elevator moveTo
INFO: Elevator 2 reached floor 0
Nov 12, 2025 5:05:35 PM org.atyeti.model.Elevator moveTo
INFO: Elevator 2 moving from 0 to 9
Nov 12, 2025 5:05:37 PM org.atyeti.controller.ElevatorController assignRequest
INFO: Controller: Assigned Elevator 2 for Request{src=0, dest=1, priority=2}
Nov 12, 2025 5:05:37 PM org.atyeti.model.Elevator addRequest
INFO: Elevator 2 received Request{src=0, dest=1, priority=2}
Nov 12, 2025 5:05:39 PM org.atyeti.model.Elevator moveTo
INFO: Elevator 2 reached floor 9
Nov 12, 2025 5:05:39 PM org.atyeti.model.Elevator moveTo
INFO: Elevator 2 moving from 9 to 5
Nov 12, 2025 5:05:39 PM org.atyeti.controller.ElevatorController assignRequest
INFO: Controller: Assigned Elevator 1 for Request{src=4, dest=9, priority=1}
Nov 12, 2025 5:05:39 PM org.atyeti.model.Elevator addRequest
INFO: Elevator 1 received Request{src=4, dest=9, priority=1}
Nov 12, 2025 5:05:39 PM org.atyeti.model.Elevator moveTo
INFO: Elevator 1 moving from 4 to 4
Nov 12, 2025 5:05:39 PM org.atyeti.model.Elevator moveTo
INFO: Elevator 1 reached floor 4
Nov 12, 2025 5:05:39 PM org.atyeti.model.Elevator moveTo
INFO: Elevator 1 moving from 4 to 9
Nov 12, 2025 5:05:40 PM org.atyeti.model.Elevator moveTo
INFO: Elevator 2 reached floor 5
Nov 12, 2025 5:05:40 PM org.atyeti.model.Elevator moveTo
INFO: Elevator 2 moving from 5 to 0
Nov 12, 2025 5:05:41 PM org.atyeti.controller.ElevatorController assignRequest
INFO: Controller: Assigned Elevator 1 for Request{src=3, dest=6, priority=2}
Nov 12, 2025 5:05:41 PM org.atyeti.model.Elevator addRequest
INFO: Elevator 1 received Request{src=3, dest=6, priority=2}
Nov 12, 2025 5:05:41 PM org.atyeti.model.Elevator moveTo
INFO: Elevator 1 reached floor 9
Nov 12, 2025 5:05:41 PM org.atyeti.model.Elevator moveTo
INFO: Elevator 1 moving from 9 to 3
Nov 12, 2025 5:05:42 PM org.atyeti.model.Elevator moveTo
INFO: Elevator 2 reached floor 0
Nov 12, 2025 5:05:42 PM org.atyeti.model.Elevator moveTo
INFO: Elevator 2 moving from 0 to 1
Nov 12, 2025 5:05:43 PM org.atyeti.model.Elevator moveTo
INFO: Elevator 2 reached floor 1
Nov 12, 2025 5:05:43 PM org.atyeti.controller.ElevatorController assignRequest
INFO: Controller: Assigned Elevator 1 for Request{src=6, dest=4, priority=3}
Nov 12, 2025 5:05:43 PM org.atyeti.model.Elevator addRequest
INFO: Elevator 1 received Request{src=6, dest=4, priority=3}
Nov 12, 2025 5:05:44 PM org.atyeti.model.Elevator moveTo
INFO: Elevator 1 reached floor 3
Nov 12, 2025 5:05:44 PM org.atyeti.model.Elevator moveTo
INFO: Elevator 1 moving from 3 to 6
Nov 12, 2025 5:05:45 PM org.atyeti.model.Elevator moveTo
INFO: Elevator 1 reached floor 6
Nov 12, 2025 5:05:45 PM org.atyeti.model.Elevator moveTo
INFO: Elevator 1 moving from 6 to 6
Nov 12, 2025 5:05:45 PM org.atyeti.model.Elevator moveTo
INFO: Elevator 1 reached floor 6
Nov 12, 2025 5:05:45 PM org.atyeti.model.Elevator moveTo
INFO: Elevator 1 moving from 6 to 4
Nov 12, 2025 5:05:45 PM org.atyeti.controller.ElevatorController assignRequest
INFO: Controller: Assigned Elevator 2 for Request{src=1, dest=9, priority=1}
Nov 12, 2025 5:05:45 PM org.atyeti.model.Elevator addRequest
INFO: Elevator 2 received Request{src=1, dest=9, priority=1}
Nov 12, 2025 5:05:45 PM org.atyeti.model.Elevator moveTo
INFO: Elevator 2 moving from 1 to 1
Nov 12, 2025 5:05:45 PM org.atyeti.model.Elevator moveTo
INFO: Elevator 2 reached floor 1
Nov 12, 2025 5:05:45 PM org.atyeti.model.Elevator moveTo
INFO: Elevator 2 moving from 1 to 9
Nov 12, 2025 5:05:46 PM org.atyeti.model.Elevator moveTo
INFO: Elevator 1 reached floor 4
Nov 12, 2025 5:05:47 PM org.atyeti.controller.ElevatorController assignRequest
INFO: Controller: Assigned Elevator 1 for Request{src=5, dest=4, priority=2}
Nov 12, 2025 5:05:47 PM org.atyeti.model.Elevator addRequest
INFO: Elevator 1 received Request{src=5, dest=4, priority=2}
Nov 12, 2025 5:05:47 PM org.atyeti.model.Elevator moveTo
INFO: Elevator 1 moving from 4 to 5
Nov 12, 2025 5:05:48 PM org.atyeti.model.Elevator moveTo
INFO: Elevator 1 reached floor 5
Nov 12, 2025 5:05:48 PM org.atyeti.model.Elevator moveTo
INFO: Elevator 1 moving from 5 to 4
Nov 12, 2025 5:05:48 PM org.atyeti.model.Elevator moveTo
INFO: Elevator 1 reached floor 4
Nov 12, 2025 5:05:48 PM org.atyeti.model.Elevator moveTo
INFO: Elevator 2 reached floor 9
Nov 12, 2025 5:05:49 PM org.atyeti.controller.ElevatorController assignRequest
INFO: Controller: Assigned Elevator 1 for Request{src=4, dest=7, priority=3}
Nov 12, 2025 5:05:49 PM org.atyeti.model.Elevator addRequest
INFO: Elevator 1 received Request{src=4, dest=7, priority=3}
Nov 12, 2025 5:05:49 PM org.atyeti.model.Elevator moveTo
INFO: Elevator 1 moving from 4 to 4
Nov 12, 2025 5:05:49 PM org.atyeti.model.Elevator moveTo
INFO: Elevator 1 reached floor 4
Nov 12, 2025 5:05:49 PM org.atyeti.model.Elevator moveTo
INFO: Elevator 1 moving from 4 to 7
Nov 12, 2025 5:05:50 PM org.atyeti.model.Elevator moveTo
INFO: Elevator 1 reached floor 7
Nov 12, 2025 5:05:51 PM org.atyeti.controller.ElevatorController assignRequest
INFO: Controller: Assigned Elevator 1 for Request{src=6, dest=2, priority=3}
Nov 12, 2025 5:05:51 PM org.atyeti.model.Elevator addRequest
INFO: Elevator 1 received Request{src=6, dest=2, priority=3}
Nov 12, 2025 5:05:51 PM org.atyeti.model.Elevator moveTo
INFO: Elevator 1 moving from 7 to 6
Nov 12, 2025 5:05:52 PM org.atyeti.model.Elevator moveTo
INFO: Elevator 1 reached floor 6
Nov 12, 2025 5:05:52 PM org.atyeti.model.Elevator moveTo
INFO: Elevator 1 moving from 6 to 2
Nov 12, 2025 5:05:53 PM org.atyeti.controller.ElevatorController assignRequest
INFO: Controller: Assigned Elevator 3 for Request{src=2, dest=7, priority=2}
Nov 12, 2025 5:05:53 PM org.atyeti.model.Elevator addRequest
INFO: Elevator 3 received Request{src=2, dest=7, priority=2}
Nov 12, 2025 5:05:53 PM org.atyeti.model.Elevator moveTo
INFO: Elevator 3 moving from 0 to 2
Nov 12, 2025 5:05:53 PM org.atyeti.model.Elevator moveTo
INFO: Elevator 1 reached floor 2
Nov 12, 2025 5:05:54 PM org.atyeti.model.Elevator moveTo
INFO: Elevator 3 reached floor 2
Nov 12, 2025 5:05:54 PM org.atyeti.model.Elevator moveTo
INFO: Elevator 3 moving from 2 to 7
Nov 12, 2025 5:05:55 PM org.atyeti.controller.ElevatorController assignRequest
INFO: Controller: Assigned Elevator 2 for Request{src=7, dest=9, priority=2}
Nov 12, 2025 5:05:55 PM org.atyeti.model.Elevator addRequest
INFO: Elevator 2 received Request{src=7, dest=9, priority=2}
Nov 12, 2025 5:05:55 PM org.atyeti.model.Elevator moveTo
INFO: Elevator 2 moving from 9 to 7
Nov 12, 2025 5:05:56 PM org.atyeti.model.Elevator moveTo
INFO: Elevator 2 reached floor 7
Nov 12, 2025 5:05:56 PM org.atyeti.model.Elevator moveTo
INFO: Elevator 2 moving from 7 to 9
Nov 12, 2025 5:05:56 PM org.atyeti.model.Elevator moveTo
INFO: Elevator 3 reached floor 7
Nov 12, 2025 5:05:57 PM org.atyeti.model.Elevator moveTo
INFO: Elevator 2 reached floor 9
Nov 12, 2025 5:05:57 PM org.atyeti.controller.ElevatorController assignRequest
INFO: Controller: Assigned Elevator 3 for Request{src=6, dest=7, priority=2}
Nov 12, 2025 5:05:57 PM org.atyeti.model.Elevator addRequest
INFO: Elevator 3 received Request{src=6, dest=7, priority=2}
Nov 12, 2025 5:05:57 PM org.atyeti.model.Elevator moveTo
INFO: Elevator 3 moving from 7 to 6
Nov 12, 2025 5:05:58 PM org.atyeti.model.Elevator moveTo
INFO: Elevator 3 reached floor 6
Nov 12, 2025 5:05:58 PM org.atyeti.model.Elevator moveTo
INFO: Elevator 3 moving from 6 to 7
Nov 12, 2025 5:05:58 PM org.atyeti.model.Elevator moveTo
INFO: Elevator 3 reached floor 7
Nov 12, 2025 5:05:59 PM org.atyeti.controller.ElevatorController assignRequest
INFO: Controller: Assigned Elevator 1 for Request{src=2, dest=4, priority=3}
Nov 12, 2025 5:05:59 PM org.atyeti.model.Elevator addRequest
INFO: Elevator 1 received Request{src=2, dest=4, priority=3}
Nov 12, 2025 5:05:59 PM org.atyeti.model.Elevator moveTo
INFO: Elevator 1 moving from 2 to 2
Nov 12, 2025 5:05:59 PM org.atyeti.model.Elevator moveTo
INFO: Elevator 1 reached floor 2
Nov 12, 2025 5:05:59 PM org.atyeti.model.Elevator moveTo
INFO: Elevator 1 moving from 2 to 4
Nov 12, 2025 5:06:00 PM org.atyeti.model.Elevator moveTo
INFO: Elevator 1 reached floor 4
Nov 12, 2025 5:06:01 PM org.atyeti.controller.ElevatorController assignRequest
INFO: Controller: Assigned Elevator 1 for Request{src=2, dest=5, priority=2}
Nov 12, 2025 5:06:01 PM org.atyeti.model.Elevator addRequest
INFO: Elevator 1 received Request{src=2, dest=5, priority=2}
Nov 12, 2025 5:06:01 PM org.atyeti.model.Elevator moveTo
INFO: Elevator 1 moving from 4 to 2
Nov 12, 2025 5:06:02 PM org.atyeti.model.Elevator moveTo
INFO: Elevator 1 reached floor 2
Nov 12, 2025 5:06:02 PM org.atyeti.model.Elevator moveTo
INFO: Elevator 1 moving from 2 to 5
Nov 12, 2025 5:06:03 PM org.atyeti.controller.ElevatorController assignRequest
INFO: Controller: Assigned Elevator 1 for Request{src=2, dest=3, priority=2}
Nov 12, 2025 5:06:03 PM org.atyeti.model.Elevator addRequest
INFO: Elevator 1 received Request{src=2, dest=3, priority=2}
Nov 12, 2025 5:06:03 PM org.atyeti.model.Elevator moveTo
INFO: Elevator 1 reached floor 5
Nov 12, 2025 5:06:03 PM org.atyeti.model.Elevator moveTo
INFO: Elevator 1 moving from 5 to 2
Nov 12, 2025 5:06:04 PM org.atyeti.model.Elevator moveTo
INFO: Elevator 1 reached floor 2
Nov 12, 2025 5:06:04 PM org.atyeti.model.Elevator moveTo
INFO: Elevator 1 moving from 2 to 3
Nov 12, 2025 5:06:05 PM org.atyeti.model.Elevator moveTo
INFO: Elevator 1 reached floor 3
Nov 12, 2025 5:06:05 PM org.atyeti.controller.ElevatorController assignRequest
INFO: Controller: Assigned Elevator 1 for Request{src=2, dest=1, priority=2}
Nov 12, 2025 5:06:05 PM org.atyeti.model.Elevator addRequest
INFO: Elevator 1 received Request{src=2, dest=1, priority=2}
Nov 12, 2025 5:06:05 PM org.atyeti.model.Elevator moveTo
INFO: Elevator 1 moving from 3 to 2
Nov 12, 2025 5:06:06 PM org.atyeti.model.Elevator moveTo
INFO: Elevator 1 reached floor 2
Nov 12, 2025 5:06:06 PM org.atyeti.model.Elevator moveTo
INFO: Elevator 1 moving from 2 to 1
Nov 12, 2025 5:06:06 PM org.atyeti.model.Elevator moveTo
INFO: Elevator 1 reached floor 1
Nov 12, 2025 5:06:07 PM org.atyeti.controller.ElevatorController assignRequest
INFO: Controller: Assigned Elevator 1 for Request{src=0, dest=1, priority=2}
Nov 12, 2025 5:06:07 PM org.atyeti.model.Elevator addRequest
INFO: Elevator 1 received Request{src=0, dest=1, priority=2}
Nov 12, 2025 5:06:07 PM org.atyeti.model.Elevator moveTo
INFO: Elevator 1 moving from 1 to 0
Nov 12, 2025 5:06:08 PM org.atyeti.model.Elevator moveTo
INFO: Elevator 1 reached floor 0
Nov 12, 2025 5:06:08 PM org.atyeti.model.Elevator moveTo
INFO: Elevator 1 moving from 0 to 1
Nov 12, 2025 5:06:08 PM org.atyeti.model.Elevator moveTo
INFO: Elevator 1 reached floor 1
Nov 12, 2025 5:06:09 PM org.atyeti.controller.ElevatorController assignRequest
INFO: Controller: Assigned Elevator 3 for Request{src=5, dest=6, priority=3}
Nov 12, 2025 5:06:09 PM org.atyeti.model.Elevator addRequest
INFO: Elevator 3 received Request{src=5, dest=6, priority=3}
Nov 12, 2025 5:06:09 PM org.atyeti.model.Elevator moveTo
INFO: Elevator 3 moving from 7 to 5
Nov 12, 2025 5:06:10 PM org.atyeti.model.Elevator moveTo
INFO: Elevator 3 reached floor 5
Nov 12, 2025 5:06:10 PM org.atyeti.model.Elevator moveTo
INFO: Elevator 3 moving from 5 to 6
Nov 12, 2025 5:06:34 PM org.atyeti.service.RequestDispatcher dispatch
INFO: Dispatcher: New Request{src=4, dest=0, priority=1}
Nov 12, 2025 5:06:34 PM org.atyeti.controller.ElevatorController assignRequest
INFO: Controller: Assigned Elevator 1 for Request{src=4, dest=0, priority=1}
Nov 12, 2025 5:06:34 PM org.atyeti.model.Elevator moveTo
INFO: Elevator 1 moving from 0 to 4
Nov 12, 2025 5:06:34 PM org.atyeti.model.Elevator addRequest
INFO: Elevator 1 received Request{src=4, dest=0, priority=1}
Nov 12, 2025 5:06:35 PM org.atyeti.model.Elevator moveTo
INFO: Elevator 1 reached floor 4
Nov 12, 2025 5:06:35 PM org.atyeti.model.Elevator moveTo
INFO: Elevator 1 moving from 4 to 0
Nov 12, 2025 5:06:36 PM org.atyeti.service.RequestDispatcher dispatch
INFO: Dispatcher: New Request{src=2, dest=4, priority=1}
Nov 12, 2025 5:06:36 PM org.atyeti.controller.ElevatorController assignRequest
INFO: Controller: Assigned Elevator 1 for Request{src=2, dest=4, priority=1}
Nov 12, 2025 5:06:36 PM org.atyeti.model.Elevator addRequest
INFO: Elevator 1 received Request{src=2, dest=4, priority=1}
Nov 12, 2025 5:06:37 PM org.atyeti.model.Elevator moveTo
INFO: Elevator 1 reached floor 0
Nov 12, 2025 5:06:37 PM org.atyeti.model.Elevator moveTo
INFO: Elevator 1 moving from 0 to 2
Nov 12, 2025 5:06:38 PM org.atyeti.service.RequestDispatcher dispatch
INFO: Dispatcher: New Request{src=6, dest=3, priority=3}
Nov 12, 2025 5:06:38 PM org.atyeti.controller.ElevatorController assignRequest
INFO: Controller: Assigned Elevator 1 for Request{src=6, dest=3, priority=3}
Nov 12, 2025 5:06:38 PM org.atyeti.model.Elevator addRequest
INFO: Elevator 1 received Request{src=6, dest=3, priority=3}
Nov 12, 2025 5:06:38 PM org.atyeti.model.Elevator moveTo
INFO: Elevator 1 reached floor 2
Nov 12, 2025 5:06:38 PM org.atyeti.model.Elevator moveTo
INFO: Elevator 1 moving from 2 to 4
Nov 12, 2025 5:06:39 PM org.atyeti.model.Elevator moveTo
INFO: Elevator 1 reached floor 4
Nov 12, 2025 5:06:39 PM org.atyeti.model.Elevator moveTo
INFO: Elevator 1 moving from 4 to 6
Nov 12, 2025 5:06:39 PM org.atyeti.model.Elevator moveTo
INFO: Elevator 1 reached floor 6
Nov 12, 2025 5:06:39 PM org.atyeti.model.Elevator moveTo
INFO: Elevator 1 moving from 6 to 3
Nov 12, 2025 5:06:40 PM org.atyeti.service.RequestDispatcher dispatch
INFO: Dispatcher: New Request{src=6, dest=1, priority=1}
Nov 12, 2025 5:06:40 PM org.atyeti.controller.ElevatorController assignRequest
INFO: Controller: Assigned Elevator 1 for Request{src=6, dest=1, priority=1}
Nov 12, 2025 5:06:40 PM org.atyeti.model.Elevator addRequest
INFO: Elevator 1 received Request{src=6, dest=1, priority=1}
Nov 12, 2025 5:06:41 PM org.atyeti.model.Elevator moveTo
INFO: Elevator 1 reached floor 3
Nov 12, 2025 5:06:41 PM org.atyeti.model.Elevator moveTo
INFO: Elevator 1 moving from 3 to 6
Nov 12, 2025 5:06:42 PM org.atyeti.service.RequestDispatcher dispatch
INFO: Dispatcher: New Request{src=7, dest=3, priority=1}
Nov 12, 2025 5:06:42 PM org.atyeti.controller.ElevatorController assignRequest
INFO: Controller: Assigned Elevator 1 for Request{src=7, dest=3, priority=1}
Nov 12, 2025 5:06:42 PM org.atyeti.model.Elevator addRequest
INFO: Elevator 1 received Request{src=7, dest=3, priority=1}
Nov 12, 2025 5:06:42 PM org.atyeti.model.Elevator moveTo
INFO: Elevator 1 reached floor 6
Nov 12, 2025 5:06:42 PM org.atyeti.model.Elevator moveTo
INFO: Elevator 1 moving from 6 to 1
Nov 12, 2025 5:06:44 PM org.atyeti.service.RequestDispatcher dispatch
INFO: Dispatcher: New Request{src=4, dest=9, priority=3}
Nov 12, 2025 5:06:44 PM org.atyeti.controller.ElevatorController assignRequest
INFO: Controller: Assigned Elevator 1 for Request{src=4, dest=9, priority=3}
Nov 12, 2025 5:06:44 PM org.atyeti.model.Elevator addRequest
INFO: Elevator 1 received Request{src=4, dest=9, priority=3}
Nov 12, 2025 5:06:44 PM org.atyeti.model.Elevator moveTo
INFO: Elevator 1 reached floor 1
Nov 12, 2025 5:06:44 PM org.atyeti.model.Elevator moveTo
INFO: Elevator 1 moving from 1 to 4
Nov 12, 2025 5:06:45 PM org.atyeti.model.Elevator moveTo
INFO: Elevator 1 reached floor 4
Nov 12, 2025 5:06:45 PM org.atyeti.model.Elevator moveTo
INFO: Elevator 1 moving from 4 to 9
Nov 12, 2025 5:06:46 PM org.atyeti.service.RequestDispatcher dispatch
INFO: Dispatcher: New Request{src=7, dest=4, priority=2}
Nov 12, 2025 5:06:46 PM org.atyeti.controller.ElevatorController assignRequest
INFO: Controller: Assigned Elevator 1 for Request{src=7, dest=4, priority=2}
Nov 12, 2025 5:06:46 PM org.atyeti.model.Elevator addRequest
INFO: Elevator 1 received Request{src=7, dest=4, priority=2}
Nov 12, 2025 5:06:47 PM org.atyeti.model.Elevator moveTo
INFO: Elevator 1 reached floor 9
Nov 12, 2025 5:06:47 PM org.atyeti.model.Elevator moveTo
INFO: Elevator 1 moving from 9 to 7
Nov 12, 2025 5:06:48 PM org.atyeti.service.RequestDispatcher dispatch
INFO: Dispatcher: New Request{src=3, dest=6, priority=2}
Nov 12, 2025 5:06:48 PM org.atyeti.controller.ElevatorController assignRequest
INFO: Controller: Assigned Elevator 2 for Request{src=3, dest=6, priority=2}
Nov 12, 2025 5:06:48 PM org.atyeti.model.Elevator addRequest
INFO: Elevator 2 received Request{src=3, dest=6, priority=2}
Nov 12, 2025 5:06:48 PM org.atyeti.model.Elevator moveTo
INFO: Elevator 2 moving from 0 to 3
Nov 12, 2025 5:06:48 PM org.atyeti.model.Elevator moveTo
INFO: Elevator 1 reached floor 7
Nov 12, 2025 5:06:48 PM org.atyeti.model.Elevator moveTo
INFO: Elevator 1 moving from 7 to 4
Nov 12, 2025 5:06:49 PM org.atyeti.model.Elevator moveTo
INFO: Elevator 2 reached floor 3
Nov 12, 2025 5:06:49 PM org.atyeti.model.Elevator moveTo
INFO: Elevator 2 moving from 3 to 6
Nov 12, 2025 5:06:49 PM org.atyeti.model.Elevator moveTo
INFO: Elevator 1 reached floor 4
Nov 12, 2025 5:06:49 PM org.atyeti.model.Elevator moveTo
INFO: Elevator 1 moving from 4 to 7
Nov 12, 2025 5:06:50 PM org.atyeti.service.RequestDispatcher dispatch
INFO: Dispatcher: New Request{src=6, dest=4, priority=1}
Nov 12, 2025 5:06:50 PM org.atyeti.controller.ElevatorController assignRequest
INFO: Controller: Assigned Elevator 1 for Request{src=6, dest=4, priority=1}
Nov 12, 2025 5:06:50 PM org.atyeti.model.Elevator addRequest
INFO: Elevator 1 received Request{src=6, dest=4, priority=1}
Nov 12, 2025 5:06:50 PM org.atyeti.model.Elevator moveTo
INFO: Elevator 2 reached floor 6
Nov 12, 2025 5:06:50 PM org.atyeti.model.Elevator moveTo
INFO: Elevator 1 reached floor 7
Nov 12, 2025 5:06:50 PM org.atyeti.model.Elevator moveTo
INFO: Elevator 1 moving from 7 to 3
Nov 12, 2025 5:06:52 PM org.atyeti.service.RequestDispatcher dispatch
INFO: Dispatcher: New Request{src=3, dest=9, priority=2}
Nov 12, 2025 5:06:52 PM org.atyeti.controller.ElevatorController assignRequest
INFO: Controller: Assigned Elevator 2 for Request{src=3, dest=9, priority=2}
Nov 12, 2025 5:06:52 PM org.atyeti.model.Elevator addRequest
INFO: Elevator 2 received Request{src=3, dest=9, priority=2}
Nov 12, 2025 5:06:52 PM org.atyeti.model.Elevator moveTo
INFO: Elevator 2 moving from 6 to 3
Nov 12, 2025 5:06:52 PM org.atyeti.model.Elevator moveTo
INFO: Elevator 1 reached floor 3
Nov 12, 2025 5:06:52 PM org.atyeti.model.Elevator moveTo
INFO: Elevator 1 moving from 3 to 6
Nov 12, 2025 5:06:53 PM org.atyeti.model.Elevator moveTo
INFO: Elevator 2 reached floor 3
Nov 12, 2025 5:06:53 PM org.atyeti.model.Elevator moveTo
INFO: Elevator 2 moving from 3 to 9
Nov 12, 2025 5:06:53 PM org.atyeti.model.Elevator moveTo
INFO: Elevator 1 reached floor 6
Nov 12, 2025 5:06:53 PM org.atyeti.model.Elevator moveTo
INFO: Elevator 1 moving from 6 to 4
Nov 12, 2025 5:06:54 PM org.atyeti.service.RequestDispatcher dispatch
INFO: Dispatcher: New Request{src=5, dest=8, priority=1}
Nov 12, 2025 5:06:54 PM org.atyeti.controller.ElevatorController assignRequest
INFO: Controller: Assigned Elevator 1 for Request{src=5, dest=8, priority=1}
Nov 12, 2025 5:06:54 PM org.atyeti.model.Elevator addRequest
INFO: Elevator 1 received Request{src=5, dest=8, priority=1}
Nov 12, 2025 5:06:54 PM org.atyeti.model.Elevator moveTo
INFO: Elevator 1 reached floor 4
Nov 12, 2025 5:06:54 PM org.atyeti.model.Elevator moveTo
INFO: Elevator 1 moving from 4 to 5
Nov 12, 2025 5:06:54 PM org.atyeti.model.Elevator moveTo
INFO: Elevator 1 reached floor 5
Nov 12, 2025 5:06:54 PM org.atyeti.model.Elevator moveTo
INFO: Elevator 1 moving from 5 to 8
Nov 12, 2025 5:06:55 PM org.atyeti.model.Elevator moveTo
INFO: Elevator 2 reached floor 9
Nov 12, 2025 5:06:55 PM org.atyeti.model.Elevator moveTo
INFO: Elevator 1 reached floor 8
Nov 12, 2025 5:06:56 PM org.atyeti.service.RequestDispatcher dispatch
INFO: Dispatcher: New Request{src=3, dest=9, priority=2}
Nov 12, 2025 5:06:56 PM org.atyeti.controller.ElevatorController assignRequest
INFO: Controller: Assigned Elevator 3 for Request{src=3, dest=9, priority=2}
Nov 12, 2025 5:06:56 PM org.atyeti.model.Elevator addRequest
INFO: Elevator 3 received Request{src=3, dest=9, priority=2}
Nov 12, 2025 5:06:56 PM org.atyeti.model.Elevator moveTo
INFO: Elevator 3 moving from 0 to 3
Nov 12, 2025 5:06:57 PM org.atyeti.model.Elevator moveTo
INFO: Elevator 3 reached floor 3
Nov 12, 2025 5:06:57 PM org.atyeti.model.Elevator moveTo
INFO: Elevator 3 moving from 3 to 9
Nov 12, 2025 5:06:58 PM org.atyeti.service.RequestDispatcher dispatch
INFO: Dispatcher: New Request{src=3, dest=4, priority=2}
Nov 12, 2025 5:06:58 PM org.atyeti.controller.ElevatorController assignRequest
INFO: Controller: Assigned Elevator 3 for Request{src=3, dest=4, priority=2}
Nov 12, 2025 5:06:58 PM org.atyeti.model.Elevator addRequest
INFO: Elevator 3 received Request{src=3, dest=4, priority=2}
Nov 12, 2025 5:06:59 PM org.atyeti.model.Elevator moveTo
INFO: Elevator 3 reached floor 9
Nov 12, 2025 5:06:59 PM org.atyeti.model.Elevator moveTo
INFO: Elevator 3 moving from 9 to 3
Nov 12, 2025 5:07:00 PM org.atyeti.service.RequestDispatcher dispatch
INFO: Dispatcher: New Request{src=3, dest=6, priority=1}
Nov 12, 2025 5:07:00 PM org.atyeti.controller.ElevatorController assignRequest
INFO: Controller: Assigned Elevator 1 for Request{src=3, dest=6, priority=1}
Nov 12, 2025 5:07:00 PM org.atyeti.model.Elevator addRequest
INFO: Elevator 1 received Request{src=3, dest=6, priority=1}
Nov 12, 2025 5:07:00 PM org.atyeti.model.Elevator moveTo
INFO: Elevator 1 moving from 8 to 3
Nov 12, 2025 5:07:02 PM org.atyeti.service.RequestDispatcher dispatch
INFO: Dispatcher: New Request{src=6, dest=0, priority=3}
Nov 12, 2025 5:07:02 PM org.atyeti.controller.ElevatorController assignRequest
INFO: Controller: Assigned Elevator 1 for Request{src=6, dest=0, priority=3}
Nov 12, 2025 5:07:02 PM org.atyeti.model.Elevator addRequest
INFO: Elevator 1 received Request{src=6, dest=0, priority=3}
Nov 12, 2025 5:07:02 PM org.atyeti.model.Elevator moveTo
INFO: Elevator 1 reached floor 3
Nov 12, 2025 5:07:02 PM org.atyeti.model.Elevator moveTo
INFO: Elevator 1 moving from 3 to 6
Nov 12, 2025 5:07:02 PM org.atyeti.model.Elevator moveTo
INFO: Elevator 3 reached floor 3
Nov 12, 2025 5:07:02 PM org.atyeti.model.Elevator moveTo
INFO: Elevator 3 moving from 3 to 4
Nov 12, 2025 5:07:02 PM org.atyeti.model.Elevator moveTo
INFO: Elevator 3 reached floor 4
Nov 12, 2025 5:07:03 PM org.atyeti.model.Elevator moveTo
INFO: Elevator 1 reached floor 6
Nov 12, 2025 5:07:03 PM org.atyeti.model.Elevator moveTo
INFO: Elevator 1 moving from 6 to 6
Nov 12, 2025 5:07:03 PM org.atyeti.model.Elevator moveTo
INFO: Elevator 1 reached floor 6
Nov 12, 2025 5:07:03 PM org.atyeti.model.Elevator moveTo
INFO: Elevator 1 moving from 6 to 0
Nov 12, 2025 5:07:04 PM org.atyeti.service.RequestDispatcher dispatch
INFO: Dispatcher: New Request{src=2, dest=4, priority=3}
Nov 12, 2025 5:07:04 PM org.atyeti.controller.ElevatorController assignRequest
INFO: Controller: Assigned Elevator 3 for Request{src=2, dest=4, priority=3}
Nov 12, 2025 5:07:04 PM org.atyeti.model.Elevator addRequest
INFO: Elevator 3 received Request{src=2, dest=4, priority=3}
Nov 12, 2025 5:07:04 PM org.atyeti.model.Elevator moveTo
INFO: Elevator 3 moving from 4 to 2
Nov 12, 2025 5:07:05 PM org.atyeti.model.Elevator moveTo
INFO: Elevator 3 reached floor 2
Nov 12, 2025 5:07:05 PM org.atyeti.model.Elevator moveTo
INFO: Elevator 3 moving from 2 to 4
Nov 12, 2025 5:07:05 PM org.atyeti.model.Elevator moveTo
INFO: Elevator 3 reached floor 4
Nov 12, 2025 5:07:05 PM org.atyeti.model.Elevator moveTo
INFO: Elevator 1 reached floor 0
Nov 12, 2025 5:07:06 PM org.atyeti.service.RequestDispatcher dispatch
INFO: Dispatcher: New Request{src=5, dest=3, priority=3}
Nov 12, 2025 5:07:06 PM org.atyeti.controller.ElevatorController assignRequest
INFO: Controller: Assigned Elevator 3 for Request{src=5, dest=3, priority=3}
Nov 12, 2025 5:07:06 PM org.atyeti.model.Elevator addRequest
INFO: Elevator 3 received Request{src=5, dest=3, priority=3}
Nov 12, 2025 5:07:06 PM org.atyeti.model.Elevator moveTo
INFO: Elevator 3 moving from 4 to 5
Nov 12, 2025 5:07:06 PM org.atyeti.model.Elevator moveTo
INFO: Elevator 3 reached floor 5
Nov 12, 2025 5:07:06 PM org.atyeti.model.Elevator moveTo
INFO: Elevator 3 moving from 5 to 3
Nov 12, 2025 5:07:07 PM org.atyeti.model.Elevator moveTo
INFO: Elevator 3 reached floor 3
Nov 12, 2025 5:07:08 PM org.atyeti.service.RequestDispatcher dispatch
INFO: Dispatcher: New Request{src=2, dest=9, priority=3}
Nov 12, 2025 5:07:08 PM org.atyeti.controller.ElevatorController assignRequest
INFO: Controller: Assigned Elevator 3 for Request{src=2, dest=9, priority=3}
Nov 12, 2025 5:07:08 PM org.atyeti.model.Elevator addRequest
INFO: Elevator 3 received Request{src=2, dest=9, priority=3}
Nov 12, 2025 5:07:08 PM org.atyeti.model.Elevator moveTo
INFO: Elevator 3 moving from 3 to 2
Nov 12, 2025 5:07:08 PM org.atyeti.model.Elevator moveTo
INFO: Elevator 3 reached floor 2
Nov 12, 2025 5:07:08 PM org.atyeti.model.Elevator moveTo
INFO: Elevator 3 moving from 2 to 9
Nov 12, 2025 5:07:10 PM org.atyeti.service.RequestDispatcher dispatch
INFO: Dispatcher: New Request{src=4, dest=3, priority=2}
Nov 12, 2025 5:07:10 PM org.atyeti.controller.ElevatorController assignRequest
INFO: Controller: Assigned Elevator 3 for Request{src=4, dest=3, priority=2}
Nov 12, 2025 5:07:10 PM org.atyeti.model.Elevator addRequest
INFO: Elevator 3 received Request{src=4, dest=3, priority=2}
Nov 12, 2025 5:07:11 PM org.atyeti.model.Elevator moveTo
INFO: Elevator 3 reached floor 9
Nov 12, 2025 5:07:11 PM org.atyeti.model.Elevator moveTo
INFO: Elevator 3 moving from 9 to 4
Nov 12, 2025 5:07:12 PM org.atyeti.service.RequestDispatcher dispatch
INFO: Dispatcher: New Request{src=5, dest=1, priority=3}
Nov 12, 2025 5:07:12 PM org.atyeti.controller.ElevatorController assignRequest
INFO: Controller: Assigned Elevator 2 for Request{src=5, dest=1, priority=3}
Nov 12, 2025 5:07:12 PM org.atyeti.model.Elevator addRequest
INFO: Elevator 2 received Request{src=5, dest=1, priority=3}
Nov 12, 2025 5:07:12 PM org.atyeti.model.Elevator moveTo
INFO: Elevator 2 moving from 9 to 5
Nov 12, 2025 5:07:13 PM org.atyeti.model.Elevator moveTo
INFO: Elevator 3 reached floor 4
Nov 12, 2025 5:07:13 PM org.atyeti.model.Elevator moveTo
INFO: Elevator 3 moving from 4 to 3
Nov 12, 2025 5:07:13 PM org.atyeti.model.Elevator moveTo
INFO: Elevator 2 reached floor 5
Nov 12, 2025 5:07:13 PM org.atyeti.model.Elevator moveTo
INFO: Elevator 2 moving from 5 to 1
Nov 12, 2025 5:07:13 PM org.atyeti.model.Elevator moveTo
INFO: Elevator 3 reached floor 3
Nov 12, 2025 5:07:14 PM org.atyeti.service.RequestDispatcher dispatch
INFO: Dispatcher: New Request{src=9, dest=0, priority=2}
Nov 12, 2025 5:07:14 PM org.atyeti.controller.ElevatorController assignRequest
INFO: Controller: Assigned Elevator 2 for Request{src=9, dest=0, priority=2}
Nov 12, 2025 5:07:14 PM org.atyeti.model.Elevator addRequest
INFO: Elevator 2 received Request{src=9, dest=0, priority=2}
Nov 12, 2025 5:07:15 PM org.atyeti.model.Elevator moveTo
INFO: Elevator 2 reached floor 1
Nov 12, 2025 5:07:15 PM org.atyeti.model.Elevator moveTo
INFO: Elevator 2 moving from 1 to 9
Nov 12, 2025 5:07:16 PM org.atyeti.service.RequestDispatcher dispatch
INFO: Dispatcher: New Request{src=8, dest=2, priority=3}
Nov 12, 2025 5:07:16 PM org.atyeti.controller.ElevatorController assignRequest
INFO: Controller: Assigned Elevator 3 for Request{src=8, dest=2, priority=3}
Nov 12, 2025 5:07:16 PM org.atyeti.model.Elevator addRequest
INFO: Elevator 3 received Request{src=8, dest=2, priority=3}
Nov 12, 2025 5:07:16 PM org.atyeti.model.Elevator moveTo
INFO: Elevator 3 moving from 3 to 8
Nov 12, 2025 5:07:18 PM org.atyeti.service.RequestDispatcher dispatch
INFO: Dispatcher: New Request{src=3, dest=5, priority=3}
Nov 12, 2025 5:07:18 PM org.atyeti.controller.ElevatorController assignRequest
INFO: Controller: Assigned Elevator 3 for Request{src=3, dest=5, priority=3}
Nov 12, 2025 5:07:18 PM org.atyeti.model.Elevator addRequest
INFO: Elevator 3 received Request{src=3, dest=5, priority=3}
Nov 12, 2025 5:07:18 PM org.atyeti.model.Elevator moveTo
INFO: Elevator 3 reached floor 8
Nov 12, 2025 5:07:18 PM org.atyeti.model.Elevator moveTo
INFO: Elevator 3 moving from 8 to 2
Nov 12, 2025 5:07:18 PM org.atyeti.model.Elevator moveTo
INFO: Elevator 2 reached floor 9
Nov 12, 2025 5:07:18 PM org.atyeti.model.Elevator moveTo
INFO: Elevator 2 moving from 9 to 0
Nov 12, 2025 5:07:20 PM org.atyeti.service.RequestDispatcher dispatch
INFO: Dispatcher: New Request{src=8, dest=3, priority=1}
Nov 12, 2025 5:07:20 PM org.atyeti.controller.ElevatorController assignRequest
INFO: Controller: Assigned Elevator 2 for Request{src=8, dest=3, priority=1}
Nov 12, 2025 5:07:20 PM org.atyeti.model.Elevator addRequest
INFO: Elevator 2 received Request{src=8, dest=3, priority=1}
Nov 12, 2025 5:07:20 PM org.atyeti.model.Elevator moveTo
INFO: Elevator 3 reached floor 2
Nov 12, 2025 5:07:20 PM org.atyeti.model.Elevator moveTo
INFO: Elevator 3 moving from 2 to 3
Nov 12, 2025 5:07:21 PM org.atyeti.model.Elevator moveTo
INFO: Elevator 3 reached floor 3
Nov 12, 2025 5:07:21 PM org.atyeti.model.Elevator moveTo
INFO: Elevator 3 moving from 3 to 5
Nov 12, 2025 5:07:21 PM org.atyeti.model.Elevator moveTo
INFO: Elevator 3 reached floor 5
Nov 12, 2025 5:07:22 PM org.atyeti.model.Elevator moveTo
INFO: Elevator 2 reached floor 0
Nov 12, 2025 5:07:22 PM org.atyeti.model.Elevator moveTo
INFO: Elevator 2 moving from 0 to 8
Nov 12, 2025 5:07:22 PM org.atyeti.service.RequestDispatcher dispatch
INFO: Dispatcher: New Request{src=8, dest=5, priority=3}
Nov 12, 2025 5:07:22 PM org.atyeti.controller.ElevatorController assignRequest
INFO: Controller: Assigned Elevator 3 for Request{src=8, dest=5, priority=3}
Nov 12, 2025 5:07:22 PM org.atyeti.model.Elevator addRequest
INFO: Elevator 3 received Request{src=8, dest=5, priority=3}
Nov 12, 2025 5:07:22 PM org.atyeti.model.Elevator moveTo
INFO: Elevator 3 moving from 5 to 8
Nov 12, 2025 5:07:23 PM org.atyeti.model.Elevator moveTo
INFO: Elevator 3 reached floor 8
Nov 12, 2025 5:07:23 PM org.atyeti.model.Elevator moveTo
INFO: Elevator 3 moving from 8 to 5
Nov 12, 2025 5:07:24 PM org.atyeti.service.RequestDispatcher dispatch
INFO: Dispatcher: New Request{src=4, dest=1, priority=3}
Nov 12, 2025 5:07:24 PM org.atyeti.controller.ElevatorController assignRequest
INFO: Controller: Assigned Elevator 1 for Request{src=4, dest=1, priority=3}
Nov 12, 2025 5:07:24 PM org.atyeti.model.Elevator addRequest
INFO: Elevator 1 received Request{src=4, dest=1, priority=3}
Nov 12, 2025 5:07:24 PM org.atyeti.model.Elevator moveTo
INFO: Elevator 1 moving from 0 to 4
Nov 12, 2025 5:07:24 PM org.atyeti.model.Elevator moveTo
INFO: Elevator 3 reached floor 5
Nov 12, 2025 5:07:25 PM org.atyeti.model.Elevator moveTo
INFO: Elevator 2 reached floor 8
Nov 12, 2025 5:07:25 PM org.atyeti.model.Elevator moveTo
INFO: Elevator 2 moving from 8 to 3
Nov 12, 2025 5:07:25 PM org.atyeti.model.Elevator moveTo
INFO: Elevator 1 reached floor 4
Nov 12, 2025 5:07:25 PM org.atyeti.model.Elevator moveTo
INFO: Elevator 1 moving from 4 to 1
Nov 12, 2025 5:07:26 PM org.atyeti.service.RequestDispatcher dispatch
INFO: Dispatcher: New Request{src=0, dest=1, priority=2}
Nov 12, 2025 5:07:26 PM org.atyeti.controller.ElevatorController assignRequest
INFO: Controller: Assigned Elevator 1 for Request{src=0, dest=1, priority=2}
Nov 12, 2025 5:07:26 PM org.atyeti.model.Elevator addRequest
INFO: Elevator 1 received Request{src=0, dest=1, priority=2}
Nov 12, 2025 5:07:27 PM org.atyeti.model.Elevator moveTo
INFO: Elevator 1 reached floor 1
Nov 12, 2025 5:07:27 PM org.atyeti.model.Elevator moveTo
INFO: Elevator 1 moving from 1 to 0
Nov 12, 2025 5:07:27 PM org.atyeti.model.Elevator moveTo
INFO: Elevator 2 reached floor 3
Nov 12, 2025 5:07:27 PM org.atyeti.model.Elevator moveTo
INFO: Elevator 1 reached floor 0
Nov 12, 2025 5:07:27 PM org.atyeti.model.Elevator moveTo
INFO: Elevator 1 moving from 0 to 1
Nov 12, 2025 5:07:28 PM org.atyeti.model.Elevator moveTo
INFO: Elevator 1 reached floor 1
Nov 12, 2025 5:07:28 PM org.atyeti.service.RequestDispatcher dispatch
INFO: Dispatcher: New Request{src=9, dest=7, priority=3}
Nov 12, 2025 5:07:28 PM org.atyeti.controller.ElevatorController assignRequest
INFO: Controller: Assigned Elevator 3 for Request{src=9, dest=7, priority=3}
Nov 12, 2025 5:07:28 PM org.atyeti.model.Elevator addRequest
INFO: Elevator 3 received Request{src=9, dest=7, priority=3}
Nov 12, 2025 5:07:28 PM org.atyeti.model.Elevator moveTo
INFO: Elevator 3 moving from 5 to 9
Nov 12, 2025 5:07:29 PM org.atyeti.model.Elevator moveTo
INFO: Elevator 3 reached floor 9
Nov 12, 2025 5:07:29 PM org.atyeti.model.Elevator moveTo
INFO: Elevator 3 moving from 9 to 7
Nov 12, 2025 5:07:30 PM org.atyeti.service.RequestDispatcher dispatch
INFO: Dispatcher: New Request{src=6, dest=3, priority=1}
Nov 12, 2025 5:07:30 PM org.atyeti.controller.ElevatorController assignRequest
INFO: Controller: Assigned Elevator 2 for Request{src=6, dest=3, priority=1}
Nov 12, 2025 5:07:30 PM org.atyeti.model.Elevator addRequest
INFO: Elevator 2 received Request{src=6, dest=3, priority=1}
Nov 12, 2025 5:07:30 PM org.atyeti.model.Elevator moveTo
INFO: Elevator 2 moving from 3 to 6
Nov 12, 2025 5:07:30 PM org.atyeti.model.Elevator moveTo
INFO: Elevator 3 reached floor 7
Nov 12, 2025 5:07:31 PM org.atyeti.model.Elevator moveTo
INFO: Elevator 2 reached floor 6
Nov 12, 2025 5:07:31 PM org.atyeti.model.Elevator moveTo
INFO: Elevator 2 moving from 6 to 3
Nov 12, 2025 5:07:32 PM org.atyeti.service.RequestDispatcher dispatch
INFO: Dispatcher: New Request{src=4, dest=9, priority=3}
Nov 12, 2025 5:07:32 PM org.atyeti.controller.ElevatorController assignRequest
INFO: Controller: Assigned Elevator 2 for Request{src=4, dest=9, priority=3}
Nov 12, 2025 5:07:32 PM org.atyeti.model.Elevator addRequest
INFO: Elevator 2 received Request{src=4, dest=9, priority=3}
Nov 12, 2025 5:07:32 PM org.atyeti.model.Elevator moveTo
INFO: Elevator 2 reached floor 3
Nov 12, 2025 5:07:32 PM org.atyeti.model.Elevator moveTo
INFO: Elevator 2 moving from 3 to 4
Nov 12, 2025 5:07:33 PM org.atyeti.model.Elevator moveTo
INFO: Elevator 2 reached floor 4
Nov 12, 2025 5:07:33 PM org.atyeti.model.Elevator moveTo
INFO: Elevator 2 moving from 4 to 9
Nov 12, 2025 5:07:34 PM org.atyeti.service.RequestDispatcher dispatch
INFO: Dispatcher: New Request{src=1, dest=8, priority=3}
Nov 12, 2025 5:07:34 PM org.atyeti.controller.ElevatorController assignRequest
INFO: Controller: Assigned Elevator 1 for Request{src=1, dest=8, priority=3}
Nov 12, 2025 5:07:34 PM org.atyeti.model.Elevator addRequest
INFO: Elevator 1 received Request{src=1, dest=8, priority=3}
Nov 12, 2025 5:07:34 PM org.atyeti.model.Elevator moveTo
INFO: Elevator 1 moving from 1 to 1
Nov 12, 2025 5:07:34 PM org.atyeti.model.Elevator moveTo
INFO: Elevator 1 reached floor 1
Nov 12, 2025 5:07:34 PM org.atyeti.model.Elevator moveTo
INFO: Elevator 1 moving from 1 to 8
Nov 12, 2025 5:07:35 PM org.atyeti.model.Elevator moveTo
INFO: Elevator 2 reached floor 9
Nov 12, 2025 5:07:36 PM org.atyeti.service.RequestDispatcher dispatch
INFO: Dispatcher: New Request{src=0, dest=7, priority=2}
Nov 12, 2025 5:07:36 PM org.atyeti.controller.ElevatorController assignRequest
INFO: Controller: Assigned Elevator 1 for Request{src=0, dest=7, priority=2}
Nov 12, 2025 5:07:36 PM org.atyeti.model.Elevator addRequest
INFO: Elevator 1 received Request{src=0, dest=7, priority=2}
Nov 12, 2025 5:07:37 PM org.atyeti.model.Elevator moveTo
INFO: Elevator 1 reached floor 8
Nov 12, 2025 5:07:37 PM org.atyeti.model.Elevator moveTo
INFO: Elevator 1 moving from 8 to 0
Nov 12, 2025 5:07:38 PM org.atyeti.service.RequestDispatcher dispatch
INFO: Dispatcher: New Request{src=8, dest=7, priority=3}
Nov 12, 2025 5:07:38 PM org.atyeti.controller.ElevatorController assignRequest
INFO: Controller: Assigned Elevator 1 for Request{src=8, dest=7, priority=3}
Nov 12, 2025 5:07:38 PM org.atyeti.model.Elevator addRequest
INFO: Elevator 1 received Request{src=8, dest=7, priority=3}
Nov 12, 2025 5:07:40 PM org.atyeti.model.Elevator moveTo
INFO: Elevator 1 reached floor 0
Nov 12, 2025 5:07:40 PM org.atyeti.model.Elevator moveTo
INFO: Elevator 1 moving from 0 to 7
Nov 12, 2025 5:07:40 PM org.atyeti.service.RequestDispatcher dispatch
INFO: Dispatcher: New Request{src=4, dest=3, priority=1}
Nov 12, 2025 5:07:40 PM org.atyeti.controller.ElevatorController assignRequest
INFO: Controller: Assigned Elevator 3 for Request{src=4, dest=3, priority=1}
Nov 12, 2025 5:07:40 PM org.atyeti.model.Elevator addRequest
INFO: Elevator 3 received Request{src=4, dest=3, priority=1}
Nov 12, 2025 5:07:40 PM org.atyeti.model.Elevator moveTo
INFO: Elevator 3 moving from 7 to 4
Nov 12, 2025 5:07:41 PM org.atyeti.model.Elevator moveTo
INFO: Elevator 3 reached floor 4
Nov 12, 2025 5:07:41 PM org.atyeti.model.Elevator moveTo
INFO: Elevator 3 moving from 4 to 3
Nov 12, 2025 5:07:42 PM org.atyeti.model.Elevator moveTo
INFO: Elevator 3 reached floor 3
Nov 12, 2025 5:07:42 PM org.atyeti.service.RequestDispatcher dispatch
INFO: Dispatcher: New Request{src=6, dest=9, priority=1}
Nov 12, 2025 5:07:42 PM org.atyeti.controller.ElevatorController assignRequest
INFO: Controller: Assigned Elevator 2 for Request{src=6, dest=9, priority=1}
Nov 12, 2025 5:07:42 PM org.atyeti.model.Elevator addRequest
INFO: Elevator 2 received Request{src=6, dest=9, priority=1}
Nov 12, 2025 5:07:42 PM org.atyeti.model.Elevator moveTo
INFO: Elevator 2 moving from 9 to 6
Nov 12, 2025 5:07:43 PM org.atyeti.model.Elevator moveTo
INFO: Elevator 1 reached floor 7
Nov 12, 2025 5:07:43 PM org.atyeti.model.Elevator moveTo
INFO: Elevator 1 moving from 7 to 8
Nov 12, 2025 5:07:43 PM org.atyeti.model.Elevator moveTo
INFO: Elevator 2 reached floor 6
Nov 12, 2025 5:07:43 PM org.atyeti.model.Elevator moveTo
INFO: Elevator 2 moving from 6 to 9
Nov 12, 2025 5:07:43 PM org.atyeti.model.Elevator moveTo
INFO: Elevator 1 reached floor 8
Nov 12, 2025 5:07:43 PM org.atyeti.model.Elevator moveTo
INFO: Elevator 1 moving from 8 to 7
Nov 12, 2025 5:07:44 PM org.atyeti.model.Elevator moveTo
INFO: Elevator 1 reached floor 7
Nov 12, 2025 5:07:44 PM org.atyeti.service.RequestDispatcher dispatch
INFO: Dispatcher: New Request{src=1, dest=2, priority=3}
Nov 12, 2025 5:07:44 PM org.atyeti.controller.ElevatorController assignRequest
INFO: Controller: Assigned Elevator 3 for Request{src=1, dest=2, priority=3}
Nov 12, 2025 5:07:44 PM org.atyeti.model.Elevator addRequest
INFO: Elevator 3 received Request{src=1, dest=2, priority=3}
Nov 12, 2025 5:07:44 PM org.atyeti.model.Elevator moveTo
INFO: Elevator 3 moving from 3 to 1
Nov 12, 2025 5:07:44 PM org.atyeti.model.Elevator moveTo
INFO: Elevator 2 reached floor 9
Nov 12, 2025 5:07:45 PM org.atyeti.model.Elevator moveTo
INFO: Elevator 3 reached floor 1
Nov 12, 2025 5:07:45 PM org.atyeti.model.Elevator moveTo
INFO: Elevator 3 moving from 1 to 2
Nov 12, 2025 5:07:45 PM org.atyeti.model.Elevator moveTo
INFO: Elevator 3 reached floor 2
Nov 12, 2025 5:07:46 PM org.atyeti.service.RequestDispatcher dispatch
INFO: Dispatcher: New Request{src=5, dest=4, priority=3}
Nov 12, 2025 5:07:46 PM org.atyeti.controller.ElevatorController assignRequest
INFO: Controller: Assigned Elevator 1 for Request{src=5, dest=4, priority=3}
Nov 12, 2025 5:07:46 PM org.atyeti.model.Elevator addRequest
INFO: Elevator 1 received Request{src=5, dest=4, priority=3}
Nov 12, 2025 5:07:46 PM org.atyeti.model.Elevator moveTo
INFO: Elevator 1 moving from 7 to 5
Nov 12, 2025 5:07:47 PM org.atyeti.model.Elevator moveTo
INFO: Elevator 1 reached floor 5
Nov 12, 2025 5:07:47 PM org.atyeti.model.Elevator moveTo
INFO: Elevator 1 moving from 5 to 4
Nov 12, 2025 5:07:47 PM org.atyeti.model.Elevator moveTo
INFO: Elevator 1 reached floor 4
Nov 12, 2025 5:07:48 PM org.atyeti.service.RequestDispatcher dispatch
INFO: Dispatcher: New Request{src=4, dest=8, priority=2}
Nov 12, 2025 5:07:48 PM org.atyeti.controller.ElevatorController assignRequest
INFO: Controller: Assigned Elevator 1 for Request{src=4, dest=8, priority=2}
Nov 12, 2025 5:07:48 PM org.atyeti.model.Elevator addRequest
INFO: Elevator 1 received Request{src=4, dest=8, priority=2}
Nov 12, 2025 5:07:48 PM org.atyeti.model.Elevator moveTo
INFO: Elevator 1 moving from 4 to 4
Nov 12, 2025 5:07:48 PM org.atyeti.model.Elevator moveTo
INFO: Elevator 1 reached floor 4
Nov 12, 2025 5:07:48 PM org.atyeti.model.Elevator moveTo
INFO: Elevator 1 moving from 4 to 8
Nov 12, 2025 5:07:50 PM org.atyeti.model.Elevator moveTo
INFO: Elevator 1 reached floor 8
Nov 12, 2025 5:07:50 PM org.atyeti.service.RequestDispatcher dispatch
INFO: Dispatcher: New Request{src=5, dest=0, priority=3}
Nov 12, 2025 5:07:50 PM org.atyeti.controller.ElevatorController assignRequest
INFO: Controller: Assigned Elevator 1 for Request{src=5, dest=0, priority=3}
Nov 12, 2025 5:07:50 PM org.atyeti.model.Elevator addRequest
INFO: Elevator 1 received Request{src=5, dest=0, priority=3}
Nov 12, 2025 5:07:50 PM org.atyeti.model.Elevator moveTo
INFO: Elevator 1 moving from 8 to 5
Nov 12, 2025 5:07:51 PM org.atyeti.model.Elevator moveTo
INFO: Elevator 1 reached floor 5
Nov 12, 2025 5:07:51 PM org.atyeti.model.Elevator moveTo
INFO: Elevator 1 moving from 5 to 0
Nov 12, 2025 5:07:52 PM org.atyeti.service.RequestDispatcher dispatch
INFO: Dispatcher: New Request{src=0, dest=2, priority=2}
Nov 12, 2025 5:07:52 PM org.atyeti.controller.ElevatorController assignRequest
INFO: Controller: Assigned Elevator 3 for Request{src=0, dest=2, priority=2}
Nov 12, 2025 5:07:52 PM org.atyeti.model.Elevator addRequest
INFO: Elevator 3 received Request{src=0, dest=2, priority=2}
Nov 12, 2025 5:07:52 PM org.atyeti.model.Elevator moveTo
INFO: Elevator 3 moving from 2 to 0
Nov 12, 2025 5:07:53 PM org.atyeti.model.Elevator moveTo
INFO: Elevator 3 reached floor 0
Nov 12, 2025 5:07:53 PM org.atyeti.model.Elevator moveTo
INFO: Elevator 3 moving from 0 to 2
Nov 12, 2025 5:07:53 PM org.atyeti.model.Elevator moveTo
INFO: Elevator 1 reached floor 0
Nov 12, 2025 5:07:54 PM org.atyeti.model.Elevator moveTo
INFO: Elevator 3 reached floor 2
Nov 12, 2025 5:07:54 PM org.atyeti.service.RequestDispatcher dispatch
INFO: Dispatcher: New Request{src=9, dest=4, priority=1}
Nov 12, 2025 5:07:54 PM org.atyeti.controller.ElevatorController assignRequest
INFO: Controller: Assigned Elevator 2 for Request{src=9, dest=4, priority=1}
Nov 12, 2025 5:07:54 PM org.atyeti.model.Elevator addRequest
INFO: Elevator 2 received Request{src=9, dest=4, priority=1}
Nov 12, 2025 5:07:54 PM org.atyeti.model.Elevator moveTo
INFO: Elevator 2 moving from 9 to 9
Nov 12, 2025 5:07:54 PM org.atyeti.model.Elevator moveTo
INFO: Elevator 2 reached floor 9
Nov 12, 2025 5:07:54 PM org.atyeti.model.Elevator moveTo
INFO: Elevator 2 moving from 9 to 4
Nov 12, 2025 5:07:56 PM org.atyeti.service.RequestDispatcher dispatch
INFO: Dispatcher: New Request{src=9, dest=6, priority=3}
Nov 12, 2025 5:07:56 PM org.atyeti.controller.ElevatorController assignRequest
INFO: Controller: Assigned Elevator 2 for Request{src=9, dest=6, priority=3}
Nov 12, 2025 5:07:56 PM org.atyeti.model.Elevator addRequest
INFO: Elevator 2 received Request{src=9, dest=6, priority=3}
Nov 12, 2025 5:07:56 PM org.atyeti.model.Elevator moveTo
INFO: Elevator 2 reached floor 4
Nov 12, 2025 5:07:56 PM org.atyeti.model.Elevator moveTo
INFO: Elevator 2 moving from 4 to 9
Nov 12, 2025 5:07:58 PM org.atyeti.model.Elevator moveTo
INFO: Elevator 2 reached floor 9
Nov 12, 2025 5:07:58 PM org.atyeti.model.Elevator moveTo
INFO: Elevator 2 moving from 9 to 6
Nov 12, 2025 5:07:58 PM org.atyeti.service.RequestDispatcher dispatch
INFO: Dispatcher: New Request{src=0, dest=9, priority=2}
Nov 12, 2025 5:07:58 PM org.atyeti.controller.ElevatorController assignRequest
INFO: Controller: Assigned Elevator 1 for Request{src=0, dest=9, priority=2}
Nov 12, 2025 5:07:58 PM org.atyeti.model.Elevator addRequest
INFO: Elevator 1 received Request{src=0, dest=9, priority=2}
Nov 12, 2025 5:07:58 PM org.atyeti.model.Elevator moveTo
INFO: Elevator 1 moving from 0 to 0
Nov 12, 2025 5:07:58 PM org.atyeti.model.Elevator moveTo
INFO: Elevator 1 reached floor 0
Nov 12, 2025 5:07:58 PM org.atyeti.model.Elevator moveTo
INFO: Elevator 1 moving from 0 to 9
Nov 12, 2025 5:07:59 PM org.atyeti.model.Elevator moveTo
INFO: Elevator 2 reached floor 6
Nov 12, 2025 5:08:00 PM org.atyeti.service.RequestDispatcher dispatch
INFO: Dispatcher: New Request{src=0, dest=3, priority=1}
Nov 12, 2025 5:08:00 PM org.atyeti.controller.ElevatorController assignRequest
INFO: Controller: Assigned Elevator 1 for Request{src=0, dest=3, priority=1}
Nov 12, 2025 5:08:00 PM org.atyeti.model.Elevator addRequest
INFO: Elevator 1 received Request{src=0, dest=3, priority=1}
Nov 12, 2025 5:08:02 PM org.atyeti.model.Elevator moveTo
INFO: Elevator 1 reached floor 9
Nov 12, 2025 5:08:02 PM org.atyeti.model.Elevator moveTo
INFO: Elevator 1 moving from 9 to 0
Nov 12, 2025 5:08:02 PM org.atyeti.service.RequestDispatcher dispatch
INFO: Dispatcher: New Request{src=8, dest=4, priority=2}
Nov 12, 2025 5:08:02 PM org.atyeti.controller.ElevatorController assignRequest
INFO: Controller: Assigned Elevator 1 for Request{src=8, dest=4, priority=2}
Nov 12, 2025 5:08:02 PM org.atyeti.model.Elevator addRequest
INFO: Elevator 1 received Request{src=8, dest=4, priority=2}
Nov 12, 2025 5:08:04 PM org.atyeti.service.RequestDispatcher dispatch
INFO: Dispatcher: New Request{src=9, dest=3, priority=1}
Nov 12, 2025 5:08:04 PM org.atyeti.controller.ElevatorController assignRequest
INFO: Controller: Assigned Elevator 1 for Request{src=9, dest=3, priority=1}
Nov 12, 2025 5:08:04 PM org.atyeti.model.Elevator addRequest
INFO: Elevator 1 received Request{src=9, dest=3, priority=1}
Nov 12, 2025 5:08:05 PM org.atyeti.model.Elevator moveTo
INFO: Elevator 1 reached floor 0
Nov 12, 2025 5:08:05 PM org.atyeti.model.Elevator moveTo
INFO: Elevator 1 moving from 0 to 3
Nov 12, 2025 5:08:06 PM org.atyeti.service.RequestDispatcher dispatch
INFO: Dispatcher: New Request{src=6, dest=0, priority=3}
Nov 12, 2025 5:08:06 PM org.atyeti.controller.ElevatorController assignRequest
INFO: Controller: Assigned Elevator 2 for Request{src=6, dest=0, priority=3}
Nov 12, 2025 5:08:06 PM org.atyeti.model.Elevator addRequest
INFO: Elevator 2 received Request{src=6, dest=0, priority=3}
Nov 12, 2025 5:08:06 PM org.atyeti.model.Elevator moveTo
INFO: Elevator 2 moving from 6 to 6
Nov 12, 2025 5:08:06 PM org.atyeti.model.Elevator moveTo
INFO: Elevator 2 reached floor 6
Nov 12, 2025 5:08:06 PM org.atyeti.model.Elevator moveTo
INFO: Elevator 2 moving from 6 to 0
Nov 12, 2025 5:08:06 PM org.atyeti.model.Elevator moveTo
INFO: Elevator 1 reached floor 3
Nov 12, 2025 5:08:06 PM org.atyeti.model.Elevator moveTo
INFO: Elevator 1 moving from 3 to 8
Nov 12, 2025 5:08:08 PM org.atyeti.service.RequestDispatcher dispatch
INFO: Dispatcher: New Request{src=8, dest=6, priority=3}
Nov 12, 2025 5:08:08 PM org.atyeti.controller.ElevatorController assignRequest
INFO: Controller: Assigned Elevator 2 for Request{src=8, dest=6, priority=3}
Nov 12, 2025 5:08:08 PM org.atyeti.model.Elevator addRequest
INFO: Elevator 2 received Request{src=8, dest=6, priority=3}
Nov 12, 2025 5:08:08 PM org.atyeti.model.Elevator moveTo
INFO: Elevator 2 reached floor 0
Nov 12, 2025 5:08:08 PM org.atyeti.model.Elevator moveTo
INFO: Elevator 1 reached floor 8
Nov 12, 2025 5:08:08 PM org.atyeti.model.Elevator moveTo
INFO: Elevator 2 moving from 0 to 8
Nov 12, 2025 5:08:08 PM org.atyeti.model.Elevator moveTo
INFO: Elevator 1 moving from 8 to 4
Nov 12, 2025 5:08:10 PM org.atyeti.service.RequestDispatcher dispatch
INFO: Dispatcher: New Request{src=4, dest=5, priority=1}
Nov 12, 2025 5:08:10 PM org.atyeti.controller.ElevatorController assignRequest
INFO: Controller: Assigned Elevator 3 for Request{src=4, dest=5, priority=1}
Nov 12, 2025 5:08:10 PM org.atyeti.model.Elevator addRequest
INFO: Elevator 3 received Request{src=4, dest=5, priority=1}
Nov 12, 2025 5:08:10 PM org.atyeti.model.Elevator moveTo
INFO: Elevator 3 moving from 2 to 4
Nov 12, 2025 5:08:10 PM org.atyeti.model.Elevator moveTo
INFO: Elevator 1 reached floor 4
Nov 12, 2025 5:08:10 PM org.atyeti.model.Elevator moveTo
INFO: Elevator 1 moving from 4 to 9
Nov 12, 2025 5:08:11 PM org.atyeti.model.Elevator moveTo
INFO: Elevator 3 reached floor 4
Nov 12, 2025 5:08:11 PM org.atyeti.model.Elevator moveTo
INFO: Elevator 3 moving from 4 to 5
Nov 12, 2025 5:08:11 PM org.atyeti.model.Elevator moveTo
INFO: Elevator 3 reached floor 5
Nov 12, 2025 5:08:12 PM org.atyeti.model.Elevator moveTo
INFO: Elevator 2 reached floor 8
Nov 12, 2025 5:08:12 PM org.atyeti.model.Elevator moveTo
INFO: Elevator 2 moving from 8 to 6
Nov 12, 2025 5:08:12 PM org.atyeti.service.RequestDispatcher dispatch
INFO: Dispatcher: New Request{src=6, dest=5, priority=2}
Nov 12, 2025 5:08:12 PM org.atyeti.controller.ElevatorController assignRequest
INFO: Controller: Assigned Elevator 3 for Request{src=6, dest=5, priority=2}
Nov 12, 2025 5:08:12 PM org.atyeti.model.Elevator addRequest
INFO: Elevator 3 received Request{src=6, dest=5, priority=2}
Nov 12, 2025 5:08:12 PM org.atyeti.model.Elevator moveTo
INFO: Elevator 3 moving from 5 to 6
Nov 12, 2025 5:08:12 PM org.atyeti.model.Elevator moveTo
INFO: Elevator 1 reached floor 9
Nov 12, 2025 5:08:12 PM org.atyeti.model.Elevator moveTo
INFO: Elevator 1 moving from 9 to 3
Nov 12, 2025 5:08:12 PM org.atyeti.model.Elevator moveTo
INFO: Elevator 2 reached floor 6
Nov 12, 2025 5:08:12 PM org.atyeti.model.Elevator moveTo
INFO: Elevator 3 reached floor 6
Nov 12, 2025 5:08:12 PM org.atyeti.model.Elevator moveTo
INFO: Elevator 3 moving from 6 to 5
Nov 12, 2025 5:08:13 PM org.atyeti.model.Elevator moveTo
INFO: Elevator 3 reached floor 5
Nov 12, 2025 5:08:14 PM org.atyeti.service.RequestDispatcher dispatch
INFO: Dispatcher: New Request{src=3, dest=4, priority=2}
Nov 12, 2025 5:08:14 PM org.atyeti.controller.ElevatorController assignRequest
INFO: Controller: Assigned Elevator 3 for Request{src=3, dest=4, priority=2}
Nov 12, 2025 5:08:14 PM org.atyeti.model.Elevator addRequest
INFO: Elevator 3 received Request{src=3, dest=4, priority=2}
Nov 12, 2025 5:08:14 PM org.atyeti.model.Elevator moveTo
INFO: Elevator 3 moving from 5 to 3
Nov 12, 2025 5:08:14 PM org.atyeti.model.Elevator moveTo
INFO: Elevator 1 reached floor 3
Nov 12, 2025 5:08:15 PM org.atyeti.model.Elevator moveTo
INFO: Elevator 3 reached floor 3
Nov 12, 2025 5:08:15 PM org.atyeti.model.Elevator moveTo
INFO: Elevator 3 moving from 3 to 4
Nov 12, 2025 5:08:15 PM org.atyeti.model.Elevator moveTo
INFO: Elevator 3 reached floor 4
Nov 12, 2025 5:08:16 PM org.atyeti.service.RequestDispatcher dispatch
INFO: Dispatcher: New Request{src=1, dest=6, priority=1}
Nov 12, 2025 5:08:16 PM org.atyeti.controller.ElevatorController assignRequest
INFO: Controller: Assigned Elevator 1 for Request{src=1, dest=6, priority=1}
Nov 12, 2025 5:08:16 PM org.atyeti.model.Elevator addRequest
INFO: Elevator 1 received Request{src=1, dest=6, priority=1}
Nov 12, 2025 5:08:16 PM org.atyeti.model.Elevator moveTo
INFO: Elevator 1 moving from 3 to 1
Nov 12, 2025 5:08:17 PM org.atyeti.model.Elevator moveTo
INFO: Elevator 1 reached floor 1
Nov 12, 2025 5:08:17 PM org.atyeti.model.Elevator moveTo
INFO: Elevator 1 moving from 1 to 6
Nov 12, 2025 5:08:18 PM org.atyeti.service.RequestDispatcher dispatch
INFO: Dispatcher: New Request{src=8, dest=7, priority=2}
Nov 12, 2025 5:08:18 PM org.atyeti.controller.ElevatorController assignRequest
INFO: Controller: Assigned Elevator 2 for Request{src=8, dest=7, priority=2}
Nov 12, 2025 5:08:18 PM org.atyeti.model.Elevator addRequest
INFO: Elevator 2 received Request{src=8, dest=7, priority=2}
Nov 12, 2025 5:08:18 PM org.atyeti.model.Elevator moveTo
INFO: Elevator 2 moving from 6 to 8
Nov 12, 2025 5:08:19 PM org.atyeti.model.Elevator moveTo
INFO: Elevator 2 reached floor 8
Nov 12, 2025 5:08:19 PM org.atyeti.model.Elevator moveTo
INFO: Elevator 2 moving from 8 to 7
Nov 12, 2025 5:08:19 PM org.atyeti.model.Elevator moveTo
INFO: Elevator 1 reached floor 6
Nov 12, 2025 5:08:19 PM org.atyeti.model.Elevator moveTo
INFO: Elevator 2 reached floor 7
Nov 12, 2025 5:08:20 PM org.atyeti.service.RequestDispatcher dispatch
INFO: Dispatcher: New Request{src=6, dest=7, priority=1}
Nov 12, 2025 5:08:20 PM org.atyeti.controller.ElevatorController assignRequest
INFO: Controller: Assigned Elevator 1 for Request{src=6, dest=7, priority=1}
Nov 12, 2025 5:08:20 PM org.atyeti.model.Elevator addRequest
INFO: Elevator 1 received Request{src=6, dest=7, priority=1}
Nov 12, 2025 5:08:20 PM org.atyeti.model.Elevator moveTo
INFO: Elevator 1 moving from 6 to 6
Nov 12, 2025 5:08:20 PM org.atyeti.model.Elevator moveTo
INFO: Elevator 1 reached floor 6
Nov 12, 2025 5:08:20 PM org.atyeti.model.Elevator moveTo
INFO: Elevator 1 moving from 6 to 7
Nov 12, 2025 5:08:20 PM org.atyeti.model.Elevator moveTo
INFO: Elevator 1 reached floor 7
Nov 12, 2025 5:08:22 PM org.atyeti.service.RequestDispatcher dispatch
INFO: Dispatcher: New Request{src=5, dest=7, priority=2}
Nov 12, 2025 5:08:22 PM org.atyeti.controller.ElevatorController assignRequest
INFO: Controller: Assigned Elevator 3 for Request{src=5, dest=7, priority=2}
Nov 12, 2025 5:08:22 PM org.atyeti.model.Elevator addRequest
INFO: Elevator 3 received Request{src=5, dest=7, priority=2}
Nov 12, 2025 5:08:22 PM org.atyeti.model.Elevator moveTo
INFO: Elevator 3 moving from 4 to 5
Nov 12, 2025 5:08:22 PM org.atyeti.model.Elevator moveTo
INFO: Elevator 3 reached floor 5
Nov 12, 2025 5:08:22 PM org.atyeti.model.Elevator moveTo
INFO: Elevator 3 moving from 5 to 7
Nov 12, 2025 5:08:23 PM org.atyeti.model.Elevator moveTo
INFO: Elevator 3 reached floor 7
Nov 12, 2025 5:08:24 PM org.atyeti.service.RequestDispatcher dispatch
INFO: Dispatcher: New Request{src=3, dest=7, priority=2}
Nov 12, 2025 5:08:24 PM org.atyeti.controller.ElevatorController assignRequest
INFO: Controller: Assigned Elevator 1 for Request{src=3, dest=7, priority=2}
Nov 12, 2025 5:08:24 PM org.atyeti.model.Elevator addRequest
INFO: Elevator 1 received Request{src=3, dest=7, priority=2}
Nov 12, 2025 5:08:24 PM org.atyeti.model.Elevator moveTo
INFO: Elevator 1 moving from 7 to 3
Nov 12, 2025 5:08:26 PM org.atyeti.model.Elevator moveTo
INFO: Elevator 1 reached floor 3
Nov 12, 2025 5:08:26 PM org.atyeti.model.Elevator moveTo
INFO: Elevator 1 moving from 3 to 7
Nov 12, 2025 5:08:26 PM org.atyeti.service.RequestDispatcher dispatch
INFO: Dispatcher: New Request{src=2, dest=6, priority=2}
Nov 12, 2025 5:08:26 PM org.atyeti.controller.ElevatorController assignRequest
INFO: Controller: Assigned Elevator 1 for Request{src=2, dest=6, priority=2}
Nov 12, 2025 5:08:26 PM org.atyeti.model.Elevator addRequest
INFO: Elevator 1 received Request{src=2, dest=6, priority=2}
Nov 12, 2025 5:08:27 PM org.atyeti.model.Elevator moveTo
INFO: Elevator 1 reached floor 7
Nov 12, 2025 5:08:27 PM org.atyeti.model.Elevator moveTo
INFO: Elevator 1 moving from 7 to 2
Nov 12, 2025 5:08:28 PM org.atyeti.service.RequestDispatcher dispatch
INFO: Dispatcher: New Request{src=3, dest=2, priority=2}
Nov 12, 2025 5:08:28 PM org.atyeti.controller.ElevatorController assignRequest
INFO: Controller: Assigned Elevator 1 for Request{src=3, dest=2, priority=2}
Nov 12, 2025 5:08:28 PM org.atyeti.model.Elevator addRequest
INFO: Elevator 1 received Request{src=3, dest=2, priority=2}
Nov 12, 2025 5:08:29 PM org.atyeti.model.Elevator moveTo
INFO: Elevator 1 reached floor 2
Nov 12, 2025 5:08:29 PM org.atyeti.model.Elevator moveTo
INFO: Elevator 1 moving from 2 to 6
Nov 12, 2025 5:08:30 PM org.atyeti.service.RequestDispatcher dispatch
INFO: Dispatcher: New Request{src=2, dest=7, priority=1}
Nov 12, 2025 5:08:30 PM org.atyeti.controller.ElevatorController assignRequest
INFO: Controller: Assigned Elevator 1 for Request{src=2, dest=7, priority=1}
Nov 12, 2025 5:08:30 PM org.atyeti.model.Elevator addRequest
INFO: Elevator 1 received Request{src=2, dest=7, priority=1}
Nov 12, 2025 5:08:31 PM org.atyeti.model.Elevator moveTo
INFO: Elevator 1 reached floor 6
Nov 12, 2025 5:08:31 PM org.atyeti.model.Elevator moveTo
INFO: Elevator 1 moving from 6 to 3
Nov 12, 2025 5:08:32 PM org.atyeti.service.RequestDispatcher dispatch
INFO: Dispatcher: New Request{src=1, dest=3, priority=2}
Nov 12, 2025 5:08:32 PM org.atyeti.controller.ElevatorController assignRequest
INFO: Controller: Assigned Elevator 1 for Request{src=1, dest=3, priority=2}
Nov 12, 2025 5:08:32 PM org.atyeti.model.Elevator addRequest
INFO: Elevator 1 received Request{src=1, dest=3, priority=2}
Nov 12, 2025 5:08:32 PM org.atyeti.model.Elevator moveTo
INFO: Elevator 1 reached floor 3
Nov 12, 2025 5:08:32 PM org.atyeti.model.Elevator moveTo
INFO: Elevator 1 moving from 3 to 2
Nov 12, 2025 5:08:32 PM org.atyeti.model.Elevator moveTo
INFO: Elevator 1 reached floor 2
Nov 12, 2025 5:08:32 PM org.atyeti.model.Elevator moveTo
INFO: Elevator 1 moving from 2 to 1
Nov 12, 2025 5:08:33 PM org.atyeti.model.Elevator moveTo
INFO: Elevator 1 reached floor 1
Nov 12, 2025 5:08:33 PM org.atyeti.model.Elevator moveTo
INFO: Elevator 1 moving from 1 to 3
Nov 12, 2025 5:08:34 PM org.atyeti.model.Elevator moveTo
INFO: Elevator 1 reached floor 3
Nov 12, 2025 5:08:34 PM org.atyeti.model.Elevator moveTo
INFO: Elevator 1 moving from 3 to 2
Nov 12, 2025 5:08:34 PM org.atyeti.service.RequestDispatcher dispatch
INFO: Dispatcher: New Request{src=6, dest=0, priority=3}
Nov 12, 2025 5:08:34 PM org.atyeti.controller.ElevatorController assignRequest
INFO: Controller: Assigned Elevator 2 for Request{src=6, dest=0, priority=3}
Nov 12, 2025 5:08:34 PM org.atyeti.model.Elevator addRequest
INFO: Elevator 2 received Request{src=6, dest=0, priority=3}
Nov 12, 2025 5:08:34 PM org.atyeti.model.Elevator moveTo
INFO: Elevator 2 moving from 7 to 6
Nov 12, 2025 5:08:34 PM org.atyeti.model.Elevator moveTo
INFO: Elevator 1 reached floor 2
Nov 12, 2025 5:08:34 PM org.atyeti.model.Elevator moveTo
INFO: Elevator 1 moving from 2 to 7
Nov 12, 2025 5:08:34 PM org.atyeti.model.Elevator moveTo
INFO: Elevator 2 reached floor 6
Nov 12, 2025 5:08:34 PM org.atyeti.model.Elevator moveTo
INFO: Elevator 2 moving from 6 to 0
Nov 12, 2025 5:08:36 PM org.atyeti.service.RequestDispatcher dispatch
INFO: Dispatcher: New Request{src=8, dest=0, priority=1}
Nov 12, 2025 5:08:36 PM org.atyeti.controller.ElevatorController assignRequest
INFO: Controller: Assigned Elevator 3 for Request{src=8, dest=0, priority=1}
Nov 12, 2025 5:08:36 PM org.atyeti.model.Elevator addRequest
INFO: Elevator 3 received Request{src=8, dest=0, priority=1}
Nov 12, 2025 5:08:36 PM org.atyeti.model.Elevator moveTo
INFO: Elevator 3 moving from 7 to 8
Nov 12, 2025 5:08:36 PM org.atyeti.model.Elevator moveTo
INFO: Elevator 1 reached floor 7
Nov 12, 2025 5:08:36 PM org.atyeti.model.Elevator moveTo
INFO: Elevator 3 reached floor 8
Nov 12, 2025 5:08:36 PM org.atyeti.model.Elevator moveTo
INFO: Elevator 3 moving from 8 to 0
Nov 12, 2025 5:08:37 PM org.atyeti.model.Elevator moveTo
INFO: Elevator 2 reached floor 0
Nov 12, 2025 5:08:38 PM org.atyeti.service.RequestDispatcher dispatch
INFO: Dispatcher: New Request{src=7, dest=2, priority=3}
Nov 12, 2025 5:08:38 PM org.atyeti.controller.ElevatorController assignRequest
INFO: Controller: Assigned Elevator 1 for Request{src=7, dest=2, priority=3}
Nov 12, 2025 5:08:38 PM org.atyeti.model.Elevator addRequest
INFO: Elevator 1 received Request{src=7, dest=2, priority=3}
Nov 12, 2025 5:08:38 PM org.atyeti.model.Elevator moveTo
INFO: Elevator 1 moving from 7 to 7
Nov 12, 2025 5:08:38 PM org.atyeti.model.Elevator moveTo
INFO: Elevator 1 reached floor 7
Nov 12, 2025 5:08:38 PM org.atyeti.model.Elevator moveTo
INFO: Elevator 1 moving from 7 to 2
Nov 12, 2025 5:08:40 PM org.atyeti.model.Elevator moveTo
INFO: Elevator 3 reached floor 0
Nov 12, 2025 5:08:40 PM org.atyeti.service.RequestDispatcher dispatch
INFO: Dispatcher: New Request{src=3, dest=8, priority=2}
Nov 12, 2025 5:08:40 PM org.atyeti.controller.ElevatorController assignRequest
INFO: Controller: Assigned Elevator 2 for Request{src=3, dest=8, priority=2}
Nov 12, 2025 5:08:40 PM org.atyeti.model.Elevator addRequest
INFO: Elevator 2 received Request{src=3, dest=8, priority=2}
Nov 12, 2025 5:08:40 PM org.atyeti.model.Elevator moveTo
INFO: Elevator 2 moving from 0 to 3
Nov 12, 2025 5:08:40 PM org.atyeti.model.Elevator moveTo
INFO: Elevator 1 reached floor 2
Nov 12, 2025 5:08:41 PM org.atyeti.model.Elevator moveTo
INFO: Elevator 2 reached floor 3
Nov 12, 2025 5:08:41 PM org.atyeti.model.Elevator moveTo
INFO: Elevator 2 moving from 3 to 8
Nov 12, 2025 5:08:42 PM org.atyeti.service.RequestDispatcher dispatch
INFO: Dispatcher: New Request{src=6, dest=0, priority=2}
Nov 12, 2025 5:08:42 PM org.atyeti.controller.ElevatorController assignRequest
INFO: Controller: Assigned Elevator 2 for Request{src=6, dest=0, priority=2}
Nov 12, 2025 5:08:42 PM org.atyeti.model.Elevator addRequest
INFO: Elevator 2 received Request{src=6, dest=0, priority=2}
Nov 12, 2025 5:08:43 PM org.atyeti.model.Elevator moveTo
INFO: Elevator 2 reached floor 8
Nov 12, 2025 5:08:43 PM org.atyeti.model.Elevator moveTo
INFO: Elevator 2 moving from 8 to 6
Nov 12, 2025 5:08:44 PM org.atyeti.service.RequestDispatcher dispatch
INFO: Dispatcher: New Request{src=9, dest=1, priority=1}
Nov 12, 2025 5:08:44 PM org.atyeti.controller.ElevatorController assignRequest
INFO: Controller: Assigned Elevator 2 for Request{src=9, dest=1, priority=1}
Nov 12, 2025 5:08:44 PM org.atyeti.model.Elevator addRequest
INFO: Elevator 2 received Request{src=9, dest=1, priority=1}
Nov 12, 2025 5:08:44 PM org.atyeti.model.Elevator moveTo
INFO: Elevator 2 reached floor 6
Nov 12, 2025 5:08:44 PM org.atyeti.model.Elevator moveTo
INFO: Elevator 2 moving from 6 to 0
Nov 12, 2025 5:08:46 PM org.atyeti.service.RequestDispatcher dispatch
INFO: Dispatcher: New Request{src=8, dest=5, priority=3}
Nov 12, 2025 5:08:46 PM org.atyeti.controller.ElevatorController assignRequest
INFO: Controller: Assigned Elevator 2 for Request{src=8, dest=5, priority=3}
Nov 12, 2025 5:08:46 PM org.atyeti.model.Elevator addRequest
INFO: Elevator 2 received Request{src=8, dest=5, priority=3}
Nov 12, 2025 5:08:46 PM org.atyeti.model.Elevator moveTo
INFO: Elevator 2 reached floor 0
Nov 12, 2025 5:08:46 PM org.atyeti.model.Elevator moveTo
INFO: Elevator 2 moving from 0 to 8
Nov 12, 2025 5:08:48 PM org.atyeti.service.RequestDispatcher dispatch
INFO: Dispatcher: New Request{src=6, dest=1, priority=1}
Nov 12, 2025 5:08:48 PM org.atyeti.controller.ElevatorController assignRequest
INFO: Controller: Assigned Elevator 1 for Request{src=6, dest=1, priority=1}
Nov 12, 2025 5:08:48 PM org.atyeti.model.Elevator addRequest
INFO: Elevator 1 received Request{src=6, dest=1, priority=1}
Nov 12, 2025 5:08:48 PM org.atyeti.model.Elevator moveTo
INFO: Elevator 1 moving from 2 to 6
Nov 12, 2025 5:08:50 PM org.atyeti.model.Elevator moveTo
INFO: Elevator 1 reached floor 6
Nov 12, 2025 5:08:50 PM org.atyeti.model.Elevator moveTo
INFO: Elevator 1 moving from 6 to 1
Nov 12, 2025 5:08:50 PM org.atyeti.model.Elevator moveTo
INFO: Elevator 2 reached floor 8
Nov 12, 2025 5:08:50 PM org.atyeti.model.Elevator moveTo
INFO: Elevator 2 moving from 8 to 5
Nov 12, 2025 5:08:50 PM org.atyeti.service.RequestDispatcher dispatch
INFO: Dispatcher: New Request{src=4, dest=2, priority=2}
Nov 12, 2025 5:08:50 PM org.atyeti.controller.ElevatorController assignRequest
INFO: Controller: Assigned Elevator 1 for Request{src=4, dest=2, priority=2}
Nov 12, 2025 5:08:50 PM org.atyeti.model.Elevator addRequest
INFO: Elevator 1 received Request{src=4, dest=2, priority=2}
Nov 12, 2025 5:08:51 PM org.atyeti.model.Elevator moveTo
INFO: Elevator 2 reached floor 5
Nov 12, 2025 5:08:51 PM org.atyeti.model.Elevator moveTo
INFO: Elevator 2 moving from 5 to 9
Nov 12, 2025 5:08:52 PM org.atyeti.model.Elevator moveTo
INFO: Elevator 1 reached floor 1
Nov 12, 2025 5:08:52 PM org.atyeti.model.Elevator moveTo
INFO: Elevator 1 moving from 1 to 4
Nov 12, 2025 5:08:52 PM org.atyeti.service.RequestDispatcher dispatch
INFO: Dispatcher: New Request{src=3, dest=5, priority=1}
Nov 12, 2025 5:08:52 PM org.atyeti.controller.ElevatorController assignRequest
INFO: Controller: Assigned Elevator 1 for Request{src=3, dest=5, priority=1}
Nov 12, 2025 5:08:52 PM org.atyeti.model.Elevator addRequest
INFO: Elevator 1 received Request{src=3, dest=5, priority=1}
Nov 12, 2025 5:08:52 PM org.atyeti.model.Elevator moveTo
INFO: Elevator 2 reached floor 9
Nov 12, 2025 5:08:52 PM org.atyeti.model.Elevator moveTo
INFO: Elevator 2 moving from 9 to 1
Nov 12, 2025 5:08:53 PM org.atyeti.model.Elevator moveTo
INFO: Elevator 1 reached floor 4
Nov 12, 2025 5:08:53 PM org.atyeti.model.Elevator moveTo
INFO: Elevator 1 moving from 4 to 2
Nov 12, 2025 5:08:54 PM org.atyeti.model.Elevator moveTo
INFO: Elevator 1 reached floor 2
Nov 12, 2025 5:08:54 PM org.atyeti.model.Elevator moveTo
INFO: Elevator 1 moving from 2 to 3
Nov 12, 2025 5:08:54 PM org.atyeti.service.RequestDispatcher dispatch
INFO: Dispatcher: New Request{src=6, dest=2, priority=3}
Nov 12, 2025 5:08:54 PM org.atyeti.controller.ElevatorController assignRequest
INFO: Controller: Assigned Elevator 2 for Request{src=6, dest=2, priority=3}
Nov 12, 2025 5:08:54 PM org.atyeti.model.Elevator addRequest
INFO: Elevator 2 received Request{src=6, dest=2, priority=3}
Nov 12, 2025 5:08:54 PM org.atyeti.model.Elevator moveTo
INFO: Elevator 1 reached floor 3
Nov 12, 2025 5:08:54 PM org.atyeti.model.Elevator moveTo
INFO: Elevator 1 moving from 3 to 5
Nov 12, 2025 5:08:55 PM org.atyeti.model.Elevator moveTo
INFO: Elevator 1 reached floor 5
Nov 12, 2025 5:08:56 PM org.atyeti.model.Elevator moveTo
INFO: Elevator 2 reached floor 1
Nov 12, 2025 5:08:56 PM org.atyeti.model.Elevator moveTo
INFO: Elevator 2 moving from 1 to 6
Nov 12, 2025 5:08:56 PM org.atyeti.service.RequestDispatcher dispatch
INFO: Dispatcher: New Request{src=2, dest=6, priority=1}
Nov 12, 2025 5:08:56 PM org.atyeti.controller.ElevatorController assignRequest
INFO: Controller: Assigned Elevator 2 for Request{src=2, dest=6, priority=1}
Nov 12, 2025 5:08:56 PM org.atyeti.model.Elevator addRequest
INFO: Elevator 2 received Request{src=2, dest=6, priority=1}
Nov 12, 2025 5:08:58 PM org.atyeti.model.Elevator moveTo
INFO: Elevator 2 reached floor 6
Nov 12, 2025 5:08:58 PM org.atyeti.model.Elevator moveTo
INFO: Elevator 2 moving from 6 to 2
Nov 12, 2025 5:08:58 PM org.atyeti.service.RequestDispatcher dispatch
INFO: Dispatcher: New Request{src=8, dest=4, priority=2}
Nov 12, 2025 5:08:58 PM org.atyeti.controller.ElevatorController assignRequest
INFO: Controller: Assigned Elevator 1 for Request{src=8, dest=4, priority=2}
Nov 12, 2025 5:08:58 PM org.atyeti.model.Elevator addRequest
INFO: Elevator 1 received Request{src=8, dest=4, priority=2}
Nov 12, 2025 5:08:58 PM org.atyeti.model.Elevator moveTo
INFO: Elevator 1 moving from 5 to 8
Nov 12, 2025 5:08:59 PM org.atyeti.model.Elevator moveTo
INFO: Elevator 1 reached floor 8
Nov 12, 2025 5:08:59 PM org.atyeti.model.Elevator moveTo
INFO: Elevator 1 moving from 8 to 4
Nov 12, 2025 5:08:59 PM org.atyeti.model.Elevator moveTo
INFO: Elevator 2 reached floor 2
Nov 12, 2025 5:08:59 PM org.atyeti.model.Elevator moveTo
INFO: Elevator 2 moving from 2 to 2
Nov 12, 2025 5:08:59 PM org.atyeti.model.Elevator moveTo
INFO: Elevator 2 reached floor 2
Nov 12, 2025 5:08:59 PM org.atyeti.model.Elevator moveTo
INFO: Elevator 2 moving from 2 to 6
Nov 12, 2025 5:09:00 PM org.atyeti.service.RequestDispatcher dispatch
INFO: Dispatcher: New Request{src=1, dest=2, priority=3}
Nov 12, 2025 5:09:00 PM org.atyeti.controller.ElevatorController assignRequest
INFO: Controller: Assigned Elevator 2 for Request{src=1, dest=2, priority=3}
Nov 12, 2025 5:09:00 PM org.atyeti.model.Elevator addRequest
INFO: Elevator 2 received Request{src=1, dest=2, priority=3}
Nov 12, 2025 5:09:01 PM org.atyeti.model.Elevator moveTo
INFO: Elevator 1 reached floor 4
Nov 12, 2025 5:09:01 PM org.atyeti.model.Elevator moveTo
INFO: Elevator 2 reached floor 6
Nov 12, 2025 5:09:01 PM org.atyeti.model.Elevator moveTo
INFO: Elevator 2 moving from 6 to 1
Nov 12, 2025 5:09:02 PM org.atyeti.service.RequestDispatcher dispatch
INFO: Dispatcher: New Request{src=6, dest=4, priority=3}
Nov 12, 2025 5:09:02 PM org.atyeti.controller.ElevatorController assignRequest
INFO: Controller: Assigned Elevator 2 for Request{src=6, dest=4, priority=3}
Nov 12, 2025 5:09:02 PM org.atyeti.model.Elevator addRequest
INFO: Elevator 2 received Request{src=6, dest=4, priority=3}
Nov 12, 2025 5:09:03 PM org.atyeti.model.Elevator moveTo
INFO: Elevator 2 reached floor 1
Nov 12, 2025 5:09:03 PM org.atyeti.model.Elevator moveTo
INFO: Elevator 2 moving from 1 to 2
Nov 12, 2025 5:09:03 PM org.atyeti.model.Elevator moveTo
INFO: Elevator 2 reached floor 2
Nov 12, 2025 5:09:03 PM org.atyeti.model.Elevator moveTo
INFO: Elevator 2 moving from 2 to 6
Nov 12, 2025 5:09:04 PM org.atyeti.service.RequestDispatcher dispatch
INFO: Dispatcher: New Request{src=1, dest=7, priority=3}
Nov 12, 2025 5:09:04 PM org.atyeti.controller.ElevatorController assignRequest
INFO: Controller: Assigned Elevator 2 for Request{src=1, dest=7, priority=3}
Nov 12, 2025 5:09:04 PM org.atyeti.model.Elevator addRequest
INFO: Elevator 2 received Request{src=1, dest=7, priority=3}
Nov 12, 2025 5:09:05 PM org.atyeti.model.Elevator moveTo
INFO: Elevator 2 reached floor 6
Nov 12, 2025 5:09:05 PM org.atyeti.model.Elevator moveTo
INFO: Elevator 2 moving from 6 to 4
Nov 12, 2025 5:09:06 PM org.atyeti.model.Elevator moveTo
INFO: Elevator 2 reached floor 4
Nov 12, 2025 5:09:06 PM org.atyeti.model.Elevator moveTo
INFO: Elevator 2 moving from 4 to 1
Nov 12, 2025 5:09:06 PM org.atyeti.service.RequestDispatcher dispatch
INFO: Dispatcher: New Request{src=9, dest=3, priority=1}
Nov 12, 2025 5:09:06 PM org.atyeti.controller.ElevatorController assignRequest
INFO: Controller: Assigned Elevator 1 for Request{src=9, dest=3, priority=1}
Nov 12, 2025 5:09:06 PM org.atyeti.model.Elevator addRequest
INFO: Elevator 1 received Request{src=9, dest=3, priority=1}
Nov 12, 2025 5:09:06 PM org.atyeti.model.Elevator moveTo
INFO: Elevator 1 moving from 4 to 9
Nov 12, 2025 5:09:07 PM org.atyeti.model.Elevator moveTo
INFO: Elevator 2 reached floor 1
Nov 12, 2025 5:09:07 PM org.atyeti.model.Elevator moveTo
INFO: Elevator 2 moving from 1 to 7
Nov 12, 2025 5:09:08 PM org.atyeti.service.RequestDispatcher dispatch
INFO: Dispatcher: New Request{src=1, dest=7, priority=2}
Nov 12, 2025 5:09:08 PM org.atyeti.controller.ElevatorController assignRequest
INFO: Controller: Assigned Elevator 2 for Request{src=1, dest=7, priority=2}
Nov 12, 2025 5:09:08 PM org.atyeti.model.Elevator addRequest
INFO: Elevator 2 received Request{src=1, dest=7, priority=2}
Nov 12, 2025 5:09:08 PM org.atyeti.model.Elevator moveTo
INFO: Elevator 1 reached floor 9
Nov 12, 2025 5:09:08 PM org.atyeti.model.Elevator moveTo
INFO: Elevator 1 moving from 9 to 3
Nov 12, 2025 5:09:09 PM org.atyeti.model.Elevator moveTo
INFO: Elevator 2 reached floor 7
Nov 12, 2025 5:09:09 PM org.atyeti.model.Elevator moveTo
INFO: Elevator 2 moving from 7 to 1
Nov 12, 2025 5:09:10 PM org.atyeti.service.RequestDispatcher dispatch
INFO: Dispatcher: New Request{src=8, dest=4, priority=3}
Nov 12, 2025 5:09:10 PM org.atyeti.controller.ElevatorController assignRequest
INFO: Controller: Assigned Elevator 1 for Request{src=8, dest=4, priority=3}
Nov 12, 2025 5:09:10 PM org.atyeti.model.Elevator addRequest
INFO: Elevator 1 received Request{src=8, dest=4, priority=3}
Nov 12, 2025 5:09:11 PM org.atyeti.model.Elevator moveTo
INFO: Elevator 1 reached floor 3
Nov 12, 2025 5:09:11 PM org.atyeti.model.Elevator moveTo
INFO: Elevator 1 moving from 3 to 8
Nov 12, 2025 5:09:12 PM org.atyeti.model.Elevator moveTo
INFO: Elevator 2 reached floor 1
Nov 12, 2025 5:09:12 PM org.atyeti.model.Elevator moveTo
INFO: Elevator 2 moving from 1 to 7
Nov 12, 2025 5:09:12 PM org.atyeti.service.RequestDispatcher dispatch
INFO: Dispatcher: New Request{src=2, dest=4, priority=1}
Nov 12, 2025 5:09:12 PM org.atyeti.controller.ElevatorController assignRequest
INFO: Controller: Assigned Elevator 1 for Request{src=2, dest=4, priority=1}
Nov 12, 2025 5:09:12 PM org.atyeti.model.Elevator addRequest
INFO: Elevator 1 received Request{src=2, dest=4, priority=1}
Nov 12, 2025 5:09:13 PM org.atyeti.model.Elevator moveTo
INFO: Elevator 1 reached floor 8
Nov 12, 2025 5:09:13 PM org.atyeti.model.Elevator moveTo
INFO: Elevator 1 moving from 8 to 4
Nov 12, 2025 5:09:14 PM org.atyeti.service.RequestDispatcher dispatch
INFO: Dispatcher: New Request{src=4, dest=0, priority=1}
Nov 12, 2025 5:09:14 PM org.atyeti.controller.ElevatorController assignRequest
INFO: Controller: Assigned Elevator 2 for Request{src=4, dest=0, priority=1}
Nov 12, 2025 5:09:14 PM org.atyeti.model.Elevator addRequest
INFO: Elevator 2 received Request{src=4, dest=0, priority=1}
Nov 12, 2025 5:09:14 PM org.atyeti.model.Elevator moveTo
INFO: Elevator 1 reached floor 4
Nov 12, 2025 5:09:14 PM org.atyeti.model.Elevator moveTo
INFO: Elevator 1 moving from 4 to 2
Nov 12, 2025 5:09:14 PM org.atyeti.model.Elevator moveTo
INFO: Elevator 2 reached floor 7
Nov 12, 2025 5:09:14 PM org.atyeti.model.Elevator moveTo
INFO: Elevator 2 moving from 7 to 4
Nov 12, 2025 5:09:15 PM org.atyeti.model.Elevator moveTo
INFO: Elevator 1 reached floor 2
Nov 12, 2025 5:09:15 PM org.atyeti.model.Elevator moveTo
INFO: Elevator 1 moving from 2 to 4
Nov 12, 2025 5:09:15 PM org.atyeti.model.Elevator moveTo
INFO: Elevator 2 reached floor 4
Nov 12, 2025 5:09:15 PM org.atyeti.model.Elevator moveTo
INFO: Elevator 2 moving from 4 to 0
Nov 12, 2025 5:09:16 PM org.atyeti.model.Elevator moveTo
INFO: Elevator 1 reached floor 4
Nov 12, 2025 5:09:16 PM org.atyeti.service.RequestDispatcher dispatch
INFO: Dispatcher: New Request{src=0, dest=2, priority=3}
Nov 12, 2025 5:09:16 PM org.atyeti.controller.ElevatorController assignRequest
INFO: Controller: Assigned Elevator 3 for Request{src=0, dest=2, priority=3}
Nov 12, 2025 5:09:16 PM org.atyeti.model.Elevator addRequest
INFO: Elevator 3 received Request{src=0, dest=2, priority=3}
Nov 12, 2025 5:09:16 PM org.atyeti.model.Elevator moveTo
INFO: Elevator 3 moving from 0 to 0
Nov 12, 2025 5:09:16 PM org.atyeti.model.Elevator moveTo
INFO: Elevator 3 reached floor 0
Nov 12, 2025 5:09:16 PM org.atyeti.model.Elevator moveTo
INFO: Elevator 3 moving from 0 to 2
Nov 12, 2025 5:09:17 PM org.atyeti.model.Elevator moveTo
INFO: Elevator 3 reached floor 2
Nov 12, 2025 5:09:17 PM org.atyeti.model.Elevator moveTo
INFO: Elevator 2 reached floor 0
Nov 12, 2025 5:09:18 PM org.atyeti.service.RequestDispatcher dispatch
INFO: Dispatcher: New Request{src=8, dest=5, priority=1}
Nov 12, 2025 5:09:18 PM org.atyeti.controller.ElevatorController assignRequest
INFO: Controller: Assigned Elevator 1 for Request{src=8, dest=5, priority=1}
Nov 12, 2025 5:09:18 PM org.atyeti.model.Elevator addRequest
INFO: Elevator 1 received Request{src=8, dest=5, priority=1}
Nov 12, 2025 5:09:18 PM org.atyeti.model.Elevator moveTo
INFO: Elevator 1 moving from 4 to 8
Nov 12, 2025 5:09:20 PM org.atyeti.model.Elevator moveTo
INFO: Elevator 1 reached floor 8
Nov 12, 2025 5:09:20 PM org.atyeti.model.Elevator moveTo
INFO: Elevator 1 moving from 8 to 5
Nov 12, 2025 5:09:20 PM org.atyeti.service.RequestDispatcher dispatch
INFO: Dispatcher: New Request{src=8, dest=0, priority=2}
Nov 12, 2025 5:09:20 PM org.atyeti.controller.ElevatorController assignRequest
INFO: Controller: Assigned Elevator 1 for Request{src=8, dest=0, priority=2}
Nov 12, 2025 5:09:20 PM org.atyeti.model.Elevator addRequest
INFO: Elevator 1 received Request{src=8, dest=0, priority=2}
Nov 12, 2025 5:09:21 PM org.atyeti.model.Elevator moveTo
INFO: Elevator 1 reached floor 5
Nov 12, 2025 5:09:21 PM org.atyeti.model.Elevator moveTo
INFO: Elevator 1 moving from 5 to 8
Nov 12, 2025 5:09:22 PM org.atyeti.service.RequestDispatcher dispatch
INFO: Dispatcher: New Request{src=4, dest=9, priority=3}
Nov 12, 2025 5:09:22 PM org.atyeti.controller.ElevatorController assignRequest
INFO: Controller: Assigned Elevator 1 for Request{src=4, dest=9, priority=3}
Nov 12, 2025 5:09:22 PM org.atyeti.model.Elevator addRequest
INFO: Elevator 1 received Request{src=4, dest=9, priority=3}
Nov 12, 2025 5:09:22 PM org.atyeti.model.Elevator moveTo
INFO: Elevator 1 reached floor 8
Nov 12, 2025 5:09:22 PM org.atyeti.model.Elevator moveTo
INFO: Elevator 1 moving from 8 to 0
Nov 12, 2025 5:09:24 PM org.atyeti.service.RequestDispatcher dispatch
INFO: Dispatcher: New Request{src=5, dest=6, priority=3}
Nov 12, 2025 5:09:24 PM org.atyeti.controller.ElevatorController assignRequest
INFO: Controller: Assigned Elevator 3 for Request{src=5, dest=6, priority=3}
Nov 12, 2025 5:09:24 PM org.atyeti.model.Elevator addRequest
INFO: Elevator 3 received Request{src=5, dest=6, priority=3}
Nov 12, 2025 5:09:24 PM org.atyeti.model.Elevator moveTo
INFO: Elevator 3 moving from 2 to 5
Nov 12, 2025 5:09:25 PM org.atyeti.model.Elevator moveTo
INFO: Elevator 1 reached floor 0
Nov 12, 2025 5:09:25 PM org.atyeti.model.Elevator moveTo
INFO: Elevator 1 moving from 0 to 4
Nov 12, 2025 5:09:25 PM org.atyeti.model.Elevator moveTo
INFO: Elevator 3 reached floor 5
Nov 12, 2025 5:09:25 PM org.atyeti.model.Elevator moveTo
INFO: Elevator 3 moving from 5 to 6
Nov 12, 2025 5:09:26 PM org.atyeti.model.Elevator moveTo
INFO: Elevator 3 reached floor 6
Nov 12, 2025 5:09:26 PM org.atyeti.service.RequestDispatcher dispatch
INFO: Dispatcher: New Request{src=0, dest=7, priority=3}
Nov 12, 2025 5:09:26 PM org.atyeti.controller.ElevatorController assignRequest
INFO: Controller: Assigned Elevator 1 for Request{src=0, dest=7, priority=3}
Nov 12, 2025 5:09:26 PM org.atyeti.model.Elevator addRequest
INFO: Elevator 1 received Request{src=0, dest=7, priority=3}
Nov 12, 2025 5:09:27 PM org.atyeti.model.Elevator moveTo
INFO: Elevator 1 reached floor 4
Nov 12, 2025 5:09:27 PM org.atyeti.model.Elevator moveTo
INFO: Elevator 1 moving from 4 to 9
Nov 12, 2025 5:09:28 PM org.atyeti.service.RequestDispatcher dispatch
INFO: Dispatcher: New Request{src=2, dest=3, priority=3}
Nov 12, 2025 5:09:28 PM org.atyeti.controller.ElevatorController assignRequest
INFO: Controller: Assigned Elevator 2 for Request{src=2, dest=3, priority=3}
Nov 12, 2025 5:09:28 PM org.atyeti.model.Elevator addRequest
INFO: Elevator 2 received Request{src=2, dest=3, priority=3}
Nov 12, 2025 5:09:28 PM org.atyeti.model.Elevator moveTo
INFO: Elevator 2 moving from 0 to 2
Nov 12, 2025 5:09:29 PM org.atyeti.model.Elevator moveTo
INFO: Elevator 1 reached floor 9
Nov 12, 2025 5:09:29 PM org.atyeti.model.Elevator moveTo
INFO: Elevator 1 moving from 9 to 0
Nov 12, 2025 5:09:29 PM org.atyeti.model.Elevator moveTo
INFO: Elevator 2 reached floor 2
Nov 12, 2025 5:09:29 PM org.atyeti.model.Elevator moveTo
INFO: Elevator 2 moving from 2 to 3
Nov 12, 2025 5:09:29 PM org.atyeti.model.Elevator moveTo
INFO: Elevator 2 reached floor 3
Nov 12, 2025 5:09:30 PM org.atyeti.service.RequestDispatcher dispatch
INFO: Dispatcher: New Request{src=2, dest=8, priority=2}
Nov 12, 2025 5:09:30 PM org.atyeti.controller.ElevatorController assignRequest
INFO: Controller: Assigned Elevator 2 for Request{src=2, dest=8, priority=2}
Nov 12, 2025 5:09:30 PM org.atyeti.model.Elevator addRequest
INFO: Elevator 2 received Request{src=2, dest=8, priority=2}
Nov 12, 2025 5:09:30 PM org.atyeti.model.Elevator moveTo
INFO: Elevator 2 moving from 3 to 2
Nov 12, 2025 5:09:31 PM org.atyeti.model.Elevator moveTo
INFO: Elevator 2 reached floor 2
Nov 12, 2025 5:09:31 PM org.atyeti.model.Elevator moveTo
INFO: Elevator 2 moving from 2 to 8
Nov 12, 2025 5:09:32 PM org.atyeti.service.RequestDispatcher dispatch
INFO: Dispatcher: New Request{src=4, dest=2, priority=1}
Nov 12, 2025 5:09:32 PM org.atyeti.controller.ElevatorController assignRequest
INFO: Controller: Assigned Elevator 2 for Request{src=4, dest=2, priority=1}
Nov 12, 2025 5:09:32 PM org.atyeti.model.Elevator addRequest
INFO: Elevator 2 received Request{src=4, dest=2, priority=1}
Nov 12, 2025 5:09:33 PM org.atyeti.model.Elevator moveTo
INFO: Elevator 1 reached floor 0
Nov 12, 2025 5:09:33 PM org.atyeti.model.Elevator moveTo
INFO: Elevator 1 moving from 0 to 7
Nov 12, 2025 5:09:33 PM org.atyeti.model.Elevator moveTo
INFO: Elevator 2 reached floor 8
Nov 12, 2025 5:09:33 PM org.atyeti.model.Elevator moveTo
INFO: Elevator 2 moving from 8 to 4
Nov 12, 2025 5:09:34 PM org.atyeti.service.RequestDispatcher dispatch
INFO: Dispatcher: New Request{src=2, dest=9, priority=2}
Nov 12, 2025 5:09:34 PM org.atyeti.controller.ElevatorController assignRequest
INFO: Controller: Assigned Elevator 1 for Request{src=2, dest=9, priority=2}
Nov 12, 2025 5:09:34 PM org.atyeti.model.Elevator addRequest
INFO: Elevator 1 received Request{src=2, dest=9, priority=2}
Nov 12, 2025 5:09:35 PM org.atyeti.model.Elevator moveTo
INFO: Elevator 2 reached floor 4
Nov 12, 2025 5:09:35 PM org.atyeti.model.Elevator moveTo
INFO: Elevator 2 moving from 4 to 2
Nov 12, 2025 5:09:35 PM org.atyeti.model.Elevator moveTo
INFO: Elevator 1 reached floor 7
Nov 12, 2025 5:09:35 PM org.atyeti.model.Elevator moveTo
INFO: Elevator 1 moving from 7 to 2
Nov 12, 2025 5:09:35 PM org.atyeti.model.Elevator moveTo
INFO: Elevator 2 reached floor 2
Nov 12, 2025 5:09:36 PM org.atyeti.service.RequestDispatcher dispatch
INFO: Dispatcher: New Request{src=7, dest=2, priority=3}
Nov 12, 2025 5:09:36 PM org.atyeti.controller.ElevatorController assignRequest
INFO: Controller: Assigned Elevator 1 for Request{src=7, dest=2, priority=3}
Nov 12, 2025 5:09:36 PM org.atyeti.model.Elevator addRequest
INFO: Elevator 1 received Request{src=7, dest=2, priority=3}
Nov 12, 2025 5:09:37 PM org.atyeti.model.Elevator moveTo
INFO: Elevator 1 reached floor 2
Nov 12, 2025 5:09:37 PM org.atyeti.model.Elevator moveTo
INFO: Elevator 1 moving from 2 to 9
Nov 12, 2025 5:09:38 PM org.atyeti.service.RequestDispatcher dispatch
INFO: Dispatcher: New Request{src=2, dest=7, priority=1}
Nov 12, 2025 5:09:38 PM org.atyeti.controller.ElevatorController assignRequest
INFO: Controller: Assigned Elevator 2 for Request{src=2, dest=7, priority=1}
Nov 12, 2025 5:09:38 PM org.atyeti.model.Elevator addRequest
INFO: Elevator 2 received Request{src=2, dest=7, priority=1}
Nov 12, 2025 5:09:38 PM org.atyeti.model.Elevator moveTo
INFO: Elevator 2 moving from 2 to 2
Nov 12, 2025 5:09:38 PM org.atyeti.model.Elevator moveTo
INFO: Elevator 2 reached floor 2
Nov 12, 2025 5:09:38 PM org.atyeti.model.Elevator moveTo
INFO: Elevator 2 moving from 2 to 7
Nov 12, 2025 5:09:40 PM org.atyeti.model.Elevator moveTo
INFO: Elevator 2 reached floor 7
Nov 12, 2025 5:09:40 PM org.atyeti.service.RequestDispatcher dispatch
INFO: Dispatcher: New Request{src=4, dest=1, priority=2}
Nov 12, 2025 5:09:40 PM org.atyeti.controller.ElevatorController assignRequest
INFO: Controller: Assigned Elevator 3 for Request{src=4, dest=1, priority=2}
Nov 12, 2025 5:09:40 PM org.atyeti.model.Elevator addRequest
INFO: Elevator 3 received Request{src=4, dest=1, priority=2}
Nov 12, 2025 5:09:40 PM org.atyeti.model.Elevator moveTo
INFO: Elevator 3 moving from 6 to 4
Nov 12, 2025 5:09:40 PM org.atyeti.model.Elevator moveTo
INFO: Elevator 1 reached floor 9
Nov 12, 2025 5:09:40 PM org.atyeti.model.Elevator moveTo
INFO: Elevator 1 moving from 9 to 7
Nov 12, 2025 5:09:41 PM org.atyeti.model.Elevator moveTo
INFO: Elevator 3 reached floor 4
Nov 12, 2025 5:09:41 PM org.atyeti.model.Elevator moveTo
INFO: Elevator 3 moving from 4 to 1
Nov 12, 2025 5:09:41 PM org.atyeti.model.Elevator moveTo
INFO: Elevator 1 reached floor 7
Nov 12, 2025 5:09:41 PM org.atyeti.model.Elevator moveTo
INFO: Elevator 1 moving from 7 to 2
Nov 12, 2025 5:09:42 PM org.atyeti.service.RequestDispatcher dispatch
INFO: Dispatcher: New Request{src=0, dest=1, priority=1}
Nov 12, 2025 5:09:42 PM org.atyeti.controller.ElevatorController assignRequest
INFO: Controller: Assigned Elevator 3 for Request{src=0, dest=1, priority=1}
Nov 12, 2025 5:09:42 PM org.atyeti.model.Elevator addRequest
INFO: Elevator 3 received Request{src=0, dest=1, priority=1}
Nov 12, 2025 5:09:42 PM org.atyeti.model.Elevator moveTo
INFO: Elevator 3 reached floor 1
Nov 12, 2025 5:09:42 PM org.atyeti.model.Elevator moveTo
INFO: Elevator 3 moving from 1 to 0
Nov 12, 2025 5:09:43 PM org.atyeti.model.Elevator moveTo
INFO: Elevator 3 reached floor 0
Nov 12, 2025 5:09:43 PM org.atyeti.model.Elevator moveTo
INFO: Elevator 3 moving from 0 to 1
Nov 12, 2025 5:09:43 PM org.atyeti.model.Elevator moveTo
INFO: Elevator 1 reached floor 2
Nov 12, 2025 5:09:43 PM org.atyeti.model.Elevator moveTo
INFO: Elevator 3 reached floor 1
Nov 12, 2025 5:09:44 PM org.atyeti.service.RequestDispatcher dispatch
INFO: Dispatcher: New Request{src=4, dest=0, priority=2}
Nov 12, 2025 5:09:44 PM org.atyeti.controller.ElevatorController assignRequest
INFO: Controller: Assigned Elevator 1 for Request{src=4, dest=0, priority=2}
Nov 12, 2025 5:09:44 PM org.atyeti.model.Elevator moveTo
INFO: Elevator 1 moving from 2 to 4
Nov 12, 2025 5:09:44 PM org.atyeti.model.Elevator addRequest
INFO: Elevator 1 received Request{src=4, dest=0, priority=2}
Nov 12, 2025 5:09:45 PM org.atyeti.model.Elevator moveTo
INFO: Elevator 1 reached floor 4
Nov 12, 2025 5:09:45 PM org.atyeti.model.Elevator moveTo
INFO: Elevator 1 moving from 4 to 0
Nov 12, 2025 5:09:46 PM org.atyeti.service.RequestDispatcher dispatch
INFO: Dispatcher: New Request{src=6, dest=1, priority=1}
Nov 12, 2025 5:09:46 PM org.atyeti.controller.ElevatorController assignRequest
INFO: Controller: Assigned Elevator 2 for Request{src=6, dest=1, priority=1}
Nov 12, 2025 5:09:46 PM org.atyeti.model.Elevator addRequest
INFO: Elevator 2 received Request{src=6, dest=1, priority=1}
Nov 12, 2025 5:09:46 PM org.atyeti.model.Elevator moveTo
INFO: Elevator 2 moving from 7 to 6
Nov 12, 2025 5:09:47 PM org.atyeti.model.Elevator moveTo
INFO: Elevator 1 reached floor 0
Nov 12, 2025 5:09:47 PM org.atyeti.model.Elevator moveTo
INFO: Elevator 2 reached floor 6
Nov 12, 2025 5:09:47 PM org.atyeti.model.Elevator moveTo
INFO: Elevator 2 moving from 6 to 1
Nov 12, 2025 5:09:48 PM org.atyeti.service.RequestDispatcher dispatch
INFO: Dispatcher: New Request{src=7, dest=3, priority=3}
Nov 12, 2025 5:09:48 PM org.atyeti.controller.ElevatorController assignRequest
INFO: Controller: Assigned Elevator 2 for Request{src=7, dest=3, priority=3}
Nov 12, 2025 5:09:48 PM org.atyeti.model.Elevator addRequest
INFO: Elevator 2 received Request{src=7, dest=3, priority=3}
Nov 12, 2025 5:09:49 PM org.atyeti.model.Elevator moveTo
INFO: Elevator 2 reached floor 1
Nov 12, 2025 5:09:49 PM org.atyeti.model.Elevator moveTo
INFO: Elevator 2 moving from 1 to 7
Nov 12, 2025 5:09:50 PM org.atyeti.service.RequestDispatcher dispatch
INFO: Dispatcher: New Request{src=0, dest=4, priority=2}
Nov 12, 2025 5:09:50 PM org.atyeti.controller.ElevatorController assignRequest
INFO: Controller: Assigned Elevator 1 for Request{src=0, dest=4, priority=2}
Nov 12, 2025 5:09:50 PM org.atyeti.model.Elevator addRequest
INFO: Elevator 1 received Request{src=0, dest=4, priority=2}
Nov 12, 2025 5:09:50 PM org.atyeti.model.Elevator moveTo
INFO: Elevator 1 moving from 0 to 0
Nov 12, 2025 5:09:50 PM org.atyeti.model.Elevator moveTo
INFO: Elevator 1 reached floor 0
Nov 12, 2025 5:09:50 PM org.atyeti.model.Elevator moveTo
INFO: Elevator 1 moving from 0 to 4
Nov 12, 2025 5:09:51 PM org.atyeti.model.Elevator moveTo
INFO: Elevator 2 reached floor 7
Nov 12, 2025 5:09:51 PM org.atyeti.model.Elevator moveTo
INFO: Elevator 2 moving from 7 to 3
Nov 12, 2025 5:09:52 PM org.atyeti.model.Elevator moveTo
INFO: Elevator 1 reached floor 4
Nov 12, 2025 5:09:52 PM org.atyeti.service.RequestDispatcher dispatch
INFO: Dispatcher: New Request{src=8, dest=2, priority=3}
Nov 12, 2025 5:09:52 PM org.atyeti.controller.ElevatorController assignRequest
INFO: Controller: Assigned Elevator 2 for Request{src=8, dest=2, priority=3}
Nov 12, 2025 5:09:52 PM org.atyeti.model.Elevator addRequest
INFO: Elevator 2 received Request{src=8, dest=2, priority=3}
Nov 12, 2025 5:09:53 PM org.atyeti.model.Elevator moveTo
INFO: Elevator 2 reached floor 3
Nov 12, 2025 5:09:53 PM org.atyeti.model.Elevator moveTo
INFO: Elevator 2 moving from 3 to 8
Nov 12, 2025 5:09:54 PM org.atyeti.service.RequestDispatcher dispatch
INFO: Dispatcher: New Request{src=9, dest=8, priority=1}
Nov 12, 2025 5:09:54 PM org.atyeti.controller.ElevatorController assignRequest
INFO: Controller: Assigned Elevator 1 for Request{src=9, dest=8, priority=1}
Nov 12, 2025 5:09:54 PM org.atyeti.model.Elevator addRequest
INFO: Elevator 1 received Request{src=9, dest=8, priority=1}
Nov 12, 2025 5:09:54 PM org.atyeti.model.Elevator moveTo
INFO: Elevator 1 moving from 4 to 9
Nov 12, 2025 5:09:55 PM org.atyeti.model.Elevator moveTo
INFO: Elevator 2 reached floor 8
Nov 12, 2025 5:09:55 PM org.atyeti.model.Elevator moveTo
INFO: Elevator 2 moving from 8 to 2
Nov 12, 2025 5:09:56 PM org.atyeti.service.RequestDispatcher dispatch
INFO: Dispatcher: New Request{src=7, dest=5, priority=3}
Nov 12, 2025 5:09:56 PM org.atyeti.controller.ElevatorController assignRequest
INFO: Controller: Assigned Elevator 2 for Request{src=7, dest=5, priority=3}
Nov 12, 2025 5:09:56 PM org.atyeti.model.Elevator addRequest
INFO: Elevator 2 received Request{src=7, dest=5, priority=3}
Nov 12, 2025 5:09:56 PM org.atyeti.model.Elevator moveTo
INFO: Elevator 1 reached floor 9
Nov 12, 2025 5:09:56 PM org.atyeti.model.Elevator moveTo
INFO: Elevator 1 moving from 9 to 8
Nov 12, 2025 5:09:57 PM org.atyeti.model.Elevator moveTo
INFO: Elevator 1 reached floor 8
Nov 12, 2025 5:09:57 PM org.atyeti.model.Elevator moveTo
INFO: Elevator 2 reached floor 2
Nov 12, 2025 5:09:57 PM org.atyeti.model.Elevator moveTo
INFO: Elevator 2 moving from 2 to 7
Nov 12, 2025 5:09:58 PM org.atyeti.service.RequestDispatcher dispatch
INFO: Dispatcher: New Request{src=0, dest=6, priority=3}
Nov 12, 2025 5:09:58 PM org.atyeti.controller.ElevatorController assignRequest
INFO: Controller: Assigned Elevator 3 for Request{src=0, dest=6, priority=3}
Nov 12, 2025 5:09:58 PM org.atyeti.model.Elevator addRequest
INFO: Elevator 3 received Request{src=0, dest=6, priority=3}
Nov 12, 2025 5:09:58 PM org.atyeti.model.Elevator moveTo
INFO: Elevator 3 moving from 1 to 0
Nov 12, 2025 5:09:59 PM org.atyeti.model.Elevator moveTo
INFO: Elevator 3 reached floor 0
Nov 12, 2025 5:09:59 PM org.atyeti.model.Elevator moveTo
INFO: Elevator 3 moving from 0 to 6
Nov 12, 2025 5:09:59 PM org.atyeti.model.Elevator moveTo
INFO: Elevator 2 reached floor 7
Nov 12, 2025 5:09:59 PM org.atyeti.model.Elevator moveTo
INFO: Elevator 2 moving from 7 to 5
Nov 12, 2025 5:10:00 PM org.atyeti.model.Elevator moveTo
INFO: Elevator 2 reached floor 5
Nov 12, 2025 5:10:00 PM org.atyeti.service.RequestDispatcher dispatch
INFO: Dispatcher: New Request{src=4, dest=9, priority=3}
Nov 12, 2025 5:10:00 PM org.atyeti.controller.ElevatorController assignRequest
INFO: Controller: Assigned Elevator 2 for Request{src=4, dest=9, priority=3}
Nov 12, 2025 5:10:00 PM org.atyeti.model.Elevator addRequest
INFO: Elevator 2 received Request{src=4, dest=9, priority=3}
Nov 12, 2025 5:10:00 PM org.atyeti.model.Elevator moveTo
INFO: Elevator 2 moving from 5 to 4
Nov 12, 2025 5:10:01 PM org.atyeti.model.Elevator moveTo
INFO: Elevator 2 reached floor 4
Nov 12, 2025 5:10:01 PM org.atyeti.model.Elevator moveTo
INFO: Elevator 2 moving from 4 to 9
Nov 12, 2025 5:10:01 PM org.atyeti.model.Elevator moveTo
INFO: Elevator 3 reached floor 6
Nov 12, 2025 5:10:02 PM org.atyeti.service.RequestDispatcher dispatch
INFO: Dispatcher: New Request{src=8, dest=7, priority=3}
Nov 12, 2025 5:10:02 PM org.atyeti.controller.ElevatorController assignRequest
INFO: Controller: Assigned Elevator 1 for Request{src=8, dest=7, priority=3}
Nov 12, 2025 5:10:02 PM org.atyeti.model.Elevator addRequest
INFO: Elevator 1 received Request{src=8, dest=7, priority=3}
Nov 12, 2025 5:10:02 PM org.atyeti.model.Elevator moveTo
INFO: Elevator 1 moving from 8 to 8
Nov 12, 2025 5:10:02 PM org.atyeti.model.Elevator moveTo
INFO: Elevator 1 reached floor 8
Nov 12, 2025 5:10:02 PM org.atyeti.model.Elevator moveTo
INFO: Elevator 1 moving from 8 to 7
Nov 12, 2025 5:10:03 PM org.atyeti.model.Elevator moveTo
INFO: Elevator 1 reached floor 7
Nov 12, 2025 5:10:03 PM org.atyeti.model.Elevator moveTo
INFO: Elevator 2 reached floor 9
Nov 12, 2025 5:10:04 PM org.atyeti.service.RequestDispatcher dispatch
INFO: Dispatcher: New Request{src=9, dest=5, priority=1}
Nov 12, 2025 5:10:04 PM org.atyeti.controller.ElevatorController assignRequest
INFO: Controller: Assigned Elevator 2 for Request{src=9, dest=5, priority=1}
Nov 12, 2025 5:10:04 PM org.atyeti.model.Elevator addRequest
INFO: Elevator 2 received Request{src=9, dest=5, priority=1}
Nov 12, 2025 5:10:04 PM org.atyeti.model.Elevator moveTo
INFO: Elevator 2 moving from 9 to 9
Nov 12, 2025 5:10:04 PM org.atyeti.model.Elevator moveTo
INFO: Elevator 2 reached floor 9
Nov 12, 2025 5:10:04 PM org.atyeti.model.Elevator moveTo
INFO: Elevator 2 moving from 9 to 5
Nov 12, 2025 5:10:06 PM org.atyeti.model.Elevator moveTo
INFO: Elevator 2 reached floor 5
Nov 12, 2025 5:10:06 PM org.atyeti.service.RequestDispatcher dispatch
INFO: Dispatcher: New Request{src=7, dest=9, priority=2}
Nov 12, 2025 5:10:06 PM org.atyeti.controller.ElevatorController assignRequest
INFO: Controller: Assigned Elevator 1 for Request{src=7, dest=9, priority=2}
Nov 12, 2025 5:10:06 PM org.atyeti.model.Elevator addRequest
INFO: Elevator 1 received Request{src=7, dest=9, priority=2}
Nov 12, 2025 5:10:06 PM org.atyeti.model.Elevator moveTo
INFO: Elevator 1 moving from 7 to 7
Nov 12, 2025 5:10:06 PM org.atyeti.model.Elevator moveTo
INFO: Elevator 1 reached floor 7
Nov 12, 2025 5:10:06 PM org.atyeti.model.Elevator moveTo
INFO: Elevator 1 moving from 7 to 9
Nov 12, 2025 5:10:07 PM org.atyeti.model.Elevator moveTo
INFO: Elevator 1 reached floor 9
Nov 12, 2025 5:10:08 PM org.atyeti.service.RequestDispatcher dispatch
INFO: Dispatcher: New Request{src=0, dest=7, priority=1}
Nov 12, 2025 5:10:08 PM org.atyeti.controller.ElevatorController assignRequest
INFO: Controller: Assigned Elevator 2 for Request{src=0, dest=7, priority=1}
Nov 12, 2025 5:10:08 PM org.atyeti.model.Elevator addRequest
INFO: Elevator 2 received Request{src=0, dest=7, priority=1}
Nov 12, 2025 5:10:08 PM org.atyeti.model.Elevator moveTo
INFO: Elevator 2 moving from 5 to 0
Nov 12, 2025 5:10:10 PM org.atyeti.service.RequestDispatcher dispatch
INFO: Dispatcher: New Request{src=8, dest=2, priority=2}
Nov 12, 2025 5:10:10 PM org.atyeti.controller.ElevatorController assignRequest
INFO: Controller: Assigned Elevator 1 for Request{src=8, dest=2, priority=2}
Nov 12, 2025 5:10:10 PM org.atyeti.model.Elevator addRequest
INFO: Elevator 1 received Request{src=8, dest=2, priority=2}
Nov 12, 2025 5:10:10 PM org.atyeti.model.Elevator moveTo
INFO: Elevator 1 moving from 9 to 8
Nov 12, 2025 5:10:10 PM org.atyeti.model.Elevator moveTo
INFO: Elevator 2 reached floor 0
Nov 12, 2025 5:10:10 PM org.atyeti.model.Elevator moveTo
INFO: Elevator 2 moving from 0 to 7
Nov 12, 2025 5:10:11 PM org.atyeti.model.Elevator moveTo
INFO: Elevator 1 reached floor 8
Nov 12, 2025 5:10:11 PM org.atyeti.model.Elevator moveTo
INFO: Elevator 1 moving from 8 to 2
Nov 12, 2025 5:10:12 PM org.atyeti.service.RequestDispatcher dispatch
INFO: Dispatcher: New Request{src=2, dest=3, priority=1}
Nov 12, 2025 5:10:12 PM org.atyeti.controller.ElevatorController assignRequest
INFO: Controller: Assigned Elevator 2 for Request{src=2, dest=3, priority=1}
Nov 12, 2025 5:10:12 PM org.atyeti.model.Elevator addRequest
INFO: Elevator 2 received Request{src=2, dest=3, priority=1}
Nov 12, 2025 5:10:13 PM org.atyeti.model.Elevator moveTo
INFO: Elevator 2 reached floor 7
Nov 12, 2025 5:10:13 PM org.atyeti.model.Elevator moveTo
INFO: Elevator 2 moving from 7 to 2
Nov 12, 2025 5:10:13 PM org.atyeti.model.Elevator moveTo
INFO: Elevator 1 reached floor 2
Nov 12, 2025 5:10:14 PM org.atyeti.service.RequestDispatcher dispatch
INFO: Dispatcher: New Request{src=9, dest=0, priority=2}
Nov 12, 2025 5:10:14 PM org.atyeti.controller.ElevatorController assignRequest
INFO: Controller: Assigned Elevator 2 for Request{src=9, dest=0, priority=2}
Nov 12, 2025 5:10:14 PM org.atyeti.model.Elevator addRequest
INFO: Elevator 2 received Request{src=9, dest=0, priority=2}
Nov 12, 2025 5:10:15 PM org.atyeti.model.Elevator moveTo
INFO: Elevator 2 reached floor 2
Nov 12, 2025 5:10:15 PM org.atyeti.model.Elevator moveTo
INFO: Elevator 2 moving from 2 to 3
Nov 12, 2025 5:10:16 PM org.atyeti.model.Elevator moveTo
INFO: Elevator 2 reached floor 3
Nov 12, 2025 5:10:16 PM org.atyeti.model.Elevator moveTo
INFO: Elevator 2 moving from 3 to 9
Nov 12, 2025 5:10:16 PM org.atyeti.service.RequestDispatcher dispatch
INFO: Dispatcher: New Request{src=8, dest=0, priority=2}
Nov 12, 2025 5:10:16 PM org.atyeti.controller.ElevatorController assignRequest
INFO: Controller: Assigned Elevator 3 for Request{src=8, dest=0, priority=2}
Nov 12, 2025 5:10:16 PM org.atyeti.model.Elevator addRequest
INFO: Elevator 3 received Request{src=8, dest=0, priority=2}
Nov 12, 2025 5:10:16 PM org.atyeti.model.Elevator moveTo
INFO: Elevator 3 moving from 6 to 8
Nov 12, 2025 5:10:17 PM org.atyeti.model.Elevator moveTo
INFO: Elevator 3 reached floor 8
Nov 12, 2025 5:10:17 PM org.atyeti.model.Elevator moveTo
INFO: Elevator 3 moving from 8 to 0
Nov 12, 2025 5:10:18 PM org.atyeti.model.Elevator moveTo
INFO: Elevator 2 reached floor 9
Nov 12, 2025 5:10:18 PM org.atyeti.model.Elevator moveTo
INFO: Elevator 2 moving from 9 to 0
Nov 12, 2025 5:10:18 PM org.atyeti.service.RequestDispatcher dispatch
INFO: Dispatcher: New Request{src=8, dest=4, priority=3}
Nov 12, 2025 5:10:18 PM org.atyeti.controller.ElevatorController assignRequest
INFO: Controller: Assigned Elevator 3 for Request{src=8, dest=4, priority=3}
Nov 12, 2025 5:10:18 PM org.atyeti.model.Elevator addRequest
INFO: Elevator 3 received Request{src=8, dest=4, priority=3}
Nov 12, 2025 5:10:20 PM org.atyeti.service.RequestDispatcher dispatch
INFO: Dispatcher: New Request{src=8, dest=2, priority=3}
Nov 12, 2025 5:10:20 PM org.atyeti.controller.ElevatorController assignRequest
INFO: Controller: Assigned Elevator 2 for Request{src=8, dest=2, priority=3}
Nov 12, 2025 5:10:20 PM org.atyeti.model.Elevator addRequest
INFO: Elevator 2 received Request{src=8, dest=2, priority=3}
Nov 12, 2025 5:10:20 PM org.atyeti.model.Elevator moveTo
INFO: Elevator 3 reached floor 0
Nov 12, 2025 5:10:20 PM org.atyeti.model.Elevator moveTo
INFO: Elevator 3 moving from 0 to 8
Nov 12, 2025 5:10:22 PM org.atyeti.model.Elevator moveTo
INFO: Elevator 2 reached floor 0
Nov 12, 2025 5:10:22 PM org.atyeti.model.Elevator moveTo
INFO: Elevator 2 moving from 0 to 8
Nov 12, 2025 5:10:22 PM org.atyeti.service.RequestDispatcher dispatch
INFO: Dispatcher: New Request{src=1, dest=0, priority=3}
Nov 12, 2025 5:10:22 PM org.atyeti.controller.ElevatorController assignRequest
INFO: Controller: Assigned Elevator 1 for Request{src=1, dest=0, priority=3}
Nov 12, 2025 5:10:22 PM org.atyeti.model.Elevator addRequest
INFO: Elevator 1 received Request{src=1, dest=0, priority=3}
Nov 12, 2025 5:10:22 PM org.atyeti.model.Elevator moveTo
INFO: Elevator 1 moving from 2 to 1
Nov 12, 2025 5:10:23 PM org.atyeti.model.Elevator moveTo
INFO: Elevator 1 reached floor 1
Nov 12, 2025 5:10:23 PM org.atyeti.model.Elevator moveTo
INFO: Elevator 1 moving from 1 to 0
Nov 12, 2025 5:10:23 PM org.atyeti.model.Elevator moveTo
INFO: Elevator 1 reached floor 0
Nov 12, 2025 5:10:24 PM org.atyeti.model.Elevator moveTo
INFO: Elevator 3 reached floor 8
Nov 12, 2025 5:10:24 PM org.atyeti.model.Elevator moveTo
INFO: Elevator 3 moving from 8 to 4
Nov 12, 2025 5:10:24 PM org.atyeti.service.RequestDispatcher dispatch
INFO: Dispatcher: New Request{src=7, dest=8, priority=3}
Nov 12, 2025 5:10:24 PM org.atyeti.controller.ElevatorController assignRequest
INFO: Controller: Assigned Elevator 3 for Request{src=7, dest=8, priority=3}
Nov 12, 2025 5:10:24 PM org.atyeti.model.Elevator addRequest
INFO: Elevator 3 received Request{src=7, dest=8, priority=3}
Nov 12, 2025 5:10:25 PM org.atyeti.model.Elevator moveTo
INFO: Elevator 2 reached floor 8
Nov 12, 2025 5:10:25 PM org.atyeti.model.Elevator moveTo
INFO: Elevator 2 moving from 8 to 2
Nov 12, 2025 5:10:25 PM org.atyeti.model.Elevator moveTo
INFO: Elevator 3 reached floor 4
Nov 12, 2025 5:10:25 PM org.atyeti.model.Elevator moveTo
INFO: Elevator 3 moving from 4 to 7
Nov 12, 2025 5:10:26 PM org.atyeti.service.RequestDispatcher dispatch
INFO: Dispatcher: New Request{src=3, dest=0, priority=1}
Nov 12, 2025 5:10:26 PM org.atyeti.controller.ElevatorController assignRequest
INFO: Controller: Assigned Elevator 3 for Request{src=3, dest=0, priority=1}
Nov 12, 2025 5:10:26 PM org.atyeti.model.Elevator addRequest
INFO: Elevator 3 received Request{src=3, dest=0, priority=1}
Nov 12, 2025 5:10:26 PM org.atyeti.model.Elevator moveTo
INFO: Elevator 3 reached floor 7
Nov 12, 2025 5:10:26 PM org.atyeti.model.Elevator moveTo
INFO: Elevator 3 moving from 7 to 8
Nov 12, 2025 5:10:27 PM org.atyeti.model.Elevator moveTo
INFO: Elevator 3 reached floor 8
Nov 12, 2025 5:10:27 PM org.atyeti.model.Elevator moveTo
INFO: Elevator 3 moving from 8 to 3
Nov 12, 2025 5:10:27 PM org.atyeti.model.Elevator moveTo
INFO: Elevator 2 reached floor 2
Nov 12, 2025 5:10:28 PM org.atyeti.service.RequestDispatcher dispatch
INFO: Dispatcher: New Request{src=2, dest=3, priority=3}
Nov 12, 2025 5:10:28 PM org.atyeti.controller.ElevatorController assignRequest
INFO: Controller: Assigned Elevator 2 for Request{src=2, dest=3, priority=3}
Nov 12, 2025 5:10:28 PM org.atyeti.model.Elevator addRequest
INFO: Elevator 2 received Request{src=2, dest=3, priority=3}
Nov 12, 2025 5:10:28 PM org.atyeti.model.Elevator moveTo
INFO: Elevator 2 moving from 2 to 2
Nov 12, 2025 5:10:28 PM org.atyeti.model.Elevator moveTo
INFO: Elevator 2 reached floor 2
Nov 12, 2025 5:10:28 PM org.atyeti.model.Elevator moveTo
INFO: Elevator 2 moving from 2 to 3
Nov 12, 2025 5:10:29 PM org.atyeti.model.Elevator moveTo
INFO: Elevator 2 reached floor 3
Nov 12, 2025 5:10:29 PM org.atyeti.model.Elevator moveTo
INFO: Elevator 3 reached floor 3
Nov 12, 2025 5:10:29 PM org.atyeti.model.Elevator moveTo
INFO: Elevator 3 moving from 3 to 0
Nov 12, 2025 5:10:30 PM org.atyeti.model.Elevator moveTo
INFO: Elevator 3 reached floor 0
Nov 12, 2025 5:10:30 PM org.atyeti.service.RequestDispatcher dispatch
INFO: Dispatcher: New Request{src=4, dest=3, priority=1}
Nov 12, 2025 5:10:30 PM org.atyeti.controller.ElevatorController assignRequest
INFO: Controller: Assigned Elevator 2 for Request{src=4, dest=3, priority=1}
Nov 12, 2025 5:10:30 PM org.atyeti.model.Elevator addRequest
INFO: Elevator 2 received Request{src=4, dest=3, priority=1}
Nov 12, 2025 5:10:30 PM org.atyeti.model.Elevator moveTo
INFO: Elevator 2 moving from 3 to 4
Nov 12, 2025 5:10:31 PM org.atyeti.model.Elevator moveTo
INFO: Elevator 2 reached floor 4
Nov 12, 2025 5:10:31 PM org.atyeti.model.Elevator moveTo
INFO: Elevator 2 moving from 4 to 3
Nov 12, 2025 5:10:31 PM org.atyeti.model.Elevator moveTo
INFO: Elevator 2 reached floor 3
Nov 12, 2025 5:10:32 PM org.atyeti.service.RequestDispatcher dispatch
INFO: Dispatcher: New Request{src=5, dest=0, priority=2}
Nov 12, 2025 5:10:32 PM org.atyeti.controller.ElevatorController assignRequest
INFO: Controller: Assigned Elevator 2 for Request{src=5, dest=0, priority=2}
Nov 12, 2025 5:10:32 PM org.atyeti.model.Elevator addRequest
INFO: Elevator 2 received Request{src=5, dest=0, priority=2}
Nov 12, 2025 5:10:32 PM org.atyeti.model.Elevator moveTo
INFO: Elevator 2 moving from 3 to 5
Nov 12, 2025 5:10:33 PM org.atyeti.model.Elevator moveTo
INFO: Elevator 2 reached floor 5
Nov 12, 2025 5:10:33 PM org.atyeti.model.Elevator moveTo
INFO: Elevator 2 moving from 5 to 0
Nov 12, 2025 5:10:34 PM org.atyeti.service.RequestDispatcher dispatch
INFO: Dispatcher: New Request{src=6, dest=5, priority=3}
Nov 12, 2025 5:10:34 PM org.atyeti.controller.ElevatorController assignRequest
INFO: Controller: Assigned Elevator 2 for Request{src=6, dest=5, priority=3}
Nov 12, 2025 5:10:34 PM org.atyeti.model.Elevator addRequest
INFO: Elevator 2 received Request{src=6, dest=5, priority=3}
Nov 12, 2025 5:10:35 PM org.atyeti.model.Elevator moveTo
INFO: Elevator 2 reached floor 0
Nov 12, 2025 5:10:35 PM org.atyeti.model.Elevator moveTo
INFO: Elevator 2 moving from 0 to 6
Nov 12, 2025 5:10:36 PM org.atyeti.service.RequestDispatcher dispatch
INFO: Dispatcher: New Request{src=8, dest=5, priority=1}
Nov 12, 2025 5:10:36 PM org.atyeti.controller.ElevatorController assignRequest
INFO: Controller: Assigned Elevator 1 for Request{src=8, dest=5, priority=1}
Nov 12, 2025 5:10:36 PM org.atyeti.model.Elevator addRequest
INFO: Elevator 1 received Request{src=8, dest=5, priority=1}
Nov 12, 2025 5:10:36 PM org.atyeti.model.Elevator moveTo
INFO: Elevator 1 moving from 0 to 8
Nov 12, 2025 5:10:38 PM org.atyeti.model.Elevator moveTo
INFO: Elevator 2 reached floor 6
Nov 12, 2025 5:10:38 PM org.atyeti.model.Elevator moveTo
INFO: Elevator 2 moving from 6 to 5
Nov 12, 2025 5:10:38 PM org.atyeti.model.Elevator moveTo
INFO: Elevator 2 reached floor 5
Nov 12, 2025 5:10:38 PM org.atyeti.service.RequestDispatcher dispatch
INFO: Dispatcher: New Request{src=2, dest=3, priority=3}
Nov 12, 2025 5:10:38 PM org.atyeti.controller.ElevatorController assignRequest
INFO: Controller: Assigned Elevator 1 for Request{src=2, dest=3, priority=3}
Nov 12, 2025 5:10:38 PM org.atyeti.model.Elevator addRequest
INFO: Elevator 1 received Request{src=2, dest=3, priority=3}
Nov 12, 2025 5:10:40 PM org.atyeti.model.Elevator moveTo
INFO: Elevator 1 reached floor 8
Nov 12, 2025 5:10:40 PM org.atyeti.model.Elevator moveTo
INFO: Elevator 1 moving from 8 to 5
Nov 12, 2025 5:10:40 PM org.atyeti.service.RequestDispatcher dispatch
INFO: Dispatcher: New Request{src=4, dest=1, priority=3}
Nov 12, 2025 5:10:40 PM org.atyeti.controller.ElevatorController assignRequest
INFO: Controller: Assigned Elevator 2 for Request{src=4, dest=1, priority=3}
Nov 12, 2025 5:10:40 PM org.atyeti.model.Elevator addRequest
INFO: Elevator 2 received Request{src=4, dest=1, priority=3}
Nov 12, 2025 5:10:40 PM org.atyeti.model.Elevator moveTo
INFO: Elevator 2 moving from 5 to 4
Nov 12, 2025 5:10:41 PM org.atyeti.model.Elevator moveTo
INFO: Elevator 1 reached floor 5
Nov 12, 2025 5:10:41 PM org.atyeti.model.Elevator moveTo
INFO: Elevator 1 moving from 5 to 2
Nov 12, 2025 5:10:41 PM org.atyeti.model.Elevator moveTo
INFO: Elevator 2 reached floor 4
Nov 12, 2025 5:10:41 PM org.atyeti.model.Elevator moveTo
INFO: Elevator 2 moving from 4 to 1
Nov 12, 2025 5:10:42 PM org.atyeti.model.Elevator moveTo
INFO: Elevator 1 reached floor 2
Nov 12, 2025 5:10:42 PM org.atyeti.model.Elevator moveTo
INFO: Elevator 1 moving from 2 to 3
Nov 12, 2025 5:10:42 PM org.atyeti.model.Elevator moveTo
INFO: Elevator 2 reached floor 1
Nov 12, 2025 5:10:42 PM org.atyeti.service.RequestDispatcher dispatch
INFO: Dispatcher: New Request{src=1, dest=0, priority=3}
Nov 12, 2025 5:10:42 PM org.atyeti.controller.ElevatorController assignRequest
INFO: Controller: Assigned Elevator 2 for Request{src=1, dest=0, priority=3}
Nov 12, 2025 5:10:42 PM org.atyeti.model.Elevator addRequest
INFO: Elevator 2 received Request{src=1, dest=0, priority=3}
Nov 12, 2025 5:10:42 PM org.atyeti.model.Elevator moveTo
INFO: Elevator 2 moving from 1 to 1
Nov 12, 2025 5:10:42 PM org.atyeti.model.Elevator moveTo
INFO: Elevator 2 reached floor 1
Nov 12, 2025 5:10:42 PM org.atyeti.model.Elevator moveTo
INFO: Elevator 2 moving from 1 to 0
Nov 12, 2025 5:10:42 PM org.atyeti.model.Elevator moveTo
INFO: Elevator 1 reached floor 3
Nov 12, 2025 5:10:43 PM org.atyeti.model.Elevator moveTo
INFO: Elevator 2 reached floor 0
Nov 12, 2025 5:10:44 PM org.atyeti.service.RequestDispatcher dispatch
INFO: Dispatcher: New Request{src=4, dest=5, priority=2}
Nov 12, 2025 5:10:44 PM org.atyeti.controller.ElevatorController assignRequest
INFO: Controller: Assigned Elevator 1 for Request{src=4, dest=5, priority=2}
Nov 12, 2025 5:10:44 PM org.atyeti.model.Elevator addRequest
INFO: Elevator 1 received Request{src=4, dest=5, priority=2}
Nov 12, 2025 5:10:44 PM org.atyeti.model.Elevator moveTo
INFO: Elevator 1 moving from 3 to 4
Nov 12, 2025 5:10:45 PM org.atyeti.model.Elevator moveTo
INFO: Elevator 1 reached floor 4
Nov 12, 2025 5:10:45 PM org.atyeti.model.Elevator moveTo
INFO: Elevator 1 moving from 4 to 5
Nov 12, 2025 5:10:45 PM org.atyeti.model.Elevator moveTo
INFO: Elevator 1 reached floor 5
Nov 12, 2025 5:10:46 PM org.atyeti.service.RequestDispatcher dispatch
INFO: Dispatcher: New Request{src=4, dest=1, priority=3}
Nov 12, 2025 5:10:46 PM org.atyeti.controller.ElevatorController assignRequest
INFO: Controller: Assigned Elevator 1 for Request{src=4, dest=1, priority=3}
Nov 12, 2025 5:10:46 PM org.atyeti.model.Elevator addRequest
INFO: Elevator 1 received Request{src=4, dest=1, priority=3}
Nov 12, 2025 5:10:46 PM org.atyeti.model.Elevator moveTo
INFO: Elevator 1 moving from 5 to 4
Nov 12, 2025 5:10:47 PM org.atyeti.model.Elevator moveTo
INFO: Elevator 1 reached floor 4
Nov 12, 2025 5:10:47 PM org.atyeti.model.Elevator moveTo
INFO: Elevator 1 moving from 4 to 1
Nov 12, 2025 5:10:48 PM org.atyeti.model.Elevator moveTo
INFO: Elevator 1 reached floor 1
Nov 12, 2025 5:10:48 PM org.atyeti.service.RequestDispatcher dispatch
INFO: Dispatcher: New Request{src=2, dest=4, priority=2}
Nov 12, 2025 5:10:48 PM org.atyeti.controller.ElevatorController assignRequest
INFO: Controller: Assigned Elevator 1 for Request{src=2, dest=4, priority=2}
Nov 12, 2025 5:10:48 PM org.atyeti.model.Elevator addRequest
INFO: Elevator 1 received Request{src=2, dest=4, priority=2}
Nov 12, 2025 5:10:48 PM org.atyeti.model.Elevator moveTo
INFO: Elevator 1 moving from 1 to 2
Nov 12, 2025 5:10:49 PM org.atyeti.model.Elevator moveTo
INFO: Elevator 1 reached floor 2
Nov 12, 2025 5:10:49 PM org.atyeti.model.Elevator moveTo
INFO: Elevator 1 moving from 2 to 4
Nov 12, 2025 5:10:50 PM org.atyeti.model.Elevator moveTo
INFO: Elevator 1 reached floor 4
Nov 12, 2025 5:10:50 PM org.atyeti.service.RequestDispatcher dispatch
INFO: Dispatcher: New Request{src=8, dest=3, priority=1}
Nov 12, 2025 5:10:50 PM org.atyeti.controller.ElevatorController assignRequest
INFO: Controller: Assigned Elevator 1 for Request{src=8, dest=3, priority=1}
Nov 12, 2025 5:10:50 PM org.atyeti.model.Elevator addRequest
INFO: Elevator 1 received Request{src=8, dest=3, priority=1}
Nov 12, 2025 5:10:50 PM org.atyeti.model.Elevator moveTo
INFO: Elevator 1 moving from 4 to 8
Nov 12, 2025 5:10:52 PM org.atyeti.model.Elevator moveTo
INFO: Elevator 1 reached floor 8
Nov 12, 2025 5:10:52 PM org.atyeti.model.Elevator moveTo
INFO: Elevator 1 moving from 8 to 3
Nov 12, 2025 5:10:52 PM org.atyeti.service.RequestDispatcher dispatch
INFO: Dispatcher: New Request{src=7, dest=2, priority=2}
Nov 12, 2025 5:10:52 PM org.atyeti.controller.ElevatorController assignRequest
INFO: Controller: Assigned Elevator 1 for Request{src=7, dest=2, priority=2}
Nov 12, 2025 5:10:52 PM org.atyeti.model.Elevator addRequest
INFO: Elevator 1 received Request{src=7, dest=2, priority=2}
Nov 12, 2025 5:10:54 PM org.atyeti.model.Elevator moveTo
INFO: Elevator 1 reached floor 3
Nov 12, 2025 5:10:54 PM org.atyeti.model.Elevator moveTo
INFO: Elevator 1 moving from 3 to 7
Nov 12, 2025 5:10:54 PM org.atyeti.service.RequestDispatcher dispatch
INFO: Dispatcher: New Request{src=3, dest=6, priority=1}
Nov 12, 2025 5:10:54 PM org.atyeti.controller.ElevatorController assignRequest
INFO: Controller: Assigned Elevator 1 for Request{src=3, dest=6, priority=1}
Nov 12, 2025 5:10:54 PM org.atyeti.model.Elevator addRequest
INFO: Elevator 1 received Request{src=3, dest=6, priority=1}
Nov 12, 2025 5:10:56 PM org.atyeti.model.Elevator moveTo
INFO: Elevator 1 reached floor 7
Nov 12, 2025 5:10:56 PM org.atyeti.model.Elevator moveTo
INFO: Elevator 1 moving from 7 to 2
Nov 12, 2025 5:10:56 PM org.atyeti.service.RequestDispatcher dispatch
INFO: Dispatcher: New Request{src=7, dest=5, priority=2}
Nov 12, 2025 5:10:56 PM org.atyeti.controller.ElevatorController assignRequest
INFO: Controller: Assigned Elevator 1 for Request{src=7, dest=5, priority=2}
Nov 12, 2025 5:10:56 PM org.atyeti.model.Elevator addRequest
INFO: Elevator 1 received Request{src=7, dest=5, priority=2}
Nov 12, 2025 5:10:58 PM org.atyeti.model.Elevator moveTo
INFO: Elevator 1 reached floor 2
Nov 12, 2025 5:10:58 PM org.atyeti.model.Elevator moveTo
INFO: Elevator 1 moving from 2 to 7
Nov 12, 2025 5:10:58 PM org.atyeti.service.RequestDispatcher dispatch
INFO: Dispatcher: New Request{src=0, dest=3, priority=2}
Nov 12, 2025 5:10:58 PM org.atyeti.controller.ElevatorController assignRequest
INFO: Controller: Assigned Elevator 2 for Request{src=0, dest=3, priority=2}
Nov 12, 2025 5:10:58 PM org.atyeti.model.Elevator addRequest
INFO: Elevator 2 received Request{src=0, dest=3, priority=2}
Nov 12, 2025 5:10:58 PM org.atyeti.model.Elevator moveTo
INFO: Elevator 2 moving from 0 to 0
Nov 12, 2025 5:10:58 PM org.atyeti.model.Elevator moveTo
INFO: Elevator 2 reached floor 0
Nov 12, 2025 5:10:58 PM org.atyeti.model.Elevator moveTo
INFO: Elevator 2 moving from 0 to 3
Nov 12, 2025 5:11:00 PM org.atyeti.model.Elevator moveTo
INFO: Elevator 1 reached floor 7
Nov 12, 2025 5:11:00 PM org.atyeti.model.Elevator moveTo
INFO: Elevator 1 moving from 7 to 5
Nov 12, 2025 5:11:00 PM org.atyeti.model.Elevator moveTo
INFO: Elevator 2 reached floor 3
Nov 12, 2025 5:11:00 PM org.atyeti.model.Elevator moveTo
INFO: Elevator 1 reached floor 5
Nov 12, 2025 5:11:00 PM org.atyeti.model.Elevator moveTo
INFO: Elevator 1 moving from 5 to 3
Nov 12, 2025 5:11:00 PM org.atyeti.service.RequestDispatcher dispatch
INFO: Dispatcher: New Request{src=9, dest=0, priority=3}
Nov 12, 2025 5:11:00 PM org.atyeti.controller.ElevatorController assignRequest
INFO: Controller: Assigned Elevator 1 for Request{src=9, dest=0, priority=3}
Nov 12, 2025 5:11:00 PM org.atyeti.model.Elevator addRequest
INFO: Elevator 1 received Request{src=9, dest=0, priority=3}
Nov 12, 2025 5:11:01 PM org.atyeti.model.Elevator moveTo
INFO: Elevator 1 reached floor 3
Nov 12, 2025 5:11:01 PM org.atyeti.model.Elevator moveTo
INFO: Elevator 1 moving from 3 to 6
Nov 12, 2025 5:11:02 PM org.atyeti.service.RequestDispatcher dispatch
INFO: Dispatcher: New Request{src=3, dest=5, priority=3}
Nov 12, 2025 5:11:02 PM org.atyeti.controller.ElevatorController assignRequest
INFO: Controller: Assigned Elevator 2 for Request{src=3, dest=5, priority=3}
Nov 12, 2025 5:11:02 PM org.atyeti.model.Elevator addRequest
INFO: Elevator 2 received Request{src=3, dest=5, priority=3}
Nov 12, 2025 5:11:02 PM org.atyeti.model.Elevator moveTo
INFO: Elevator 2 moving from 3 to 3
Nov 12, 2025 5:11:02 PM org.atyeti.model.Elevator moveTo
INFO: Elevator 2 reached floor 3
Nov 12, 2025 5:11:02 PM org.atyeti.model.Elevator moveTo
INFO: Elevator 2 moving from 3 to 5
Nov 12, 2025 5:11:02 PM org.atyeti.model.Elevator moveTo
INFO: Elevator 1 reached floor 6
Nov 12, 2025 5:11:02 PM org.atyeti.model.Elevator moveTo
INFO: Elevator 1 moving from 6 to 9
Nov 12, 2025 5:11:03 PM org.atyeti.model.Elevator moveTo
INFO: Elevator 2 reached floor 5
Nov 12, 2025 5:11:04 PM org.atyeti.model.Elevator moveTo
INFO: Elevator 1 reached floor 9
Nov 12, 2025 5:11:04 PM org.atyeti.model.Elevator moveTo
INFO: Elevator 1 moving from 9 to 0
Nov 12, 2025 5:11:04 PM org.atyeti.service.RequestDispatcher dispatch
INFO: Dispatcher: New Request{src=8, dest=4, priority=3}
Nov 12, 2025 5:11:04 PM org.atyeti.controller.ElevatorController assignRequest
INFO: Controller: Assigned Elevator 1 for Request{src=8, dest=4, priority=3}
Nov 12, 2025 5:11:04 PM org.atyeti.model.Elevator addRequest
INFO: Elevator 1 received Request{src=8, dest=4, priority=3}
Nov 12, 2025 5:11:06 PM org.atyeti.service.RequestDispatcher dispatch
INFO: Dispatcher: New Request{src=2, dest=8, priority=2}
Nov 12, 2025 5:11:06 PM org.atyeti.controller.ElevatorController assignRequest
INFO: Controller: Assigned Elevator 3 for Request{src=2, dest=8, priority=2}
Nov 12, 2025 5:11:06 PM org.atyeti.model.Elevator addRequest
INFO: Elevator 3 received Request{src=2, dest=8, priority=2}
Nov 12, 2025 5:11:06 PM org.atyeti.model.Elevator moveTo
INFO: Elevator 3 moving from 0 to 2
Nov 12, 2025 5:11:07 PM org.atyeti.model.Elevator moveTo
INFO: Elevator 3 reached floor 2
Nov 12, 2025 5:11:07 PM org.atyeti.model.Elevator moveTo
INFO: Elevator 3 moving from 2 to 8
Nov 12, 2025 5:11:07 PM org.atyeti.model.Elevator moveTo
INFO: Elevator 1 reached floor 0
Nov 12, 2025 5:11:07 PM org.atyeti.model.Elevator moveTo
INFO: Elevator 1 moving from 0 to 8
Nov 12, 2025 5:11:08 PM org.atyeti.service.RequestDispatcher dispatch
INFO: Dispatcher: New Request{src=7, dest=4, priority=2}
Nov 12, 2025 5:11:08 PM org.atyeti.controller.ElevatorController assignRequest
INFO: Controller: Assigned Elevator 2 for Request{src=7, dest=4, priority=2}
Nov 12, 2025 5:11:08 PM org.atyeti.model.Elevator addRequest
INFO: Elevator 2 received Request{src=7, dest=4, priority=2}
Nov 12, 2025 5:11:08 PM org.atyeti.model.Elevator moveTo
INFO: Elevator 2 moving from 5 to 7
Nov 12, 2025 5:11:09 PM org.atyeti.model.Elevator moveTo
INFO: Elevator 2 reached floor 7
Nov 12, 2025 5:11:09 PM org.atyeti.model.Elevator moveTo
INFO: Elevator 2 moving from 7 to 4
Nov 12, 2025 5:11:10 PM org.atyeti.model.Elevator moveTo
INFO: Elevator 3 reached floor 8
Nov 12, 2025 5:11:10 PM org.atyeti.service.RequestDispatcher dispatch
INFO: Dispatcher: New Request{src=9, dest=7, priority=1}
Nov 12, 2025 5:11:10 PM org.atyeti.controller.ElevatorController assignRequest
INFO: Controller: Assigned Elevator 3 for Request{src=9, dest=7, priority=1}
Nov 12, 2025 5:11:10 PM org.atyeti.model.Elevator addRequest
INFO: Elevator 3 received Request{src=9, dest=7, priority=1}
Nov 12, 2025 5:11:10 PM org.atyeti.model.Elevator moveTo
INFO: Elevator 3 moving from 8 to 9
Nov 12, 2025 5:11:10 PM org.atyeti.model.Elevator moveTo
INFO: Elevator 2 reached floor 4
Nov 12, 2025 5:11:10 PM org.atyeti.model.Elevator moveTo
INFO: Elevator 1 reached floor 8
Nov 12, 2025 5:11:10 PM org.atyeti.model.Elevator moveTo
INFO: Elevator 1 moving from 8 to 4
Nov 12, 2025 5:11:11 PM org.atyeti.model.Elevator moveTo
INFO: Elevator 3 reached floor 9
Nov 12, 2025 5:11:11 PM org.atyeti.model.Elevator moveTo
INFO: Elevator 3 moving from 9 to 7
Nov 12, 2025 5:11:12 PM org.atyeti.model.Elevator moveTo
INFO: Elevator 3 reached floor 7
Nov 12, 2025 5:11:12 PM org.atyeti.model.Elevator moveTo
INFO: Elevator 1 reached floor 4
Nov 12, 2025 5:11:12 PM org.atyeti.service.RequestDispatcher dispatch
INFO: Dispatcher: New Request{src=0, dest=7, priority=1}
Nov 12, 2025 5:11:12 PM org.atyeti.controller.ElevatorController assignRequest
INFO: Controller: Assigned Elevator 1 for Request{src=0, dest=7, priority=1}
Nov 12, 2025 5:11:12 PM org.atyeti.model.Elevator addRequest
INFO: Elevator 1 received Request{src=0, dest=7, priority=1}
Nov 12, 2025 5:11:12 PM org.atyeti.model.Elevator moveTo
INFO: Elevator 1 moving from 4 to 0
Nov 12, 2025 5:11:14 PM org.atyeti.model.Elevator moveTo
INFO: Elevator 1 reached floor 0
Nov 12, 2025 5:11:14 PM org.atyeti.model.Elevator moveTo
INFO: Elevator 1 moving from 0 to 7
Nov 12, 2025 5:11:14 PM org.atyeti.service.RequestDispatcher dispatch
INFO: Dispatcher: New Request{src=1, dest=4, priority=1}
Nov 12, 2025 5:11:14 PM org.atyeti.controller.ElevatorController assignRequest
INFO: Controller: Assigned Elevator 1 for Request{src=1, dest=4, priority=1}
Nov 12, 2025 5:11:14 PM org.atyeti.model.Elevator addRequest
INFO: Elevator 1 received Request{src=1, dest=4, priority=1}
Nov 12, 2025 5:11:16 PM org.atyeti.service.RequestDispatcher dispatch
INFO: Dispatcher: New Request{src=6, dest=4, priority=2}
Nov 12, 2025 5:11:16 PM org.atyeti.controller.ElevatorController assignRequest
INFO: Controller: Assigned Elevator 3 for Request{src=6, dest=4, priority=2}
Nov 12, 2025 5:11:16 PM org.atyeti.model.Elevator addRequest
INFO: Elevator 3 received Request{src=6, dest=4, priority=2}
Nov 12, 2025 5:11:16 PM org.atyeti.model.Elevator moveTo
INFO: Elevator 3 moving from 7 to 6
Nov 12, 2025 5:11:17 PM org.atyeti.model.Elevator moveTo
INFO: Elevator 1 reached floor 7
Nov 12, 2025 5:11:17 PM org.atyeti.model.Elevator moveTo
INFO: Elevator 1 moving from 7 to 1
Nov 12, 2025 5:11:17 PM org.atyeti.model.Elevator moveTo
INFO: Elevator 3 reached floor 6
Nov 12, 2025 5:11:17 PM org.atyeti.model.Elevator moveTo
INFO: Elevator 3 moving from 6 to 4
Nov 12, 2025 5:11:18 PM org.atyeti.model.Elevator moveTo
INFO: Elevator 3 reached floor 4
Nov 12, 2025 5:11:18 PM org.atyeti.service.RequestDispatcher dispatch
INFO: Dispatcher: New Request{src=8, dest=6, priority=3}
Nov 12, 2025 5:11:18 PM org.atyeti.controller.ElevatorController assignRequest
INFO: Controller: Assigned Elevator 1 for Request{src=8, dest=6, priority=3}
Nov 12, 2025 5:11:18 PM org.atyeti.model.Elevator addRequest
INFO: Elevator 1 received Request{src=8, dest=6, priority=3}
Nov 12, 2025 5:11:19 PM org.atyeti.model.Elevator moveTo
INFO: Elevator 1 reached floor 1
Nov 12, 2025 5:11:19 PM org.atyeti.model.Elevator moveTo
INFO: Elevator 1 moving from 1 to 4
Nov 12, 2025 5:11:20 PM org.atyeti.model.Elevator moveTo
INFO: Elevator 1 reached floor 4
Nov 12, 2025 5:11:20 PM org.atyeti.service.RequestDispatcher dispatch
INFO: Dispatcher: New Request{src=5, dest=0, priority=2}
Nov 12, 2025 5:11:20 PM org.atyeti.model.Elevator moveTo
INFO: Elevator 1 moving from 4 to 8
Nov 12, 2025 5:11:20 PM org.atyeti.controller.ElevatorController assignRequest
INFO: Controller: Assigned Elevator 1 for Request{src=5, dest=0, priority=2}
Nov 12, 2025 5:11:20 PM org.atyeti.model.Elevator addRequest
INFO: Elevator 1 received Request{src=5, dest=0, priority=2}
Nov 12, 2025 5:11:22 PM org.atyeti.model.Elevator moveTo
INFO: Elevator 1 reached floor 8
Nov 12, 2025 5:11:22 PM org.atyeti.model.Elevator moveTo
INFO: Elevator 1 moving from 8 to 6
Nov 12, 2025 5:11:22 PM org.atyeti.service.RequestDispatcher dispatch
INFO: Dispatcher: New Request{src=9, dest=4, priority=3}
Nov 12, 2025 5:11:22 PM org.atyeti.controller.ElevatorController assignRequest
INFO: Controller: Assigned Elevator 1 for Request{src=9, dest=4, priority=3}
Nov 12, 2025 5:11:22 PM org.atyeti.model.Elevator addRequest
INFO: Elevator 1 received Request{src=9, dest=4, priority=3}
Nov 12, 2025 5:11:23 PM org.atyeti.model.Elevator moveTo
INFO: Elevator 1 reached floor 6
Nov 12, 2025 5:11:23 PM org.atyeti.model.Elevator moveTo
INFO: Elevator 1 moving from 6 to 9
Nov 12, 2025 5:11:24 PM org.atyeti.model.Elevator moveTo
INFO: Elevator 1 reached floor 9
Nov 12, 2025 5:11:24 PM org.atyeti.model.Elevator moveTo
INFO: Elevator 1 moving from 9 to 4
Nov 12, 2025 5:11:24 PM org.atyeti.service.RequestDispatcher dispatch
INFO: Dispatcher: New Request{src=8, dest=4, priority=3}
Nov 12, 2025 5:11:24 PM org.atyeti.controller.ElevatorController assignRequest
INFO: Controller: Assigned Elevator 1 for Request{src=8, dest=4, priority=3}
Nov 12, 2025 5:11:24 PM org.atyeti.model.Elevator addRequest
INFO: Elevator 1 received Request{src=8, dest=4, priority=3}
Nov 12, 2025 5:11:26 PM org.atyeti.model.Elevator moveTo
INFO: Elevator 1 reached floor 4
Nov 12, 2025 5:11:26 PM org.atyeti.model.Elevator moveTo
INFO: Elevator 1 moving from 4 to 8
Nov 12, 2025 5:11:26 PM org.atyeti.service.RequestDispatcher dispatch
INFO: Dispatcher: New Request{src=4, dest=5, priority=3}
Nov 12, 2025 5:11:26 PM org.atyeti.controller.ElevatorController assignRequest
INFO: Controller: Assigned Elevator 2 for Request{src=4, dest=5, priority=3}
Nov 12, 2025 5:11:26 PM org.atyeti.model.Elevator addRequest
INFO: Elevator 2 received Request{src=4, dest=5, priority=3}
Nov 12, 2025 5:11:26 PM org.atyeti.model.Elevator moveTo
INFO: Elevator 2 moving from 4 to 4
Nov 12, 2025 5:11:26 PM org.atyeti.model.Elevator moveTo
INFO: Elevator 2 reached floor 4
Nov 12, 2025 5:11:26 PM org.atyeti.model.Elevator moveTo
INFO: Elevator 2 moving from 4 to 5
Nov 12, 2025 5:11:27 PM org.atyeti.model.Elevator moveTo
INFO: Elevator 2 reached floor 5
Nov 12, 2025 5:11:28 PM org.atyeti.model.Elevator moveTo
INFO: Elevator 1 reached floor 8
Nov 12, 2025 5:11:28 PM org.atyeti.model.Elevator moveTo
INFO: Elevator 1 moving from 8 to 4
Nov 12, 2025 5:11:29 PM org.atyeti.service.RequestDispatcher dispatch
INFO: Dispatcher: New Request{src=3, dest=5, priority=3}
Nov 12, 2025 5:11:29 PM org.atyeti.controller.ElevatorController assignRequest
INFO: Controller: Assigned Elevator 3 for Request{src=3, dest=5, priority=3}
Nov 12, 2025 5:11:29 PM org.atyeti.model.Elevator addRequest
INFO: Elevator 3 received Request{src=3, dest=5, priority=3}
Nov 12, 2025 5:11:29 PM org.atyeti.model.Elevator moveTo
INFO: Elevator 3 moving from 4 to 3
Nov 12, 2025 5:11:29 PM org.atyeti.model.Elevator moveTo
INFO: Elevator 3 reached floor 3
Nov 12, 2025 5:11:29 PM org.atyeti.model.Elevator moveTo
INFO: Elevator 3 moving from 3 to 5
Nov 12, 2025 5:11:29 PM org.atyeti.model.Elevator moveTo
INFO: Elevator 1 reached floor 4
Nov 12, 2025 5:11:29 PM org.atyeti.model.Elevator moveTo
INFO: Elevator 1 moving from 4 to 5
Nov 12, 2025 5:11:30 PM org.atyeti.model.Elevator moveTo
INFO: Elevator 1 reached floor 5
Nov 12, 2025 5:11:30 PM org.atyeti.model.Elevator moveTo
INFO: Elevator 1 moving from 5 to 0
Nov 12, 2025 5:11:30 PM org.atyeti.model.Elevator moveTo
INFO: Elevator 3 reached floor 5
Nov 12, 2025 5:11:31 PM org.atyeti.service.RequestDispatcher dispatch
INFO: Dispatcher: New Request{src=2, dest=6, priority=3}
Nov 12, 2025 5:11:31 PM org.atyeti.controller.ElevatorController assignRequest
INFO: Controller: Assigned Elevator 1 for Request{src=2, dest=6, priority=3}
Nov 12, 2025 5:11:31 PM org.atyeti.model.Elevator addRequest
INFO: Elevator 1 received Request{src=2, dest=6, priority=3}
Nov 12, 2025 5:11:32 PM org.atyeti.model.Elevator moveTo
INFO: Elevator 1 reached floor 0
Nov 12, 2025 5:11:32 PM org.atyeti.model.Elevator moveTo
INFO: Elevator 1 moving from 0 to 2
Nov 12, 2025 5:11:33 PM org.atyeti.model.Elevator moveTo
INFO: Elevator 1 reached floor 2
Nov 12, 2025 5:11:33 PM org.atyeti.model.Elevator moveTo
INFO: Elevator 1 moving from 2 to 6
Nov 12, 2025 5:11:33 PM org.atyeti.service.RequestDispatcher dispatch
INFO: Dispatcher: New Request{src=2, dest=6, priority=1}
Nov 12, 2025 5:11:33 PM org.atyeti.controller.ElevatorController assignRequest
INFO: Controller: Assigned Elevator 1 for Request{src=2, dest=6, priority=1}
Nov 12, 2025 5:11:33 PM org.atyeti.model.Elevator addRequest
INFO: Elevator 1 received Request{src=2, dest=6, priority=1}
Nov 12, 2025 5:11:34 PM org.atyeti.model.Elevator moveTo
INFO: Elevator 1 reached floor 6
Nov 12, 2025 5:11:34 PM org.atyeti.model.Elevator moveTo
INFO: Elevator 1 moving from 6 to 2
Nov 12, 2025 5:11:35 PM org.atyeti.service.RequestDispatcher dispatch
INFO: Dispatcher: New Request{src=6, dest=2, priority=1}
Nov 12, 2025 5:11:35 PM org.atyeti.controller.ElevatorController assignRequest
INFO: Controller: Assigned Elevator 1 for Request{src=6, dest=2, priority=1}
Nov 12, 2025 5:11:35 PM org.atyeti.model.Elevator addRequest
INFO: Elevator 1 received Request{src=6, dest=2, priority=1}
Nov 12, 2025 5:11:36 PM org.atyeti.model.Elevator moveTo
INFO: Elevator 1 reached floor 2
Nov 12, 2025 5:11:36 PM org.atyeti.model.Elevator moveTo
INFO: Elevator 1 moving from 2 to 6
