OrderId,TraderId,TradeType,OrderType,Price,Quantity,RemainingQuantity,Status,Timestamp
BUY-1763965650519-000329,TRADER-0329,EQUITY,BUY,300.0,23,0,FILLED,2025-01-15 08:09:30.0
BUY-1763965650521-001162,TRADER-0162,EQUITY,BUY,259.27,120,0,FILLED,2025-01-15 18:06:29.0
BUY-1763965650521-001212,TRADER-0212,CRYPTO,BUY,3618.06,9,0,FILLED,2025-01-15 18:19:13.0
BUY-1763965650520-000646,TRADER-0146,EQUITY,BUY,260.34,380,0,FILLED,2025-01-15 12:03:41.0
BUY-1763965650520-000916,TRADER-0416,EQUITY,BUY,465.1,146,0,FILLED,2025-01-15 14:40:20.0
BUY-1763965650520-000669,TRADER-0169,FOREX,BUY,9.39,435,0,FILLED,2025-01-15 12:24:10.0
BUY-1763965650521-001216,TRADER-0216,CRYPTO,BUY,4542.25,2,0,FILLED,2025-01-15 18:37:35.0
BUY-1763965650522-001694,TRADER-0194,EQUITY,BUY,211.98,250,0,FILLED,2025-01-15 23:57:50.0
BUY-1763965650522-001623,TRADER-0123,CRYPTO,BUY,1350.22,32,0,FILLED,2025-01-15 23:08:39.0
BUY-1763965650521-001229,TRADER-0229,FOREX,BUY,5.83,541,0,FILLED,2025-01-15 18:22:09.0
BUY-1763965650520-000880,TRADER-0380,EQUITY,BUY,338.39,252,0,FILLED,2025-01-15 14:28:46.0
BUY-1763965650518-000011,TRADER-0011,EQUITY,BUY,200.0,25,0,FILLED,2025-01-15 03:53:55.0
BUY-1763965650521-001580,TRADER-0080,EQUITY,BUY,237.51,405,0,FILLED,2025-01-15 22:43:35.0
BUY-1763965650529-007040,TRADER-0040,FOREX,BUY,6.57,369,0,FILLED,2025-01-18 16:40:53.0
BUY-1763965650522-001653,TRADER-0153,FOREX,BUY,8.15,135,0,FILLED,2025-01-15 23:42:30.0
BUY-1763965650522-001815,TRADER-0315,EQUITY,BUY,451.17,39,0,FILLED,2025-01-16 01:48:19.0
BUY-1763965650519-000328,TRADER-0328,CRYPTO,BUY,2500.0,12,0,FILLED,2025-01-15 07:32:02.0
BUY-1763965650521-001469,TRADER-0469,CRYPTO,BUY,3397.83,11,0,FILLED,2025-01-15 21:40:01.0
BUY-1763965650526-005055,TRADER-0055,EQUITY,BUY,279.59,227,0,FILLED,2025-01-17 16:58:06.0
BUY-1763965650526-004933,TRADER-0433,FOREX,BUY,6.16,300,0,FILLED,2025-01-17 14:57:09.0
BUY-1763965650524-003460,TRADER-0460,CRYPTO,BUY,2154.18,16,0,FILLED,2025-01-16 21:37:45.0
BUY-1763965650521-001247,TRADER-0247,FOREX,BUY,7.07,367,0,FILLED,2025-01-15 19:23:17.0
BUY-1763965650521-001235,TRADER-0235,CRYPTO,BUY,1533.83,16,0,FILLED,2025-01-15 18:42:36.0
BUY-1763965650524-003057,TRADER-0057,EQUITY,BUY,255.75,380,0,FILLED,2025-01-16 17:10:01.0
BUY-1763965650523-002927,TRADER-0427,EQUITY,BUY,414.14,33,0,FILLED,2025-01-16 15:04:56.0
BUY-1763965650523-002634,TRADER-0134,CRYPTO,BUY,3470.83,9,0,FILLED,2025-01-16 11:54:32.0
BUY-1763965650522-001669,TRADER-0169,CRYPTO,BUY,879.47,41,0,FILLED,2025-01-16 00:06:52.0
BUY-1763965650526-004535,TRADER-0035,EQUITY,BUY,397.34,176,0,FILLED,2025-01-17 10:53:44.0
BUY-1763965650522-001766,TRADER-0266,EQUITY,BUY,218.63,218,0,FILLED,2025-01-16 01:23:20.0
BUY-1763965650521-001215,TRADER-0215,CRYPTO,BUY,4873.23,10,0,FILLED,2025-01-15 18:24:23.0
BUY-1763965650524-003161,TRADER-0161,FOREX,BUY,7.36,287,0,FILLED,2025-01-16 17:37:02.0
BUY-1763965650525-004215,TRADER-0215,EQUITY,BUY,266.2,318,0,FILLED,2025-01-17 06:40:18.0
BUY-1763965650526-004640,TRADER-0140,EQUITY,BUY,262.4,372,0,FILLED,2025-01-17 11:57:11.0
BUY-1763965650525-004068,TRADER-0068,CRYPTO,BUY,2073.6,11,0,FILLED,2025-01-17 05:02:26.0
BUY-1763965650523-002664,TRADER-0164,EQUITY,BUY,329.61,65,0,FILLED,2025-01-16 12:19:08.0
BUY-1763965650521-001367,TRADER-0367,CRYPTO,BUY,2382.64,18,0,FILLED,2025-01-15 20:00:26.0
BUY-1763965650522-001662,TRADER-0162,EQUITY,BUY,293.29,287,0,FILLED,2025-01-16 00:11:14.0
BUY-1763965650521-001306,TRADER-0306,EQUITY,BUY,142.34,228,0,FILLED,2025-01-15 19:31:15.0
BUY-1763965650525-004336,TRADER-0336,CRYPTO,BUY,1156.6,12,0,FILLED,2025-01-17 08:26:49.0
BUY-1763965650525-004180,TRADER-0180,EQUITY,BUY,391.19,138,0,FILLED,2025-01-17 06:12:01.0
BUY-1763965650519-000311,TRADER-0311,EQUITY,BUY,250.0,81,0,FILLED,2025-01-15 07:40:52.0
BUY-1763965650526-004601,TRADER-0101,CRYPTO,BUY,3704.2,1,0,FILLED,2025-01-17 11:29:34.0
BUY-1763965650520-000763,TRADER-0263,EQUITY,BUY,155.78,565,0,FILLED,2025-01-15 12:55:15.0
BUY-1763965650525-004078,TRADER-0078,FOREX,BUY,6.04,244,0,FILLED,2025-01-17 04:29:20.0
BUY-1763965650521-001315,TRADER-0315,EQUITY,BUY,253.76,361,0,FILLED,2025-01-15 19:34:56.0
BUY-1763965650522-001622,TRADER-0122,EQUITY,BUY,478.51,103,0,FILLED,2025-01-15 23:04:41.0
BUY-1763965650520-000887,TRADER-0387,CRYPTO,BUY,3174.4,12,0,FILLED,2025-01-15 14:43:32.0
BUY-1763965650521-001446,TRADER-0446,CRYPTO,BUY,4168.92,2,0,FILLED,2025-01-15 21:36:25.0
BUY-1763965650526-004809,TRADER-0309,EQUITY,BUY,471.83,181,0,FILLED,2025-01-17 13:20:06.0
BUY-1763965650523-002851,TRADER-0351,FOREX,BUY,5.27,686,0,FILLED,2025-01-16 14:06:50.0
BUY-1763965650521-001239,TRADER-0239,FOREX,BUY,5.54,309,0,FILLED,2025-01-15 18:23:06.0
BUY-1763965650521-001440,TRADER-0440,FOREX,BUY,6.74,995,0,FILLED,2025-01-15 21:16:21.0
BUY-1763965650523-002650,TRADER-0150,FOREX,BUY,4.32,911,0,FILLED,2025-01-16 11:22:28.0
BUY-1763965650526-004849,TRADER-0349,EQUITY,BUY,351.55,157,0,FILLED,2025-01-17 13:41:44.0
BUY-1763965650521-001242,TRADER-0242,CRYPTO,BUY,4257.32,6,0,FILLED,2025-01-15 18:27:46.0
BUY-1763965650519-000365,TRADER-0365,CRYPTO,BUY,1000.0,50,0,FILLED,2025-01-15 07:57:49.0
BUY-1763965650523-002578,TRADER-0078,CRYPTO,BUY,3686.93,1,0,FILLED,2025-01-16 10:56:13.0
BUY-1763965650524-003109,TRADER-0109,CRYPTO,BUY,3590.22,2,0,FILLED,2025-01-16 17:22:06.0
BUY-1763965650524-003153,TRADER-0153,EQUITY,BUY,417.31,178,0,FILLED,2025-01-16 18:12:59.0
BUY-1763965650524-003144,TRADER-0144,CRYPTO,BUY,1762.56,28,0,FILLED,2025-01-16 17:47:00.0
BUY-1763965650523-002675,TRADER-0175,EQUITY,BUY,303.75,320,0,FILLED,2025-01-16 11:43:24.0
BUY-1763965650525-004186,TRADER-0186,CRYPTO,BUY,4615.68,6,0,FILLED,2025-01-17 06:25:33.0
BUY-1763965650520-000787,TRADER-0287,EQUITY,BUY,451.39,31,0,FILLED,2025-01-15 13:27:43.0
BUY-1763965650520-000672,TRADER-0172,EQUITY,BUY,251.31,70,0,FILLED,2025-01-15 11:55:51.0
BUY-1763965650524-003166,TRADER-0166,FOREX,BUY,4.57,171,0,FILLED,2025-01-16 18:06:56.0
BUY-1763965650526-004802,TRADER-0302,FOREX,BUY,8.05,999,0,FILLED,2025-01-17 13:08:24.0
BUY-1763965650525-004361,TRADER-0361,CRYPTO,BUY,2210.59,8,0,FILLED,2025-01-17 08:10:21.0
BUY-1763965650524-003068,TRADER-0068,EQUITY,BUY,454.1,211,0,FILLED,2025-01-16 16:45:23.0
BUY-1763965650521-001600,TRADER-0100,CRYPTO,BUY,831.43,33,0,FILLED,2025-01-15 22:56:19.0
BUY-1763965650522-001781,TRADER-0281,EQUITY,BUY,482.58,67,0,FILLED,2025-01-16 01:15:32.0
BUY-1763965650526-004686,TRADER-0186,EQUITY,BUY,335.79,37,0,FILLED,2025-01-17 12:17:17.0
BUY-1763965650521-001302,TRADER-0302,CRYPTO,BUY,426.61,52,0,FILLED,2025-01-15 19:19:37.0
BUY-1763965650526-004671,TRADER-0171,EQUITY,BUY,423.34,191,0,FILLED,2025-01-17 12:25:49.0
BUY-1763965650526-004387,TRADER-0387,EQUITY,BUY,346.47,282,0,FILLED,2025-01-17 09:05:29.0
BUY-1763965650520-000908,TRADER-0408,EQUITY,BUY,441.65,107,0,FILLED,2025-01-15 14:27:40.0
BUY-1763965650525-004160,TRADER-0160,CRYPTO,BUY,1436.76,1,0,FILLED,2025-01-17 05:50:48.0
BUY-1763965650522-001640,TRADER-0140,EQUITY,BUY,424.49,235,0,FILLED,2025-01-16 00:03:27.0
BUY-1763965650521-001464,TRADER-0464,EQUITY,BUY,386.57,119,0,FILLED,2025-01-15 21:33:47.0
BUY-1763965650525-004149,TRADER-0149,EQUITY,BUY,385.99,168,0,FILLED,2025-01-17 05:41:00.0
BUY-1763965650523-002723,TRADER-0223,CRYPTO,BUY,4000.11,2,0,FILLED,2025-01-16 12:54:57.0
BUY-1763965650519-000468,TRADER-0468,EQUITY,BUY,150.0,15,0,FILLED,2025-01-15 09:08:05.0
BUY-1763965650521-001226,TRADER-0226,CRYPTO,BUY,3626.88,7,0,FILLED,2025-01-15 18:12:49.0
BUY-1763965650524-003115,TRADER-0115,CRYPTO,BUY,2759.8,10,0,FILLED,2025-01-16 17:20:54.0
BUY-1763965650521-001518,TRADER-0018,CRYPTO,BUY,491.94,27,0,FILLED,2025-01-15 22:00:36.0
BUY-1763965650523-002687,TRADER-0187,EQUITY,BUY,493.35,45,0,FILLED,2025-01-16 11:56:38.0
BUY-1763965650526-004800,TRADER-0300,FOREX,BUY,8.38,130,0,FILLED,2025-01-17 14:05:29.0
BUY-1763965650521-001234,TRADER-0234,FOREX,BUY,5.98,349,0,FILLED,2025-01-15 19:02:16.0
BUY-1763965650521-001271,TRADER-0271,EQUITY,BUY,442.19,18,0,FILLED,2025-01-15 19:15:49.0
BUY-1763965650520-000883,TRADER-0383,CRYPTO,BUY,4911.29,1,0,FILLED,2025-01-15 14:45:11.0
BUY-1763965650523-002560,TRADER-0060,CRYPTO,BUY,1811.13,15,0,FILLED,2025-01-16 10:54:04.0
BUY-1763965650520-000797,TRADER-0297,CRYPTO,BUY,1710.22,13,0,FILLED,2025-01-15 13:26:55.0
BUY-1763965650524-002972,TRADER-0472,CRYPTO,BUY,4287.02,11,0,FILLED,2025-01-16 15:38:05.0
BUY-1763965650525-003884,TRADER-0384,CRYPTO,BUY,3446.86,7,0,FILLED,2025-01-17 02:10:25.0
BUY-1763965650526-005007,TRADER-0007,EQUITY,BUY,484.86,154,0,FILLED,2025-01-17 15:45:36.0
BUY-1763965650525-004203,TRADER-0203,CRYPTO,BUY,1218.76,8,0,FILLED,2025-01-17 06:10:40.0
BUY-1763965650521-001506,TRADER-0006,FOREX,BUY,6.91,454,0,FILLED,2025-01-15 22:04:20.0
BUY-1763965650525-003820,TRADER-0320,CRYPTO,BUY,475.23,86,0,FILLED,2025-01-17 01:31:46.0
BUY-1763965650524-003078,TRADER-0078,CRYPTO,BUY,1493.43,9,0,FILLED,2025-01-16 16:55:55.0
BUY-1763965650523-002956,TRADER-0456,CRYPTO,BUY,2428.66,1,0,FILLED,2025-01-16 15:49:25.0
BUY-1763965650524-003398,TRADER-0398,FOREX,BUY,8.92,509,0,FILLED,2025-01-16 21:15:58.0
BUY-1763965650524-003095,TRADER-0095,FOREX,BUY,5.03,793,0,FILLED,2025-01-16 17:12:00.0
BUY-1763965650526-004660,TRADER-0160,EQUITY,BUY,495.03,152,0,FILLED,2025-01-17 11:39:51.0
BUY-1763965650526-005043,TRADER-0043,CRYPTO,BUY,1724.94,5,0,FILLED,2025-01-17 16:48:47.0
BUY-1763965650521-001381,TRADER-0381,EQUITY,BUY,182.71,450,0,FILLED,2025-01-15 20:51:16.0
BUY-1763965650521-001163,TRADER-0163,CRYPTO,BUY,2514.29,9,0,FILLED,2025-01-15 17:31:49.0
BUY-1763965650521-001324,TRADER-0324,EQUITY,BUY,478.64,208,0,FILLED,2025-01-15 19:43:46.0
BUY-1763965650525-004193,TRADER-0193,EQUITY,BUY,344.25,210,0,FILLED,2025-01-17 06:01:38.0
BUY-1763965650524-003322,TRADER-0322,FOREX,BUY,8.73,216,0,FILLED,2025-01-16 20:13:51.0
BUY-1763965650522-001657,TRADER-0157,FOREX,BUY,6.61,535,0,FILLED,2025-01-16 00:00:27.0
BUY-1763965650522-001612,TRADER-0112,FOREX,BUY,8.27,241,0,FILLED,2025-01-15 22:51:33.0
BUY-1763965650524-003449,TRADER-0449,CRYPTO,BUY,447.18,99,0,FILLED,2025-01-16 20:55:07.0
BUY-1763965650520-000905,TRADER-0405,EQUITY,BUY,482.79,15,0,FILLED,2025-01-15 14:29:58.0
BUY-1763965650526-004807,TRADER-0307,EQUITY,BUY,322.3,237,0,FILLED,2025-01-17 13:44:31.0
BUY-1763965650522-001804,TRADER-0304,FOREX,BUY,8.03,717,0,FILLED,2025-01-16 02:07:30.0
BUY-1763965650521-001565,TRADER-0065,CRYPTO,BUY,4908.95,4,0,FILLED,2025-01-15 23:04:30.0
BUY-1763965650523-002913,TRADER-0413,EQUITY,BUY,426.19,159,0,FILLED,2025-01-16 15:26:57.0
BUY-1763965650522-001803,TRADER-0303,EQUITY,BUY,293.76,97,0,FILLED,2025-01-16 01:28:12.0
BUY-1763965650522-001821,TRADER-0321,EQUITY,BUY,241.79,372,0,FILLED,2025-01-16 02:06:52.0
BUY-1763965650520-000746,TRADER-0246,EQUITY,BUY,156.44,176,0,FILLED,2025-01-15 12:56:49.0
BUY-1763965650521-001594,TRADER-0094,EQUITY,BUY,299.24,74,0,FILLED,2025-01-15 22:59:13.0
BUY-1763965650521-001522,TRADER-0022,FOREX,BUY,6.04,606,0,FILLED,2025-01-15 22:44:43.0
BUY-1763965650526-004719,TRADER-0219,CRYPTO,BUY,3834.49,11,0,FILLED,2025-01-17 12:30:44.0
BUY-1763965650524-003363,TRADER-0363,CRYPTO,BUY,2214.61,19,0,FILLED,2025-01-16 20:28:19.0
BUY-1763965650521-001407,TRADER-0407,CRYPTO,BUY,2604.15,7,0,FILLED,2025-01-15 21:14:32.0
BUY-1763965650521-001133,TRADER-0133,CRYPTO,BUY,2148.71,5,0,FILLED,2025-01-15 17:35:04.0
BUY-1763965650524-003240,TRADER-0240,FOREX,BUY,9.14,206,0,FILLED,2025-01-16 18:23:30.0
BUY-1763965650523-002872,TRADER-0372,FOREX,BUY,8.73,618,0,FILLED,2025-01-16 14:35:47.0
BUY-1763965650521-001327,TRADER-0327,EQUITY,BUY,291.2,246,0,FILLED,2025-01-15 19:49:36.0
BUY-1763965650522-001819,TRADER-0319,FOREX,BUY,5.04,169,0,FILLED,2025-01-16 02:13:21.0
BUY-1763965650524-003375,TRADER-0375,CRYPTO,BUY,4220.62,6,0,FILLED,2025-01-16 20:20:55.0
BUY-1763965650521-001370,TRADER-0370,FOREX,BUY,7.92,111,0,FILLED,2025-01-15 20:31:29.0
BUY-1763965650524-003479,TRADER-0479,FOREX,BUY,7.23,261,0,FILLED,2025-01-16 21:44:10.0
BUY-1763965650521-001493,TRADER-0493,CRYPTO,BUY,2682.77,4,0,FILLED,2025-01-15 22:17:57.0
BUY-1763965650521-001368,TRADER-0368,EQUITY,BUY,472.8,190,0,FILLED,2025-01-15 20:05:00.0
BUY-1763965650519-000375,TRADER-0375,CRYPTO,BUY,1000.0,16,0,FILLED,2025-01-15 08:29:41.0
BUY-1763965650522-001883,TRADER-0383,FOREX,BUY,6.09,700,0,FILLED,2025-01-16 03:03:42.0
BUY-1763965650521-001484,TRADER-0484,EQUITY,BUY,135.42,651,0,FILLED,2025-01-15 21:30:40.0
BUY-1763965650525-004216,TRADER-0216,EQUITY,BUY,322.62,2,0,FILLED,2025-01-17 06:31:04.0
BUY-1763965650525-004383,TRADER-0383,CRYPTO,BUY,3631.88,8,0,FILLED,2025-01-17 08:39:32.0
BUY-1763965650524-002974,TRADER-0474,CRYPTO,BUY,2510.19,15,0,FILLED,2025-01-16 15:35:19.0
BUY-1763965650521-001454,TRADER-0454,EQUITY,BUY,395.75,199,0,FILLED,2025-01-15 21:02:02.0
BUY-1763965650521-001156,TRADER-0156,EQUITY,BUY,168.08,529,0,FILLED,2025-01-15 17:22:54.0
BUY-1763965650521-001198,TRADER-0198,CRYPTO,BUY,3913.37,8,0,FILLED,2025-01-15 18:09:07.0
BUY-1763965650524-003228,TRADER-0228,CRYPTO,BUY,1520.45,18,0,FILLED,2025-01-16 18:42:00.0
BUY-1763965650526-004833,TRADER-0333,EQUITY,BUY,309.34,140,0,FILLED,2025-01-17 14:28:14.0
BUY-1763965650524-003206,TRADER-0206,EQUITY,BUY,462.47,156,0,FILLED,2025-01-16 18:21:58.0
BUY-1763965650526-004967,TRADER-0467,CRYPTO,BUY,2764.35,9,0,FILLED,2025-01-17 15:45:49.0
BUY-1763965650521-001194,TRADER-0194,EQUITY,BUY,431.59,84,0,FILLED,2025-01-15 18:30:16.0
BUY-1763965650522-001904,TRADER-0404,CRYPTO,BUY,1955.19,12,0,FILLED,2025-01-16 02:57:50.0
BUY-1763965650523-002874,TRADER-0374,FOREX,BUY,4.85,124,0,FILLED,2025-01-16 14:17:16.0
BUY-1763965650523-002951,TRADER-0451,EQUITY,BUY,250.99,103,0,FILLED,2025-01-16 15:28:28.0
BUY-1763965650520-000711,TRADER-0211,EQUITY,BUY,151.54,305,0,FILLED,2025-01-15 12:51:27.0
BUY-1763965650521-001510,TRADER-0010,EQUITY,BUY,179.07,95,0,FILLED,2025-01-15 21:53:47.0
BUY-1763965650521-001344,TRADER-0344,EQUITY,BUY,374.0,22,0,FILLED,2025-01-15 19:48:29.0
BUY-1763965650526-005046,TRADER-0046,EQUITY,BUY,188.31,333,0,FILLED,2025-01-17 16:42:22.0
BUY-1763965650522-001820,TRADER-0320,EQUITY,BUY,288.5,227,0,FILLED,2025-01-16 01:33:20.0
BUY-1763965650521-001478,TRADER-0478,CRYPTO,BUY,4401.34,10,0,FILLED,2025-01-15 21:51:05.0
BUY-1763965650525-004345,TRADER-0345,FOREX,BUY,6.26,520,0,FILLED,2025-01-17 07:40:14.0
BUY-1763965650526-004647,TRADER-0147,EQUITY,BUY,369.71,54,0,FILLED,2025-01-17 12:06:41.0
BUY-1763965650525-004363,TRADER-0363,CRYPTO,BUY,4849.77,7,0,FILLED,2025-01-17 08:31:32.0
BUY-1763965650523-002613,TRADER-0113,EQUITY,BUY,205.78,441,0,FILLED,2025-01-16 10:52:36.0
BUY-1763965650525-004085,TRADER-0085,CRYPTO,BUY,2346.36,7,0,FILLED,2025-01-17 04:59:39.0
BUY-1763965650524-003472,TRADER-0472,CRYPTO,BUY,1482.13,25,0,FILLED,2025-01-16 21:36:55.0
BUY-1763965650525-004174,TRADER-0174,FOREX,BUY,7.59,543,0,FILLED,2025-01-17 05:45:07.0
BUY-1763965650522-002095,TRADER-0095,FOREX,BUY,6.0,937,0,FILLED,2025-01-16 04:57:59.0
BUY-1763965650522-001925,TRADER-0425,CRYPTO,BUY,1206.51,12,0,FILLED,2025-01-16 03:09:16.0
BUY-1763965650524-003229,TRADER-0229,FOREX,BUY,7.82,88,0,FILLED,2025-01-16 18:21:50.0
BUY-1763965650525-004370,TRADER-0370,CRYPTO,BUY,2791.28,7,0,FILLED,2025-01-17 08:54:19.0
BUY-1763965650521-001499,TRADER-0499,EQUITY,BUY,382.37,196,0,FILLED,2025-01-15 21:49:21.0
BUY-1763965650523-002880,TRADER-0380,CRYPTO,BUY,3004.28,14,0,FILLED,2025-01-16 14:42:55.0
BUY-1763965650522-001995,TRADER-0495,FOREX,BUY,5.74,529,0,FILLED,2025-01-16 03:52:35.0
BUY-1763965650522-001978,TRADER-0478,EQUITY,BUY,335.61,44,0,FILLED,2025-01-16 03:15:44.0
BUY-1763965650526-004873,TRADER-0373,CRYPTO,BUY,4955.12,4,0,FILLED,2025-01-17 14:38:12.0
BUY-1763965650525-004119,TRADER-0119,CRYPTO,BUY,1166.67,23,0,FILLED,2025-01-17 05:27:29.0
BUY-1763965650525-004158,TRADER-0158,CRYPTO,BUY,3208.71,6,0,FILLED,2025-01-17 05:52:36.0
BUY-1763965650525-004201,TRADER-0201,CRYPTO,BUY,4889.04,1,0,FILLED,2025-01-17 06:01:25.0
BUY-1763965650526-005040,TRADER-0040,FOREX,BUY,9.5,120,0,FILLED,2025-01-17 16:20:47.0
BUY-1763965650526-004746,TRADER-0246,CRYPTO,BUY,1012.28,18,0,FILLED,2025-01-17 13:01:11.0
BUY-1763965650524-002985,TRADER-0485,CRYPTO,BUY,2717.98,11,0,FILLED,2025-01-16 15:55:19.0
BUY-1763965650524-003101,TRADER-0101,FOREX,BUY,8.88,607,0,FILLED,2025-01-16 17:23:02.0
BUY-1763965650525-003875,TRADER-0375,EQUITY,BUY,357.29,220,0,FILLED,2025-01-17 02:35:38.0
BUY-1763965650526-005076,TRADER-0076,EQUITY,BUY,299.67,85,0,FILLED,2025-01-17 16:36:30.0
BUY-1763965650520-000658,TRADER-0158,CRYPTO,BUY,693.37,19,0,FILLED,2025-01-15 11:33:53.0
BUY-1763965650525-004161,TRADER-0161,EQUITY,BUY,242.0,340,0,FILLED,2025-01-17 05:45:24.0
BUY-1763965650524-003202,TRADER-0202,FOREX,BUY,8.48,661,0,FILLED,2025-01-16 18:42:29.0
BUY-1763965650519-000405,TRADER-0405,EQUITY,BUY,300.0,57,0,FILLED,2025-01-15 08:26:10.0
BUY-1763965650524-003407,TRADER-0407,CRYPTO,BUY,2348.83,16,0,FILLED,2025-01-16 21:11:16.0
BUY-1763965650526-004571,TRADER-0071,EQUITY,BUY,384.1,229,0,FILLED,2025-01-17 10:36:48.0
BUY-1763965650524-003405,TRADER-0405,CRYPTO,BUY,4173.19,8,0,FILLED,2025-01-16 21:08:31.0
BUY-1763965650526-004597,TRADER-0097,CRYPTO,BUY,3097.75,4,0,FILLED,2025-01-17 11:24:07.0
BUY-1763965650520-000757,TRADER-0257,EQUITY,BUY,493.3,184,0,FILLED,2025-01-15 13:04:55.0
BUY-1763965650526-004579,TRADER-0079,FOREX,BUY,4.56,565,0,FILLED,2025-01-17 10:53:00.0
BUY-1763965650519-000345,TRADER-0345,EQUITY,BUY,200.0,28,0,FILLED,2025-01-15 08:04:45.0
BUY-1763965650524-003210,TRADER-0210,CRYPTO,BUY,858.0,48,0,FILLED,2025-01-16 18:55:58.0
BUY-1763965650524-003203,TRADER-0203,CRYPTO,BUY,2859.76,7,0,FILLED,2025-01-16 18:21:35.0
BUY-1763965650525-004273,TRADER-0273,CRYPTO,BUY,1362.25,13,0,FILLED,2025-01-17 07:14:46.0
BUY-1763965650525-004120,TRADER-0120,CRYPTO,BUY,3981.63,9,0,FILLED,2025-01-17 05:36:56.0
BUY-1763965650523-002549,TRADER-0049,EQUITY,BUY,179.08,285,0,FILLED,2025-01-16 10:59:35.0
BUY-1763965650522-001908,TRADER-0408,FOREX,BUY,5.02,997,0,FILLED,2025-01-16 02:29:26.0
BUY-1763965650524-003219,TRADER-0219,CRYPTO,BUY,2234.26,3,0,FILLED,2025-01-16 18:11:28.0
BUY-1763965650524-003400,TRADER-0400,FOREX,BUY,4.57,969,0,FILLED,2025-01-16 21:08:05.0
BUY-1763965650523-002458,TRADER-0458,CRYPTO,BUY,1460.58,20,0,FILLED,2025-01-16 09:34:43.0
BUY-1763965650526-004590,TRADER-0090,EQUITY,BUY,393.23,171,0,FILLED,2025-01-17 11:15:07.0
BUY-1763965650524-003474,TRADER-0474,CRYPTO,BUY,4596.67,4,0,FILLED,2025-01-16 22:10:11.0
BUY-1763965650521-001158,TRADER-0158,CRYPTO,BUY,943.5,4,0,FILLED,2025-01-15 18:19:57.0
BUY-1763965650524-003223,TRADER-0223,EQUITY,BUY,461.57,137,0,FILLED,2025-01-16 19:03:41.0
BUY-1763965650524-003218,TRADER-0218,FOREX,BUY,9.11,944,0,FILLED,2025-01-16 18:45:40.0
BUY-1763965650526-005071,TRADER-0071,CRYPTO,BUY,1369.35,1,0,FILLED,2025-01-17 16:36:31.0
BUY-1763965650524-003453,TRADER-0453,CRYPTO,BUY,3000.75,8,0,FILLED,2025-01-16 21:55:01.0
BUY-1763965650520-000904,TRADER-0404,EQUITY,BUY,385.72,254,0,FILLED,2025-01-15 14:45:02.0
BUY-1763965650519-000471,TRADER-0471,EQUITY,BUY,250.0,45,0,FILLED,2025-01-15 09:38:10.0
BUY-1763965650523-002401,TRADER-0401,CRYPTO,BUY,3759.44,1,0,FILLED,2025-01-16 08:21:03.0
BUY-1763965650525-004376,TRADER-0376,CRYPTO,BUY,1165.4,22,0,FILLED,2025-01-17 08:36:10.0
BUY-1763965650522-001858,TRADER-0358,FOREX,BUY,7.37,164,0,FILLED,2025-01-16 01:56:05.0
BUY-1763965650521-001502,TRADER-0002,FOREX,BUY,9.24,203,0,FILLED,2025-01-15 22:05:03.0
BUY-1763965650525-004349,TRADER-0349,CRYPTO,BUY,1072.28,31,0,FILLED,2025-01-17 08:01:53.0
BUY-1763965650519-000321,TRADER-0321,EQUITY,BUY,250.0,32,0,FILLED,2025-01-15 08:07:37.0
BUY-1763965650523-002600,TRADER-0100,EQUITY,BUY,292.39,219,0,FILLED,2025-01-16 10:58:24.0
BUY-1763965650524-003065,TRADER-0065,EQUITY,BUY,268.59,233,0,FILLED,2025-01-16 16:32:28.0
BUY-1763965650524-003261,TRADER-0261,CRYPTO,BUY,3999.14,12,0,FILLED,2025-01-16 19:24:09.0
BUY-1763965650524-003251,TRADER-0251,FOREX,BUY,5.95,439,0,FILLED,2025-01-16 19:06:05.0
BUY-1763965650523-002895,TRADER-0395,FOREX,BUY,8.7,472,0,FILLED,2025-01-16 14:55:33.0
BUY-1763965650526-004607,TRADER-0107,EQUITY,BUY,491.38,184,0,FILLED,2025-01-17 11:17:38.0
BUY-1763965650525-004257,TRADER-0257,EQUITY,BUY,420.38,17,0,FILLED,2025-01-17 07:23:29.0
BUY-1763965650524-003264,TRADER-0264,FOREX,BUY,7.33,556,0,FILLED,2025-01-16 19:26:53.0
BUY-1763965650520-000885,TRADER-0385,EQUITY,BUY,440.61,58,0,FILLED,2025-01-15 15:06:19.0
BUY-1763965650520-000729,TRADER-0229,FOREX,BUY,5.06,544,0,FILLED,2025-01-15 12:30:18.0
BUY-1763965650523-002409,TRADER-0409,FOREX,BUY,8.16,709,0,FILLED,2025-01-16 08:43:32.0
BUY-1763965650524-003155,TRADER-0155,FOREX,BUY,5.72,425,0,FILLED,2025-01-16 18:14:49.0
BUY-1763965650524-003467,TRADER-0467,EQUITY,BUY,477.66,45,0,FILLED,2025-01-16 21:58:07.0
BUY-1763965650524-003258,TRADER-0258,FOREX,BUY,9.54,51,0,FILLED,2025-01-16 19:29:38.0
BUY-1763965650524-002996,TRADER-0496,EQUITY,BUY,410.14,147,0,FILLED,2025-01-16 16:19:16.0
BUY-1763965650523-002881,TRADER-0381,CRYPTO,BUY,924.05,49,0,FILLED,2025-01-16 14:23:32.0
BUY-1763965650524-003462,TRADER-0462,EQUITY,BUY,216.27,129,0,FILLED,2025-01-16 21:49:48.0
BUY-1763965650523-002882,TRADER-0382,FOREX,BUY,7.25,157,0,FILLED,2025-01-16 14:46:21.0
BUY-1763965650520-000684,TRADER-0184,EQUITY,BUY,366.36,128,0,FILLED,2025-01-15 12:08:48.0
BUY-1763965650518-000043,TRADER-0043,EQUITY,BUY,300.0,70,0,FILLED,2025-01-15 04:57:17.0
BUY-1763965650521-001495,TRADER-0495,CRYPTO,BUY,2343.28,4,0,FILLED,2025-01-15 22:17:56.0
BUY-1763965650522-001923,TRADER-0423,CRYPTO,BUY,3978.13,7,0,FILLED,2025-01-16 03:31:42.0
BUY-1763965650521-001187,TRADER-0187,CRYPTO,BUY,4230.08,2,0,FILLED,2025-01-15 18:29:57.0
BUY-1763965650520-000786,TRADER-0286,EQUITY,BUY,491.29,196,0,FILLED,2025-01-15 13:29:16.0
BUY-1763965650520-000906,TRADER-0406,CRYPTO,BUY,2931.01,10,0,FILLED,2025-01-15 14:34:02.0
BUY-1763965650521-001476,TRADER-0476,FOREX,BUY,6.95,118,0,FILLED,2025-01-15 21:47:16.0
BUY-1763965650526-004973,TRADER-0473,EQUITY,BUY,371.81,123,0,FILLED,2025-01-17 15:23:05.0
BUY-1763965650526-004995,TRADER-0495,CRYPTO,BUY,2357.63,8,0,FILLED,2025-01-17 16:07:39.0
BUY-1763965650523-002948,TRADER-0448,CRYPTO,BUY,4696.31,5,0,FILLED,2025-01-16 15:46:57.0
BUY-1763965650521-001599,TRADER-0099,EQUITY,BUY,414.76,226,0,FILLED,2025-01-15 23:29:17.0
BUY-1763965650521-001176,TRADER-0176,FOREX,BUY,7.58,21,0,FILLED,2025-01-15 17:59:20.0
BUY-1763965650521-001588,TRADER-0088,FOREX,BUY,5.64,143,0,FILLED,2025-01-15 23:27:44.0
BUY-1763965650525-003956,TRADER-0456,FOREX,BUY,6.31,290,0,FILLED,2025-01-17 03:28:22.0
BUY-1763965650521-001515,TRADER-0015,CRYPTO,BUY,559.91,42,0,FILLED,2025-01-15 22:38:00.0
BUY-1763965650521-001592,TRADER-0092,CRYPTO,BUY,4341.77,3,0,FILLED,2025-01-15 23:02:17.0
BUY-1763965650526-004487,TRADER-0487,CRYPTO,BUY,2354.28,11,0,FILLED,2025-01-17 09:40:00.0
BUY-1763965650525-004212,TRADER-0212,FOREX,BUY,4.68,424,0,FILLED,2025-01-17 06:25:47.0
BUY-1763965650520-000677,TRADER-0177,EQUITY,BUY,455.19,36,0,FILLED,2025-01-15 11:50:36.0
BUY-1763965650524-003464,TRADER-0464,CRYPTO,BUY,2245.71,22,0,FILLED,2025-01-16 21:52:15.0
BUY-1763965650523-002680,TRADER-0180,FOREX,BUY,6.43,893,0,FILLED,2025-01-16 12:14:56.0
BUY-1763965650519-000283,TRADER-0283,EQUITY,BUY,250.0,77,0,FILLED,2025-01-15 07:51:16.0
BUY-1763965650524-003235,TRADER-0235,EQUITY,BUY,172.88,391,0,FILLED,2025-01-16 19:03:54.0
BUY-1763965650526-004843,TRADER-0343,EQUITY,BUY,454.85,31,0,FILLED,2025-01-17 13:53:26.0
BUY-1763965650522-001770,TRADER-0270,CRYPTO,BUY,3000.77,8,0,FILLED,2025-01-16 01:07:53.0
BUY-1763965650520-000892,TRADER-0392,CRYPTO,BUY,3477.25,7,0,FILLED,2025-01-15 14:27:36.0
BUY-1763965650523-002438,TRADER-0438,CRYPTO,BUY,2863.03,12,0,FILLED,2025-01-16 08:59:56.0
BUY-1763965650526-004726,TRADER-0226,EQUITY,BUY,494.17,198,0,FILLED,2025-01-17 12:27:07.0
BUY-1763965650522-001972,TRADER-0472,FOREX,BUY,8.67,142,0,FILLED,2025-01-16 03:11:02.0
BUY-1763965650528-006247,TRADER-0247,FOREX,BUY,7.17,8,0,FILLED,2025-01-18 06:45:59.0
BUY-1763965650527-005404,TRADER-0404,CRYPTO,BUY,3398.32,10,0,FILLED,2025-01-17 21:09:02.0
BUY-1763965650522-001673,TRADER-0173,FOREX,BUY,6.85,376,0,FILLED,2025-01-16 00:32:42.0
BUY-1763965650527-005469,TRADER-0469,CRYPTO,BUY,4046.34,3,0,FILLED,2025-01-17 21:56:05.0
BUY-1763965650527-005121,TRADER-0121,CRYPTO,BUY,4284.51,1,0,FILLED,2025-01-17 17:08:19.0
BUY-1763965650527-005166,TRADER-0166,CRYPTO,BUY,709.78,54,0,FILLED,2025-01-17 18:01:47.0
BUY-1763965650526-004866,TRADER-0366,FOREX,BUY,5.23,520,0,FILLED,2025-01-17 14:39:32.0
BUY-1763965650527-005143,TRADER-0143,FOREX,BUY,9.59,339,0,FILLED,2025-01-17 17:25:04.0
BUY-1763965650528-006332,TRADER-0332,FOREX,BUY,7.64,216,0,FILLED,2025-01-18 08:13:42.0
BUY-1763965650522-002026,TRADER-0026,CRYPTO,BUY,3547.46,4,0,FILLED,2025-01-16 04:14:14.0
BUY-1763965650528-006323,TRADER-0323,FOREX,BUY,8.34,554,0,FILLED,2025-01-18 07:38:42.0
BUY-1763965650524-003368,TRADER-0368,EQUITY,BUY,322.74,264,0,FILLED,2025-01-16 20:18:20.0
BUY-1763965650527-005243,TRADER-0243,CRYPTO,BUY,2188.08,6,0,FILLED,2025-01-17 19:12:56.0
BUY-1763965650527-005616,TRADER-0116,CRYPTO,BUY,4754.71,4,0,FILLED,2025-01-17 23:50:18.0
BUY-1763965650526-004568,TRADER-0068,FOREX,BUY,6.13,826,0,FILLED,2025-01-17 10:51:46.0
BUY-1763965650528-006109,TRADER-0109,FOREX,BUY,8.2,193,0,FILLED,2025-01-18 05:41:54.0
BUY-1763965650527-005501,TRADER-0001,FOREX,BUY,6.5,704,0,FILLED,2025-01-17 21:32:25.0
BUY-1763965650523-002720,TRADER-0220,EQUITY,BUY,431.74,3,0,FILLED,2025-01-16 13:07:09.0
BUY-1763965650527-005221,TRADER-0221,EQUITY,BUY,489.35,21,0,FILLED,2025-01-17 18:47:42.0
BUY-1763965650527-005206,TRADER-0206,FOREX,BUY,6.05,162,0,FILLED,2025-01-17 18:16:44.0
BUY-1763965650527-005462,TRADER-0462,EQUITY,BUY,421.47,96,0,FILLED,2025-01-17 21:13:50.0
BUY-1763965650528-006182,TRADER-0182,FOREX,BUY,5.43,398,0,FILLED,2025-01-18 06:08:01.0
BUY-1763965650526-004931,TRADER-0431,EQUITY,BUY,274.21,165,0,FILLED,2025-01-17 15:27:29.0
BUY-1763965650521-001470,TRADER-0470,FOREX,BUY,6.87,200,0,FILLED,2025-01-15 21:59:18.0
BUY-1763965650519-000325,TRADER-0325,EQUITY,BUY,250.0,78,0,FILLED,2025-01-15 07:40:20.0
BUY-1763965650523-002569,TRADER-0069,EQUITY,BUY,201.46,185,0,FILLED,2025-01-16 10:39:41.0
BUY-1763965650528-006083,TRADER-0083,CRYPTO,BUY,1382.4,3,0,FILLED,2025-01-18 05:01:11.0
BUY-1763965650523-002436,TRADER-0436,FOREX,BUY,8.5,32,0,FILLED,2025-01-16 09:37:41.0
BUY-1763965650526-004589,TRADER-0089,CRYPTO,BUY,2579.54,11,0,FILLED,2025-01-17 11:22:22.0
BUY-1763965650527-005677,TRADER-0177,FOREX,BUY,7.87,629,0,FILLED,2025-01-17 23:49:07.0
BUY-1763965650526-004422,TRADER-0422,CRYPTO,BUY,4206.0,1,0,FILLED,2025-01-17 09:13:04.0
BUY-1763965650522-001779,TRADER-0279,FOREX,BUY,5.26,288,0,FILLED,2025-01-16 01:08:26.0
BUY-1763965650528-006246,TRADER-0246,EQUITY,BUY,355.18,132,0,FILLED,2025-01-18 07:23:05.0
BUY-1763965650525-004238,TRADER-0238,EQUITY,BUY,380.58,220,0,FILLED,2025-01-17 06:35:49.0
BUY-1763965650522-001958,TRADER-0458,FOREX,BUY,4.67,608,0,FILLED,2025-01-16 03:14:20.0
BUY-1763965650528-006257,TRADER-0257,FOREX,BUY,7.92,954,0,FILLED,2025-01-18 06:58:12.0
BUY-1763965650528-006087,TRADER-0087,EQUITY,BUY,397.36,110,0,FILLED,2025-01-18 05:07:10.0
BUY-1763965650529-007090,TRADER-0090,CRYPTO,BUY,3300.42,11,0,FILLED,2025-01-18 16:35:36.0
BUY-1763965650529-007041,TRADER-0041,FOREX,BUY,8.45,873,0,FILLED,2025-01-18 16:49:19.0
BUY-1763965650522-001667,TRADER-0167,CRYPTO,BUY,4272.48,10,0,FILLED,2025-01-15 23:41:32.0
BUY-1763965650529-007299,TRADER-0299,EQUITY,BUY,169.76,419,0,FILLED,2025-01-18 19:50:11.0
BUY-1763965650524-003201,TRADER-0201,CRYPTO,BUY,1399.0,34,0,FILLED,2025-01-16 18:04:15.0
BUY-1763965650529-007280,TRADER-0280,EQUITY,BUY,239.64,75,0,FILLED,2025-01-18 19:44:58.0
BUY-1763965650523-002410,TRADER-0410,CRYPTO,BUY,3696.16,4,0,FILLED,2025-01-16 09:05:52.0
BUY-1763965650526-005078,TRADER-0078,FOREX,BUY,4.24,257,0,FILLED,2025-01-17 17:04:57.0
BUY-1763965650526-004759,TRADER-0259,EQUITY,BUY,395.95,75,0,FILLED,2025-01-17 13:33:44.0
BUY-1763965650524-003220,TRADER-0220,CRYPTO,BUY,2307.31,3,0,FILLED,2025-01-16 18:39:31.0
BUY-1763965650528-006277,TRADER-0277,CRYPTO,BUY,2442.21,18,0,FILLED,2025-01-18 07:30:44.0
BUY-1763965650520-000700,TRADER-0200,EQUITY,BUY,356.17,170,0,FILLED,2025-01-15 12:52:25.0
BUY-1763965650528-006086,TRADER-0086,EQUITY,BUY,335.85,41,0,FILLED,2025-01-18 05:27:19.0
BUY-1763965650524-003224,TRADER-0224,FOREX,BUY,9.48,957,0,FILLED,2025-01-16 19:02:30.0
BUY-1763965650528-006093,TRADER-0093,FOREX,BUY,8.29,710,0,FILLED,2025-01-18 05:05:37.0
BUY-1763965650523-002508,TRADER-0008,EQUITY,BUY,445.65,47,0,FILLED,2025-01-16 10:24:55.0
BUY-1763965650527-005358,TRADER-0358,FOREX,BUY,9.4,187,0,FILLED,2025-01-17 20:42:01.0
BUY-1763965650521-001304,TRADER-0304,FOREX,BUY,5.79,678,0,FILLED,2025-01-15 19:57:01.0
BUY-1763965650526-004485,TRADER-0485,FOREX,BUY,9.05,307,0,FILLED,2025-01-17 09:42:04.0
BUY-1763965650523-002419,TRADER-0419,CRYPTO,BUY,2241.13,5,0,FILLED,2025-01-16 09:26:32.0
BUY-1763965650526-005054,TRADER-0054,CRYPTO,BUY,4752.45,10,0,FILLED,2025-01-17 16:48:16.0
BUY-1763965650524-003168,TRADER-0168,CRYPTO,BUY,1238.46,7,0,FILLED,2025-01-16 17:48:08.0
BUY-1763965650529-007367,TRADER-0367,CRYPTO,BUY,472.19,96,0,FILLED,2025-01-18 20:11:26.0
BUY-1763965650527-005503,TRADER-0003,CRYPTO,BUY,4093.3,2,0,FILLED,2025-01-17 21:50:44.0
BUY-1763965650522-002040,TRADER-0040,FOREX,BUY,8.39,457,0,FILLED,2025-01-16 04:10:36.0
BUY-1763965650528-006117,TRADER-0117,EQUITY,BUY,218.11,84,0,FILLED,2025-01-18 05:40:42.0
BUY-1763965650529-007487,TRADER-0487,CRYPTO,BUY,3724.29,1,0,FILLED,2025-01-18 21:32:35.0
BUY-1763965650526-004506,TRADER-0006,FOREX,BUY,4.88,440,0,FILLED,2025-01-17 09:50:23.0
BUY-1763965650525-004043,TRADER-0043,FOREX,BUY,4.61,786,0,FILLED,2025-01-17 04:33:06.0
BUY-1763965650529-007444,TRADER-0444,FOREX,BUY,9.79,109,0,FILLED,2025-01-18 21:10:23.0
BUY-1763965650525-004154,TRADER-0154,CRYPTO,BUY,4241.5,3,0,FILLED,2025-01-17 06:15:42.0
BUY-1763965650523-002405,TRADER-0405,CRYPTO,BUY,4582.47,4,0,FILLED,2025-01-16 09:16:07.0
BUY-1763965650524-003001,TRADER-0001,CRYPTO,BUY,2895.38,16,0,FILLED,2025-01-16 16:01:44.0
BUY-1763965650527-005658,TRADER-0158,CRYPTO,BUY,3159.16,6,0,FILLED,2025-01-17 23:57:55.0
BUY-1763965650526-004718,TRADER-0218,EQUITY,BUY,346.98,270,0,FILLED,2025-01-17 12:39:19.0
BUY-1763965650527-005170,TRADER-0170,CRYPTO,BUY,731.29,58,0,FILLED,2025-01-17 18:13:27.0
BUY-1763965650527-005639,TRADER-0139,CRYPTO,BUY,2156.06,20,0,FILLED,2025-01-17 23:38:33.0
BUY-1763965650524-003440,TRADER-0440,FOREX,BUY,8.69,354,0,FILLED,2025-01-16 21:10:05.0
BUY-1763965650527-005144,TRADER-0144,FOREX,BUY,8.72,764,0,FILLED,2025-01-17 17:19:55.0
BUY-1763965650523-002263,TRADER-0263,FOREX,BUY,6.21,17,0,FILLED,2025-01-16 07:21:34.0
BUY-1763965650525-004133,TRADER-0133,EQUITY,BUY,347.54,55,0,FILLED,2025-01-17 05:10:01.0
BUY-1763965650529-007450,TRADER-0450,EQUITY,BUY,335.71,152,0,FILLED,2025-01-18 21:49:56.0
BUY-1763965650528-006101,TRADER-0101,EQUITY,BUY,487.95,139,0,FILLED,2025-01-18 04:53:35.0
BUY-1763965650522-001680,TRADER-0180,FOREX,BUY,5.4,5,0,FILLED,2025-01-15 23:59:43.0
BUY-1763965650528-006104,TRADER-0104,EQUITY,BUY,264.45,11,0,FILLED,2025-01-18 05:36:44.0
BUY-1763965650529-007475,TRADER-0475,EQUITY,BUY,418.91,58,0,FILLED,2025-01-18 21:20:25.0
BUY-1763965650529-007462,TRADER-0462,EQUITY,BUY,218.85,384,0,FILLED,2025-01-18 21:28:36.0
BUY-1763965650524-003244,TRADER-0244,CRYPTO,BUY,3116.86,4,0,FILLED,2025-01-16 18:40:44.0
BUY-1763965650528-006280,TRADER-0280,FOREX,BUY,8.67,913,0,FILLED,2025-01-18 07:36:34.0
BUY-1763965650520-000890,TRADER-0390,FOREX,BUY,5.88,497,0,FILLED,2025-01-15 15:02:08.0
BUY-1763965650529-007454,TRADER-0454,FOREX,BUY,5.78,850,0,FILLED,2025-01-18 21:04:20.0
BUY-1763965650528-006114,TRADER-0114,FOREX,BUY,5.01,48,0,FILLED,2025-01-18 05:24:16.0
BUY-1763965650529-007375,TRADER-0375,FOREX,BUY,6.61,46,0,FILLED,2025-01-18 20:51:11.0
BUY-1763965650524-003265,TRADER-0265,FOREX,BUY,5.67,372,0,FILLED,2025-01-16 19:04:24.0
BUY-1763965650525-004177,TRADER-0177,FOREX,BUY,7.42,789,0,FILLED,2025-01-17 06:30:43.0
BUY-1763965650528-006326,TRADER-0326,EQUITY,BUY,345.94,80,0,FILLED,2025-01-18 08:12:15.0
BUY-1763965650528-006245,TRADER-0245,FOREX,BUY,7.67,662,0,FILLED,2025-01-18 07:09:16.0
BUY-1763965650529-007445,TRADER-0445,EQUITY,BUY,458.35,24,0,FILLED,2025-01-18 21:46:17.0
BUY-1763965650529-007396,TRADER-0396,EQUITY,BUY,233.54,173,0,FILLED,2025-01-18 20:22:28.0
BUY-1763965650529-007363,TRADER-0363,FOREX,BUY,5.97,85,0,FILLED,2025-01-18 20:24:08.0
BUY-1763965650523-002840,TRADER-0340,FOREX,BUY,7.98,187,0,FILLED,2025-01-16 13:38:23.0
BUY-1763965650529-007418,TRADER-0418,FOREX,BUY,9.69,691,0,FILLED,2025-01-18 21:16:41.0
BUY-1763965650524-003316,TRADER-0316,EQUITY,BUY,490.92,93,0,FILLED,2025-01-16 19:53:48.0
BUY-1763965650527-005517,TRADER-0017,CRYPTO,BUY,863.09,3,0,FILLED,2025-01-17 22:01:46.0
BUY-1763965650521-001134,TRADER-0134,FOREX,BUY,9.94,97,0,FILLED,2025-01-15 17:39:36.0
BUY-1763965650526-004436,TRADER-0436,CRYPTO,BUY,3515.42,4,0,FILLED,2025-01-17 09:14:49.0
BUY-1763965650528-006322,TRADER-0322,CRYPTO,BUY,2056.7,17,0,FILLED,2025-01-18 07:31:21.0
BUY-1763965650522-002066,TRADER-0066,CRYPTO,BUY,2104.5,20,0,FILLED,2025-01-16 04:37:11.0
BUY-1763965650529-007107,TRADER-0107,EQUITY,BUY,226.35,217,0,FILLED,2025-01-18 17:35:45.0
BUY-1763965650524-003083,TRADER-0083,CRYPTO,BUY,4634.02,2,0,FILLED,2025-01-16 16:48:02.0
BUY-1763965650529-007181,TRADER-0181,EQUITY,BUY,268.4,343,0,FILLED,2025-01-18 18:15:25.0
BUY-1763965650529-007212,TRADER-0212,CRYPTO,BUY,3241.16,2,0,FILLED,2025-01-18 18:57:22.0
BUY-1763965650529-007300,TRADER-0300,CRYPTO,BUY,3270.35,11,0,FILLED,2025-01-18 19:08:04.0
BUY-1763965650521-001301,TRADER-0301,FOREX,BUY,8.19,67,0,FILLED,2025-01-15 19:30:16.0
BUY-1763965650522-001788,TRADER-0288,FOREX,BUY,6.0,771,0,FILLED,2025-01-16 01:28:19.0
BUY-1763965650529-007479,TRADER-0479,CRYPTO,BUY,924.46,24,0,FILLED,2025-01-18 21:32:26.0
BUY-1763965650522-001787,TRADER-0287,CRYPTO,BUY,2597.2,10,0,FILLED,2025-01-16 01:24:35.0
BUY-1763965650528-006331,TRADER-0331,EQUITY,BUY,230.83,400,0,FILLED,2025-01-18 08:14:50.0
BUY-1763965650529-007425,TRADER-0425,EQUITY,BUY,243.29,244,0,FILLED,2025-01-18 20:56:42.0
BUY-1763965650521-001429,TRADER-0429,FOREX,BUY,9.28,765,0,FILLED,2025-01-15 21:01:16.0
BUY-1763965650523-002735,TRADER-0235,CRYPTO,BUY,3137.94,12,0,FILLED,2025-01-16 12:39:30.0
BUY-1763965650526-005048,TRADER-0048,FOREX,BUY,9.78,670,0,FILLED,2025-01-17 16:32:10.0
BUY-1763965650529-007229,TRADER-0229,FOREX,BUY,9.24,903,0,FILLED,2025-01-18 19:02:34.0
BUY-1763965650526-004884,TRADER-0384,FOREX,BUY,8.2,61,0,FILLED,2025-01-17 14:44:49.0
BUY-1763965650519-000397,TRADER-0397,EQUITY,BUY,300.0,48,0,FILLED,2025-01-15 08:51:08.0
BUY-1763965650521-001532,TRADER-0032,FOREX,BUY,6.74,405,0,FILLED,2025-01-15 22:13:54.0
BUY-1763965650523-002433,TRADER-0433,FOREX,BUY,6.68,607,0,FILLED,2025-01-16 09:33:17.0
BUY-1763965650528-006090,TRADER-0090,CRYPTO,BUY,3144.56,1,0,FILLED,2025-01-18 05:03:09.0
BUY-1763965650529-007440,TRADER-0440,CRYPTO,BUY,3231.66,13,0,FILLED,2025-01-18 21:14:37.0
BUY-1763965650527-005215,TRADER-0215,EQUITY,BUY,458.61,103,0,FILLED,2025-01-17 18:44:16.0
BUY-1763965650527-005559,TRADER-0059,CRYPTO,BUY,1464.8,28,0,FILLED,2025-01-17 22:31:55.0
BUY-1763965650528-006100,TRADER-0100,EQUITY,BUY,338.51,15,0,FILLED,2025-01-18 05:03:33.0
BUY-1763965650529-007060,TRADER-0060,CRYPTO,BUY,2200.04,20,0,FILLED,2025-01-18 16:41:33.0
BUY-1763965650526-004674,TRADER-0174,FOREX,BUY,9.31,325,0,FILLED,2025-01-17 11:49:51.0
BUY-1763965650529-006774,TRADER-0274,EQUITY,BUY,151.91,648,0,FILLED,2025-01-18 13:18:49.0
BUY-1763965650527-005313,TRADER-0313,FOREX,BUY,7.07,38,0,FILLED,2025-01-17 19:26:01.0
BUY-1763965650527-005544,TRADER-0044,EQUITY,BUY,361.61,109,0,FILLED,2025-01-17 22:46:16.0
BUY-1763965650521-001120,TRADER-0120,EQUITY,BUY,222.12,78,0,FILLED,2025-01-15 17:08:53.0
BUY-1763965650522-001980,TRADER-0480,CRYPTO,BUY,1398.62,28,0,FILLED,2025-01-16 03:49:50.0
BUY-1763965650526-004998,TRADER-0498,EQUITY,BUY,164.84,564,0,FILLED,2025-01-17 16:00:03.0
BUY-1763965650529-006684,TRADER-0184,EQUITY,BUY,487.44,107,0,FILLED,2025-01-18 12:05:20.0
BUY-1763965650527-005647,TRADER-0147,EQUITY,BUY,411.07,89,0,FILLED,2025-01-18 00:09:19.0
BUY-1763965650528-006112,TRADER-0112,CRYPTO,BUY,3228.87,9,0,FILLED,2025-01-18 05:44:43.0
BUY-1763965650529-007219,TRADER-0219,EQUITY,BUY,288.72,181,0,FILLED,2025-01-18 19:03:16.0
BUY-1763965650519-000479,TRADER-0479,EQUITY,BUY,300.0,79,0,FILLED,2025-01-15 09:41:57.0
BUY-1763965650523-002494,TRADER-0494,CRYPTO,BUY,968.37,36,0,FILLED,2025-01-16 09:53:30.0
BUY-1763965650527-005183,TRADER-0183,FOREX,BUY,6.62,19,0,FILLED,2025-01-17 18:04:04.0
BUY-1763965650527-005321,TRADER-0321,EQUITY,BUY,464.03,120,0,FILLED,2025-01-17 19:47:32.0
BUY-1763965650524-003256,TRADER-0256,FOREX,BUY,7.28,295,0,FILLED,2025-01-16 19:19:06.0
BUY-1763965650521-001213,TRADER-0213,CRYPTO,BUY,1609.87,18,0,FILLED,2025-01-15 18:24:37.0
BUY-1763965650529-006658,TRADER-0158,FOREX,BUY,4.58,790,0,FILLED,2025-01-18 12:11:48.0
BUY-1763965650525-003938,TRADER-0438,EQUITY,BUY,212.86,224,0,FILLED,2025-01-17 02:53:24.0
BUY-1763965650526-004491,TRADER-0491,EQUITY,BUY,441.56,158,0,FILLED,2025-01-17 09:38:19.0
BUY-1763965650525-004210,TRADER-0210,FOREX,BUY,7.23,719,0,FILLED,2025-01-17 06:58:52.0
BUY-1763965650529-006674,TRADER-0174,FOREX,BUY,4.61,325,0,FILLED,2025-01-18 11:45:42.0
BUY-1763965650529-007137,TRADER-0137,CRYPTO,BUY,4918.96,4,0,FILLED,2025-01-18 17:25:17.0
BUY-1763965650522-001647,TRADER-0147,FOREX,BUY,6.59,964,0,FILLED,2025-01-16 00:02:54.0
BUY-1763965650523-002930,TRADER-0430,FOREX,BUY,6.32,949,0,FILLED,2025-01-16 15:18:59.0
BUY-1763965650525-003851,TRADER-0351,FOREX,BUY,7.24,245,0,FILLED,2025-01-17 01:44:42.0
BUY-1763965650528-006091,TRADER-0091,CRYPTO,BUY,2641.49,7,0,FILLED,2025-01-18 04:39:23.0
BUY-1763965650522-002020,TRADER-0020,FOREX,BUY,8.97,583,0,FILLED,2025-01-16 04:23:44.0
BUY-1763965650527-005285,TRADER-0285,FOREX,BUY,6.3,132,0,FILLED,2025-01-17 19:52:53.0
BUY-1763965650527-005638,TRADER-0138,FOREX,BUY,9.89,922,0,FILLED,2025-01-17 23:16:04.0
BUY-1763965650527-005103,TRADER-0103,FOREX,BUY,5.49,374,0,FILLED,2025-01-17 17:20:17.0
BUY-1763965650528-006286,TRADER-0286,FOREX,BUY,8.16,914,0,FILLED,2025-01-18 07:50:28.0
BUY-1763965650528-006343,TRADER-0343,FOREX,BUY,5.29,323,0,FILLED,2025-01-18 08:09:09.0
BUY-1763965650527-005237,TRADER-0237,CRYPTO,BUY,3171.26,11,0,FILLED,2025-01-17 19:20:13.0
BUY-1763965650528-006405,TRADER-0405,EQUITY,BUY,287.63,222,0,FILLED,2025-01-18 08:36:31.0
BUY-1763965650526-004865,TRADER-0365,CRYPTO,BUY,2880.86,5,0,FILLED,2025-01-17 14:25:18.0
BUY-1763965650527-005632,TRADER-0132,EQUITY,BUY,488.88,179,0,FILLED,2025-01-17 23:58:43.0
BUY-1763965650527-005635,TRADER-0135,CRYPTO,BUY,1001.59,11,0,FILLED,2025-01-18 00:01:35.0
BUY-1763965650527-005349,TRADER-0349,FOREX,BUY,7.66,666,0,FILLED,2025-01-17 19:55:55.0
BUY-1763965650523-002432,TRADER-0432,CRYPTO,BUY,2344.42,6,0,FILLED,2025-01-16 09:38:56.0
BUY-1763965650529-007400,TRADER-0400,FOREX,BUY,8.65,688,0,FILLED,2025-01-18 21:10:00.0
BUY-1763965650528-006528,TRADER-0028,EQUITY,BUY,203.28,415,0,FILLED,2025-01-18 10:18:18.0
BUY-1763965650524-003451,TRADER-0451,EQUITY,BUY,332.91,11,0,FILLED,2025-01-16 21:09:18.0
BUY-1763965650522-002052,TRADER-0052,EQUITY,BUY,252.14,158,0,FILLED,2025-01-16 04:24:46.0
BUY-1763965650528-006099,TRADER-0099,FOREX,BUY,9.75,682,0,FILLED,2025-01-18 05:32:59.0
BUY-1763965650528-006471,TRADER-0471,CRYPTO,BUY,2386.87,20,0,FILLED,2025-01-18 09:38:00.0
BUY-1763965650529-007232,TRADER-0232,CRYPTO,BUY,2236.3,4,0,FILLED,2025-01-18 19:12:30.0
BUY-1763965650523-002515,TRADER-0015,CRYPTO,BUY,3732.67,9,0,FILLED,2025-01-16 09:44:40.0
BUY-1763965650529-007361,TRADER-0361,CRYPTO,BUY,2666.95,8,0,FILLED,2025-01-18 20:44:38.0
BUY-1763965650529-006655,TRADER-0155,CRYPTO,BUY,3375.15,3,0,FILLED,2025-01-18 12:18:20.0
BUY-1763965650519-000290,TRADER-0290,EQUITY,BUY,300.0,15,0,FILLED,2025-01-15 07:52:58.0
BUY-1763965650529-007419,TRADER-0419,EQUITY,BUY,466.17,115,0,FILLED,2025-01-18 21:00:24.0
BUY-1763965650528-006122,TRADER-0122,CRYPTO,BUY,857.95,27,0,FILLED,2025-01-18 05:45:29.0
BUY-1763965650525-004185,TRADER-0185,EQUITY,BUY,161.52,162,0,FILLED,2025-01-17 06:02:39.0
BUY-1763965650523-002747,TRADER-0247,EQUITY,BUY,264.17,62,0,FILLED,2025-01-16 13:13:24.0
BUY-1763965650529-007216,TRADER-0216,CRYPTO,BUY,2963.88,1,0,FILLED,2025-01-18 18:21:23.0
BUY-1763965650527-005511,TRADER-0011,EQUITY,BUY,485.71,37,0,FILLED,2025-01-17 22:21:10.0
BUY-1763965650526-004920,TRADER-0420,FOREX,BUY,6.25,820,0,FILLED,2025-01-17 14:51:11.0
BUY-1763965650529-006642,TRADER-0142,EQUITY,BUY,368.26,231,0,FILLED,2025-01-18 11:33:12.0
BUY-1763965650522-001896,TRADER-0396,FOREX,BUY,7.51,820,0,FILLED,2025-01-16 02:44:05.0
BUY-1763965650522-002029,TRADER-0029,EQUITY,BUY,365.92,231,0,FILLED,2025-01-16 04:08:50.0
BUY-1763965650524-003018,TRADER-0018,EQUITY,BUY,476.87,171,0,FILLED,2025-01-16 16:17:28.0
BUY-1763965650528-006414,TRADER-0414,CRYPTO,BUY,4757.72,10,0,FILLED,2025-01-18 08:31:47.0
BUY-1763965650520-000705,TRADER-0205,CRYPTO,BUY,3908.34,2,0,FILLED,2025-01-15 12:02:53.0
BUY-1763965650529-007304,TRADER-0304,CRYPTO,BUY,3462.27,12,0,FILLED,2025-01-18 19:24:30.0
BUY-1763965650528-006495,TRADER-0495,CRYPTO,BUY,4737.68,10,0,FILLED,2025-01-18 10:05:12.0
BUY-1763965650528-006415,TRADER-0415,FOREX,BUY,4.99,550,0,FILLED,2025-01-18 08:49:46.0
BUY-1763965650529-006643,TRADER-0143,CRYPTO,BUY,545.67,9,0,FILLED,2025-01-18 11:22:39.0
BUY-1763965650529-007398,TRADER-0398,CRYPTO,BUY,1626.57,8,0,FILLED,2025-01-18 20:29:26.0
BUY-1763965650528-006413,TRADER-0413,CRYPTO,BUY,2240.02,7,0,FILLED,2025-01-18 08:48:37.0
BUY-1763965650521-001307,TRADER-0307,FOREX,BUY,4.31,275,0,FILLED,2025-01-15 20:03:36.0
BUY-1763965650529-007165,TRADER-0165,EQUITY,BUY,366.86,156,0,FILLED,2025-01-18 18:13:45.0
BUY-1763965650529-007062,TRADER-0062,EQUITY,BUY,205.76,285,0,FILLED,2025-01-18 16:48:14.0
BUY-1763965650527-005651,TRADER-0151,CRYPTO,BUY,3026.53,12,0,FILLED,2025-01-17 23:34:28.0
BUY-1763965650521-001394,TRADER-0394,EQUITY,BUY,239.34,287,0,FILLED,2025-01-15 20:18:20.0
BUY-1763965650529-006676,TRADER-0176,FOREX,BUY,7.58,425,0,FILLED,2025-01-18 11:54:40.0
BUY-1763965650522-001658,TRADER-0158,EQUITY,BUY,318.63,108,0,FILLED,2025-01-15 23:57:48.0
BUY-1763965650523-002412,TRADER-0412,EQUITY,BUY,226.55,110,0,FILLED,2025-01-16 09:00:44.0
BUY-1763965650528-006118,TRADER-0118,CRYPTO,BUY,790.19,54,0,FILLED,2025-01-18 05:07:48.0
BUY-1763965650529-007453,TRADER-0453,CRYPTO,BUY,1232.47,8,0,FILLED,2025-01-18 21:12:54.0
BUY-1763965650527-005478,TRADER-0478,CRYPTO,BUY,1472.21,33,0,FILLED,2025-01-17 21:29:57.0
BUY-1763965650527-005200,TRADER-0200,CRYPTO,BUY,4280.25,6,0,FILLED,2025-01-17 18:51:28.0
BUY-1763965650529-007056,TRADER-0056,CRYPTO,BUY,4412.6,8,0,FILLED,2025-01-18 16:14:06.0
BUY-1763965650524-003241,TRADER-0241,EQUITY,BUY,396.97,12,0,FILLED,2025-01-16 18:41:37.0
BUY-1763965650529-006740,TRADER-0240,EQUITY,BUY,465.29,20,0,FILLED,2025-01-18 12:44:05.0
BUY-1763965650528-006255,TRADER-0255,CRYPTO,BUY,2085.37,12,0,FILLED,2025-01-18 07:00:53.0
BUY-1763965650528-006113,TRADER-0113,FOREX,BUY,4.44,798,0,FILLED,2025-01-18 04:59:59.0
BUY-1763965650529-006659,TRADER-0159,CRYPTO,BUY,2410.99,19,0,FILLED,2025-01-18 11:59:12.0
BUY-1763965650524-003483,TRADER-0483,CRYPTO,BUY,4370.65,6,0,FILLED,2025-01-16 22:03:41.0
BUY-1763965650526-004957,TRADER-0457,EQUITY,BUY,142.08,20,0,FILLED,2025-01-17 15:25:34.0
BUY-1763965650528-006395,TRADER-0395,EQUITY,BUY,411.45,58,0,FILLED,2025-01-18 09:12:28.0
BUY-1763965650521-001498,TRADER-0498,EQUITY,BUY,171.84,497,0,FILLED,2025-01-15 22:24:31.0
BUY-1763965650528-006088,TRADER-0088,CRYPTO,BUY,4897.16,10,0,FILLED,2025-01-18 05:21:46.0
BUY-1763965650528-006098,TRADER-0098,CRYPTO,BUY,1845.12,26,0,FILLED,2025-01-18 04:56:08.0
BUY-1763965650526-004449,TRADER-0449,CRYPTO,BUY,1218.26,6,0,FILLED,2025-01-17 09:29:20.0
BUY-1763965650528-006279,TRADER-0279,CRYPTO,BUY,630.58,49,0,FILLED,2025-01-18 07:10:10.0
BUY-1763965650520-000918,TRADER-0418,CRYPTO,BUY,3949.04,12,0,FILLED,2025-01-15 14:47:52.0
BUY-1763965650527-005344,TRADER-0344,CRYPTO,BUY,1327.01,25,0,FILLED,2025-01-17 20:17:32.0
BUY-1763965650521-001593,TRADER-0093,FOREX,BUY,4.76,914,0,FILLED,2025-01-15 22:56:40.0
BUY-1763965650529-006758,TRADER-0258,CRYPTO,BUY,4961.56,8,0,FILLED,2025-01-18 13:15:29.0
BUY-1763965650527-005131,TRADER-0131,EQUITY,BUY,439.55,22,0,FILLED,2025-01-17 17:08:28.0
BUY-1763965650528-006397,TRADER-0397,FOREX,BUY,7.58,996,0,FILLED,2025-01-18 08:56:08.0
BUY-1763965650528-006134,TRADER-0134,EQUITY,BUY,205.58,471,0,FILLED,2025-01-18 05:51:43.0
BUY-1763965650522-002143,TRADER-0143,CRYPTO,BUY,4617.48,6,0,FILLED,2025-01-16 05:33:05.0
BUY-1763965650519-000505,TRADER-0005,EQUITY,BUY,464.65,168,0,FILLED,2025-01-15 09:50:12.0
BUY-1763965650527-005455,TRADER-0455,EQUITY,BUY,296.1,105,0,FILLED,2025-01-17 21:27:55.0
BUY-1763965650522-002005,TRADER-0005,EQUITY,BUY,370.27,112,0,FILLED,2025-01-16 03:50:09.0
BUY-1763965650522-002245,TRADER-0245,FOREX,BUY,8.78,830,0,FILLED,2025-01-16 06:35:53.0
BUY-1763965650523-002615,TRADER-0115,FOREX,BUY,7.8,502,0,FILLED,2025-01-16 11:48:02.0
BUY-1763965650523-002756,TRADER-0256,CRYPTO,BUY,660.04,22,0,FILLED,2025-01-16 13:06:48.0
BUY-1763965650527-005543,TRADER-0043,FOREX,BUY,6.95,307,0,FILLED,2025-01-17 22:04:00.0
BUY-1763965650524-003429,TRADER-0429,CRYPTO,BUY,2609.68,12,0,FILLED,2025-01-16 21:30:42.0
BUY-1763965650521-001458,TRADER-0458,EQUITY,BUY,286.44,100,0,FILLED,2025-01-15 21:19:11.0
BUY-1763965650524-003043,TRADER-0043,CRYPTO,BUY,1486.77,19,0,FILLED,2025-01-16 16:34:51.0
BUY-1763965650527-005335,TRADER-0335,FOREX,BUY,8.54,747,0,FILLED,2025-01-17 19:54:52.0
BUY-1763965650527-005795,TRADER-0295,EQUITY,BUY,481.07,86,0,FILLED,2025-01-18 01:35:23.0
BUY-1763965650529-006734,TRADER-0234,FOREX,BUY,8.18,226,0,FILLED,2025-01-18 13:09:28.0
BUY-1763965650529-006735,TRADER-0235,FOREX,BUY,9.31,353,0,FILLED,2025-01-18 12:24:37.0
BUY-1763965650526-004880,TRADER-0380,EQUITY,BUY,459.02,16,0,FILLED,2025-01-17 14:13:25.0
BUY-1763965650529-007411,TRADER-0411,CRYPTO,BUY,2327.48,4,0,FILLED,2025-01-18 21:11:48.0
BUY-1763965650528-006354,TRADER-0354,CRYPTO,BUY,2202.67,8,0,FILLED,2025-01-18 08:32:42.0
BUY-1763965650527-005614,TRADER-0114,FOREX,BUY,7.87,574,0,FILLED,2025-01-17 23:16:58.0
BUY-1763965650522-001905,TRADER-0405,FOREX,BUY,8.27,360,0,FILLED,2025-01-16 03:12:12.0
BUY-1763965650528-005854,TRADER-0354,EQUITY,BUY,230.42,426,0,FILLED,2025-01-18 01:52:58.0
BUY-1763965650518-000088,TRADER-0088,EQUITY,BUY,250.0,39,0,FILLED,2025-01-15 05:31:02.0
BUY-1763965650522-001620,TRADER-0120,EQUITY,BUY,214.16,179,0,FILLED,2025-01-15 22:57:19.0
BUY-1763965650529-006660,TRADER-0160,EQUITY,BUY,359.59,19,0,FILLED,2025-01-18 12:01:53.0
BUY-1763965650528-005948,TRADER-0448,FOREX,BUY,5.74,556,0,FILLED,2025-01-18 03:50:55.0
BUY-1763965650522-001975,TRADER-0475,FOREX,BUY,8.09,423,0,FILLED,2025-01-16 04:11:00.0
BUY-1763965650528-006627,TRADER-0127,CRYPTO,BUY,4935.85,2,0,FILLED,2025-01-18 11:24:57.0
BUY-1763965650523-002889,TRADER-0389,EQUITY,BUY,476.14,96,0,FILLED,2025-01-16 14:57:38.0
BUY-1763965650524-003032,TRADER-0032,EQUITY,BUY,172.82,315,0,FILLED,2025-01-16 16:42:35.0
BUY-1763965650525-004054,TRADER-0054,EQUITY,BUY,316.25,273,0,FILLED,2025-01-17 05:06:31.0
BUY-1763965650520-000910,TRADER-0410,CRYPTO,BUY,488.95,35,0,FILLED,2025-01-15 15:04:22.0
BUY-1763965650527-005540,TRADER-0040,CRYPTO,BUY,4889.79,9,0,FILLED,2025-01-17 22:25:42.0
BUY-1763965650527-005397,TRADER-0397,CRYPTO,BUY,4482.73,7,0,FILLED,2025-01-17 20:57:49.0
BUY-1763965650527-005652,TRADER-0152,CRYPTO,BUY,1902.92,11,0,FILLED,2025-01-17 23:54:54.0
BUY-1763965650525-004300,TRADER-0300,FOREX,BUY,6.07,330,0,FILLED,2025-01-17 08:00:39.0
BUY-1763965650529-007136,TRADER-0136,CRYPTO,BUY,956.7,16,0,FILLED,2025-01-18 18:07:03.0
BUY-1763965650522-002142,TRADER-0142,CRYPTO,BUY,4115.17,6,0,FILLED,2025-01-16 06:07:39.0
BUY-1763965650529-007145,TRADER-0145,EQUITY,BUY,272.35,43,0,FILLED,2025-01-18 17:18:36.0
BUY-1763965650522-001939,TRADER-0439,FOREX,BUY,9.79,10,0,FILLED,2025-01-16 03:31:47.0
BUY-1763965650524-003290,TRADER-0290,CRYPTO,BUY,1851.77,23,0,FILLED,2025-01-16 19:30:12.0
BUY-1763965650526-004720,TRADER-0220,CRYPTO,BUY,823.32,33,0,FILLED,2025-01-17 12:22:08.0
BUY-1763965650524-003488,TRADER-0488,EQUITY,BUY,447.36,76,0,FILLED,2025-01-16 21:30:21.0
BUY-1763965650527-005355,TRADER-0355,EQUITY,BUY,499.06,192,0,FILLED,2025-01-17 20:03:13.0
BUY-1763965650529-007369,TRADER-0369,EQUITY,BUY,298.7,178,0,FILLED,2025-01-18 20:21:45.0
BUY-1763965650527-005489,TRADER-0489,CRYPTO,BUY,4571.47,5,0,FILLED,2025-01-17 22:17:17.0
BUY-1763965650529-006701,TRADER-0201,CRYPTO,BUY,4399.88,6,0,FILLED,2025-01-18 12:00:42.0
BUY-1763965650529-006767,TRADER-0267,CRYPTO,BUY,2376.26,4,0,FILLED,2025-01-18 13:12:26.0
BUY-1763965650526-005028,TRADER-0028,CRYPTO,BUY,1872.07,17,0,FILLED,2025-01-17 16:16:40.0
BUY-1763965650520-000771,TRADER-0271,CRYPTO,BUY,440.35,29,0,FILLED,2025-01-15 13:09:47.0
BUY-1763965650527-005163,TRADER-0163,CRYPTO,BUY,2798.93,1,0,FILLED,2025-01-17 17:50:56.0
BUY-1763965650529-006715,TRADER-0215,FOREX,BUY,6.72,365,0,FILLED,2025-01-18 12:48:27.0
BUY-1763965650528-006092,TRADER-0092,FOREX,BUY,7.42,931,0,FILLED,2025-01-18 05:27:24.0
BUY-1763965650528-005829,TRADER-0329,EQUITY,BUY,250.92,307,0,FILLED,2025-01-18 02:05:53.0
BUY-1763965650524-003276,TRADER-0276,CRYPTO,BUY,1992.27,21,0,FILLED,2025-01-16 19:45:49.0
BUY-1763965650527-005217,TRADER-0217,FOREX,BUY,8.6,187,0,FILLED,2025-01-17 18:17:11.0
BUY-1763965650529-007446,TRADER-0446,EQUITY,BUY,384.72,111,0,FILLED,2025-01-18 21:49:36.0
BUY-1763965650528-006428,TRADER-0428,FOREX,BUY,5.79,88,0,FILLED,2025-01-18 09:37:57.0
BUY-1763965650525-004157,TRADER-0157,CRYPTO,BUY,1817.99,2,0,FILLED,2025-01-17 05:25:40.0
BUY-1763965650528-006129,TRADER-0129,FOREX,BUY,6.43,204,0,FILLED,2025-01-18 05:59:49.0
BUY-1763965650522-002166,TRADER-0166,CRYPTO,BUY,1835.11,17,0,FILLED,2025-01-16 05:52:38.0
BUY-1763965650529-007173,TRADER-0173,CRYPTO,BUY,2218.57,22,0,FILLED,2025-01-18 18:20:24.0
BUY-1763965650520-001046,TRADER-0046,CRYPTO,BUY,2155.69,11,0,FILLED,2025-01-15 16:58:13.0
BUY-1763965650528-006371,TRADER-0371,CRYPTO,BUY,3325.25,1,0,FILLED,2025-01-18 07:58:35.0
BUY-1763965650528-006085,TRADER-0085,EQUITY,BUY,445.71,18,0,FILLED,2025-01-18 04:56:13.0
BUY-1763965650524-003061,TRADER-0061,CRYPTO,BUY,4602.13,2,0,FILLED,2025-01-16 16:55:40.0
BUY-1763965650521-001496,TRADER-0496,EQUITY,BUY,167.67,330,0,FILLED,2025-01-15 21:28:58.0
BUY-1763965650528-006411,TRADER-0411,CRYPTO,BUY,1816.41,16,0,FILLED,2025-01-18 08:29:51.0
BUY-1763965650523-002614,TRADER-0114,CRYPTO,BUY,3451.2,9,0,FILLED,2025-01-16 11:05:33.0
BUY-1763965650528-006019,TRADER-0019,FOREX,BUY,4.33,259,0,FILLED,2025-01-18 04:23:20.0
BUY-1763965650527-005655,TRADER-0155,CRYPTO,BUY,4375.24,9,0,FILLED,2025-01-17 23:57:26.0
BUY-1763965650529-007196,TRADER-0196,CRYPTO,BUY,467.33,77,0,FILLED,2025-01-18 17:56:03.0
BUY-1763965650526-004761,TRADER-0261,CRYPTO,BUY,2261.28,2,0,FILLED,2025-01-17 13:04:56.0
BUY-1763965650528-006328,TRADER-0328,EQUITY,BUY,451.18,92,0,FILLED,2025-01-18 07:49:46.0
BUY-1763965650524-003073,TRADER-0073,FOREX,BUY,9.45,916,0,FILLED,2025-01-16 16:35:01.0
BUY-1763965650521-001295,TRADER-0295,CRYPTO,BUY,4011.41,7,0,FILLED,2025-01-15 19:39:10.0
BUY-1763965650527-005505,TRADER-0005,CRYPTO,BUY,3664.43,12,0,FILLED,2025-01-17 22:06:11.0
BUY-1763965650528-005939,TRADER-0439,EQUITY,BUY,407.42,209,0,FILLED,2025-01-18 03:14:55.0
BUY-1763965650520-001000,TRADER-0000,CRYPTO,BUY,2620.16,8,0,FILLED,2025-01-15 15:30:47.0
BUY-1763965650527-005087,TRADER-0087,FOREX,BUY,5.74,74,0,FILLED,2025-01-17 16:50:52.0
BUY-1763965650527-005234,TRADER-0234,FOREX,BUY,7.52,650,0,FILLED,2025-01-17 18:30:15.0
BUY-1763965650519-000351,TRADER-0351,EQUITY,BUY,300.0,35,0,FILLED,2025-01-15 08:23:52.0
BUY-1763965650520-000981,TRADER-0481,EQUITY,BUY,478.45,104,0,FILLED,2025-01-15 15:43:35.0
BUY-1763965650526-004975,TRADER-0475,CRYPTO,BUY,1822.29,7,0,FILLED,2025-01-17 16:06:22.0
BUY-1763965650519-000292,TRADER-0292,EQUITY,BUY,150.0,81,0,FILLED,2025-01-15 07:43:44.0
BUY-1763965650525-004076,TRADER-0076,CRYPTO,BUY,4012.04,2,0,FILLED,2025-01-17 05:21:03.0
BUY-1763965650524-003299,TRADER-0299,EQUITY,BUY,316.74,163,0,FILLED,2025-01-16 19:51:23.0
BUY-1763965650521-001403,TRADER-0403,EQUITY,BUY,482.0,91,0,FILLED,2025-01-15 20:30:15.0
BUY-1763965650526-004842,TRADER-0342,EQUITY,BUY,409.6,67,0,FILLED,2025-01-17 14:12:09.0
BUY-1763965650524-003441,TRADER-0441,EQUITY,BUY,188.59,292,0,FILLED,2025-01-16 21:38:22.0
BUY-1763965650529-006790,TRADER-0290,FOREX,BUY,7.52,14,0,FILLED,2025-01-18 13:46:13.0
BUY-1763965650522-001703,TRADER-0203,FOREX,BUY,5.79,43,0,FILLED,2025-01-16 00:47:48.0
BUY-1763965650524-003543,TRADER-0043,EQUITY,BUY,207.45,215,0,FILLED,2025-01-16 22:42:10.0
BUY-1763965650526-005036,TRADER-0036,EQUITY,BUY,383.75,161,0,FILLED,2025-01-17 16:54:25.0
BUY-1763965650520-000966,TRADER-0466,CRYPTO,BUY,4548.02,5,0,FILLED,2025-01-15 15:48:41.0
BUY-1763965650522-001881,TRADER-0381,FOREX,BUY,9.91,178,0,FILLED,2025-01-16 02:57:35.0
BUY-1763965650529-007387,TRADER-0387,CRYPTO,BUY,3089.59,12,0,FILLED,2025-01-18 20:39:43.0
BUY-1763965650521-001376,TRADER-0376,EQUITY,BUY,457.47,194,0,FILLED,2025-01-15 20:55:55.0
BUY-1763965650524-003551,TRADER-0051,EQUITY,BUY,294.93,186,0,FILLED,2025-01-16 22:32:03.0
BUY-1763965650520-000720,TRADER-0220,EQUITY,BUY,322.02,73,0,FILLED,2025-01-15 12:20:26.0
BUY-1763965650525-004301,TRADER-0301,CRYPTO,BUY,2231.3,14,0,FILLED,2025-01-17 07:42:18.0
BUY-1763965650522-001615,TRADER-0115,EQUITY,BUY,279.62,164,0,FILLED,2025-01-15 23:23:44.0
BUY-1763965650527-005633,TRADER-0133,EQUITY,BUY,376.71,48,0,FILLED,2025-01-17 23:41:16.0
BUY-1763965650523-002845,TRADER-0345,EQUITY,BUY,426.55,136,0,FILLED,2025-01-16 13:51:51.0
BUY-1763965650520-000777,TRADER-0277,CRYPTO,BUY,2500.6,3,0,FILLED,2025-01-15 12:53:08.0
BUY-1763965650523-002934,TRADER-0434,CRYPTO,BUY,3679.83,5,0,FILLED,2025-01-16 14:49:43.0
BUY-1763965650529-007230,TRADER-0230,EQUITY,BUY,289.88,282,0,FILLED,2025-01-18 18:34:28.0
BUY-1763965650529-006920,TRADER-0420,EQUITY,BUY,160.57,507,0,FILLED,2025-01-18 14:42:20.0
BUY-1763965650529-007441,TRADER-0441,EQUITY,BUY,417.36,102,0,FILLED,2025-01-18 21:21:16.0
BUY-1763965650529-007084,TRADER-0084,CRYPTO,BUY,3284.75,12,0,FILLED,2025-01-18 17:08:26.0
BUY-1763965650525-003852,TRADER-0352,EQUITY,BUY,276.67,215,0,FILLED,2025-01-17 02:11:20.0
BUY-1763965650524-003391,TRADER-0391,EQUITY,BUY,410.85,193,0,FILLED,2025-01-16 20:19:36.0
BUY-1763965650529-006760,TRADER-0260,CRYPTO,BUY,1061.81,34,0,FILLED,2025-01-18 13:20:41.0
BUY-1763965650524-003059,TRADER-0059,CRYPTO,BUY,2598.4,11,0,FILLED,2025-01-16 16:37:06.0
BUY-1763965650526-004763,TRADER-0263,FOREX,BUY,7.35,700,0,FILLED,2025-01-17 13:03:54.0
BUY-1763965650526-004955,TRADER-0455,EQUITY,BUY,192.86,372,0,FILLED,2025-01-17 15:23:28.0
BUY-1763965650525-004223,TRADER-0223,CRYPTO,BUY,4205.95,11,0,FILLED,2025-01-17 07:09:57.0
BUY-1763965650522-002113,TRADER-0113,FOREX,BUY,4.76,470,0,FILLED,2025-01-16 05:05:51.0
BUY-1763965650528-005925,TRADER-0425,EQUITY,BUY,335.57,5,0,FILLED,2025-01-18 02:44:03.0
BUY-1763965650524-003463,TRADER-0463,FOREX,BUY,9.98,712,0,FILLED,2025-01-16 21:17:18.0
BUY-1763965650527-005443,TRADER-0443,EQUITY,BUY,459.98,113,0,FILLED,2025-01-17 21:07:32.0
BUY-1763965650523-002855,TRADER-0355,EQUITY,BUY,209.96,114,0,FILLED,2025-01-16 14:20:00.0
BUY-1763965650529-006639,TRADER-0139,EQUITY,BUY,351.05,166,0,FILLED,2025-01-18 11:51:02.0
BUY-1763965650521-001292,TRADER-0292,CRYPTO,BUY,2604.16,6,0,FILLED,2025-01-15 19:23:58.0
BUY-1763965650525-003918,TRADER-0418,CRYPTO,BUY,4895.79,5,0,FILLED,2025-01-17 03:18:02.0
BUY-1763965650526-004819,TRADER-0319,FOREX,BUY,6.72,949,0,FILLED,2025-01-17 13:20:04.0
BUY-1763965650526-004583,TRADER-0083,FOREX,BUY,6.61,541,0,FILLED,2025-01-17 11:24:30.0
BUY-1763965650519-000614,TRADER-0114,EQUITY,BUY,242.6,360,0,FILLED,2025-01-15 11:03:30.0
BUY-1763965650525-004118,TRADER-0118,CRYPTO,BUY,3470.99,12,0,FILLED,2025-01-17 05:09:12.0
BUY-1763965650524-003553,TRADER-0053,CRYPTO,BUY,3003.76,11,0,FILLED,2025-01-16 22:26:17.0
BUY-1763965650521-001118,TRADER-0118,EQUITY,BUY,209.76,103,0,FILLED,2025-01-15 16:55:30.0
BUY-1763965650520-000656,TRADER-0156,EQUITY,BUY,474.88,139,0,FILLED,2025-01-15 11:53:34.0
BUY-1763965650520-000914,TRADER-0414,EQUITY,BUY,495.93,73,0,FILLED,2025-01-15 15:11:47.0
BUY-1763965650520-001048,TRADER-0048,CRYPTO,BUY,900.71,36,0,FILLED,2025-01-15 16:35:54.0
BUY-1763965650521-001328,TRADER-0328,CRYPTO,BUY,3479.16,7,0,FILLED,2025-01-15 19:33:50.0
BUY-1763965650529-007376,TRADER-0376,FOREX,BUY,7.96,485,0,FILLED,2025-01-18 20:24:02.0
BUY-1763965650525-004064,TRADER-0064,CRYPTO,BUY,508.37,18,0,FILLED,2025-01-17 04:19:56.0
BUY-1763965650520-000899,TRADER-0399,CRYPTO,BUY,484.87,62,0,FILLED,2025-01-15 14:34:19.0
BUY-1763965650525-004025,TRADER-0025,CRYPTO,BUY,2062.92,8,0,FILLED,2025-01-17 04:46:05.0
BUY-1763965650524-003236,TRADER-0236,FOREX,BUY,9.65,31,0,FILLED,2025-01-16 18:56:51.0
BUY-1763965650525-004321,TRADER-0321,EQUITY,BUY,286.11,312,0,FILLED,2025-01-17 07:31:20.0
BUY-1763965650528-006155,TRADER-0155,CRYPTO,BUY,880.46,9,0,FILLED,2025-01-18 05:58:05.0
BUY-1763965650524-002999,TRADER-0499,EQUITY,BUY,377.28,125,0,FILLED,2025-01-16 16:24:37.0
BUY-1763965650520-000716,TRADER-0216,EQUITY,BUY,251.24,287,0,FILLED,2025-01-15 12:14:28.0
BUY-1763965650525-003862,TRADER-0362,CRYPTO,BUY,4817.45,6,0,FILLED,2025-01-17 02:24:06.0
BUY-1763965650525-004000,TRADER-0000,CRYPTO,BUY,3696.45,1,0,FILLED,2025-01-17 04:29:00.0
BUY-1763965650526-004664,TRADER-0164,FOREX,BUY,9.72,477,0,FILLED,2025-01-17 12:24:58.0
BUY-1763965650529-006754,TRADER-0254,CRYPTO,BUY,3784.21,1,0,FILLED,2025-01-18 12:36:51.0
BUY-1763965650525-003960,TRADER-0460,CRYPTO,BUY,488.25,67,0,FILLED,2025-01-17 03:36:15.0
BUY-1763965650522-001853,TRADER-0353,CRYPTO,BUY,4310.74,10,0,FILLED,2025-01-16 02:28:30.0
BUY-1763965650518-000038,TRADER-0038,EQUITY,BUY,300.0,27,0,FILLED,2025-01-15 04:43:48.0
BUY-1763965650526-005023,TRADER-0023,CRYPTO,BUY,1697.05,17,0,FILLED,2025-01-17 16:33:58.0
BUY-1763965650519-000243,TRADER-0243,EQUITY,BUY,150.0,26,0,FILLED,2025-01-15 07:00:47.0
BUY-1763965650519-000274,TRADER-0274,EQUITY,BUY,300.0,73,0,FILLED,2025-01-15 07:21:55.0
BUY-1763965650529-006750,TRADER-0250,CRYPTO,BUY,4508.21,2,0,FILLED,2025-01-18 13:29:25.0
BUY-1763965650523-002836,TRADER-0336,EQUITY,BUY,145.64,206,0,FILLED,2025-01-16 14:07:55.0
BUY-1763965650522-001641,TRADER-0141,FOREX,BUY,7.68,640,0,FILLED,2025-01-15 23:48:05.0
BUY-1763965650520-000767,TRADER-0267,CRYPTO,BUY,2495.0,15,0,FILLED,2025-01-15 13:01:25.0
BUY-1763965650528-006506,TRADER-0006,CRYPTO,BUY,3073.48,12,0,FILLED,2025-01-18 10:12:01.0
BUY-1763965650529-006866,TRADER-0366,CRYPTO,BUY,2898.37,16,0,FILLED,2025-01-18 14:40:49.0
BUY-1763965650526-004990,TRADER-0490,CRYPTO,BUY,3297.16,11,0,FILLED,2025-01-17 16:20:31.0
BUY-1763965650529-007451,TRADER-0451,FOREX,BUY,8.49,841,0,FILLED,2025-01-18 21:07:02.0
BUY-1763965650527-005673,TRADER-0173,EQUITY,BUY,482.26,17,0,FILLED,2025-01-18 00:12:49.0
BUY-1763965650520-000708,TRADER-0208,CRYPTO,BUY,2332.86,7,0,FILLED,2025-01-15 12:46:40.0
BUY-1763965650522-002131,TRADER-0131,CRYPTO,BUY,1072.97,22,0,FILLED,2025-01-16 06:04:06.0
BUY-1763965650523-002730,TRADER-0230,FOREX,BUY,8.61,117,0,FILLED,2025-01-16 12:40:55.0
BUY-1763965650527-005767,TRADER-0267,CRYPTO,BUY,4889.08,3,0,FILLED,2025-01-18 00:52:13.0
BUY-1763965650521-001483,TRADER-0483,FOREX,BUY,6.65,211,0,FILLED,2025-01-15 22:14:46.0
BUY-1763965650528-006368,TRADER-0368,EQUITY,BUY,193.74,200,0,FILLED,2025-01-18 08:42:20.0
BUY-1763965650522-001660,TRADER-0160,EQUITY,BUY,193.13,55,0,FILLED,2025-01-15 23:34:45.0
BUY-1763965650520-000907,TRADER-0407,EQUITY,BUY,250.94,193,0,FILLED,2025-01-15 14:28:17.0
BUY-1763965650523-002743,TRADER-0243,CRYPTO,BUY,3240.95,13,0,FILLED,2025-01-16 12:27:17.0
BUY-1763965650528-006153,TRADER-0153,FOREX,BUY,7.37,190,0,FILLED,2025-01-18 05:46:38.0
BUY-1763965650518-000140,TRADER-0140,CRYPTO,BUY,1500.0,13,0,FILLED,2025-01-15 05:35:21.0
BUY-1763965650518-000041,TRADER-0041,EQUITY,BUY,250.0,82,0,FILLED,2025-01-15 04:32:25.0
BUY-1763965650524-003188,TRADER-0188,CRYPTO,BUY,3192.7,11,0,FILLED,2025-01-16 18:19:59.0
BUY-1763965650529-006787,TRADER-0287,CRYPTO,BUY,1331.46,31,0,FILLED,2025-01-18 13:26:16.0
BUY-1763965650529-007225,TRADER-0225,EQUITY,BUY,379.68,203,0,FILLED,2025-01-18 18:34:57.0
BUY-1763965650529-007472,TRADER-0472,EQUITY,BUY,192.91,258,0,FILLED,2025-01-18 21:33:06.0
BUY-1763965650527-005347,TRADER-0347,FOREX,BUY,4.85,445,0,FILLED,2025-01-17 20:22:28.0
BUY-1763965650521-001287,TRADER-0287,FOREX,BUY,4.63,832,0,FILLED,2025-01-15 19:02:48.0
BUY-1763965650524-003603,TRADER-0103,FOREX,BUY,6.78,193,0,FILLED,2025-01-16 23:27:09.0
BUY-1763965650522-001625,TRADER-0125,CRYPTO,BUY,2970.33,5,0,FILLED,2025-01-15 23:53:19.0
BUY-1763965650525-004322,TRADER-0322,FOREX,BUY,9.07,124,0,FILLED,2025-01-17 07:48:20.0
BUY-1763965650525-004289,TRADER-0289,CRYPTO,BUY,3728.57,7,0,FILLED,2025-01-17 07:58:00.0
BUY-1763965650524-003336,TRADER-0336,FOREX,BUY,4.61,603,0,FILLED,2025-01-16 20:19:34.0
BUY-1763965650528-005998,TRADER-0498,FOREX,BUY,4.93,559,0,FILLED,2025-01-18 03:49:22.0
BUY-1763965650521-001085,TRADER-0085,EQUITY,BUY,319.93,234,0,FILLED,2025-01-15 16:56:25.0
BUY-1763965650522-001849,TRADER-0349,EQUITY,BUY,477.46,35,0,FILLED,2025-01-16 02:05:11.0
BUY-1763965650523-002740,TRADER-0240,CRYPTO,BUY,3208.29,10,0,FILLED,2025-01-16 13:10:12.0
BUY-1763965650529-006803,TRADER-0303,CRYPTO,BUY,1653.18,15,0,FILLED,2025-01-18 13:48:19.0
BUY-1763965650522-001633,TRADER-0133,CRYPTO,BUY,2982.7,5,0,FILLED,2025-01-15 23:21:25.0
BUY-1763965650529-007092,TRADER-0092,EQUITY,BUY,326.72,114,0,FILLED,2025-01-18 17:23:48.0
BUY-1763965650525-004232,TRADER-0232,CRYPTO,BUY,3965.44,2,0,FILLED,2025-01-17 06:29:09.0
BUY-1763965650525-004038,TRADER-0038,CRYPTO,BUY,663.64,5,0,FILLED,2025-01-17 04:47:28.0
BUY-1763965650529-007130,TRADER-0130,FOREX,BUY,8.67,818,0,FILLED,2025-01-18 17:10:48.0
BUY-1763965650527-005522,TRADER-0022,FOREX,BUY,9.94,39,0,FILLED,2025-01-17 22:24:05.0
BUY-1763965650527-005468,TRADER-0468,EQUITY,BUY,195.25,484,0,FILLED,2025-01-17 21:10:14.0
BUY-1763965650529-007185,TRADER-0185,FOREX,BUY,9.57,746,0,FILLED,2025-01-18 17:58:02.0
BUY-1763965650524-003281,TRADER-0281,EQUITY,BUY,200.22,56,0,FILLED,2025-01-16 19:13:58.0
BUY-1763965650522-001916,TRADER-0416,EQUITY,BUY,372.45,44,0,FILLED,2025-01-16 03:04:30.0
BUY-1763965650524-003096,TRADER-0096,FOREX,BUY,6.28,152,0,FILLED,2025-01-16 16:46:46.0
BUY-1763965650528-006401,TRADER-0401,EQUITY,BUY,378.9,170,0,FILLED,2025-01-18 09:08:23.0
BUY-1763965650525-003965,TRADER-0465,EQUITY,BUY,385.39,201,0,FILLED,2025-01-17 03:05:49.0
BUY-1763965650524-003204,TRADER-0204,EQUITY,BUY,433.39,64,0,FILLED,2025-01-16 18:36:16.0
BUY-1763965650523-002669,TRADER-0169,FOREX,BUY,7.88,1000,0,FILLED,2025-01-16 11:53:22.0
BUY-1763965650529-006814,TRADER-0314,EQUITY,BUY,343.19,14,0,FILLED,2025-01-18 13:27:41.0
BUY-1763965650525-004288,TRADER-0288,FOREX,BUY,5.51,895,0,FILLED,2025-01-17 07:29:00.0
BUY-1763965650529-007194,TRADER-0194,CRYPTO,BUY,937.62,34,0,FILLED,2025-01-18 18:26:12.0
BUY-1763965650528-005806,TRADER-0306,FOREX,BUY,6.72,364,0,FILLED,2025-01-18 01:30:56.0
BUY-1763965650529-007097,TRADER-0097,FOREX,BUY,7.82,612,0,FILLED,2025-01-18 17:14:00.0
BUY-1763965650522-001710,TRADER-0210,CRYPTO,BUY,1123.7,30,0,FILLED,2025-01-16 00:53:38.0
BUY-1763965650528-005880,TRADER-0380,CRYPTO,BUY,3128.8,1,0,FILLED,2025-01-18 02:47:02.0
BUY-1763965650527-005603,TRADER-0103,CRYPTO,BUY,3459.15,3,0,FILLED,2025-01-17 22:59:45.0
BUY-1763965650522-002202,TRADER-0202,FOREX,BUY,5.17,96,0,FILLED,2025-01-16 06:33:11.0
BUY-1763965650529-006806,TRADER-0306,FOREX,BUY,7.16,152,0,FILLED,2025-01-18 13:15:05.0
BUY-1763965650522-002162,TRADER-0162,CRYPTO,BUY,1154.39,8,0,FILLED,2025-01-16 05:56:11.0
BUY-1763965650528-005968,TRADER-0468,FOREX,BUY,7.26,1000,0,FILLED,2025-01-18 04:05:46.0
BUY-1763965650525-004094,TRADER-0094,CRYPTO,BUY,4543.6,9,0,FILLED,2025-01-17 05:30:52.0
BUY-1763965650529-007457,TRADER-0457,CRYPTO,BUY,1150.92,26,0,FILLED,2025-01-18 21:02:21.0
BUY-1763965650528-006374,TRADER-0374,CRYPTO,BUY,1684.94,29,0,FILLED,2025-01-18 08:20:44.0
BUY-1763965650524-003066,TRADER-0066,EQUITY,BUY,372.31,238,0,FILLED,2025-01-16 16:32:03.0
BUY-1763965650521-001449,TRADER-0449,EQUITY,BUY,418.25,4,0,FILLED,2025-01-15 21:06:02.0
BUY-1763965650527-005456,TRADER-0456,FOREX,BUY,5.28,864,0,FILLED,2025-01-17 21:55:12.0
BUY-1763965650522-002251,TRADER-0251,EQUITY,BUY,178.05,307,0,FILLED,2025-01-16 06:50:02.0
BUY-1763965650528-006431,TRADER-0431,FOREX,BUY,7.94,976,0,FILLED,2025-01-18 09:15:11.0
BUY-1763965650519-000281,TRADER-0281,EQUITY,BUY,300.0,94,0,FILLED,2025-01-15 07:34:18.0
BUY-1763965650528-006508,TRADER-0008,EQUITY,BUY,267.8,295,0,FILLED,2025-01-18 09:44:29.0
BUY-1763965650520-000709,TRADER-0209,EQUITY,BUY,392.05,123,0,FILLED,2025-01-15 12:57:02.0
BUY-1763965650529-007203,TRADER-0203,FOREX,BUY,6.69,819,0,FILLED,2025-01-18 18:01:49.0
BUY-1763965650526-004735,TRADER-0235,EQUITY,BUY,305.71,106,0,FILLED,2025-01-17 13:00:00.0
BUY-1763965650529-007332,TRADER-0332,CRYPTO,BUY,4275.75,7,0,FILLED,2025-01-18 20:17:57.0
BUY-1763965650524-003450,TRADER-0450,FOREX,BUY,5.14,258,0,FILLED,2025-01-16 21:49:22.0
BUY-1763965650529-006763,TRADER-0263,CRYPTO,BUY,1418.22,35,0,FILLED,2025-01-18 13:28:48.0
BUY-1763965650523-002737,TRADER-0237,EQUITY,BUY,293.22,233,0,FILLED,2025-01-16 13:20:08.0
BUY-1763965650521-001404,TRADER-0404,CRYPTO,BUY,1304.57,38,0,FILLED,2025-01-15 20:43:13.0
BUY-1763965650522-002199,TRADER-0199,EQUITY,BUY,230.44,9,0,FILLED,2025-01-16 06:22:28.0
BUY-1763965650522-002073,TRADER-0073,FOREX,BUY,6.22,713,0,FILLED,2025-01-16 05:06:59.0
BUY-1763965650527-005084,TRADER-0084,CRYPTO,BUY,2851.6,7,0,FILLED,2025-01-17 17:15:56.0
BUY-1763965650529-006821,TRADER-0321,FOREX,BUY,5.52,217,0,FILLED,2025-01-18 13:41:17.0
BUY-1763965650522-001606,TRADER-0106,FOREX,BUY,5.06,309,0,FILLED,2025-01-15 23:28:08.0
BUY-1763965650529-006823,TRADER-0323,EQUITY,BUY,447.75,89,0,FILLED,2025-01-18 13:59:00.0
BUY-1763965650524-003275,TRADER-0275,CRYPTO,BUY,2575.58,6,0,FILLED,2025-01-16 18:53:57.0
BUY-1763965650529-007095,TRADER-0095,FOREX,BUY,9.91,560,0,FILLED,2025-01-18 16:45:32.0
BUY-1763965650524-003525,TRADER-0025,FOREX,BUY,7.36,980,0,FILLED,2025-01-16 22:43:53.0
BUY-1763965650525-003843,TRADER-0343,FOREX,BUY,6.78,109,0,FILLED,2025-01-17 02:33:41.0
BUY-1763965650519-000340,TRADER-0340,EQUITY,BUY,200.0,25,0,FILLED,2025-01-15 08:14:16.0
BUY-1763965650528-006418,TRADER-0418,CRYPTO,BUY,4276.67,8,0,FILLED,2025-01-18 08:31:22.0
BUY-1763965650526-004999,TRADER-0499,FOREX,BUY,7.99,589,0,FILLED,2025-01-17 15:55:00.0
BUY-1763965650529-007319,TRADER-0319,EQUITY,BUY,258.97,2,0,FILLED,2025-01-18 20:02:09.0
BUY-1763965650520-000915,TRADER-0415,EQUITY,BUY,285.13,275,0,FILLED,2025-01-15 15:25:39.0
BUY-1763965650520-000664,TRADER-0164,CRYPTO,BUY,2282.38,14,0,FILLED,2025-01-15 11:43:22.0
BUY-1763965650524-003422,TRADER-0422,FOREX,BUY,5.19,193,0,FILLED,2025-01-16 21:24:29.0
BUY-1763965650524-003438,TRADER-0438,FOREX,BUY,8.51,699,0,FILLED,2025-01-16 21:43:11.0
BUY-1763965650528-006363,TRADER-0363,EQUITY,BUY,393.24,142,0,FILLED,2025-01-18 08:13:46.0
BUY-1763965650524-003305,TRADER-0305,CRYPTO,BUY,3343.93,13,0,FILLED,2025-01-16 19:42:31.0
BUY-1763965650527-005472,TRADER-0472,CRYPTO,BUY,4413.51,4,0,FILLED,2025-01-17 21:23:14.0
BUY-1763965650525-003984,TRADER-0484,CRYPTO,BUY,3288.46,13,0,FILLED,2025-01-17 04:12:16.0
BUY-1763965650524-003629,TRADER-0129,CRYPTO,BUY,4190.28,10,0,FILLED,2025-01-16 23:50:54.0
BUY-1763965650525-004221,TRADER-0221,FOREX,BUY,5.61,532,0,FILLED,2025-01-17 06:19:49.0
BUY-1763965650527-005405,TRADER-0405,FOREX,BUY,8.83,250,0,FILLED,2025-01-17 20:31:31.0
BUY-1763965650525-003845,TRADER-0345,EQUITY,BUY,313.61,34,0,FILLED,2025-01-17 01:48:29.0
BUY-1763965650526-004827,TRADER-0327,CRYPTO,BUY,2877.6,1,0,FILLED,2025-01-17 13:26:36.0
BUY-1763965650526-004960,TRADER-0460,CRYPTO,BUY,4486.94,1,0,FILLED,2025-01-17 15:23:40.0
BUY-1763965650524-003636,TRADER-0136,CRYPTO,BUY,2920.29,17,0,FILLED,2025-01-16 23:42:37.0
BUY-1763965650526-004430,TRADER-0430,CRYPTO,BUY,4544.16,11,0,FILLED,2025-01-17 09:37:23.0
BUY-1763965650529-007153,TRADER-0153,CRYPTO,BUY,3100.34,14,0,FILLED,2025-01-18 17:23:36.0
BUY-1763965650522-001715,TRADER-0215,EQUITY,BUY,493.55,176,0,FILLED,2025-01-16 00:06:23.0
BUY-1763965650524-003123,TRADER-0123,EQUITY,BUY,340.83,116,0,FILLED,2025-01-16 17:12:24.0
BUY-1763965650524-003079,TRADER-0079,CRYPTO,BUY,2751.93,11,0,FILLED,2025-01-16 16:28:35.0
BUY-1763965650525-004079,TRADER-0079,CRYPTO,BUY,834.08,7,0,FILLED,2025-01-17 05:10:13.0
BUY-1763965650527-005088,TRADER-0088,CRYPTO,BUY,4704.82,7,0,FILLED,2025-01-17 16:40:38.0
BUY-1763965650523-002264,TRADER-0264,FOREX,BUY,5.65,128,0,FILLED,2025-01-16 07:29:20.0
BUY-1763965650526-004446,TRADER-0446,CRYPTO,BUY,4712.29,7,0,FILLED,2025-01-17 09:27:28.0
BUY-1763965650521-001075,TRADER-0075,EQUITY,BUY,343.87,253,0,FILLED,2025-01-15 16:48:35.0
BUY-1763965650523-002535,TRADER-0035,CRYPTO,BUY,4837.56,7,0,FILLED,2025-01-16 10:41:48.0
BUY-1763965650523-002688,TRADER-0188,FOREX,BUY,7.67,196,0,FILLED,2025-01-16 12:36:08.0
BUY-1763965650520-000997,TRADER-0497,FOREX,BUY,8.78,970,0,FILLED,2025-01-15 15:56:37.0
BUY-1763965650527-005290,TRADER-0290,EQUITY,BUY,389.57,112,0,FILLED,2025-01-17 19:11:43.0
BUY-1763965650525-004243,TRADER-0243,CRYPTO,BUY,3263.44,13,0,FILLED,2025-01-17 06:45:48.0
BUY-1763965650524-003465,TRADER-0465,FOREX,BUY,6.56,96,0,FILLED,2025-01-16 21:21:03.0
BUY-1763965650519-000579,TRADER-0079,FOREX,BUY,6.08,863,0,FILLED,2025-01-15 11:08:23.0
BUY-1763965650526-004437,TRADER-0437,CRYPTO,BUY,2903.24,7,0,FILLED,2025-01-17 09:14:33.0
BUY-1763965650528-006468,TRADER-0468,EQUITY,BUY,455.67,10,0,FILLED,2025-01-18 09:21:01.0
BUY-1763965650528-006210,TRADER-0210,CRYPTO,BUY,4240.1,4,0,FILLED,2025-01-18 06:57:19.0
BUY-1763965650520-000912,TRADER-0412,EQUITY,BUY,340.14,275,0,FILLED,2025-01-15 15:26:06.0
BUY-1763965650521-001568,TRADER-0068,CRYPTO,BUY,2949.89,5,0,FILLED,2025-01-15 22:19:09.0
BUY-1763965650528-005943,TRADER-0443,EQUITY,BUY,353.58,258,0,FILLED,2025-01-18 03:00:31.0
BUY-1763965650524-003140,TRADER-0140,CRYPTO,BUY,4126.97,12,0,FILLED,2025-01-16 17:24:52.0
BUY-1763965650520-001005,TRADER-0005,CRYPTO,BUY,747.5,36,0,FILLED,2025-01-15 15:58:15.0
BUY-1763965650522-001688,TRADER-0188,FOREX,BUY,8.04,868,0,FILLED,2025-01-16 00:16:32.0
BUY-1763965650529-007374,TRADER-0374,EQUITY,BUY,165.19,249,0,FILLED,2025-01-18 20:54:07.0
BUY-1763965650523-002829,TRADER-0329,FOREX,BUY,7.08,761,0,FILLED,2025-01-16 13:31:12.0
BUY-1763965650518-000028,TRADER-0028,EQUITY,BUY,300.0,27,0,FILLED,2025-01-15 04:28:44.0
BUY-1763965650524-003294,TRADER-0294,FOREX,BUY,9.31,286,0,FILLED,2025-01-16 19:54:41.0
BUY-1763965650523-002273,TRADER-0273,EQUITY,BUY,295.05,296,0,FILLED,2025-01-16 07:08:21.0
BUY-1763965650527-005410,TRADER-0410,CRYPTO,BUY,3519.47,10,0,FILLED,2025-01-17 21:00:20.0
BUY-1763965650527-005392,TRADER-0392,CRYPTO,BUY,3601.26,1,0,FILLED,2025-01-17 20:53:09.0
BUY-1763965650525-003861,TRADER-0361,EQUITY,BUY,135.4,537,0,FILLED,2025-01-17 01:50:08.0
BUY-1763965650527-005368,TRADER-0368,EQUITY,BUY,369.43,118,0,FILLED,2025-01-17 20:11:51.0
BUY-1763965650522-001619,TRADER-0119,EQUITY,BUY,272.9,157,0,FILLED,2025-01-15 23:41:43.0
BUY-1763965650524-003444,TRADER-0444,CRYPTO,BUY,3565.38,8,0,FILLED,2025-01-16 21:17:43.0
BUY-1763965650525-004217,TRADER-0217,EQUITY,BUY,420.49,66,0,FILLED,2025-01-17 06:38:33.0
BUY-1763965650527-005622,TRADER-0122,FOREX,BUY,9.33,139,0,FILLED,2025-01-17 23:26:11.0
BUY-1763965650522-001799,TRADER-0299,CRYPTO,BUY,1079.96,26,0,FILLED,2025-01-16 01:38:39.0
BUY-1763965650525-004191,TRADER-0191,EQUITY,BUY,270.93,31,0,FILLED,2025-01-17 06:39:23.0
BUY-1763965650518-000146,TRADER-0146,CRYPTO,BUY,1000.0,26,0,FILLED,2025-01-15 05:47:39.0
BUY-1763965650528-006460,TRADER-0460,CRYPTO,BUY,3267.06,12,0,FILLED,2025-01-18 09:35:40.0
BUY-1763965650523-002685,TRADER-0185,FOREX,BUY,4.26,630,0,FILLED,2025-01-16 12:35:29.0
BUY-1763965650527-005282,TRADER-0282,FOREX,BUY,9.43,271,0,FILLED,2025-01-17 19:28:05.0
BUY-1763965650526-004969,TRADER-0469,CRYPTO,BUY,2088.89,15,0,FILLED,2025-01-17 15:45:41.0
BUY-1763965650528-006156,TRADER-0156,FOREX,BUY,9.21,615,0,FILLED,2025-01-18 05:27:54.0
BUY-1763965650526-004451,TRADER-0451,FOREX,BUY,5.56,572,0,FILLED,2025-01-17 09:07:54.0
BUY-1763965650528-006470,TRADER-0470,CRYPTO,BUY,1461.87,25,0,FILLED,2025-01-18 09:46:43.0
BUY-1763965650521-001110,TRADER-0110,EQUITY,BUY,462.96,206,0,FILLED,2025-01-15 17:13:10.0
BUY-1763965650524-003242,TRADER-0242,EQUITY,BUY,473.02,7,0,FILLED,2025-01-16 19:14:00.0
BUY-1763965650529-006755,TRADER-0255,CRYPTO,BUY,4320.32,9,0,FILLED,2025-01-18 13:31:16.0
BUY-1763965650522-002157,TRADER-0157,EQUITY,BUY,143.08,539,0,FILLED,2025-01-16 06:22:34.0
BUY-1763965650528-006237,TRADER-0237,FOREX,BUY,7.84,303,0,FILLED,2025-01-18 07:18:31.0
BUY-1763965650525-004075,TRADER-0075,EQUITY,BUY,255.21,387,0,FILLED,2025-01-17 05:06:53.0
BUY-1763965650524-003492,TRADER-0492,CRYPTO,BUY,1033.62,12,0,FILLED,2025-01-16 22:19:01.0
BUY-1763965650520-000829,TRADER-0329,CRYPTO,BUY,2303.91,13,0,FILLED,2025-01-15 13:32:34.0
BUY-1763965650521-001205,TRADER-0205,CRYPTO,BUY,3324.37,13,0,FILLED,2025-01-15 18:05:42.0
BUY-1763965650519-000481,TRADER-0481,EQUITY,BUY,200.0,11,0,FILLED,2025-01-15 09:55:48.0
BUY-1763965650521-001504,TRADER-0004,FOREX,BUY,6.52,197,0,FILLED,2025-01-15 22:10:37.0
BUY-1763965650526-004733,TRADER-0233,FOREX,BUY,8.51,755,0,FILLED,2025-01-17 12:56:23.0
BUY-1763965650528-005942,TRADER-0442,CRYPTO,BUY,2759.87,10,0,FILLED,2025-01-18 03:42:16.0
BUY-1763965650520-000789,TRADER-0289,CRYPTO,BUY,1519.01,7,0,FILLED,2025-01-15 13:03:14.0
BUY-1763965650526-004917,TRADER-0417,EQUITY,BUY,365.6,142,0,FILLED,2025-01-17 15:26:46.0
BUY-1763965650523-002643,TRADER-0143,CRYPTO,BUY,1888.66,9,0,FILLED,2025-01-16 12:10:23.0
BUY-1763965650527-005201,TRADER-0201,FOREX,BUY,8.04,975,0,FILLED,2025-01-17 18:18:58.0
BUY-1763965650526-004626,TRADER-0126,FOREX,BUY,9.2,659,0,FILLED,2025-01-17 11:37:56.0
BUY-1763965650527-005665,TRADER-0165,FOREX,BUY,6.77,480,0,FILLED,2025-01-17 23:38:32.0
BUY-1763965650525-004339,TRADER-0339,EQUITY,BUY,431.54,110,0,FILLED,2025-01-17 07:45:11.0
BUY-1763965650524-003548,TRADER-0048,EQUITY,BUY,453.9,209,0,FILLED,2025-01-16 22:12:04.0
BUY-1763965650522-002138,TRADER-0138,CRYPTO,BUY,3113.53,13,0,FILLED,2025-01-16 05:29:40.0
BUY-1763965650522-002163,TRADER-0163,FOREX,BUY,5.29,880,0,FILLED,2025-01-16 05:43:19.0
BUY-1763965650526-004841,TRADER-0341,EQUITY,BUY,487.21,112,0,FILLED,2025-01-17 13:42:10.0
BUY-1763965650529-007297,TRADER-0297,EQUITY,BUY,282.82,349,0,FILLED,2025-01-18 19:09:42.0
BUY-1763965650527-005169,TRADER-0169,CRYPTO,BUY,3052.47,16,0,FILLED,2025-01-17 17:57:07.0
BUY-1763965650525-003688,TRADER-0188,FOREX,BUY,8.03,486,0,FILLED,2025-01-17 00:41:51.0
BUY-1763965650522-001966,TRADER-0466,CRYPTO,BUY,4491.95,6,0,FILLED,2025-01-16 03:47:10.0
BUY-1763965650522-001996,TRADER-0496,CRYPTO,BUY,4884.05,1,0,FILLED,2025-01-16 03:58:00.0
BUY-1763965650527-005171,TRADER-0171,CRYPTO,BUY,1005.61,45,0,FILLED,2025-01-17 17:49:30.0
BUY-1763965650524-003540,TRADER-0040,FOREX,BUY,5.93,776,0,FILLED,2025-01-16 22:29:13.0
BUY-1763965650527-005613,TRADER-0113,FOREX,BUY,7.51,116,0,FILLED,2025-01-17 23:26:31.0
BUY-1763965650527-005604,TRADER-0104,CRYPTO,BUY,3631.18,11,0,FILLED,2025-01-17 23:29:22.0
BUY-1763965650527-005600,TRADER-0100,CRYPTO,BUY,3291.37,9,0,FILLED,2025-01-17 23:11:02.0
BUY-1763965650522-002240,TRADER-0240,FOREX,BUY,7.07,90,0,FILLED,2025-01-16 06:58:10.0
BUY-1763965650528-005835,TRADER-0335,FOREX,BUY,9.62,648,0,FILLED,2025-01-18 01:35:54.0
BUY-1763965650521-001270,TRADER-0270,CRYPTO,BUY,2224.04,6,0,FILLED,2025-01-15 19:18:24.0
BUY-1763965650529-007200,TRADER-0200,CRYPTO,BUY,3367.64,10,0,FILLED,2025-01-18 18:18:55.0
BUY-1763965650528-006239,TRADER-0239,CRYPTO,BUY,2116.31,11,0,FILLED,2025-01-18 07:21:44.0
BUY-1763965650523-002606,TRADER-0106,FOREX,BUY,8.04,351,0,FILLED,2025-01-16 11:04:45.0
BUY-1763965650528-006194,TRADER-0194,EQUITY,BUY,490.09,204,0,FILLED,2025-01-18 06:22:56.0
BUY-1763965650528-005808,TRADER-0308,FOREX,BUY,7.07,654,0,FILLED,2025-01-18 01:33:25.0
BUY-1763965650519-000256,TRADER-0256,CRYPTO,BUY,2500.0,10,0,FILLED,2025-01-15 07:08:35.0
BUY-1763965650520-000652,TRADER-0152,FOREX,BUY,6.95,634,0,FILLED,2025-01-15 12:07:07.0
BUY-1763965650529-007208,TRADER-0208,EQUITY,BUY,425.72,18,0,FILLED,2025-01-18 18:18:51.0
BUY-1763965650522-002260,TRADER-0260,EQUITY,BUY,228.3,421,0,FILLED,2025-01-16 06:47:18.0
BUY-1763965650521-001081,TRADER-0081,FOREX,BUY,8.49,437,0,FILLED,2025-01-15 16:53:47.0
BUY-1763965650526-004586,TRADER-0086,FOREX,BUY,6.14,534,0,FILLED,2025-01-17 10:37:41.0
BUY-1763965650520-000919,TRADER-0419,CRYPTO,BUY,3420.47,1,0,FILLED,2025-01-15 14:56:51.0
BUY-1763965650525-004277,TRADER-0277,EQUITY,BUY,162.85,285,0,FILLED,2025-01-17 07:43:22.0
BUY-1763965650528-006559,TRADER-0059,FOREX,BUY,5.14,998,0,FILLED,2025-01-18 10:26:08.0
BUY-1763965650527-005508,TRADER-0008,EQUITY,BUY,296.5,161,0,FILLED,2025-01-17 22:02:13.0
BUY-1763965650523-002701,TRADER-0201,CRYPTO,BUY,2716.61,17,0,FILLED,2025-01-16 12:14:14.0
BUY-1763965650527-005339,TRADER-0339,CRYPTO,BUY,4511.15,8,0,FILLED,2025-01-17 19:50:56.0
BUY-1763965650522-002003,TRADER-0003,CRYPTO,BUY,821.13,11,0,FILLED,2025-01-16 04:13:21.0
BUY-1763965650522-002002,TRADER-0002,FOREX,BUY,7.65,912,0,FILLED,2025-01-16 03:48:43.0
BUY-1763965650520-000692,TRADER-0192,FOREX,BUY,8.06,538,0,FILLED,2025-01-15 12:20:42.0
BUY-1763965650525-004008,TRADER-0008,FOREX,BUY,7.45,642,0,FILLED,2025-01-17 03:39:34.0
BUY-1763965650520-000793,TRADER-0293,EQUITY,BUY,377.52,160,0,FILLED,2025-01-15 13:05:04.0
BUY-1763965650522-001982,TRADER-0482,FOREX,BUY,6.33,834,0,FILLED,2025-01-16 03:17:11.0
BUY-1763965650529-007215,TRADER-0215,CRYPTO,BUY,1265.91,35,0,FILLED,2025-01-18 18:16:08.0
BUY-1763965650529-006813,TRADER-0313,FOREX,BUY,6.3,956,0,FILLED,2025-01-18 14:06:10.0
BUY-1763965650525-003924,TRADER-0424,FOREX,BUY,8.9,132,0,FILLED,2025-01-17 03:32:46.0
BUY-1763965650527-005312,TRADER-0312,EQUITY,BUY,354.24,142,0,FILLED,2025-01-17 20:05:14.0
BUY-1763965650522-001838,TRADER-0338,CRYPTO,BUY,4800.55,2,0,FILLED,2025-01-16 01:39:21.0
BUY-1763965650520-001051,TRADER-0051,EQUITY,BUY,368.57,205,0,FILLED,2025-01-15 16:19:41.0
BUY-1763965650522-001727,TRADER-0227,FOREX,BUY,7.77,895,0,FILLED,2025-01-16 00:43:47.0
BUY-1763965650523-002608,TRADER-0108,FOREX,BUY,9.9,267,0,FILLED,2025-01-16 11:17:20.0
BUY-1763965650526-004781,TRADER-0281,EQUITY,BUY,229.19,244,0,FILLED,2025-01-17 13:42:42.0
BUY-1763965650525-004147,TRADER-0147,EQUITY,BUY,207.31,173,0,FILLED,2025-01-17 05:41:37.0
BUY-1763965650519-000261,TRADER-0261,EQUITY,BUY,150.0,26,0,FILLED,2025-01-15 07:26:03.0
BUY-1763965650522-001722,TRADER-0222,CRYPTO,BUY,4556.08,3,0,FILLED,2025-01-16 00:27:00.0
BUY-1763965650527-005102,TRADER-0102,EQUITY,BUY,265.86,99,0,FILLED,2025-01-17 17:35:23.0
BUY-1763965650522-001812,TRADER-0312,CRYPTO,BUY,1105.72,31,0,FILLED,2025-01-16 01:43:33.0
BUY-1763965650520-001052,TRADER-0052,EQUITY,BUY,167.98,286,0,FILLED,2025-01-15 16:36:20.0
BUY-1763965650523-002729,TRADER-0229,CRYPTO,BUY,1486.94,7,0,FILLED,2025-01-16 12:53:37.0
BUY-1763965650523-002678,TRADER-0178,CRYPTO,BUY,2770.29,15,0,FILLED,2025-01-16 12:36:51.0
BUY-1763965650528-006628,TRADER-0128,CRYPTO,BUY,4254.87,7,0,FILLED,2025-01-18 11:30:28.0
BUY-1763965650526-004507,TRADER-0007,CRYPTO,BUY,3010.89,6,0,FILLED,2025-01-17 09:51:25.0
BUY-1763965650522-002259,TRADER-0259,CRYPTO,BUY,4969.24,2,0,FILLED,2025-01-16 06:51:46.0
BUY-1763965650528-006254,TRADER-0254,EQUITY,BUY,312.1,52,0,FILLED,2025-01-18 07:12:30.0
BUY-1763965650525-003728,TRADER-0228,EQUITY,BUY,394.54,150,0,FILLED,2025-01-17 01:08:18.0
BUY-1763965650518-000072,TRADER-0072,EQUITY,BUY,200.0,96,0,FILLED,2025-01-15 04:41:03.0
BUY-1763965650525-003860,TRADER-0360,CRYPTO,BUY,3976.92,2,0,FILLED,2025-01-17 02:36:46.0
BUY-1763965650524-003028,TRADER-0028,EQUITY,BUY,433.89,54,0,FILLED,2025-01-16 16:06:27.0
BUY-1763965650522-002249,TRADER-0249,EQUITY,BUY,395.98,14,0,FILLED,2025-01-16 07:11:52.0
BUY-1763965650528-006170,TRADER-0170,FOREX,BUY,9.5,761,0,FILLED,2025-01-18 06:24:03.0
BUY-1763965650522-001897,TRADER-0397,CRYPTO,BUY,1908.4,26,0,FILLED,2025-01-16 02:49:33.0
BUY-1763965650528-006103,TRADER-0103,CRYPTO,BUY,1153.39,1,0,FILLED,2025-01-18 05:22:57.0
BUY-1763965650522-001617,TRADER-0117,CRYPTO,BUY,4543.44,1,0,FILLED,2025-01-15 23:50:54.0
BUY-1763965650529-006800,TRADER-0300,CRYPTO,BUY,4516.12,2,0,FILLED,2025-01-18 13:06:50.0
BUY-1763965650525-004316,TRADER-0316,EQUITY,BUY,335.02,240,0,FILLED,2025-01-17 07:40:43.0
BUY-1763965650524-003212,TRADER-0212,CRYPTO,BUY,983.2,4,0,FILLED,2025-01-16 18:55:12.0
BUY-1763965650528-005938,TRADER-0438,FOREX,BUY,7.71,105,0,FILLED,2025-01-18 03:00:23.0
BUY-1763965650524-002967,TRADER-0467,CRYPTO,BUY,2784.31,6,0,FILLED,2025-01-16 16:02:45.0
BUY-1763965650528-005833,TRADER-0333,EQUITY,BUY,335.61,290,0,FILLED,2025-01-18 01:34:17.0
BUY-1763965650523-002511,TRADER-0011,EQUITY,BUY,174.18,163,0,FILLED,2025-01-16 10:24:57.0
BUY-1763965650525-003701,TRADER-0201,CRYPTO,BUY,1822.95,18,0,FILLED,2025-01-17 00:54:04.0
BUY-1763965650526-004889,TRADER-0389,EQUITY,BUY,341.2,16,0,FILLED,2025-01-17 14:43:54.0
BUY-1763965650524-003128,TRADER-0128,EQUITY,BUY,422.42,174,0,FILLED,2025-01-16 17:06:54.0
BUY-1763965650529-007231,TRADER-0231,EQUITY,BUY,187.56,119,0,FILLED,2025-01-18 18:21:15.0
BUY-1763965650520-000884,TRADER-0384,EQUITY,BUY,225.31,225,0,FILLED,2025-01-15 14:48:57.0
BUY-1763965650529-006893,TRADER-0393,CRYPTO,BUY,855.01,20,0,FILLED,2025-01-18 14:31:59.0
BUY-1763965650527-005192,TRADER-0192,FOREX,BUY,6.01,702,0,FILLED,2025-01-17 17:54:18.0
BUY-1763965650525-003698,TRADER-0198,FOREX,BUY,9.71,929,0,FILLED,2025-01-17 00:23:03.0
BUY-1763965650529-006855,TRADER-0355,EQUITY,BUY,241.54,246,0,FILLED,2025-01-18 13:54:47.0
BUY-1763965650526-004501,TRADER-0001,CRYPTO,BUY,543.34,87,0,FILLED,2025-01-17 10:13:29.0
BUY-1763965650526-004872,TRADER-0372,CRYPTO,BUY,4822.26,3,0,FILLED,2025-01-17 13:58:39.0
BUY-1763965650522-001936,TRADER-0436,FOREX,BUY,7.54,626,0,FILLED,2025-01-16 03:08:19.0
BUY-1763965650519-000562,TRADER-0062,EQUITY,BUY,337.22,94,0,FILLED,2025-01-15 11:12:15.0
BUY-1763965650524-003550,TRADER-0050,CRYPTO,BUY,1311.71,34,0,FILLED,2025-01-16 22:33:21.0
BUY-1763965650527-005208,TRADER-0208,EQUITY,BUY,411.82,21,0,FILLED,2025-01-17 18:03:22.0
BUY-1763965650529-007467,TRADER-0467,FOREX,BUY,7.24,959,0,FILLED,2025-01-18 22:04:27.0
BUY-1763965650528-006344,TRADER-0344,CRYPTO,BUY,4016.71,12,0,FILLED,2025-01-18 07:39:06.0
BUY-1763965650522-002252,TRADER-0252,CRYPTO,BUY,1078.01,13,0,FILLED,2025-01-16 07:04:47.0
BUY-1763965650528-006275,TRADER-0275,EQUITY,BUY,332.49,89,0,FILLED,2025-01-18 07:29:24.0
BUY-1763965650529-007452,TRADER-0452,FOREX,BUY,4.25,456,0,FILLED,2025-01-18 21:35:13.0
BUY-1763965650525-004299,TRADER-0299,FOREX,BUY,7.29,452,0,FILLED,2025-01-17 07:37:42.0
BUY-1763965650526-004861,TRADER-0361,FOREX,BUY,6.78,161,0,FILLED,2025-01-17 14:48:30.0
BUY-1763965650520-001039,TRADER-0039,CRYPTO,BUY,1389.75,16,0,FILLED,2025-01-15 16:47:49.0
BUY-1763965650524-003009,TRADER-0009,CRYPTO,BUY,3256.83,8,0,FILLED,2025-01-16 16:24:05.0
BUY-1763965650521-001114,TRADER-0114,EQUITY,BUY,418.69,178,0,FILLED,2025-01-15 17:07:59.0
BUY-1763965650528-005978,TRADER-0478,CRYPTO,BUY,2733.09,2,0,FILLED,2025-01-18 04:11:59.0
BUY-1763965650529-006892,TRADER-0392,CRYPTO,BUY,1176.96,9,0,FILLED,2025-01-18 14:51:58.0
BUY-1763965650521-001269,TRADER-0269,FOREX,BUY,7.48,610,0,FILLED,2025-01-15 19:30:52.0
BUY-1763965650528-006402,TRADER-0402,FOREX,BUY,5.73,463,0,FILLED,2025-01-18 08:38:43.0
BUY-1763965650529-007466,TRADER-0466,FOREX,BUY,5.63,681,0,FILLED,2025-01-18 21:30:23.0
BUY-1763965650529-007129,TRADER-0129,CRYPTO,BUY,1289.71,3,0,FILLED,2025-01-18 17:49:04.0
BUY-1763965650527-005418,TRADER-0418,CRYPTO,BUY,4857.83,6,0,FILLED,2025-01-17 21:23:44.0
BUY-1763965650528-006617,TRADER-0117,CRYPTO,BUY,2193.21,14,0,FILLED,2025-01-18 11:47:29.0
BUY-1763965650521-001175,TRADER-0175,EQUITY,BUY,226.02,22,0,FILLED,2025-01-15 18:03:06.0
BUY-1763965650520-000715,TRADER-0215,CRYPTO,BUY,3101.45,5,0,FILLED,2025-01-15 12:35:36.0
BUY-1763965650527-005608,TRADER-0108,EQUITY,BUY,480.67,182,0,FILLED,2025-01-17 23:31:10.0
BUY-1763965650522-001738,TRADER-0238,EQUITY,BUY,158.0,481,0,FILLED,2025-01-16 01:02:48.0
BUY-1763965650528-005932,TRADER-0432,CRYPTO,BUY,3568.93,10,0,FILLED,2025-01-18 03:17:05.0
BUY-1763965650529-007091,TRADER-0091,CRYPTO,BUY,2378.55,3,0,FILLED,2025-01-18 17:26:58.0
BUY-1763965650521-001553,TRADER-0053,EQUITY,BUY,428.24,125,0,FILLED,2025-01-15 22:37:31.0
BUY-1763965650520-000688,TRADER-0188,FOREX,BUY,4.25,734,0,FILLED,2025-01-15 12:04:58.0
BUY-1763965650521-001521,TRADER-0021,CRYPTO,BUY,2357.53,19,0,FILLED,2025-01-15 22:07:16.0
BUY-1763965650529-007326,TRADER-0326,CRYPTO,BUY,3262.27,6,0,FILLED,2025-01-18 19:56:38.0
BUY-1763965650528-005879,TRADER-0379,CRYPTO,BUY,1091.04,44,0,FILLED,2025-01-18 02:29:52.0
BUY-1763965650524-003225,TRADER-0225,EQUITY,BUY,178.66,242,0,FILLED,2025-01-16 18:50:39.0
BUY-1763965650525-003988,TRADER-0488,CRYPTO,BUY,3049.43,11,0,FILLED,2025-01-17 03:31:27.0
BUY-1763965650522-002172,TRADER-0172,CRYPTO,BUY,3171.84,10,0,FILLED,2025-01-16 05:37:31.0
BUY-1763965650522-001817,TRADER-0317,CRYPTO,BUY,1481.73,22,0,FILLED,2025-01-16 01:45:20.0
BUY-1763965650526-004504,TRADER-0004,EQUITY,BUY,340.04,274,0,FILLED,2025-01-17 09:36:24.0
BUY-1763965650527-005308,TRADER-0308,CRYPTO,BUY,3730.76,5,0,FILLED,2025-01-17 19:52:26.0
BUY-1763965650524-003270,TRADER-0270,CRYPTO,BUY,3076.78,16,0,FILLED,2025-01-16 19:19:56.0
BUY-1763965650529-007362,TRADER-0362,EQUITY,BUY,497.97,87,0,FILLED,2025-01-18 20:29:55.0
BUY-1763965650521-001350,TRADER-0350,FOREX,BUY,5.07,652,0,FILLED,2025-01-15 19:52:26.0
BUY-1763965650524-003160,TRADER-0160,EQUITY,BUY,382.26,36,0,FILLED,2025-01-16 17:28:43.0
BUY-1763965650525-004350,TRADER-0350,CRYPTO,BUY,2985.42,2,0,FILLED,2025-01-17 08:15:42.0
BUY-1763965650525-003945,TRADER-0445,FOREX,BUY,7.28,906,0,FILLED,2025-01-17 03:21:06.0
BUY-1763965650520-001040,TRADER-0040,FOREX,BUY,6.91,377,0,FILLED,2025-01-15 16:22:36.0
BUY-1763965650523-002270,TRADER-0270,CRYPTO,BUY,1919.21,4,0,FILLED,2025-01-16 07:43:44.0
BUY-1763965650529-007410,TRADER-0410,CRYPTO,BUY,1801.57,4,0,FILLED,2025-01-18 20:40:40.0
BUY-1763965650523-002587,TRADER-0087,CRYPTO,BUY,3639.57,4,0,FILLED,2025-01-16 11:23:48.0
BUY-1763965650522-001974,TRADER-0474,CRYPTO,BUY,465.7,92,0,FILLED,2025-01-16 03:55:50.0
BUY-1763965650528-006532,TRADER-0032,FOREX,BUY,8.84,986,0,FILLED,2025-01-18 09:57:56.0
BUY-1763965650527-005367,TRADER-0367,EQUITY,BUY,211.03,396,0,FILLED,2025-01-17 20:22:20.0
BUY-1763965650529-007118,TRADER-0118,CRYPTO,BUY,2710.89,16,0,FILLED,2025-01-18 17:45:24.0
BUY-1763965650526-004651,TRADER-0151,EQUITY,BUY,192.04,345,0,FILLED,2025-01-17 11:21:58.0
BUY-1763965650526-004513,TRADER-0013,CRYPTO,BUY,4793.8,5,0,FILLED,2025-01-17 10:13:50.0
BUY-1763965650524-003680,TRADER-0180,EQUITY,BUY,448.68,41,0,FILLED,2025-01-17 00:00:01.0
BUY-1763965650521-001576,TRADER-0076,EQUITY,BUY,333.11,272,0,FILLED,2025-01-15 23:01:18.0
BUY-1763965650529-007142,TRADER-0142,CRYPTO,BUY,2297.17,11,0,FILLED,2025-01-18 18:06:39.0
BUY-1763965650523-002521,TRADER-0021,FOREX,BUY,4.91,977,0,FILLED,2025-01-16 10:07:03.0
BUY-1763965650527-005509,TRADER-0009,CRYPTO,BUY,2734.77,15,0,FILLED,2025-01-17 21:44:06.0
BUY-1763965650518-000061,TRADER-0061,EQUITY,BUY,300.0,13,0,FILLED,2025-01-15 05:13:30.0
BUY-1763965650519-000424,TRADER-0424,EQUITY,BUY,150.0,15,0,FILLED,2025-01-15 08:35:20.0
BUY-1763965650522-001794,TRADER-0294,FOREX,BUY,8.7,829,0,FILLED,2025-01-16 01:51:47.0
BUY-1763965650518-000123,TRADER-0123,EQUITY,BUY,300.0,63,0,FILLED,2025-01-15 05:21:51.0
BUY-1763965650523-002879,TRADER-0379,EQUITY,BUY,381.91,128,0,FILLED,2025-01-16 14:05:33.0
BUY-1763965650520-000973,TRADER-0473,CRYPTO,BUY,754.98,36,0,FILLED,2025-01-15 15:29:56.0
BUY-1763965650525-004135,TRADER-0135,EQUITY,BUY,207.87,266,0,FILLED,2025-01-17 05:37:37.0
BUY-1763965650518-000077,TRADER-0077,EQUITY,BUY,250.0,38,0,FILLED,2025-01-15 04:32:17.0
BUY-1763965650523-002744,TRADER-0244,FOREX,BUY,7.79,797,0,FILLED,2025-01-16 13:12:16.0
BUY-1763965650524-003560,TRADER-0060,FOREX,BUY,7.72,405,0,FILLED,2025-01-16 23:04:26.0
BUY-1763965650522-002181,TRADER-0181,EQUITY,BUY,425.6,115,0,FILLED,2025-01-16 05:45:40.0
BUY-1763965650523-002413,TRADER-0413,EQUITY,BUY,141.56,364,0,FILLED,2025-01-16 08:47:07.0
BUY-1763965650522-002036,TRADER-0036,FOREX,BUY,6.74,735,0,FILLED,2025-01-16 04:24:09.0
BUY-1763965650522-002101,TRADER-0101,FOREX,BUY,5.02,224,0,FILLED,2025-01-16 04:56:28.0
BUY-1763965650520-000858,TRADER-0358,FOREX,BUY,9.66,763,0,FILLED,2025-01-15 14:34:57.0
BUY-1763965650525-004259,TRADER-0259,CRYPTO,BUY,3563.66,3,0,FILLED,2025-01-17 07:19:05.0
BUY-1763965650521-001554,TRADER-0054,CRYPTO,BUY,1075.81,46,0,FILLED,2025-01-15 22:20:40.0
BUY-1763965650529-007162,TRADER-0162,CRYPTO,BUY,2163.2,20,0,FILLED,2025-01-18 17:38:42.0
BUY-1763965650527-005623,TRADER-0123,EQUITY,BUY,169.21,556,0,FILLED,2025-01-17 23:43:52.0
BUY-1763965650526-004478,TRADER-0478,FOREX,BUY,5.86,483,0,FILLED,2025-01-17 09:49:37.0
BUY-1763965650529-006895,TRADER-0395,FOREX,BUY,5.25,878,0,FILLED,2025-01-18 14:31:06.0
BUY-1763965650522-001759,TRADER-0259,CRYPTO,BUY,3557.77,8,0,FILLED,2025-01-16 00:58:40.0
BUY-1763965650529-006887,TRADER-0387,FOREX,BUY,5.65,857,0,FILLED,2025-01-18 14:16:40.0
BUY-1763965650527-005660,TRADER-0160,FOREX,BUY,9.81,42,0,FILLED,2025-01-17 23:34:12.0
BUY-1763965650528-005892,TRADER-0392,EQUITY,BUY,424.12,1,0,FILLED,2025-01-18 02:50:36.0
BUY-1763965650526-004611,TRADER-0111,EQUITY,BUY,352.63,154,0,FILLED,2025-01-17 11:03:05.0
BUY-1763965650519-000491,TRADER-0491,EQUITY,BUY,250.0,59,0,FILLED,2025-01-15 09:27:28.0
BUY-1763965650521-001161,TRADER-0161,FOREX,BUY,5.09,921,0,FILLED,2025-01-15 18:10:12.0
BUY-1763965650524-003681,TRADER-0181,EQUITY,BUY,486.02,102,0,FILLED,2025-01-17 00:27:11.0
BUY-1763965650519-000598,TRADER-0098,FOREX,BUY,5.68,975,0,FILLED,2025-01-15 11:34:54.0
BUY-1763965650528-005934,TRADER-0434,CRYPTO,BUY,2571.68,5,0,FILLED,2025-01-18 03:34:17.0
BUY-1763965650527-005288,TRADER-0288,FOREX,BUY,8.93,960,0,FILLED,2025-01-17 19:25:39.0
BUY-1763965650519-000372,TRADER-0372,EQUITY,BUY,300.0,60,0,FILLED,2025-01-15 08:28:47.0
BUY-1763965650519-000205,TRADER-0205,CRYPTO,BUY,1500.0,22,0,FILLED,2025-01-15 06:22:32.0
BUY-1763965650518-000032,TRADER-0032,EQUITY,BUY,300.0,20,0,FILLED,2025-01-15 04:41:48.0
BUY-1763965650525-004155,TRADER-0155,FOREX,BUY,5.79,817,0,FILLED,2025-01-17 05:29:56.0
BUY-1763965650525-004380,TRADER-0380,FOREX,BUY,9.53,552,0,FILLED,2025-01-17 08:31:22.0
BUY-1763965650521-001177,TRADER-0177,EQUITY,BUY,369.87,111,0,FILLED,2025-01-15 18:14:22.0
BUY-1763965650528-005918,TRADER-0418,CRYPTO,BUY,4485.49,3,0,FILLED,2025-01-18 03:05:55.0
BUY-1763965650527-005590,TRADER-0090,EQUITY,BUY,347.49,283,0,FILLED,2025-01-17 23:02:54.0
BUY-1763965650521-001486,TRADER-0486,CRYPTO,BUY,3419.53,11,0,FILLED,2025-01-15 21:54:52.0
BUY-1763965650522-001672,TRADER-0172,EQUITY,BUY,380.01,244,0,FILLED,2025-01-16 00:17:30.0
BUY-1763965650523-002310,TRADER-0310,CRYPTO,BUY,2382.8,20,0,FILLED,2025-01-16 07:56:25.0
BUY-1763965650521-001055,TRADER-0055,EQUITY,BUY,344.97,249,0,FILLED,2025-01-15 16:32:18.0
BUY-1763965650526-004713,TRADER-0213,EQUITY,BUY,349.34,130,0,FILLED,2025-01-17 12:42:25.0
BUY-1763965650525-003706,TRADER-0206,EQUITY,BUY,455.78,112,0,FILLED,2025-01-17 00:18:16.0
BUY-1763965650524-003052,TRADER-0052,FOREX,BUY,5.27,974,0,FILLED,2025-01-16 16:49:16.0
BUY-1763965650528-006124,TRADER-0124,CRYPTO,BUY,1715.54,13,0,FILLED,2025-01-18 05:04:13.0
BUY-1763965650523-002402,TRADER-0402,FOREX,BUY,7.73,311,0,FILLED,2025-01-16 08:42:41.0
BUY-1763965650525-003955,TRADER-0455,EQUITY,BUY,175.34,536,0,FILLED,2025-01-17 03:00:48.0
BUY-1763965650522-002187,TRADER-0187,FOREX,BUY,5.21,128,0,FILLED,2025-01-16 06:44:24.0
BUY-1763965650522-002120,TRADER-0120,CRYPTO,BUY,2392.16,16,0,FILLED,2025-01-16 05:26:41.0
BUY-1763965650525-004056,TRADER-0056,CRYPTO,BUY,4512.09,5,0,FILLED,2025-01-17 04:18:05.0
BUY-1763965650526-005050,TRADER-0050,CRYPTO,BUY,2133.27,7,0,FILLED,2025-01-17 16:12:13.0
BUY-1763965650523-002527,TRADER-0027,CRYPTO,BUY,2119.58,17,0,FILLED,2025-01-16 10:38:33.0
BUY-1763965650524-003112,TRADER-0112,FOREX,BUY,4.74,806,0,FILLED,2025-01-16 17:49:27.0
BUY-1763965650526-004511,TRADER-0011,EQUITY,BUY,488.21,103,0,FILLED,2025-01-17 09:52:58.0
BUY-1763965650524-003616,TRADER-0116,CRYPTO,BUY,2150.29,10,0,FILLED,2025-01-16 23:12:45.0
BUY-1763965650521-001601,TRADER-0101,FOREX,BUY,4.97,995,0,FILLED,2025-01-15 22:56:51.0
BUY-1763965650525-004148,TRADER-0148,FOREX,BUY,7.69,692,0,FILLED,2025-01-17 05:34:03.0
BUY-1763965650529-007188,TRADER-0188,EQUITY,BUY,415.41,88,0,FILLED,2025-01-18 18:13:15.0
BUY-1763965650519-000215,TRADER-0215,EQUITY,BUY,250.0,67,0,FILLED,2025-01-15 06:27:13.0
BUY-1763965650529-007295,TRADER-0295,CRYPTO,BUY,3185.77,13,0,FILLED,2025-01-18 19:35:30.0
BUY-1763965650527-005619,TRADER-0119,FOREX,BUY,6.15,840,0,FILLED,2025-01-17 23:25:29.0
BUY-1763965650525-004297,TRADER-0297,EQUITY,BUY,486.53,44,0,FILLED,2025-01-17 07:56:22.0
BUY-1763965650527-005207,TRADER-0207,EQUITY,BUY,407.86,108,0,FILLED,2025-01-17 18:49:01.0
BUY-1763965650529-007389,TRADER-0389,CRYPTO,BUY,3700.18,12,0,FILLED,2025-01-18 21:01:55.0
BUY-1763965650523-002702,TRADER-0202,CRYPTO,BUY,820.66,15,0,FILLED,2025-01-16 12:50:08.0
BUY-1763965650526-004736,TRADER-0236,EQUITY,BUY,288.16,18,0,FILLED,2025-01-17 12:53:14.0
BUY-1763965650526-004514,TRADER-0014,FOREX,BUY,7.39,143,0,FILLED,2025-01-17 09:41:16.0
BUY-1763965650526-004682,TRADER-0182,CRYPTO,BUY,578.2,82,0,FILLED,2025-01-17 12:32:16.0
BUY-1763965650519-000600,TRADER-0100,CRYPTO,BUY,4070.68,11,0,FILLED,2025-01-15 10:47:05.0
BUY-1763965650523-002497,TRADER-0497,FOREX,BUY,5.46,963,0,FILLED,2025-01-16 09:47:00.0
BUY-1763965650529-006664,TRADER-0164,FOREX,BUY,8.9,566,0,FILLED,2025-01-18 12:14:56.0
BUY-1763965650520-000689,TRADER-0189,CRYPTO,BUY,3050.48,2,0,FILLED,2025-01-15 12:11:27.0
BUY-1763965650525-004317,TRADER-0317,CRYPTO,BUY,3482.78,11,0,FILLED,2025-01-17 08:06:00.0
BUY-1763965650524-003377,TRADER-0377,CRYPTO,BUY,2411.86,11,0,FILLED,2025-01-16 20:05:55.0
BUY-1763965650529-006886,TRADER-0386,EQUITY,BUY,345.66,171,0,FILLED,2025-01-18 14:26:52.0
BUY-1763965650528-006265,TRADER-0265,FOREX,BUY,6.54,907,0,FILLED,2025-01-18 07:16:01.0
BUY-1763965650527-005353,TRADER-0353,EQUITY,BUY,188.69,299,0,FILLED,2025-01-17 20:40:19.0
BUY-1763965650528-006626,TRADER-0126,EQUITY,BUY,231.93,173,0,FILLED,2025-01-18 11:59:32.0
BUY-1763965650520-001038,TRADER-0038,EQUITY,BUY,461.06,139,0,FILLED,2025-01-15 16:49:01.0
BUY-1763965650525-004291,TRADER-0291,CRYPTO,BUY,3904.22,6,0,FILLED,2025-01-17 07:39:16.0
BUY-1763965650528-005931,TRADER-0431,CRYPTO,BUY,1551.36,21,0,FILLED,2025-01-18 03:37:39.0
BUY-1763965650529-006661,TRADER-0161,CRYPTO,BUY,1959.92,23,0,FILLED,2025-01-18 12:23:18.0
BUY-1763965650522-001763,TRADER-0263,EQUITY,BUY,174.44,320,0,FILLED,2025-01-16 01:16:05.0
BUY-1763965650521-001078,TRADER-0078,CRYPTO,BUY,2205.65,20,0,FILLED,2025-01-15 16:30:50.0
BUY-1763965650528-005840,TRADER-0340,FOREX,BUY,9.75,413,0,FILLED,2025-01-18 01:43:16.0
BUY-1763965650521-001563,TRADER-0063,EQUITY,BUY,455.02,118,0,FILLED,2025-01-15 22:26:56.0
BUY-1763965650520-000993,TRADER-0493,FOREX,BUY,6.9,635,0,FILLED,2025-01-15 16:05:56.0
BUY-1763965650528-006228,TRADER-0228,CRYPTO,BUY,3628.79,10,0,FILLED,2025-01-18 06:14:16.0
BUY-1763965650529-007298,TRADER-0298,CRYPTO,BUY,4897.4,3,0,FILLED,2025-01-18 19:38:47.0
BUY-1763965650524-003070,TRADER-0070,EQUITY,BUY,194.92,211,0,FILLED,2025-01-16 17:11:58.0
BUY-1763965650526-004542,TRADER-0042,CRYPTO,BUY,1916.33,16,0,FILLED,2025-01-17 10:31:29.0
BUY-1763965650526-004704,TRADER-0204,CRYPTO,BUY,4084.73,6,0,FILLED,2025-01-17 12:08:24.0
BUY-1763965650526-004814,TRADER-0314,EQUITY,BUY,340.22,122,0,FILLED,2025-01-17 13:44:58.0
BUY-1763965650527-005444,TRADER-0444,CRYPTO,BUY,4935.28,6,0,FILLED,2025-01-17 21:42:31.0
BUY-1763965650529-006961,TRADER-0461,FOREX,BUY,8.06,936,0,FILLED,2025-01-18 15:50:15.0
BUY-1763965650528-006289,TRADER-0289,CRYPTO,BUY,4355.84,2,0,FILLED,2025-01-18 07:29:11.0
BUY-1763965650527-005507,TRADER-0007,EQUITY,BUY,175.67,318,0,FILLED,2025-01-17 21:56:36.0
BUY-1763965650521-001179,TRADER-0179,EQUITY,BUY,267.33,114,0,FILLED,2025-01-15 18:21:30.0
BUY-1763965650519-000585,TRADER-0085,CRYPTO,BUY,920.3,37,0,FILLED,2025-01-15 11:29:41.0
BUY-1763965650527-005475,TRADER-0475,CRYPTO,BUY,3290.78,9,0,FILLED,2025-01-17 22:11:57.0
BUY-1763965650524-002997,TRADER-0497,CRYPTO,BUY,4973.23,2,0,FILLED,2025-01-16 15:41:46.0
BUY-1763965650519-000258,TRADER-0258,CRYPTO,BUY,1000.0,32,0,FILLED,2025-01-15 06:54:43.0
BUY-1763965650521-001526,TRADER-0026,FOREX,BUY,7.26,524,0,FILLED,2025-01-15 22:22:43.0
BUY-1763965650523-002581,TRADER-0081,CRYPTO,BUY,784.99,47,0,FILLED,2025-01-16 11:20:39.0
BUY-1763965650527-005620,TRADER-0120,CRYPTO,BUY,4255.7,7,0,FILLED,2025-01-17 23:14:23.0
BUY-1763965650524-003127,TRADER-0127,FOREX,BUY,6.05,145,0,FILLED,2025-01-16 17:42:30.0
BUY-1763965650522-001871,TRADER-0371,CRYPTO,BUY,4139.14,3,0,FILLED,2025-01-16 02:34:38.0
BUY-1763965650529-007301,TRADER-0301,CRYPTO,BUY,1222.4,16,0,FILLED,2025-01-18 19:31:29.0
BUY-1763965650529-007235,TRADER-0235,EQUITY,BUY,139.64,385,0,FILLED,2025-01-18 18:28:07.0
BUY-1763965650528-006288,TRADER-0288,EQUITY,BUY,242.08,391,0,FILLED,2025-01-18 07:10:48.0
BUY-1763965650519-000561,TRADER-0061,EQUITY,BUY,293.34,135,0,FILLED,2025-01-15 10:24:43.0
BUY-1763965650529-006746,TRADER-0246,EQUITY,BUY,404.52,19,0,FILLED,2025-01-18 13:00:11.0
BUY-1763965650520-000807,TRADER-0307,CRYPTO,BUY,2978.91,7,0,FILLED,2025-01-15 13:49:44.0
BUY-1763965650525-004002,TRADER-0002,EQUITY,BUY,174.4,270,0,FILLED,2025-01-17 04:23:21.0
BUY-1763965650523-002732,TRADER-0232,FOREX,BUY,5.98,285,0,FILLED,2025-01-16 12:32:41.0
BUY-1763965650518-000104,TRADER-0104,CRYPTO,BUY,1500.0,19,0,FILLED,2025-01-15 05:11:22.0
BUY-1763965650519-000381,TRADER-0381,EQUITY,BUY,300.0,79,0,FILLED,2025-01-15 09:03:41.0
BUY-1763965650526-004637,TRADER-0137,CRYPTO,BUY,732.75,9,0,FILLED,2025-01-17 12:03:30.0
BUY-1763965650525-003840,TRADER-0340,FOREX,BUY,6.26,929,0,FILLED,2025-01-17 02:21:46.0
BUY-1763965650522-001776,TRADER-0276,FOREX,BUY,7.14,556,0,FILLED,2025-01-16 01:28:47.0
BUY-1763965650524-003190,TRADER-0190,FOREX,BUY,7.33,138,0,FILLED,2025-01-16 18:23:55.0
BUY-1763965650528-006348,TRADER-0348,CRYPTO,BUY,572.59,46,0,FILLED,2025-01-18 08:02:20.0
BUY-1763965650521-001372,TRADER-0372,FOREX,BUY,9.69,587,0,FILLED,2025-01-15 20:18:19.0
BUY-1763965650529-007403,TRADER-0403,EQUITY,BUY,378.29,50,0,FILLED,2025-01-18 21:13:05.0
BUY-1763965650526-004831,TRADER-0331,EQUITY,BUY,165.46,490,0,FILLED,2025-01-17 14:10:53.0
BUY-1763965650524-003268,TRADER-0268,CRYPTO,BUY,2211.67,13,0,FILLED,2025-01-16 18:57:35.0
BUY-1763965650524-003600,TRADER-0100,EQUITY,BUY,243.95,245,0,FILLED,2025-01-16 23:31:00.0
BUY-1763965650523-002290,TRADER-0290,FOREX,BUY,4.65,592,0,FILLED,2025-01-16 07:57:30.0
BUY-1763965650522-001732,TRADER-0232,EQUITY,BUY,229.14,50,0,FILLED,2025-01-16 00:52:50.0
BUY-1763965650526-004588,TRADER-0088,EQUITY,BUY,240.8,358,0,FILLED,2025-01-17 10:33:53.0
BUY-1763965650521-001280,TRADER-0280,CRYPTO,BUY,3332.52,3,0,FILLED,2025-01-15 19:21:02.0
BUY-1763965650520-000639,TRADER-0139,CRYPTO,BUY,2785.26,2,0,FILLED,2025-01-15 11:56:51.0
BUY-1763965650523-002862,TRADER-0362,CRYPTO,BUY,1116.15,30,0,FILLED,2025-01-16 14:16:23.0
BUY-1763965650523-002947,TRADER-0447,CRYPTO,BUY,710.47,39,0,FILLED,2025-01-16 15:36:31.0
BUY-1763965650525-004121,TRADER-0121,CRYPTO,BUY,904.78,43,0,FILLED,2025-01-17 05:45:48.0
BUY-1763965650520-000754,TRADER-0254,EQUITY,BUY,146.79,79,0,FILLED,2025-01-15 13:21:53.0
BUY-1763965650527-005486,TRADER-0486,FOREX,BUY,5.53,970,0,FILLED,2025-01-17 22:12:45.0
BUY-1763965650528-006444,TRADER-0444,EQUITY,BUY,163.25,332,0,FILLED,2025-01-18 09:01:35.0
BUY-1763965650523-002404,TRADER-0404,EQUITY,BUY,239.86,63,0,FILLED,2025-01-16 08:37:55.0
BUY-1763965650519-000202,TRADER-0202,EQUITY,BUY,150.0,38,0,FILLED,2025-01-15 06:27:17.0
BUY-1763965650522-001789,TRADER-0289,EQUITY,BUY,390.19,250,0,FILLED,2025-01-16 01:57:50.0
BUY-1763965650521-001151,TRADER-0151,FOREX,BUY,5.66,634,0,FILLED,2025-01-15 17:51:22.0
BUY-1763965650523-002431,TRADER-0431,CRYPTO,BUY,4679.53,4,0,FILLED,2025-01-16 08:45:34.0
BUY-1763965650520-000769,TRADER-0269,FOREX,BUY,9.61,819,0,FILLED,2025-01-15 12:48:11.0
BUY-1763965650526-004608,TRADER-0108,EQUITY,BUY,483.17,148,0,FILLED,2025-01-17 11:30:11.0
BUY-1763965650521-001371,TRADER-0371,CRYPTO,BUY,2635.5,5,0,FILLED,2025-01-15 20:08:18.0
BUY-1763965650522-001964,TRADER-0464,CRYPTO,BUY,4478.66,4,0,FILLED,2025-01-16 03:14:48.0
BUY-1763965650529-006718,TRADER-0218,FOREX,BUY,5.58,624,0,FILLED,2025-01-18 12:42:24.0
BUY-1763965650525-004067,TRADER-0067,FOREX,BUY,7.85,888,0,FILLED,2025-01-17 05:06:21.0
BUY-1763965650523-002601,TRADER-0101,EQUITY,BUY,398.62,107,0,FILLED,2025-01-16 10:45:39.0
BUY-1763965650523-002312,TRADER-0312,EQUITY,BUY,417.91,94,0,FILLED,2025-01-16 07:26:26.0
BUY-1763965650527-005252,TRADER-0252,EQUITY,BUY,395.83,130,0,FILLED,2025-01-17 19:17:49.0
BUY-1763965650527-005481,TRADER-0481,EQUITY,BUY,284.11,215,0,FILLED,2025-01-17 22:15:01.0
BUY-1763965650527-005413,TRADER-0413,EQUITY,BUY,347.29,101,0,FILLED,2025-01-17 20:38:47.0
BUY-1763965650524-003571,TRADER-0071,CRYPTO,BUY,2283.95,19,0,FILLED,2025-01-16 22:28:24.0
BUY-1763965650525-004320,TRADER-0320,FOREX,BUY,4.92,897,0,FILLED,2025-01-17 07:26:59.0
BUY-1763965650529-007033,TRADER-0033,EQUITY,BUY,248.09,375,0,FILLED,2025-01-18 16:29:16.0
BUY-1763965650524-003302,TRADER-0302,CRYPTO,BUY,4459.43,5,0,FILLED,2025-01-16 19:52:46.0
BUY-1763965650529-006891,TRADER-0391,FOREX,BUY,8.03,984,0,FILLED,2025-01-18 14:14:57.0
BUY-1763965650525-003717,TRADER-0217,FOREX,BUY,6.74,24,0,FILLED,2025-01-17 00:49:03.0
BUY-1763965650519-000519,TRADER-0019,CRYPTO,BUY,1863.23,24,0,FILLED,2025-01-15 10:27:04.0
BUY-1763965650529-007049,TRADER-0049,CRYPTO,BUY,3302.76,14,0,FILLED,2025-01-18 16:51:23.0
BUY-1763965650520-000775,TRADER-0275,FOREX,BUY,4.28,921,0,FILLED,2025-01-15 13:25:45.0
BUY-1763965650524-003366,TRADER-0366,FOREX,BUY,8.38,545,0,FILLED,2025-01-16 20:08:49.0
BUY-1763965650521-001387,TRADER-0387,CRYPTO,BUY,2399.56,6,0,FILLED,2025-01-15 20:40:54.0
BUY-1763965650520-000895,TRADER-0395,CRYPTO,BUY,4891.26,9,0,FILLED,2025-01-15 15:10:51.0
BUY-1763965650529-006636,TRADER-0136,CRYPTO,BUY,3298.77,6,0,FILLED,2025-01-18 11:13:45.0
BUY-1763965650529-006859,TRADER-0359,CRYPTO,BUY,1539.03,27,0,FILLED,2025-01-18 14:09:33.0
BUY-1763965650527-005572,TRADER-0072,CRYPTO,BUY,4938.56,5,0,FILLED,2025-01-17 23:11:23.0
BUY-1763965650522-002177,TRADER-0177,CRYPTO,BUY,1958.54,5,0,FILLED,2025-01-16 06:07:27.0
BUY-1763965650523-002883,TRADER-0383,CRYPTO,BUY,956.05,9,0,FILLED,2025-01-16 14:25:01.0
BUY-1763965650526-004639,TRADER-0139,EQUITY,BUY,377.3,57,0,FILLED,2025-01-17 11:35:46.0
BUY-1763965650529-006764,TRADER-0264,EQUITY,BUY,180.0,478,0,FILLED,2025-01-18 13:11:11.0
BUY-1763965650527-005407,TRADER-0407,EQUITY,BUY,399.39,199,0,FILLED,2025-01-17 20:38:12.0
BUY-1763965650525-003685,TRADER-0185,FOREX,BUY,5.69,724,0,FILLED,2025-01-17 00:38:57.0
BUY-1763965650521-001184,TRADER-0184,EQUITY,BUY,489.64,171,0,FILLED,2025-01-15 18:01:40.0
BUY-1763965650529-006765,TRADER-0265,EQUITY,BUY,397.31,177,0,FILLED,2025-01-18 12:44:20.0
BUY-1763965650524-003058,TRADER-0058,EQUITY,BUY,225.14,295,0,FILLED,2025-01-16 16:33:48.0
BUY-1763965650526-005073,TRADER-0073,CRYPTO,BUY,3836.31,6,0,FILLED,2025-01-17 16:27:25.0
BUY-1763965650525-004265,TRADER-0265,CRYPTO,BUY,3375.87,11,0,FILLED,2025-01-17 07:18:21.0
BUY-1763965650527-005281,TRADER-0281,CRYPTO,BUY,4774.64,1,0,FILLED,2025-01-17 19:32:26.0
BUY-1763965650521-001485,TRADER-0485,EQUITY,BUY,250.55,51,0,FILLED,2025-01-15 21:58:46.0
BUY-1763965650523-002853,TRADER-0353,CRYPTO,BUY,483.31,60,0,FILLED,2025-01-16 14:20:20.0
BUY-1763965650521-001566,TRADER-0066,FOREX,BUY,7.14,359,0,FILLED,2025-01-15 22:35:08.0
BUY-1763965650529-006951,TRADER-0451,FOREX,BUY,5.61,933,0,FILLED,2025-01-18 15:29:12.0
BUY-1763965650520-000877,TRADER-0377,CRYPTO,BUY,3798.38,10,0,FILLED,2025-01-15 14:42:11.0
BUY-1763965650519-000346,TRADER-0346,CRYPTO,BUY,2500.0,19,0,FILLED,2025-01-15 08:06:36.0
BUY-1763965650523-002681,TRADER-0181,FOREX,BUY,6.67,325,0,FILLED,2025-01-16 12:10:39.0
BUY-1763965650526-004806,TRADER-0306,FOREX,BUY,6.53,112,0,FILLED,2025-01-17 13:58:16.0
BUY-1763965650522-002165,TRADER-0165,FOREX,BUY,8.62,422,0,FILLED,2025-01-16 06:17:46.0
BUY-1763965650522-002164,TRADER-0164,CRYPTO,BUY,1625.77,30,0,FILLED,2025-01-16 06:26:56.0
BUY-1763965650525-003948,TRADER-0448,FOREX,BUY,8.48,513,0,FILLED,2025-01-17 03:34:06.0
BUY-1763965650524-003266,TRADER-0266,CRYPTO,BUY,3610.78,7,0,FILLED,2025-01-16 19:39:41.0
BUY-1763965650523-002618,TRADER-0118,EQUITY,BUY,483.64,23,0,FILLED,2025-01-16 11:32:38.0
BUY-1763965650520-000815,TRADER-0315,EQUITY,BUY,397.37,53,0,FILLED,2025-01-15 13:28:08.0
BUY-1763965650527-005641,TRADER-0141,CRYPTO,BUY,2459.52,8,0,FILLED,2025-01-17 23:33:14.0
BUY-1763965650529-007012,TRADER-0012,FOREX,BUY,8.69,404,0,FILLED,2025-01-18 15:53:45.0
BUY-1763965650528-005926,TRADER-0426,FOREX,BUY,8.27,192,0,FILLED,2025-01-18 02:54:27.0
BUY-1763965650523-002734,TRADER-0234,EQUITY,BUY,375.93,155,0,FILLED,2025-01-16 12:50:50.0
BUY-1763965650523-002731,TRADER-0231,CRYPTO,BUY,4809.2,10,0,FILLED,2025-01-16 12:53:49.0
BUY-1763965650523-002842,TRADER-0342,CRYPTO,BUY,2560.87,13,0,FILLED,2025-01-16 14:09:38.0
BUY-1763965650524-003323,TRADER-0323,CRYPTO,BUY,1053.67,19,0,FILLED,2025-01-16 19:57:01.0
BUY-1763965650526-004811,TRADER-0311,CRYPTO,BUY,3673.54,6,0,FILLED,2025-01-17 14:13:05.0
BUY-1763965650520-000868,TRADER-0368,CRYPTO,BUY,2525.97,10,0,FILLED,2025-01-15 14:08:44.0
BUY-1763965650523-002914,TRADER-0414,CRYPTO,BUY,2961.96,1,0,FILLED,2025-01-16 14:33:01.0
BUY-1763965650523-002287,TRADER-0287,CRYPTO,BUY,986.44,2,0,FILLED,2025-01-16 07:42:19.0
BUY-1763965650520-000802,TRADER-0302,EQUITY,BUY,153.2,285,0,FILLED,2025-01-15 13:25:19.0
BUY-1763965650524-003643,TRADER-0143,FOREX,BUY,9.81,260,0,FILLED,2025-01-17 00:04:07.0
BUY-1763965650522-001852,TRADER-0352,FOREX,BUY,9.3,406,0,FILLED,2025-01-16 02:21:05.0
BUY-1763965650528-006196,TRADER-0196,EQUITY,BUY,217.86,22,0,FILLED,2025-01-18 06:37:21.0
BUY-1763965650524-003380,TRADER-0380,FOREX,BUY,7.72,841,0,FILLED,2025-01-16 21:02:52.0
BUY-1763965650523-002873,TRADER-0373,CRYPTO,BUY,1408.56,10,0,FILLED,2025-01-16 14:48:36.0
BUY-1763965650524-003151,TRADER-0151,EQUITY,BUY,214.47,128,0,FILLED,2025-01-16 17:56:37.0
BUY-1763965650523-002696,TRADER-0196,FOREX,BUY,7.73,44,0,FILLED,2025-01-16 12:14:27.0
BUY-1763965650528-005970,TRADER-0470,FOREX,BUY,7.89,288,0,FILLED,2025-01-18 03:45:04.0
BUY-1763965650526-004412,TRADER-0412,EQUITY,BUY,308.99,230,0,FILLED,2025-01-17 09:17:29.0
BUY-1763965650523-002877,TRADER-0377,EQUITY,BUY,272.54,104,0,FILLED,2025-01-16 14:16:46.0
BUY-1763965650521-001167,TRADER-0167,CRYPTO,BUY,2693.44,8,0,FILLED,2025-01-15 18:06:04.0
BUY-1763965650529-006853,TRADER-0353,EQUITY,BUY,206.5,327,0,FILLED,2025-01-18 14:21:56.0
BUY-1763965650525-004274,TRADER-0274,FOREX,BUY,5.89,638,0,FILLED,2025-01-17 06:58:05.0
BUY-1763965650529-007430,TRADER-0430,EQUITY,BUY,467.2,133,0,FILLED,2025-01-18 21:09:03.0
BUY-1763965650529-006862,TRADER-0362,CRYPTO,BUY,2085.72,7,0,FILLED,2025-01-18 14:48:02.0
BUY-1763965650528-005981,TRADER-0481,CRYPTO,BUY,528.9,31,0,FILLED,2025-01-18 04:00:15.0
BUY-1763965650527-005610,TRADER-0110,CRYPTO,BUY,1256.67,25,0,FILLED,2025-01-17 23:42:45.0
BUY-1763965650523-002915,TRADER-0415,CRYPTO,BUY,1148.61,6,0,FILLED,2025-01-16 14:39:55.0
BUY-1763965650525-003837,TRADER-0337,FOREX,BUY,4.58,342,0,FILLED,2025-01-17 01:34:06.0
BUY-1763965650525-004360,TRADER-0360,EQUITY,BUY,215.45,261,0,FILLED,2025-01-17 08:16:23.0
BUY-1763965650523-002671,TRADER-0171,EQUITY,BUY,190.14,173,0,FILLED,2025-01-16 12:00:16.0
BUY-1763965650529-007237,TRADER-0237,EQUITY,BUY,466.06,129,0,FILLED,2025-01-18 19:15:46.0
BUY-1763965650523-002704,TRADER-0204,EQUITY,BUY,198.91,389,0,FILLED,2025-01-16 12:43:29.0
BUY-1763965650523-002841,TRADER-0341,FOREX,BUY,8.32,961,0,FILLED,2025-01-16 14:34:34.0
BUY-1763965650529-006635,TRADER-0135,EQUITY,BUY,224.38,121,0,FILLED,2025-01-18 12:01:10.0
BUY-1763965650528-005807,TRADER-0307,EQUITY,BUY,205.69,61,0,FILLED,2025-01-18 02:03:08.0
BUY-1763965650526-004574,TRADER-0074,FOREX,BUY,6.22,678,0,FILLED,2025-01-17 10:36:13.0
BUY-1763965650521-001488,TRADER-0488,CRYPTO,BUY,1082.11,21,0,FILLED,2025-01-15 21:22:31.0
BUY-1763965650520-000755,TRADER-0255,EQUITY,BUY,298.69,214,0,FILLED,2025-01-15 12:57:39.0
BUY-1763965650522-001631,TRADER-0131,EQUITY,BUY,237.27,13,0,FILLED,2025-01-15 23:57:26.0
BUY-1763965650522-001751,TRADER-0251,EQUITY,BUY,355.05,37,0,FILLED,2025-01-16 00:35:59.0
BUY-1763965650529-007019,TRADER-0019,CRYPTO,BUY,4220.08,11,0,FILLED,2025-01-18 15:50:06.0
BUY-1763965650529-006847,TRADER-0347,FOREX,BUY,6.84,223,0,FILLED,2025-01-18 14:21:41.0
BUY-1763965650526-005031,TRADER-0031,EQUITY,BUY,386.88,185,0,FILLED,2025-01-17 16:07:56.0
BUY-1763965650528-005827,TRADER-0327,CRYPTO,BUY,930.64,25,0,FILLED,2025-01-18 01:56:35.0
BUY-1763965650522-001829,TRADER-0329,FOREX,BUY,7.64,292,0,FILLED,2025-01-16 02:22:35.0
BUY-1763965650526-004845,TRADER-0345,CRYPTO,BUY,1472.86,23,0,FILLED,2025-01-17 13:54:35.0
BUY-1763965650519-000535,TRADER-0035,EQUITY,BUY,468.65,16,0,FILLED,2025-01-15 10:53:19.0
BUY-1763965650529-007000,TRADER-0000,FOREX,BUY,6.29,411,0,FILLED,2025-01-18 16:29:11.0
BUY-1763965650527-005318,TRADER-0318,CRYPTO,BUY,4527.4,9,0,FILLED,2025-01-17 19:39:29.0
BUY-1763965650528-006307,TRADER-0307,CRYPTO,BUY,1012.97,33,0,FILLED,2025-01-18 07:59:14.0
BUY-1763965650519-000612,TRADER-0112,EQUITY,BUY,452.33,162,0,FILLED,2025-01-15 11:10:49.0
BUY-1763965650518-000127,TRADER-0127,CRYPTO,BUY,2000.0,12,0,FILLED,2025-01-15 05:16:57.0
BUY-1763965650522-001981,TRADER-0481,EQUITY,BUY,392.89,46,0,FILLED,2025-01-16 03:46:54.0
BUY-1763965650524-003000,TRADER-0000,EQUITY,BUY,209.36,263,0,FILLED,2025-01-16 15:41:51.0
BUY-1763965650528-006370,TRADER-0370,FOREX,BUY,7.73,437,0,FILLED,2025-01-18 08:06:37.0
BUY-1763965650518-000084,TRADER-0084,EQUITY,BUY,300.0,59,0,FILLED,2025-01-15 05:11:15.0
BUY-1763965650528-005818,TRADER-0318,CRYPTO,BUY,3963.43,12,0,FILLED,2025-01-18 01:54:33.0
BUY-1763965650525-004365,TRADER-0365,EQUITY,BUY,459.85,33,0,FILLED,2025-01-17 07:56:26.0
BUY-1763965650529-006934,TRADER-0434,EQUITY,BUY,257.21,165,0,FILLED,2025-01-18 15:04:47.0
BUY-1763965650523-002949,TRADER-0449,CRYPTO,BUY,4444.24,10,0,FILLED,2025-01-16 15:28:26.0
BUY-1763965650522-002150,TRADER-0150,EQUITY,BUY,334.47,136,0,FILLED,2025-01-16 05:30:11.0
BUY-1763965650523-002418,TRADER-0418,FOREX,BUY,7.41,29,0,FILLED,2025-01-16 08:56:05.0
BUY-1763965650524-003536,TRADER-0036,EQUITY,BUY,186.26,181,0,FILLED,2025-01-16 22:45:24.0
BUY-1763965650522-002179,TRADER-0179,FOREX,BUY,6.78,70,0,FILLED,2025-01-16 06:03:39.0
BUY-1763965650525-004267,TRADER-0267,CRYPTO,BUY,3489.32,3,0,FILLED,2025-01-17 07:36:05.0
BUY-1763965650529-007335,TRADER-0335,FOREX,BUY,4.66,615,0,FILLED,2025-01-18 20:04:34.0
BUY-1763965650529-007285,TRADER-0285,CRYPTO,BUY,3249.88,6,0,FILLED,2025-01-18 19:09:41.0
BUY-1763965650528-006248,TRADER-0248,EQUITY,BUY,164.9,271,0,FILLED,2025-01-18 07:00:28.0
BUY-1763965650521-001108,TRADER-0108,EQUITY,BUY,324.09,298,0,FILLED,2025-01-15 16:56:13.0
BUY-1763965650522-001668,TRADER-0168,FOREX,BUY,5.95,675,0,FILLED,2025-01-15 23:59:21.0
BUY-1763965650521-001558,TRADER-0058,FOREX,BUY,5.23,905,0,FILLED,2025-01-15 22:23:54.0
BUY-1763965650522-002123,TRADER-0123,FOREX,BUY,8.02,589,0,FILLED,2025-01-16 05:51:39.0
BUY-1763965650523-002892,TRADER-0392,EQUITY,BUY,490.53,18,0,FILLED,2025-01-16 14:26:34.0
BUY-1763965650522-001991,TRADER-0491,EQUITY,BUY,146.56,605,0,FILLED,2025-01-16 03:33:34.0
BUY-1763965650519-000584,TRADER-0084,CRYPTO,BUY,1099.31,19,0,FILLED,2025-01-15 11:11:55.0
BUY-1763965650521-001441,TRADER-0441,FOREX,BUY,5.21,966,0,FILLED,2025-01-15 21:13:03.0
BUY-1763965650528-006574,TRADER-0074,EQUITY,BUY,454.27,176,0,FILLED,2025-01-18 10:24:12.0
BUY-1763965650528-005985,TRADER-0485,FOREX,BUY,6.91,307,0,FILLED,2025-01-18 03:39:48.0
BUY-1763965650525-004298,TRADER-0298,FOREX,BUY,4.96,662,0,FILLED,2025-01-17 07:15:55.0
BUY-1763965650526-004942,TRADER-0442,FOREX,BUY,9.47,48,0,FILLED,2025-01-17 15:16:40.0
BUY-1763965650522-001616,TRADER-0116,CRYPTO,BUY,1494.11,14,0,FILLED,2025-01-15 23:33:54.0
BUY-1763965650523-002888,TRADER-0388,FOREX,BUY,5.42,520,0,FILLED,2025-01-16 14:47:55.0
BUY-1763965650521-001529,TRADER-0029,CRYPTO,BUY,4768.0,2,0,FILLED,2025-01-15 22:09:05.0
BUY-1763965650529-007371,TRADER-0371,EQUITY,BUY,201.65,208,0,FILLED,2025-01-18 20:24:58.0
BUY-1763965650527-005154,TRADER-0154,EQUITY,BUY,334.72,244,0,FILLED,2025-01-17 17:33:55.0
BUY-1763965650529-007011,TRADER-0011,CRYPTO,BUY,4743.49,3,0,FILLED,2025-01-18 16:11:22.0
BUY-1763965650525-003890,TRADER-0390,FOREX,BUY,4.48,480,0,FILLED,2025-01-17 02:14:34.0
BUY-1763965650528-006252,TRADER-0252,CRYPTO,BUY,4096.09,11,0,FILLED,2025-01-18 07:28:46.0
BUY-1763965650521-001586,TRADER-0086,EQUITY,BUY,161.78,424,0,FILLED,2025-01-15 22:35:52.0
BUY-1763965650526-005041,TRADER-0041,CRYPTO,BUY,3502.17,2,0,FILLED,2025-01-17 16:05:41.0
BUY-1763965650529-007459,TRADER-0459,FOREX,BUY,9.58,384,0,FILLED,2025-01-18 21:57:24.0
BUY-1763965650529-006977,TRADER-0477,EQUITY,BUY,460.09,68,0,FILLED,2025-01-18 15:56:41.0
BUY-1763965650522-001827,TRADER-0327,CRYPTO,BUY,3520.92,6,0,FILLED,2025-01-16 02:05:02.0
BUY-1763965650527-005745,TRADER-0245,CRYPTO,BUY,1516.46,23,0,FILLED,2025-01-18 00:59:41.0
BUY-1763965650529-007201,TRADER-0201,EQUITY,BUY,419.87,125,0,FILLED,2025-01-18 18:26:24.0
BUY-1763965650519-000566,TRADER-0066,CRYPTO,BUY,4280.05,10,0,FILLED,2025-01-15 10:35:49.0
BUY-1763965650526-004989,TRADER-0489,EQUITY,BUY,139.69,109,0,FILLED,2025-01-17 15:23:39.0
BUY-1763965650528-006069,TRADER-0069,CRYPTO,BUY,1591.56,28,0,FILLED,2025-01-18 04:45:41.0
BUY-1763965650529-007236,TRADER-0236,EQUITY,BUY,299.02,35,0,FILLED,2025-01-18 18:31:07.0
BUY-1763965650521-001097,TRADER-0097,CRYPTO,BUY,3995.78,9,0,FILLED,2025-01-15 17:34:36.0
BUY-1763965650529-006777,TRADER-0277,FOREX,BUY,5.41,332,0,FILLED,2025-01-18 12:52:39.0
BUY-1763965650529-007214,TRADER-0214,CRYPTO,BUY,4903.05,1,0,FILLED,2025-01-18 18:41:56.0
BUY-1763965650525-003896,TRADER-0396,EQUITY,BUY,414.38,183,0,FILLED,2025-01-17 03:12:08.0
BUY-1763965650523-002316,TRADER-0316,CRYPTO,BUY,2118.74,22,0,FILLED,2025-01-16 07:32:56.0
BUY-1763965650528-006546,TRADER-0046,FOREX,BUY,8.0,931,0,FILLED,2025-01-18 10:44:33.0
BUY-1763965650527-005530,TRADER-0030,CRYPTO,BUY,1506.37,26,0,FILLED,2025-01-17 22:48:11.0
BUY-1763965650524-003669,TRADER-0169,FOREX,BUY,4.29,483,0,FILLED,2025-01-16 23:32:10.0
BUY-1763965650523-002746,TRADER-0246,FOREX,BUY,9.58,550,0,FILLED,2025-01-16 13:01:09.0
BUY-1763965650521-001188,TRADER-0188,CRYPTO,BUY,814.32,16,0,FILLED,2025-01-15 17:51:32.0
BUY-1763965650524-003509,TRADER-0009,EQUITY,BUY,490.94,18,0,FILLED,2025-01-16 21:36:57.0
BUY-1763965650522-002115,TRADER-0115,FOREX,BUY,7.26,93,0,FILLED,2025-01-16 05:12:36.0
BUY-1763965650525-003885,TRADER-0385,FOREX,BUY,5.18,152,0,FILLED,2025-01-17 02:32:46.0
BUY-1763965650523-002314,TRADER-0314,EQUITY,BUY,221.36,288,0,FILLED,2025-01-16 07:37:02.0
BUY-1763965650527-005570,TRADER-0070,CRYPTO,BUY,2351.46,12,0,FILLED,2025-01-17 22:57:45.0
BUY-1763965650528-006391,TRADER-0391,FOREX,BUY,4.85,816,0,FILLED,2025-01-18 08:12:01.0
BUY-1763965650528-005883,TRADER-0383,CRYPTO,BUY,2873.73,7,0,FILLED,2025-01-18 02:39:59.0
BUY-1763965650524-003552,TRADER-0052,EQUITY,BUY,144.94,302,0,FILLED,2025-01-16 22:39:08.0
BUY-1763965650526-004676,TRADER-0176,CRYPTO,BUY,4773.2,6,0,FILLED,2025-01-17 12:33:31.0
BUY-1763965650528-006406,TRADER-0406,CRYPTO,BUY,4391.41,2,0,FILLED,2025-01-18 08:59:44.0
BUY-1763965650521-001267,TRADER-0267,FOREX,BUY,9.01,372,0,FILLED,2025-01-15 18:50:11.0
BUY-1763965650523-002579,TRADER-0079,EQUITY,BUY,333.69,262,0,FILLED,2025-01-16 11:05:34.0
BUY-1763965650523-002403,TRADER-0403,EQUITY,BUY,194.34,164,0,FILLED,2025-01-16 09:07:28.0
BUY-1763965650527-005320,TRADER-0320,EQUITY,BUY,160.99,453,0,FILLED,2025-01-17 19:29:13.0
BUY-1763965650526-004508,TRADER-0008,FOREX,BUY,7.6,52,0,FILLED,2025-01-17 09:56:41.0
BUY-1763965650525-004198,TRADER-0198,CRYPTO,BUY,1956.07,24,0,FILLED,2025-01-17 06:31:03.0
BUY-1763965650525-003693,TRADER-0193,CRYPTO,BUY,3355.75,1,0,FILLED,2025-01-17 00:29:34.0
BUY-1763965650524-003601,TRADER-0101,EQUITY,BUY,331.33,48,0,FILLED,2025-01-16 22:57:31.0
BUY-1763965650527-005302,TRADER-0302,EQUITY,BUY,499.71,175,0,FILLED,2025-01-17 19:12:39.0
BUY-1763965650521-001525,TRADER-0025,CRYPTO,BUY,2623.93,1,0,FILLED,2025-01-15 22:03:20.0
BUY-1763965650527-005669,TRADER-0169,FOREX,BUY,8.37,158,0,FILLED,2025-01-17 23:35:48.0
BUY-1763965650529-007290,TRADER-0290,EQUITY,BUY,477.98,100,0,FILLED,2025-01-18 19:39:34.0
BUY-1763965650527-005255,TRADER-0255,CRYPTO,BUY,3451.04,6,0,FILLED,2025-01-17 18:45:29.0
BUY-1763965650524-003406,TRADER-0406,CRYPTO,BUY,2669.51,10,0,FILLED,2025-01-16 20:57:45.0
BUY-1763965650529-006665,TRADER-0165,EQUITY,BUY,329.96,82,0,FILLED,2025-01-18 11:40:00.0
BUY-1763965650524-003631,TRADER-0131,CRYPTO,BUY,3325.36,3,0,FILLED,2025-01-16 23:30:26.0
BUY-1763965650523-002437,TRADER-0437,EQUITY,BUY,270.8,78,0,FILLED,2025-01-16 09:14:23.0
BUY-1763965650524-003283,TRADER-0283,FOREX,BUY,6.26,123,0,FILLED,2025-01-16 19:39:06.0
BUY-1763965650529-006679,TRADER-0179,FOREX,BUY,4.99,134,0,FILLED,2025-01-18 12:25:38.0
BUY-1763965650529-007038,TRADER-0038,CRYPTO,BUY,2223.28,22,0,FILLED,2025-01-18 16:09:07.0
BUY-1763965650528-005962,TRADER-0462,CRYPTO,BUY,1781.01,11,0,FILLED,2025-01-18 03:33:12.0
BUY-1763965650522-001637,TRADER-0137,EQUITY,BUY,168.43,72,0,FILLED,2025-01-15 23:54:27.0
BUY-1763965650525-003749,TRADER-0249,CRYPTO,BUY,4423.73,1,0,FILLED,2025-01-17 01:28:58.0
BUY-1763965650526-005059,TRADER-0059,CRYPTO,BUY,4381.98,4,0,FILLED,2025-01-17 16:41:53.0
BUY-1763965650521-001199,TRADER-0199,CRYPTO,BUY,4249.66,9,0,FILLED,2025-01-15 18:45:22.0
BUY-1763965650526-004565,TRADER-0065,CRYPTO,BUY,445.88,100,0,FILLED,2025-01-17 10:38:26.0
BUY-1763965650527-005538,TRADER-0038,CRYPTO,BUY,4457.41,1,0,FILLED,2025-01-17 22:11:35.0
BUY-1763965650522-001949,TRADER-0449,EQUITY,BUY,363.33,105,0,FILLED,2025-01-16 03:35:24.0
BUY-1763965650525-003848,TRADER-0348,EQUITY,BUY,399.19,113,0,FILLED,2025-01-17 01:42:13.0
BUY-1763965650527-005578,TRADER-0078,EQUITY,BUY,480.44,33,0,FILLED,2025-01-17 22:26:11.0
BUY-1763965650525-003868,TRADER-0368,CRYPTO,BUY,706.67,35,0,FILLED,2025-01-17 01:55:03.0
BUY-1763965650524-003617,TRADER-0117,CRYPTO,BUY,525.93,37,0,FILLED,2025-01-16 23:22:36.0
BUY-1763965650524-003309,TRADER-0309,FOREX,BUY,9.49,630,0,FILLED,2025-01-16 19:32:12.0
BUY-1763965650519-000517,TRADER-0017,FOREX,BUY,9.47,479,0,FILLED,2025-01-15 10:27:27.0
BUY-1763965650529-007408,TRADER-0408,EQUITY,BUY,344.42,44,0,FILLED,2025-01-18 20:46:07.0
BUY-1763965650525-003928,TRADER-0428,FOREX,BUY,5.28,776,0,FILLED,2025-01-17 02:43:40.0
BUY-1763965650524-003628,TRADER-0128,EQUITY,BUY,309.29,84,0,FILLED,2025-01-16 23:29:03.0
BUY-1763965650524-002988,TRADER-0488,FOREX,BUY,7.93,852,0,FILLED,2025-01-16 15:43:27.0
BUY-1763965650523-002388,TRADER-0388,FOREX,BUY,6.41,576,0,FILLED,2025-01-16 08:45:27.0
BUY-1763965650527-005801,TRADER-0301,EQUITY,BUY,439.62,147,0,FILLED,2025-01-18 01:18:56.0
BUY-1763965650521-001060,TRADER-0060,CRYPTO,BUY,4292.63,4,0,FILLED,2025-01-15 16:29:52.0
BUY-1763965650525-003699,TRADER-0199,FOREX,BUY,4.99,903,0,FILLED,2025-01-17 00:38:29.0
BUY-1763965650525-003857,TRADER-0357,CRYPTO,BUY,4102.8,3,0,FILLED,2025-01-17 01:54:54.0
BUY-1763965650529-006832,TRADER-0332,EQUITY,BUY,408.75,223,0,FILLED,2025-01-18 13:30:22.0
BUY-1763965650525-004253,TRADER-0253,EQUITY,BUY,485.47,169,0,FILLED,2025-01-17 07:21:54.0
BUY-1763965650527-005473,TRADER-0473,FOREX,BUY,5.73,487,0,FILLED,2025-01-17 22:05:58.0
BUY-1763965650519-000276,TRADER-0276,EQUITY,BUY,150.0,63,0,FILLED,2025-01-15 07:40:10.0
BUY-1763965650529-007183,TRADER-0183,FOREX,BUY,5.83,771,0,FILLED,2025-01-18 17:54:00.0
BUY-1763965650526-004634,TRADER-0134,CRYPTO,BUY,4377.84,11,0,FILLED,2025-01-17 11:49:03.0
BUY-1763965650525-003722,TRADER-0222,EQUITY,BUY,202.05,67,0,FILLED,2025-01-17 00:55:01.0
BUY-1763965650528-006142,TRADER-0142,EQUITY,BUY,311.29,287,0,FILLED,2025-01-18 05:56:53.0
BUY-1763965650527-005449,TRADER-0449,EQUITY,BUY,377.23,192,0,FILLED,2025-01-17 21:31:46.0
BUY-1763965650523-002807,TRADER-0307,EQUITY,BUY,430.83,65,0,FILLED,2025-01-16 13:58:33.0
BUY-1763965650524-002980,TRADER-0480,CRYPTO,BUY,3759.66,12,0,FILLED,2025-01-16 15:17:28.0
BUY-1763965650525-003711,TRADER-0211,EQUITY,BUY,484.39,79,0,FILLED,2025-01-17 00:42:36.0
BUY-1763965650527-005737,TRADER-0237,EQUITY,BUY,228.66,260,0,FILLED,2025-01-18 00:47:09.0
BUY-1763965650523-002421,TRADER-0421,EQUITY,BUY,368.24,187,0,FILLED,2025-01-16 08:40:58.0
BUY-1763965650522-001934,TRADER-0434,CRYPTO,BUY,669.84,29,0,FILLED,2025-01-16 03:13:30.0
BUY-1763965650523-002858,TRADER-0358,FOREX,BUY,8.18,868,0,FILLED,2025-01-16 13:52:17.0
BUY-1763965650522-001671,TRADER-0171,EQUITY,BUY,491.35,5,0,FILLED,2025-01-15 23:50:40.0
BUY-1763965650521-001475,TRADER-0475,EQUITY,BUY,278.13,145,0,FILLED,2025-01-15 21:46:04.0
BUY-1763965650525-004070,TRADER-0070,CRYPTO,BUY,2189.55,14,0,FILLED,2025-01-17 04:56:41.0
BUY-1763965650525-003803,TRADER-0303,FOREX,BUY,8.12,573,0,FILLED,2025-01-17 01:17:18.0
BUY-1763965650524-003420,TRADER-0420,FOREX,BUY,9.84,171,0,FILLED,2025-01-16 20:37:12.0
BUY-1763965650519-000533,TRADER-0033,EQUITY,BUY,198.69,81,0,FILLED,2025-01-15 10:32:46.0
BUY-1763965650525-003707,TRADER-0207,FOREX,BUY,8.04,383,0,FILLED,2025-01-17 00:15:04.0
BUY-1763965650529-006925,TRADER-0425,EQUITY,BUY,212.09,117,0,FILLED,2025-01-18 15:19:58.0
BUY-1763965650523-002425,TRADER-0425,CRYPTO,BUY,2428.77,18,0,FILLED,2025-01-16 09:13:23.0
BUY-1763965650527-005602,TRADER-0102,EQUITY,BUY,440.41,89,0,FILLED,2025-01-17 23:07:36.0
BUY-1763965650528-006276,TRADER-0276,EQUITY,BUY,313.04,286,0,FILLED,2025-01-18 07:23:15.0
BUY-1763965650522-002019,TRADER-0019,FOREX,BUY,9.07,542,0,FILLED,2025-01-16 03:52:14.0
BUY-1763965650528-006482,TRADER-0482,CRYPTO,BUY,565.76,9,0,FILLED,2025-01-18 10:09:39.0
BUY-1763965650524-003162,TRADER-0162,CRYPTO,BUY,3381.17,11,0,FILLED,2025-01-16 18:21:58.0
BUY-1763965650520-000979,TRADER-0479,FOREX,BUY,6.21,436,0,FILLED,2025-01-15 15:24:42.0
BUY-1763965650528-006251,TRADER-0251,EQUITY,BUY,184.17,322,0,FILLED,2025-01-18 07:27:12.0
BUY-1763965650524-003605,TRADER-0105,FOREX,BUY,4.39,549,0,FILLED,2025-01-16 23:04:25.0
BUY-1763965650521-001180,TRADER-0180,CRYPTO,BUY,4229.08,1,0,FILLED,2025-01-15 17:42:57.0
BUY-1763965650528-006566,TRADER-0066,EQUITY,BUY,142.84,27,0,FILLED,2025-01-18 10:40:28.0
BUY-1763965650527-005630,TRADER-0130,EQUITY,BUY,163.49,27,0,FILLED,2025-01-17 23:23:48.0
BUY-1763965650528-006568,TRADER-0068,CRYPTO,BUY,3120.75,5,0,FILLED,2025-01-18 10:51:48.0
BUY-1763965650526-004644,TRADER-0144,EQUITY,BUY,166.32,557,0,FILLED,2025-01-17 11:31:42.0
BUY-1763965650527-005212,TRADER-0212,FOREX,BUY,8.58,65,0,FILLED,2025-01-17 18:41:09.0
BUY-1763965650524-003273,TRADER-0273,FOREX,BUY,5.15,372,0,FILLED,2025-01-16 19:11:18.0
BUY-1763965650525-003752,TRADER-0252,CRYPTO,BUY,1100.69,11,0,FILLED,2025-01-17 00:54:01.0
BUY-1763965650519-000297,TRADER-0297,EQUITY,BUY,200.0,97,0,FILLED,2025-01-15 07:21:53.0
BUY-1763965650520-000678,TRADER-0178,CRYPTO,BUY,1155.07,8,0,FILLED,2025-01-15 12:28:24.0
BUY-1763965650524-003184,TRADER-0184,EQUITY,BUY,212.66,361,0,FILLED,2025-01-16 18:20:34.0
BUY-1763965650526-004808,TRADER-0308,EQUITY,BUY,340.19,272,0,FILLED,2025-01-17 13:55:35.0
BUY-1763965650527-005709,TRADER-0209,CRYPTO,BUY,746.91,62,0,FILLED,2025-01-18 00:51:05.0
BUY-1763965650526-004822,TRADER-0322,EQUITY,BUY,193.82,440,0,FILLED,2025-01-17 14:07:02.0
BUY-1763965650523-002850,TRADER-0350,EQUITY,BUY,315.72,309,0,FILLED,2025-01-16 14:29:16.0
BUY-1763965650527-005513,TRADER-0013,CRYPTO,BUY,3940.21,9,0,FILLED,2025-01-17 22:26:21.0
BUY-1763965650525-004377,TRADER-0377,FOREX,BUY,5.26,952,0,FILLED,2025-01-17 08:01:45.0
BUY-1763965650524-003383,TRADER-0383,CRYPTO,BUY,1248.1,28,0,FILLED,2025-01-16 20:52:56.0
BUY-1763965650527-005434,TRADER-0434,FOREX,BUY,4.89,844,0,FILLED,2025-01-17 21:23:10.0
BUY-1763965650526-004936,TRADER-0436,CRYPTO,BUY,2808.83,6,0,FILLED,2025-01-17 15:14:43.0
BUY-1763965650525-003877,TRADER-0377,EQUITY,BUY,197.78,481,0,FILLED,2025-01-17 02:45:25.0
BUY-1763965650526-004558,TRADER-0058,EQUITY,BUY,279.23,352,0,FILLED,2025-01-17 11:01:55.0
BUY-1763965650522-002258,TRADER-0258,CRYPTO,BUY,812.13,6,0,FILLED,2025-01-16 06:57:16.0
BUY-1763965650522-002178,TRADER-0178,EQUITY,BUY,187.48,302,0,FILLED,2025-01-16 05:50:25.0
BUY-1763965650520-000889,TRADER-0389,EQUITY,BUY,280.77,111,0,FILLED,2025-01-15 14:21:03.0
BUY-1763965650523-002331,TRADER-0331,FOREX,BUY,5.63,920,0,FILLED,2025-01-16 07:50:21.0
BUY-1763965650527-005587,TRADER-0087,CRYPTO,BUY,502.35,97,0,FILLED,2025-01-17 23:13:50.0
BUY-1763965650524-003288,TRADER-0288,FOREX,BUY,4.57,820,0,FILLED,2025-01-16 19:09:29.0
BUY-1763965650524-003138,TRADER-0138,FOREX,BUY,8.38,289,0,FILLED,2025-01-16 17:29:56.0
BUY-1763965650526-004961,TRADER-0461,CRYPTO,BUY,1721.16,20,0,FILLED,2025-01-17 15:26:33.0
BUY-1763965650527-005086,TRADER-0086,CRYPTO,BUY,1172.77,27,0,FILLED,2025-01-17 17:10:43.0
BUY-1763965650528-006015,TRADER-0015,EQUITY,BUY,236.28,119,0,FILLED,2025-01-18 04:16:34.0
BUY-1763965650528-006439,TRADER-0439,CRYPTO,BUY,870.56,22,0,FILLED,2025-01-18 09:17:25.0
BUY-1763965650525-004334,TRADER-0334,CRYPTO,BUY,415.74,8,0,FILLED,2025-01-17 08:18:28.0
BUY-1763965650526-004703,TRADER-0203,EQUITY,BUY,399.23,132,0,FILLED,2025-01-17 12:39:05.0
BUY-1763965650529-006678,TRADER-0178,CRYPTO,BUY,1682.86,17,0,FILLED,2025-01-18 12:06:11.0
BUY-1763965650528-006375,TRADER-0375,EQUITY,BUY,497.74,19,0,FILLED,2025-01-18 08:14:39.0
BUY-1763965650525-003816,TRADER-0316,EQUITY,BUY,178.13,168,0,FILLED,2025-01-17 01:23:30.0
BUY-1763965650521-001121,TRADER-0121,CRYPTO,BUY,2317.75,3,0,FILLED,2025-01-15 17:17:58.0
BUY-1763965650522-001805,TRADER-0305,CRYPTO,BUY,4517.06,1,0,FILLED,2025-01-16 01:58:34.0
BUY-1763965650529-006983,TRADER-0483,FOREX,BUY,6.09,670,0,FILLED,2025-01-18 15:44:36.0
BUY-1763965650527-005422,TRADER-0422,EQUITY,BUY,348.06,69,0,FILLED,2025-01-17 21:08:36.0
BUY-1763965650524-003301,TRADER-0301,FOREX,BUY,8.47,192,0,FILLED,2025-01-16 19:55:47.0
BUY-1763965650527-005186,TRADER-0186,CRYPTO,BUY,565.81,67,0,FILLED,2025-01-17 18:30:18.0
BUY-1763965650520-000747,TRADER-0247,CRYPTO,BUY,2527.6,15,0,FILLED,2025-01-15 13:25:39.0
BUY-1763965650524-003677,TRADER-0177,FOREX,BUY,4.25,941,0,FILLED,2025-01-17 00:20:56.0
BUY-1763965650520-000748,TRADER-0248,EQUITY,BUY,371.39,178,0,FILLED,2025-01-15 12:51:15.0
BUY-1763965650525-004169,TRADER-0169,FOREX,BUY,9.35,942,0,FILLED,2025-01-17 05:48:28.0
BUY-1763965650522-001910,TRADER-0410,EQUITY,BUY,287.84,100,0,FILLED,2025-01-16 02:56:51.0
BUY-1763965650524-003260,TRADER-0260,CRYPTO,BUY,683.45,10,0,FILLED,2025-01-16 18:42:25.0
BUY-1763965650527-005305,TRADER-0305,EQUITY,BUY,380.61,12,0,FILLED,2025-01-17 19:53:59.0
BUY-1763965650522-001689,TRADER-0189,CRYPTO,BUY,4790.83,10,0,FILLED,2025-01-16 00:01:56.0
BUY-1763965650526-004561,TRADER-0061,FOREX,BUY,8.39,850,0,FILLED,2025-01-17 10:50:15.0
BUY-1763965650523-002295,TRADER-0295,FOREX,BUY,5.89,47,0,FILLED,2025-01-16 07:14:34.0
BUY-1763965650519-000396,TRADER-0396,EQUITY,BUY,150.0,105,0,FILLED,2025-01-15 08:27:50.0
BUY-1763965650520-000903,TRADER-0403,FOREX,BUY,6.91,412,0,FILLED,2025-01-15 15:16:41.0
BUY-1763965650525-003730,TRADER-0230,FOREX,BUY,6.46,918,0,FILLED,2025-01-17 00:20:51.0
BUY-1763965650522-001961,TRADER-0461,FOREX,BUY,6.41,582,0,FILLED,2025-01-16 03:11:21.0
BUY-1763965650524-003430,TRADER-0430,EQUITY,BUY,332.47,181,0,FILLED,2025-01-16 20:48:59.0
BUY-1763965650528-006518,TRADER-0018,FOREX,BUY,8.65,297,0,FILLED,2025-01-18 10:35:53.0
BUY-1763965650524-003192,TRADER-0192,EQUITY,BUY,380.18,43,0,FILLED,2025-01-16 18:25:05.0
BUY-1763965650529-007170,TRADER-0170,CRYPTO,BUY,1783.79,3,0,FILLED,2025-01-18 17:41:27.0
BUY-1763965650528-005871,TRADER-0371,CRYPTO,BUY,4434.8,1,0,FILLED,2025-01-18 02:43:50.0
BUY-1763965650524-003494,TRADER-0494,EQUITY,BUY,175.64,57,0,FILLED,2025-01-16 22:04:59.0
BUY-1763965650526-004613,TRADER-0113,CRYPTO,BUY,730.93,52,0,FILLED,2025-01-17 11:08:41.0
BUY-1763965650521-001174,TRADER-0174,CRYPTO,BUY,1747.37,21,0,FILLED,2025-01-15 18:34:18.0
BUY-1763965650526-004803,TRADER-0303,CRYPTO,BUY,3714.68,4,0,FILLED,2025-01-17 13:14:14.0
BUY-1763965650524-003207,TRADER-0207,FOREX,BUY,8.49,337,0,FILLED,2025-01-16 18:12:18.0
BUY-1763965650520-000781,TRADER-0281,CRYPTO,BUY,4054.48,5,0,FILLED,2025-01-15 13:37:27.0
BUY-1763965650523-002466,TRADER-0466,EQUITY,BUY,301.68,160,0,FILLED,2025-01-16 09:27:16.0
BUY-1763965650522-001705,TRADER-0205,FOREX,BUY,8.2,891,0,FILLED,2025-01-16 00:31:04.0
BUY-1763965650525-003846,TRADER-0346,CRYPTO,BUY,4548.28,3,0,FILLED,2025-01-17 01:56:26.0
BUY-1763965650528-006443,TRADER-0443,FOREX,BUY,5.89,852,0,FILLED,2025-01-18 09:43:12.0
BUY-1763965650529-007004,TRADER-0004,EQUITY,BUY,403.24,57,0,FILLED,2025-01-18 16:00:46.0
BUY-1763965650520-000850,TRADER-0350,CRYPTO,BUY,4096.27,8,0,FILLED,2025-01-15 14:10:08.0
BUY-1763965650524-003089,TRADER-0089,EQUITY,BUY,312.36,125,0,FILLED,2025-01-16 16:48:30.0
BUY-1763965650529-006865,TRADER-0365,CRYPTO,BUY,4075.67,11,0,FILLED,2025-01-18 14:35:56.0
BUY-1763965650522-002127,TRADER-0127,EQUITY,BUY,359.57,221,0,FILLED,2025-01-16 05:55:51.0
BUY-1763965650522-002070,TRADER-0070,CRYPTO,BUY,710.46,16,0,FILLED,2025-01-16 04:31:30.0
BUY-1763965650527-005127,TRADER-0127,EQUITY,BUY,432.35,87,0,FILLED,2025-01-17 17:51:58.0
BUY-1763965650527-005224,TRADER-0224,CRYPTO,BUY,2595.54,1,0,FILLED,2025-01-17 18:36:29.0
BUY-1763965650524-003024,TRADER-0024,FOREX,BUY,7.57,464,0,FILLED,2025-01-16 16:24:15.0
BUY-1763965650523-002365,TRADER-0365,EQUITY,BUY,462.15,69,0,FILLED,2025-01-16 08:24:49.0
BUY-1763965650520-001004,TRADER-0004,EQUITY,BUY,328.81,195,0,FILLED,2025-01-15 16:25:24.0
BUY-1763965650519-000501,TRADER-0001,CRYPTO,BUY,3680.67,13,0,FILLED,2025-01-15 10:09:28.0
BUY-1763965650524-003120,TRADER-0120,FOREX,BUY,5.14,904,0,FILLED,2025-01-16 17:46:43.0
BUY-1763965650528-006400,TRADER-0400,FOREX,BUY,6.87,598,0,FILLED,2025-01-18 09:11:31.0
BUY-1763965650521-001223,TRADER-0223,FOREX,BUY,6.11,234,0,FILLED,2025-01-15 19:00:37.0
BUY-1763965650520-000796,TRADER-0296,CRYPTO,BUY,2729.12,3,0,FILLED,2025-01-15 13:22:17.0
BUY-1763965650529-007108,TRADER-0108,EQUITY,BUY,485.52,107,0,FILLED,2025-01-18 16:58:32.0
BUY-1763965650524-003262,TRADER-0262,FOREX,BUY,7.76,327,0,FILLED,2025-01-16 19:14:45.0
BUY-1763965650525-003980,TRADER-0480,CRYPTO,BUY,3293.65,2,0,FILLED,2025-01-17 03:41:49.0
BUY-1763965650522-002129,TRADER-0129,CRYPTO,BUY,2396.52,1,0,FILLED,2025-01-16 05:47:26.0
BUY-1763965650529-007210,TRADER-0210,EQUITY,BUY,366.75,230,0,FILLED,2025-01-18 18:30:32.0
BUY-1763965650529-006815,TRADER-0315,EQUITY,BUY,431.64,161,0,FILLED,2025-01-18 14:10:16.0
BUY-1763965650529-007184,TRADER-0184,CRYPTO,BUY,4426.17,6,0,FILLED,2025-01-18 18:31:25.0
BUY-1763965650525-004204,TRADER-0204,EQUITY,BUY,192.68,450,0,FILLED,2025-01-17 06:15:12.0
BUY-1763965650524-003568,TRADER-0068,FOREX,BUY,9.41,531,0,FILLED,2025-01-16 22:21:27.0
BUY-1763965650528-005927,TRADER-0427,FOREX,BUY,7.43,937,0,FILLED,2025-01-18 03:36:06.0
BUY-1763965650524-003178,TRADER-0178,EQUITY,BUY,210.4,326,0,FILLED,2025-01-16 17:53:16.0
BUY-1763965650522-001645,TRADER-0145,CRYPTO,BUY,4117.68,6,0,FILLED,2025-01-15 23:20:57.0
BUY-1763965650527-005752,TRADER-0252,EQUITY,BUY,275.11,163,0,FILLED,2025-01-18 01:21:35.0
BUY-1763965650520-000881,TRADER-0381,CRYPTO,BUY,1120.38,20,0,FILLED,2025-01-15 14:08:12.0
BUY-1763965650526-004853,TRADER-0353,CRYPTO,BUY,4162.96,11,0,FILLED,2025-01-17 13:57:24.0
BUY-1763965650523-002499,TRADER-0499,FOREX,BUY,6.22,15,0,FILLED,2025-01-16 09:42:09.0
BUY-1763965650523-002959,TRADER-0459,EQUITY,BUY,320.18,183,0,FILLED,2025-01-16 15:54:24.0
BUY-1763965650526-004790,TRADER-0290,FOREX,BUY,4.32,672,0,FILLED,2025-01-17 13:50:21.0
BUY-1763965650519-000301,TRADER-0301,EQUITY,BUY,300.0,30,0,FILLED,2025-01-15 07:13:21.0
BUY-1763965650522-001957,TRADER-0457,CRYPTO,BUY,1064.31,43,0,FILLED,2025-01-16 03:48:36.0
BUY-1763965650529-006921,TRADER-0421,CRYPTO,BUY,814.04,46,0,FILLED,2025-01-18 15:15:14.0
BUY-1763965650521-001076,TRADER-0076,CRYPTO,BUY,3942.04,9,0,FILLED,2025-01-15 17:03:18.0
BUY-1763965650529-007365,TRADER-0365,EQUITY,BUY,406.78,72,0,FILLED,2025-01-18 20:51:14.0
BUY-1763965650523-002728,TRADER-0228,FOREX,BUY,9.25,917,0,FILLED,2025-01-16 12:36:54.0
BUY-1763965650521-001536,TRADER-0036,EQUITY,BUY,197.82,281,0,FILLED,2025-01-15 22:10:42.0
BUY-1763965650527-005383,TRADER-0383,EQUITY,BUY,444.71,27,0,FILLED,2025-01-17 20:08:28.0
BUY-1763965650527-005193,TRADER-0193,EQUITY,BUY,449.09,140,0,FILLED,2025-01-17 18:03:19.0
BUY-1763965650527-005671,TRADER-0171,EQUITY,BUY,386.26,134,0,FILLED,2025-01-17 23:54:05.0
BUY-1763965650519-000473,TRADER-0473,CRYPTO,BUY,2000.0,23,0,FILLED,2025-01-15 09:56:12.0
BUY-1763965650529-006981,TRADER-0481,EQUITY,BUY,498.67,179,0,FILLED,2025-01-18 16:12:31.0
BUY-1763965650520-000727,TRADER-0227,CRYPTO,BUY,4949.19,4,0,FILLED,2025-01-15 12:34:10.0
BUY-1763965650524-003331,TRADER-0331,CRYPTO,BUY,4072.68,10,0,FILLED,2025-01-16 20:25:14.0
BUY-1763965650522-002241,TRADER-0241,FOREX,BUY,7.69,748,0,FILLED,2025-01-16 06:53:51.0
BUY-1763965650528-005851,TRADER-0351,CRYPTO,BUY,858.59,34,0,FILLED,2025-01-18 02:16:05.0
BUY-1763965650525-004234,TRADER-0234,CRYPTO,BUY,3074.12,12,0,FILLED,2025-01-17 06:57:09.0
BUY-1763965650526-004984,TRADER-0484,EQUITY,BUY,337.67,76,0,FILLED,2025-01-17 15:58:48.0
BUY-1763965650521-001570,TRADER-0070,EQUITY,BUY,439.15,36,0,FILLED,2025-01-15 22:53:12.0
BUY-1763965650524-003537,TRADER-0037,CRYPTO,BUY,3675.35,10,0,FILLED,2025-01-16 22:07:46.0
BUY-1763965650525-004028,TRADER-0028,FOREX,BUY,5.96,473,0,FILLED,2025-01-17 04:20:54.0
BUY-1763965650522-002134,TRADER-0134,CRYPTO,BUY,4842.37,7,0,FILLED,2025-01-16 05:50:59.0
BUY-1763965650525-004017,TRADER-0017,FOREX,BUY,6.06,55,0,FILLED,2025-01-17 04:11:59.0
BUY-1763965650529-006736,TRADER-0236,FOREX,BUY,8.67,529,0,FILLED,2025-01-18 13:07:01.0
BUY-1763965650521-001584,TRADER-0084,CRYPTO,BUY,4821.47,10,0,FILLED,2025-01-15 22:54:52.0
BUY-1763965650527-005562,TRADER-0062,EQUITY,BUY,286.59,91,0,FILLED,2025-01-17 22:23:01.0
BUY-1763965650524-003402,TRADER-0402,FOREX,BUY,9.66,937,0,FILLED,2025-01-16 20:29:28.0
BUY-1763965650522-001847,TRADER-0347,EQUITY,BUY,288.14,270,0,FILLED,2025-01-16 02:00:31.0
BUY-1763965650527-005266,TRADER-0266,EQUITY,BUY,184.2,24,0,FILLED,2025-01-17 19:25:24.0
BUY-1763965650520-000835,TRADER-0335,FOREX,BUY,5.49,281,0,FILLED,2025-01-15 13:39:46.0
BUY-1763965650528-006525,TRADER-0025,CRYPTO,BUY,1429.76,5,0,FILLED,2025-01-18 10:22:01.0
BUY-1763965650526-004747,TRADER-0247,EQUITY,BUY,272.77,206,0,FILLED,2025-01-17 12:43:51.0
BUY-1763965650526-004737,TRADER-0237,CRYPTO,BUY,1682.17,5,0,FILLED,2025-01-17 12:25:24.0
BUY-1763965650523-002712,TRADER-0212,EQUITY,BUY,457.11,64,0,FILLED,2025-01-16 12:35:14.0
BUY-1763965650529-007317,TRADER-0317,CRYPTO,BUY,2794.27,16,0,FILLED,2025-01-18 19:29:50.0
BUY-1763965650528-006267,TRADER-0267,FOREX,BUY,8.45,17,0,FILLED,2025-01-18 07:02:31.0
BUY-1763965650523-002952,TRADER-0452,CRYPTO,BUY,4016.46,5,0,FILLED,2025-01-16 15:10:20.0
BUY-1763965650520-000836,TRADER-0336,CRYPTO,BUY,3836.68,2,0,FILLED,2025-01-15 14:16:28.0
BUY-1763965650521-001524,TRADER-0024,FOREX,BUY,7.98,62,0,FILLED,2025-01-15 21:59:22.0
BUY-1763965650528-006483,TRADER-0483,FOREX,BUY,4.46,281,0,FILLED,2025-01-18 10:06:01.0
BUY-1763965650528-005972,TRADER-0472,EQUITY,BUY,244.25,260,0,FILLED,2025-01-18 03:10:06.0
BUY-1763965650524-003226,TRADER-0226,CRYPTO,BUY,3353.28,12,0,FILLED,2025-01-16 18:31:53.0
BUY-1763965650523-002566,TRADER-0066,FOREX,BUY,6.65,378,0,FILLED,2025-01-16 10:48:42.0
BUY-1763965650527-005241,TRADER-0241,EQUITY,BUY,376.62,118,0,FILLED,2025-01-17 18:28:14.0
BUY-1763965650520-000990,TRADER-0490,EQUITY,BUY,384.5,202,0,FILLED,2025-01-15 15:31:48.0
BUY-1763965650527-005083,TRADER-0083,EQUITY,BUY,452.3,77,0,FILLED,2025-01-17 16:57:14.0
BUY-1763965650529-006795,TRADER-0295,CRYPTO,BUY,3709.27,2,0,FILLED,2025-01-18 13:36:38.0
BUY-1763965650524-003234,TRADER-0234,FOREX,BUY,4.45,695,0,FILLED,2025-01-16 18:46:42.0
BUY-1763965650526-004796,TRADER-0296,EQUITY,BUY,241.86,9,0,FILLED,2025-01-17 13:10:00.0
BUY-1763965650526-004695,TRADER-0195,FOREX,BUY,9.55,103,0,FILLED,2025-01-17 12:17:41.0
BUY-1763965650529-006950,TRADER-0450,EQUITY,BUY,282.03,56,0,FILLED,2025-01-18 14:59:55.0
BUY-1763965650528-005922,TRADER-0422,FOREX,BUY,8.5,673,0,FILLED,2025-01-18 03:15:15.0
BUY-1763965650524-003246,TRADER-0246,FOREX,BUY,9.95,142,0,FILLED,2025-01-16 19:11:40.0
BUY-1763965650528-006605,TRADER-0105,FOREX,BUY,9.64,274,0,FILLED,2025-01-18 11:04:09.0
BUY-1763965650527-005667,TRADER-0167,CRYPTO,BUY,1027.72,26,0,FILLED,2025-01-17 23:45:48.0
BUY-1763965650519-000530,TRADER-0030,EQUITY,BUY,474.37,130,0,FILLED,2025-01-15 09:53:13.0
BUY-1763965650523-002817,TRADER-0317,EQUITY,BUY,404.02,107,0,FILLED,2025-01-16 13:59:27.0
BUY-1763965650525-003874,TRADER-0374,FOREX,BUY,7.25,507,0,FILLED,2025-01-17 02:15:10.0
BUY-1763965650523-002586,TRADER-0086,EQUITY,BUY,221.73,357,0,FILLED,2025-01-16 11:04:02.0
BUY-1763965650524-003182,TRADER-0182,CRYPTO,BUY,4037.15,11,0,FILLED,2025-01-16 18:30:29.0
BUY-1763965650527-005122,TRADER-0122,EQUITY,BUY,165.6,572,0,FILLED,2025-01-17 17:36:47.0
BUY-1763965650527-005491,TRADER-0491,CRYPTO,BUY,3820.39,4,0,FILLED,2025-01-17 21:31:18.0
BUY-1763965650527-005661,TRADER-0161,CRYPTO,BUY,3224.22,2,0,FILLED,2025-01-17 23:58:24.0
BUY-1763965650528-006588,TRADER-0088,CRYPTO,BUY,1052.56,1,0,FILLED,2025-01-18 11:01:33.0
BUY-1763965650527-005174,TRADER-0174,FOREX,BUY,8.59,71,0,FILLED,2025-01-17 18:30:32.0
BUY-1763965650519-000196,TRADER-0196,CRYPTO,BUY,1500.0,18,0,FILLED,2025-01-15 06:05:17.0
BUY-1763965650529-007054,TRADER-0054,FOREX,BUY,5.77,310,0,FILLED,2025-01-18 17:03:10.0
BUY-1763965650523-002540,TRADER-0040,EQUITY,BUY,341.84,282,0,FILLED,2025-01-16 10:37:26.0
BUY-1763965650525-004030,TRADER-0030,FOREX,BUY,5.13,838,0,FILLED,2025-01-17 04:11:50.0
BUY-1763965650523-002863,TRADER-0363,CRYPTO,BUY,1793.73,25,0,FILLED,2025-01-16 14:44:28.0
BUY-1763965650527-005427,TRADER-0427,FOREX,BUY,6.65,5,0,FILLED,2025-01-17 20:40:43.0
BUY-1763965650529-006987,TRADER-0487,EQUITY,BUY,275.04,115,0,FILLED,2025-01-18 16:07:10.0
BUY-1763965650519-000507,TRADER-0007,EQUITY,BUY,166.12,504,0,FILLED,2025-01-15 10:28:07.0
BUY-1763965650528-005915,TRADER-0415,CRYPTO,BUY,1101.72,4,0,FILLED,2025-01-18 03:08:08.0
BUY-1763965650524-003658,TRADER-0158,CRYPTO,BUY,3358.4,3,0,FILLED,2025-01-16 23:39:35.0
BUY-1763965650528-005937,TRADER-0437,FOREX,BUY,9.49,420,0,FILLED,2025-01-18 03:18:36.0
BUY-1763965650524-003476,TRADER-0476,CRYPTO,BUY,3680.12,11,0,FILLED,2025-01-16 21:18:42.0
BUY-1763965650522-001826,TRADER-0326,CRYPTO,BUY,3061.87,3,0,FILLED,2025-01-16 02:19:35.0
BUY-1763965650528-006097,TRADER-0097,FOREX,BUY,8.68,868,0,FILLED,2025-01-18 05:22:53.0
BUY-1763965650522-001681,TRADER-0181,CRYPTO,BUY,2928.77,4,0,FILLED,2025-01-16 00:38:20.0
BUY-1763965650528-006038,TRADER-0038,CRYPTO,BUY,3361.76,6,0,FILLED,2025-01-18 04:12:06.0
BUY-1763965650523-002323,TRADER-0323,CRYPTO,BUY,1730.71,26,0,FILLED,2025-01-16 07:26:13.0
BUY-1763965650529-007226,TRADER-0226,FOREX,BUY,4.71,359,0,FILLED,2025-01-18 18:51:02.0
BUY-1763965650521-001382,TRADER-0382,FOREX,BUY,8.64,991,0,FILLED,2025-01-15 20:50:02.0
BUY-1763965650524-003360,TRADER-0360,CRYPTO,BUY,4340.6,1,0,FILLED,2025-01-16 20:26:29.0
BUY-1763965650522-002186,TRADER-0186,EQUITY,BUY,346.2,224,0,FILLED,2025-01-16 06:19:54.0
BUY-1763965650525-003946,TRADER-0446,FOREX,BUY,7.8,605,0,FILLED,2025-01-17 02:51:15.0
BUY-1763965650527-005229,TRADER-0229,FOREX,BUY,7.75,365,0,FILLED,2025-01-17 18:33:11.0
BUY-1763965650528-006442,TRADER-0442,CRYPTO,BUY,3100.31,7,0,FILLED,2025-01-18 09:45:23.0
BUY-1763965650524-003177,TRADER-0177,EQUITY,BUY,244.42,201,0,FILLED,2025-01-16 18:22:47.0
BUY-1763965650522-001903,TRADER-0403,EQUITY,BUY,222.07,380,0,FILLED,2025-01-16 02:57:58.0
BUY-1763965650520-000621,TRADER-0121,CRYPTO,BUY,683.77,5,0,FILLED,2025-01-15 11:04:54.0
BUY-1763965650522-001767,TRADER-0267,FOREX,BUY,9.44,608,0,FILLED,2025-01-16 00:46:17.0
BUY-1763965650518-000007,TRADER-0007,EQUITY,BUY,300.0,35,0,FILLED,2025-01-15 04:10:54.0
BUY-1763965650527-005536,TRADER-0036,CRYPTO,BUY,3175.1,7,0,FILLED,2025-01-17 22:01:48.0
BUY-1763965650526-004812,TRADER-0312,EQUITY,BUY,153.15,643,0,FILLED,2025-01-17 13:48:21.0
BUY-1763965650524-003293,TRADER-0293,CRYPTO,BUY,2226.96,18,0,FILLED,2025-01-16 19:36:47.0
BUY-1763965650526-004645,TRADER-0145,CRYPTO,BUY,1837.15,14,0,FILLED,2025-01-17 11:44:13.0
BUY-1763965650520-000794,TRADER-0294,FOREX,BUY,8.39,887,0,FILLED,2025-01-15 13:50:52.0
BUY-1763965650524-003295,TRADER-0295,CRYPTO,BUY,2151.79,11,0,FILLED,2025-01-16 19:36:22.0
BUY-1763965650521-001124,TRADER-0124,CRYPTO,BUY,1580.74,9,0,FILLED,2025-01-15 17:43:11.0
BUY-1763965650523-002755,TRADER-0255,EQUITY,BUY,165.58,303,0,FILLED,2025-01-16 13:24:52.0
BUY-1763965650524-003339,TRADER-0339,EQUITY,BUY,341.15,283,0,FILLED,2025-01-16 20:11:36.0
BUY-1763965650520-000714,TRADER-0214,EQUITY,BUY,355.13,37,0,FILLED,2025-01-15 12:29:37.0
BUY-1763965650522-001873,TRADER-0373,FOREX,BUY,6.82,705,0,FILLED,2025-01-16 01:58:36.0
BUY-1763965650525-003854,TRADER-0354,CRYPTO,BUY,2416.59,8,0,FILLED,2025-01-17 02:04:43.0
BUY-1763965650526-004621,TRADER-0121,CRYPTO,BUY,3424.66,4,0,FILLED,2025-01-17 11:13:49.0
BUY-1763965650527-005474,TRADER-0474,CRYPTO,BUY,1198.83,38,0,FILLED,2025-01-17 21:40:15.0
BUY-1763965650527-005134,TRADER-0134,CRYPTO,BUY,4770.18,8,0,FILLED,2025-01-17 17:16:57.0
BUY-1763965650529-007390,TRADER-0390,CRYPTO,BUY,4045.23,8,0,FILLED,2025-01-18 20:11:18.0
BUY-1763965650523-002327,TRADER-0327,FOREX,BUY,6.6,557,0,FILLED,2025-01-16 07:58:18.0
BUY-1763965650529-007190,TRADER-0190,EQUITY,BUY,327.04,157,0,FILLED,2025-01-18 18:26:00.0
BUY-1763965650519-000293,TRADER-0293,EQUITY,BUY,150.0,48,0,FILLED,2025-01-15 07:53:56.0
BUY-1763965650528-006359,TRADER-0359,EQUITY,BUY,177.92,37,0,FILLED,2025-01-18 08:27:38.0
BUY-1763965650520-000882,TRADER-0382,CRYPTO,BUY,477.25,1,0,FILLED,2025-01-15 14:16:25.0
BUY-1763965650528-006177,TRADER-0177,CRYPTO,BUY,2474.51,12,0,FILLED,2025-01-18 06:08:53.0
BUY-1763965650529-007323,TRADER-0323,FOREX,BUY,6.87,588,0,FILLED,2025-01-18 19:25:08.0
BUY-1763965650523-002635,TRADER-0135,CRYPTO,BUY,3313.18,8,0,FILLED,2025-01-16 11:55:57.0
BUY-1763965650522-001941,TRADER-0441,EQUITY,BUY,220.6,35,0,FILLED,2025-01-16 03:39:34.0
BUY-1763965650525-004231,TRADER-0231,EQUITY,BUY,269.69,253,0,FILLED,2025-01-17 06:42:23.0
BUY-1763965650527-005203,TRADER-0203,FOREX,BUY,7.76,697,0,FILLED,2025-01-17 18:14:28.0
BUY-1763965650522-002017,TRADER-0017,CRYPTO,BUY,3060.55,8,0,FILLED,2025-01-16 04:04:09.0
BUY-1763965650528-006337,TRADER-0337,EQUITY,BUY,206.77,436,0,FILLED,2025-01-18 07:43:09.0
BUY-1763965650528-006600,TRADER-0100,CRYPTO,BUY,2547.49,9,0,FILLED,2025-01-18 11:29:31.0
BUY-1763965650527-005494,TRADER-0494,EQUITY,BUY,421.28,217,0,FILLED,2025-01-17 22:13:08.0
BUY-1763965650529-006938,TRADER-0438,FOREX,BUY,6.07,263,0,FILLED,2025-01-18 15:41:23.0
BUY-1763965650526-004786,TRADER-0286,EQUITY,BUY,160.54,232,0,FILLED,2025-01-17 13:20:02.0
BUY-1763965650523-002843,TRADER-0343,CRYPTO,BUY,2914.8,15,0,FILLED,2025-01-16 14:18:23.0
BUY-1763965650521-001173,TRADER-0173,EQUITY,BUY,210.25,355,0,FILLED,2025-01-15 18:17:45.0
BUY-1763965650526-004940,TRADER-0440,EQUITY,BUY,462.86,190,0,FILLED,2025-01-17 15:08:16.0
BUY-1763965650529-006669,TRADER-0169,FOREX,BUY,7.66,796,0,FILLED,2025-01-18 12:15:51.0
BUY-1763965650520-000778,TRADER-0278,CRYPTO,BUY,4892.68,1,0,FILLED,2025-01-15 13:37:35.0
BUY-1763965650528-006464,TRADER-0464,CRYPTO,BUY,4362.64,7,0,FILLED,2025-01-18 09:30:06.0
BUY-1763965650528-006441,TRADER-0441,FOREX,BUY,7.37,661,0,FILLED,2025-01-18 09:44:51.0
BUY-1763965650521-001587,TRADER-0087,CRYPTO,BUY,3151.06,13,0,FILLED,2025-01-15 23:20:58.0
BUY-1763965650518-000119,TRADER-0119,CRYPTO,BUY,1000.0,42,0,FILLED,2025-01-15 05:52:58.0
BUY-1763965650523-002449,TRADER-0449,EQUITY,BUY,395.95,118,0,FILLED,2025-01-16 09:23:28.0
BUY-1763965650521-001398,TRADER-0398,FOREX,BUY,5.84,288,0,FILLED,2025-01-15 20:24:10.0
BUY-1763965650524-003286,TRADER-0286,EQUITY,BUY,451.78,1,0,FILLED,2025-01-16 19:02:10.0
BUY-1763965650523-002834,TRADER-0334,EQUITY,BUY,498.28,112,0,FILLED,2025-01-16 14:11:58.0
BUY-1763965650525-003941,TRADER-0441,CRYPTO,BUY,3564.9,6,0,FILLED,2025-01-17 03:42:31.0
BUY-1763965650528-006179,TRADER-0179,CRYPTO,BUY,2472.51,17,0,FILLED,2025-01-18 05:54:17.0
BUY-1763965650528-006287,TRADER-0287,EQUITY,BUY,315.94,251,0,FILLED,2025-01-18 07:10:39.0
BUY-1763965650520-000776,TRADER-0276,EQUITY,BUY,430.53,12,0,FILLED,2025-01-15 13:40:50.0
BUY-1763965650525-004145,TRADER-0145,FOREX,BUY,4.46,353,0,FILLED,2025-01-17 05:57:13.0
BUY-1763965650525-003995,TRADER-0495,CRYPTO,BUY,3252.19,8,0,FILLED,2025-01-17 03:53:28.0
BUY-1763965650529-006955,TRADER-0455,CRYPTO,BUY,2538.76,9,0,FILLED,2025-01-18 15:27:49.0
BUY-1763965650522-002092,TRADER-0092,CRYPTO,BUY,3069.48,10,0,FILLED,2025-01-16 05:12:24.0
BUY-1763965650524-002983,TRADER-0483,CRYPTO,BUY,1705.33,13,0,FILLED,2025-01-16 15:46:03.0
BUY-1763965650522-001868,TRADER-0368,FOREX,BUY,4.63,263,0,FILLED,2025-01-16 02:12:40.0
BUY-1763965650524-003485,TRADER-0485,CRYPTO,BUY,1772.21,14,0,FILLED,2025-01-16 21:58:05.0
BUY-1763965650523-002479,TRADER-0479,CRYPTO,BUY,2505.28,1,0,FILLED,2025-01-16 10:12:10.0
BUY-1763965650526-004939,TRADER-0439,EQUITY,BUY,301.21,78,0,FILLED,2025-01-17 14:56:58.0
BUY-1763965650527-005790,TRADER-0290,EQUITY,BUY,261.79,198,0,FILLED,2025-01-18 01:02:11.0
BUY-1763965650520-000798,TRADER-0298,FOREX,BUY,8.57,846,0,FILLED,2025-01-15 13:35:45.0
BUY-1763965650525-004309,TRADER-0309,EQUITY,BUY,484.64,144,0,FILLED,2025-01-17 07:59:16.0
BUY-1763965650519-000616,TRADER-0116,EQUITY,BUY,192.6,89,0,FILLED,2025-01-15 11:49:01.0
BUY-1763965650522-001837,TRADER-0337,EQUITY,BUY,175.51,522,0,FILLED,2025-01-16 01:47:09.0
BUY-1763965650525-003887,TRADER-0387,CRYPTO,BUY,4891.85,10,0,FILLED,2025-01-17 02:39:09.0
BUY-1763965650524-003346,TRADER-0346,EQUITY,BUY,356.07,209,0,FILLED,2025-01-16 19:40:47.0
BUY-1763965650527-005351,TRADER-0351,CRYPTO,BUY,1343.71,22,0,FILLED,2025-01-17 20:01:40.0
BUY-1763965650523-002486,TRADER-0486,FOREX,BUY,6.97,792,0,FILLED,2025-01-16 10:06:05.0
BUY-1763965650528-006430,TRADER-0430,CRYPTO,BUY,4234.16,9,0,FILLED,2025-01-18 08:58:24.0
BUY-1763965650528-006270,TRADER-0270,EQUITY,BUY,315.34,155,0,FILLED,2025-01-18 07:04:38.0
BUY-1763965650529-006896,TRADER-0396,CRYPTO,BUY,2940.93,10,0,FILLED,2025-01-18 15:03:58.0
BUY-1763965650522-001876,TRADER-0376,EQUITY,BUY,342.39,140,0,FILLED,2025-01-16 02:28:39.0
BUY-1763965650527-005689,TRADER-0189,EQUITY,BUY,387.57,6,0,FILLED,2025-01-18 00:42:41.0
BUY-1763965650529-006649,TRADER-0149,EQUITY,BUY,200.27,486,0,FILLED,2025-01-18 12:00:30.0
BUY-1763965650524-003347,TRADER-0347,CRYPTO,BUY,3913.42,12,0,FILLED,2025-01-16 19:55:43.0
BUY-1763965650521-001112,TRADER-0112,FOREX,BUY,5.72,267,0,FILLED,2025-01-15 17:20:46.0
BUY-1763965650524-003547,TRADER-0047,EQUITY,BUY,282.81,37,0,FILLED,2025-01-16 22:57:06.0
BUY-1763965650521-001192,TRADER-0192,EQUITY,BUY,272.72,259,0,FILLED,2025-01-15 18:25:21.0
BUY-1763965650525-003812,TRADER-0312,FOREX,BUY,7.04,211,0,FILLED,2025-01-17 02:07:09.0
BUY-1763965650521-001298,TRADER-0298,CRYPTO,BUY,4060.29,12,0,FILLED,2025-01-15 19:22:05.0
BUY-1763965650526-004779,TRADER-0279,CRYPTO,BUY,3424.01,9,0,FILLED,2025-01-17 13:24:32.0
BUY-1763965650528-005875,TRADER-0375,CRYPTO,BUY,2116.61,16,0,FILLED,2025-01-18 02:35:30.0
BUY-1763965650529-007169,TRADER-0169,EQUITY,BUY,255.24,272,0,FILLED,2025-01-18 18:25:23.0
BUY-1763965650523-002697,TRADER-0197,EQUITY,BUY,439.7,145,0,FILLED,2025-01-16 12:00:18.0
BUY-1763965650527-005259,TRADER-0259,CRYPTO,BUY,1944.41,14,0,FILLED,2025-01-17 19:15:28.0
BUY-1763965650527-005628,TRADER-0128,FOREX,BUY,8.4,423,0,FILLED,2025-01-17 23:44:11.0
BUY-1763965650521-001390,TRADER-0390,CRYPTO,BUY,1358.31,13,0,FILLED,2025-01-15 20:19:20.0
BUY-1763965650525-004072,TRADER-0072,CRYPTO,BUY,4801.83,3,0,FILLED,2025-01-17 04:29:32.0
BUY-1763965650529-006845,TRADER-0345,FOREX,BUY,5.41,930,0,FILLED,2025-01-18 13:54:44.0
BUY-1763965650528-006031,TRADER-0031,CRYPTO,BUY,4394.45,7,0,FILLED,2025-01-18 04:37:42.0
BUY-1763965650527-005277,TRADER-0277,CRYPTO,BUY,3081.31,4,0,FILLED,2025-01-17 18:56:14.0
BUY-1763965650527-005625,TRADER-0125,CRYPTO,BUY,2742.11,14,0,FILLED,2025-01-17 23:58:55.0
BUY-1763965650520-000710,TRADER-0210,EQUITY,BUY,159.6,9,0,FILLED,2025-01-15 12:10:24.0
BUY-1763965650529-007321,TRADER-0321,FOREX,BUY,4.43,102,0,FILLED,2025-01-18 19:42:37.0
BUY-1763965650529-006721,TRADER-0221,EQUITY,BUY,464.48,132,0,FILLED,2025-01-18 12:39:00.0
BUY-1763965650529-007492,TRADER-0492,CRYPTO,BUY,3254.96,5,0,FILLED,2025-01-18 22:05:41.0
BUY-1763965650521-001322,TRADER-0322,CRYPTO,BUY,3011.83,2,0,FILLED,2025-01-15 19:27:03.0
BUY-1763965650522-002198,TRADER-0198,EQUITY,BUY,151.1,123,0,FILLED,2025-01-16 06:24:51.0
BUY-1763965650521-001067,TRADER-0067,CRYPTO,BUY,1416.55,30,0,FILLED,2025-01-15 16:54:46.0
BUY-1763965650522-001993,TRADER-0493,EQUITY,BUY,226.05,96,0,FILLED,2025-01-16 04:04:04.0
BUY-1763965650526-004445,TRADER-0445,EQUITY,BUY,424.17,68,0,FILLED,2025-01-17 09:39:26.0
BUY-1763965650525-004213,TRADER-0213,EQUITY,BUY,408.24,184,0,FILLED,2025-01-17 06:51:54.0
BUY-1763965650528-006284,TRADER-0284,FOREX,BUY,4.46,808,0,FILLED,2025-01-18 07:12:17.0
BUY-1763965650529-007382,TRADER-0382,EQUITY,BUY,216.25,142,0,FILLED,2025-01-18 20:43:02.0
BUY-1763965650524-003454,TRADER-0454,CRYPTO,BUY,4475.23,11,0,FILLED,2025-01-16 21:19:47.0
BUY-1763965650527-005378,TRADER-0378,CRYPTO,BUY,3029.33,2,0,FILLED,2025-01-17 20:51:46.0
BUY-1763965650528-006107,TRADER-0107,EQUITY,BUY,201.14,110,0,FILLED,2025-01-18 04:52:35.0
BUY-1763965650529-007163,TRADER-0163,EQUITY,BUY,190.54,345,0,FILLED,2025-01-18 18:15:58.0
BUY-1763965650524-003016,TRADER-0016,EQUITY,BUY,459.17,99,0,FILLED,2025-01-16 16:17:45.0
BUY-1763965650529-007027,TRADER-0027,CRYPTO,BUY,2127.03,13,0,FILLED,2025-01-18 16:00:02.0
BUY-1763965650523-002547,TRADER-0047,EQUITY,BUY,248.46,354,0,FILLED,2025-01-16 10:41:49.0
BUY-1763965650519-000527,TRADER-0027,EQUITY,BUY,343.7,255,0,FILLED,2025-01-15 10:18:36.0
BUY-1763965650526-004530,TRADER-0030,FOREX,BUY,7.11,151,0,FILLED,2025-01-17 10:04:34.0
BUY-1763965650526-005018,TRADER-0018,CRYPTO,BUY,929.59,22,0,FILLED,2025-01-17 15:57:27.0
BUY-1763965650527-005781,TRADER-0281,CRYPTO,BUY,1034.05,46,0,FILLED,2025-01-18 01:18:14.0
BUY-1763965650527-005656,TRADER-0156,EQUITY,BUY,181.84,407,0,FILLED,2025-01-17 23:23:01.0
BUY-1763965650525-004369,TRADER-0369,CRYPTO,BUY,4559.76,2,0,FILLED,2025-01-17 08:00:28.0
BUY-1763965650523-002736,TRADER-0236,FOREX,BUY,4.9,694,0,FILLED,2025-01-16 13:13:53.0
BUY-1763965650520-000718,TRADER-0218,CRYPTO,BUY,4215.3,2,0,FILLED,2025-01-15 12:55:25.0
BUY-1763965650521-001577,TRADER-0077,FOREX,BUY,7.78,530,0,FILLED,2025-01-15 23:13:04.0
BUY-1763965650526-004965,TRADER-0465,CRYPTO,BUY,4535.52,9,0,FILLED,2025-01-17 15:44:03.0
BUY-1763965650524-003667,TRADER-0167,CRYPTO,BUY,1560.95,6,0,FILLED,2025-01-17 00:23:57.0
BUY-1763965650526-004805,TRADER-0305,FOREX,BUY,4.87,145,0,FILLED,2025-01-17 13:54:14.0
BUY-1763965650527-005214,TRADER-0214,FOREX,BUY,7.78,771,0,FILLED,2025-01-17 18:20:17.0
BUY-1763965650522-002034,TRADER-0034,FOREX,BUY,6.62,428,0,FILLED,2025-01-16 04:08:57.0
BUY-1763965650529-006929,TRADER-0429,CRYPTO,BUY,2776.6,9,0,FILLED,2025-01-18 15:34:26.0
BUY-1763965650528-006457,TRADER-0457,FOREX,BUY,6.36,32,0,FILLED,2025-01-18 09:18:15.0
BUY-1763965650528-006384,TRADER-0384,FOREX,BUY,9.97,449,0,FILLED,2025-01-18 08:42:08.0
BUY-1763965650528-006187,TRADER-0187,CRYPTO,BUY,951.84,41,0,FILLED,2025-01-18 06:24:53.0
BUY-1763965650525-004096,TRADER-0096,FOREX,BUY,5.39,425,0,FILLED,2025-01-17 05:30:00.0
BUY-1763965650522-002130,TRADER-0130,CRYPTO,BUY,1083.92,26,0,FILLED,2025-01-16 05:16:27.0
BUY-1763965650528-006481,TRADER-0481,CRYPTO,BUY,1612.89,7,0,FILLED,2025-01-18 09:55:44.0
BUY-1763965650524-003364,TRADER-0364,FOREX,BUY,5.06,480,0,FILLED,2025-01-16 19:58:05.0
BUY-1763965650529-006839,TRADER-0339,EQUITY,BUY,390.13,65,0,FILLED,2025-01-18 13:57:44.0
BUY-1763965650525-003832,TRADER-0332,EQUITY,BUY,391.46,100,0,FILLED,2025-01-17 01:55:40.0
BUY-1763965650528-006378,TRADER-0378,EQUITY,BUY,342.5,34,0,FILLED,2025-01-18 08:29:06.0
BUY-1763965650525-003838,TRADER-0338,FOREX,BUY,5.63,438,0,FILLED,2025-01-17 02:22:53.0
BUY-1763965650524-003263,TRADER-0263,FOREX,BUY,7.59,705,0,FILLED,2025-01-16 18:47:37.0
BUY-1763965650526-004544,TRADER-0044,FOREX,BUY,4.26,877,0,FILLED,2025-01-17 10:43:14.0
BUY-1763965650524-003597,TRADER-0097,CRYPTO,BUY,1442.54,26,0,FILLED,2025-01-16 23:15:46.0
BUY-1763965650521-001113,TRADER-0113,CRYPTO,BUY,423.43,18,0,FILLED,2025-01-15 17:23:35.0
BUY-1763965650523-002839,TRADER-0339,CRYPTO,BUY,4334.59,4,0,FILLED,2025-01-16 14:21:13.0
BUY-1763965650529-007364,TRADER-0364,CRYPTO,BUY,709.75,3,0,FILLED,2025-01-18 20:25:52.0
BUY-1763965650527-005542,TRADER-0042,CRYPTO,BUY,4326.6,4,0,FILLED,2025-01-17 22:55:24.0
BUY-1763965650526-004460,TRADER-0460,CRYPTO,BUY,2137.87,11,0,FILLED,2025-01-17 09:16:11.0
BUY-1763965650522-001728,TRADER-0228,CRYPTO,BUY,2790.54,1,0,FILLED,2025-01-16 00:30:26.0
BUY-1763965650529-006704,TRADER-0204,EQUITY,BUY,353.11,148,0,FILLED,2025-01-18 12:26:44.0
BUY-1763965650523-002819,TRADER-0319,FOREX,BUY,7.0,685,0,FILLED,2025-01-16 13:48:56.0
BUY-1763965650525-004164,TRADER-0164,CRYPTO,BUY,4332.65,2,0,FILLED,2025-01-17 05:31:58.0
BUY-1763965650527-005499,TRADER-0499,FOREX,BUY,6.02,881,0,FILLED,2025-01-17 22:22:08.0
BUY-1763965650528-006006,TRADER-0006,CRYPTO,BUY,1956.0,20,0,FILLED,2025-01-18 04:14:06.0
BUY-1763965650522-001791,TRADER-0291,FOREX,BUY,9.64,471,0,FILLED,2025-01-16 01:18:42.0
BUY-1763965650523-002961,TRADER-0461,EQUITY,BUY,395.55,167,0,FILLED,2025-01-16 15:21:53.0
BUY-1763965650525-003834,TRADER-0334,CRYPTO,BUY,1358.24,3,0,FILLED,2025-01-17 01:41:05.0
BUY-1763965650528-006440,TRADER-0440,EQUITY,BUY,281.64,63,0,FILLED,2025-01-18 09:46:06.0
BUY-1763965650524-003250,TRADER-0250,FOREX,BUY,5.15,96,0,FILLED,2025-01-16 19:05:27.0
BUY-1763965650524-003334,TRADER-0334,EQUITY,BUY,158.13,536,0,FILLED,2025-01-16 20:18:34.0
BUY-1763965650520-000691,TRADER-0191,FOREX,BUY,5.8,487,0,FILLED,2025-01-15 12:32:36.0
BUY-1763965650523-002899,TRADER-0399,EQUITY,BUY,432.41,165,0,FILLED,2025-01-16 14:18:16.0
BUY-1763965650529-007042,TRADER-0042,FOREX,BUY,8.91,970,0,FILLED,2025-01-18 16:30:54.0
BUY-1763965650523-002844,TRADER-0344,CRYPTO,BUY,1605.88,9,0,FILLED,2025-01-16 14:20:41.0
BUY-1763965650525-004323,TRADER-0323,EQUITY,BUY,261.74,127,0,FILLED,2025-01-17 07:28:24.0
BUY-1763965650529-006871,TRADER-0371,CRYPTO,BUY,2573.77,5,0,FILLED,2025-01-18 14:30:39.0
BUY-1763965650523-002964,TRADER-0464,CRYPTO,BUY,2756.99,17,0,FILLED,2025-01-16 16:03:57.0
BUY-1763965650521-001428,TRADER-0428,FOREX,BUY,8.28,462,0,FILLED,2025-01-15 21:29:38.0
BUY-1763965650521-001514,TRADER-0014,CRYPTO,BUY,3364.25,4,0,FILLED,2025-01-15 22:10:28.0
BUY-1763965650528-006425,TRADER-0425,CRYPTO,BUY,2341.29,3,0,FILLED,2025-01-18 08:38:26.0
BUY-1763965650523-002385,TRADER-0385,EQUITY,BUY,429.61,203,0,FILLED,2025-01-16 08:51:37.0
BUY-1763965650524-003630,TRADER-0130,FOREX,BUY,9.77,519,0,FILLED,2025-01-16 23:54:48.0
BUY-1763965650524-003094,TRADER-0094,EQUITY,BUY,265.55,48,0,FILLED,2025-01-16 16:58:32.0
BUY-1763965650523-002444,TRADER-0444,FOREX,BUY,9.01,996,0,FILLED,2025-01-16 09:24:22.0
BUY-1763965650524-003665,TRADER-0165,FOREX,BUY,9.28,467,0,FILLED,2025-01-16 23:33:55.0
BUY-1763965650526-004654,TRADER-0154,FOREX,BUY,6.56,366,0,FILLED,2025-01-17 12:04:49.0
BUY-1763965650522-001956,TRADER-0456,FOREX,BUY,4.83,765,0,FILLED,2025-01-16 03:21:29.0
BUY-1763965650524-003457,TRADER-0457,CRYPTO,BUY,4142.14,5,0,FILLED,2025-01-16 21:40:29.0
BUY-1763965650529-006796,TRADER-0296,EQUITY,BUY,489.74,21,0,FILLED,2025-01-18 13:08:58.0
BUY-1763965650523-002662,TRADER-0162,EQUITY,BUY,457.07,63,0,FILLED,2025-01-16 11:52:06.0
BUY-1763965650529-007003,TRADER-0003,CRYPTO,BUY,2900.41,5,0,FILLED,2025-01-18 15:59:18.0
BUY-1763965650522-002168,TRADER-0168,FOREX,BUY,7.39,985,0,FILLED,2025-01-16 05:37:50.0
BUY-1763965650522-002161,TRADER-0161,CRYPTO,BUY,3551.13,5,0,FILLED,2025-01-16 06:21:59.0
BUY-1763965650522-001947,TRADER-0447,CRYPTO,BUY,3441.25,13,0,FILLED,2025-01-16 03:03:10.0
BUY-1763965650528-005996,TRADER-0496,EQUITY,BUY,365.28,224,0,FILLED,2025-01-18 03:38:00.0
BUY-1763965650526-004400,TRADER-0400,EQUITY,BUY,206.92,208,0,FILLED,2025-01-17 08:30:56.0
BUY-1763965650522-001642,TRADER-0142,FOREX,BUY,8.11,776,0,FILLED,2025-01-15 23:22:13.0
BUY-1763965650528-006492,TRADER-0492,EQUITY,BUY,382.31,226,0,FILLED,2025-01-18 09:50:29.0
BUY-1763965650527-005726,TRADER-0226,EQUITY,BUY,290.47,215,0,FILLED,2025-01-18 00:29:34.0
BUY-1763965650528-005859,TRADER-0359,FOREX,BUY,8.32,217,0,FILLED,2025-01-18 02:22:27.0
BUY-1763965650529-007106,TRADER-0106,CRYPTO,BUY,1064.13,39,0,FILLED,2025-01-18 16:47:16.0
BUY-1763965650527-005372,TRADER-0372,EQUITY,BUY,301.88,191,0,FILLED,2025-01-17 20:36:45.0
BUY-1763965650529-006835,TRADER-0335,CRYPTO,BUY,3808.04,9,0,FILLED,2025-01-18 14:04:59.0
BUY-1763965650521-001421,TRADER-0421,FOREX,BUY,8.23,914,0,FILLED,2025-01-15 21:31:58.0
BUY-1763965650521-001401,TRADER-0401,EQUITY,BUY,340.68,220,0,FILLED,2025-01-15 20:47:46.0
BUY-1763965650520-000764,TRADER-0264,CRYPTO,BUY,2999.86,13,0,FILLED,2025-01-15 13:03:19.0
BUY-1763965650528-006108,TRADER-0108,CRYPTO,BUY,1918.88,3,0,FILLED,2025-01-18 05:32:44.0
BUY-1763965650527-005172,TRADER-0172,FOREX,BUY,7.09,763,0,FILLED,2025-01-17 17:49:28.0
BUY-1763965650525-004313,TRADER-0313,CRYPTO,BUY,3508.59,2,0,FILLED,2025-01-17 07:58:20.0
BUY-1763965650529-006776,TRADER-0276,EQUITY,BUY,325.86,8,0,FILLED,2025-01-18 13:38:42.0
BUY-1763965650527-005336,TRADER-0336,FOREX,BUY,9.16,473,0,FILLED,2025-01-17 20:17:05.0
BUY-1763965650524-003230,TRADER-0230,CRYPTO,BUY,1279.45,17,0,FILLED,2025-01-16 18:29:32.0
BUY-1763965650524-003556,TRADER-0056,CRYPTO,BUY,4483.27,6,0,FILLED,2025-01-16 22:19:30.0
BUY-1763965650525-003929,TRADER-0429,CRYPTO,BUY,3723.43,4,0,FILLED,2025-01-17 02:53:29.0
BUY-1763965650528-006465,TRADER-0465,FOREX,BUY,6.27,395,0,FILLED,2025-01-18 09:18:59.0
BUY-1763965650523-002719,TRADER-0219,FOREX,BUY,6.58,691,0,FILLED,2025-01-16 12:18:02.0
BUY-1763965650523-002343,TRADER-0343,EQUITY,BUY,425.97,167,0,FILLED,2025-01-16 08:17:28.0
BUY-1763965650529-006820,TRADER-0320,CRYPTO,BUY,1201.26,24,0,FILLED,2025-01-18 13:25:53.0
BUY-1763965650529-006804,TRADER-0304,FOREX,BUY,4.32,778,0,FILLED,2025-01-18 13:17:42.0
BUY-1763965650527-005421,TRADER-0421,CRYPTO,BUY,4347.99,7,0,FILLED,2025-01-17 21:14:36.0
BUY-1763965650521-001211,TRADER-0211,EQUITY,BUY,294.39,298,0,FILLED,2025-01-15 18:30:13.0
BUY-1763965650529-007328,TRADER-0328,EQUITY,BUY,145.68,489,0,FILLED,2025-01-18 20:08:09.0
BUY-1763965650521-001571,TRADER-0071,FOREX,BUY,6.25,707,0,FILLED,2025-01-15 22:36:25.0
BUY-1763965650521-001233,TRADER-0233,CRYPTO,BUY,2025.5,4,0,FILLED,2025-01-15 19:12:52.0
BUY-1763965650523-002374,TRADER-0374,EQUITY,BUY,296.26,214,0,FILLED,2025-01-16 08:55:58.0
BUY-1763965650522-001933,TRADER-0433,FOREX,BUY,4.54,287,0,FILLED,2025-01-16 03:22:54.0
BUY-1763965650520-000983,TRADER-0483,CRYPTO,BUY,3866.6,12,0,FILLED,2025-01-15 15:43:20.0
BUY-1763965650525-003823,TRADER-0323,EQUITY,BUY,397.42,176,0,FILLED,2025-01-17 01:41:23.0
BUY-1763965650527-005471,TRADER-0471,FOREX,BUY,8.49,189,0,FILLED,2025-01-17 22:08:17.0
BUY-1763965650519-000513,TRADER-0013,FOREX,BUY,5.13,499,0,FILLED,2025-01-15 10:04:01.0
BUY-1763965650529-007345,TRADER-0345,EQUITY,BUY,229.0,155,0,FILLED,2025-01-18 20:22:44.0
BUY-1763965650524-003589,TRADER-0089,CRYPTO,BUY,3612.93,13,0,FILLED,2025-01-16 23:18:51.0
BUY-1763965650527-005442,TRADER-0442,EQUITY,BUY,381.71,233,0,FILLED,2025-01-17 21:39:49.0
BUY-1763965650523-002478,TRADER-0478,CRYPTO,BUY,3193.0,4,0,FILLED,2025-01-16 09:22:01.0
BUY-1763965650527-005181,TRADER-0181,CRYPTO,BUY,1085.88,37,0,FILLED,2025-01-17 18:05:43.0
BUY-1763965650524-003587,TRADER-0087,EQUITY,BUY,265.66,139,0,FILLED,2025-01-16 23:00:40.0
BUY-1763965650527-005423,TRADER-0423,CRYPTO,BUY,4600.48,7,0,FILLED,2025-01-17 21:24:11.0
BUY-1763965650524-002973,TRADER-0473,CRYPTO,BUY,2057.63,10,0,FILLED,2025-01-16 15:15:43.0
BUY-1763965650524-003222,TRADER-0222,EQUITY,BUY,301.61,211,0,FILLED,2025-01-16 18:13:21.0
BUY-1763965650523-002471,TRADER-0471,CRYPTO,BUY,4557.97,1,0,FILLED,2025-01-16 09:46:14.0
BUY-1763965650523-002622,TRADER-0122,FOREX,BUY,8.17,782,0,FILLED,2025-01-16 11:56:47.0
BUY-1763965650522-002058,TRADER-0058,EQUITY,BUY,226.71,363,0,FILLED,2025-01-16 04:44:38.0
BUY-1763965650524-003267,TRADER-0267,CRYPTO,BUY,931.38,49,0,FILLED,2025-01-16 19:05:24.0
BUY-1763965650527-005779,TRADER-0279,FOREX,BUY,9.75,859,0,FILLED,2025-01-18 01:16:33.0
BUY-1763965650529-007008,TRADER-0008,CRYPTO,BUY,3210.59,13,0,FILLED,2025-01-18 15:49:09.0
BUY-1763965650529-007204,TRADER-0204,FOREX,BUY,4.84,233,0,FILLED,2025-01-18 18:11:39.0
BUY-1763965650518-000074,TRADER-0074,EQUITY,BUY,300.0,41,0,FILLED,2025-01-15 05:05:31.0
BUY-1763965650524-003611,TRADER-0111,EQUITY,BUY,415.09,202,0,FILLED,2025-01-16 23:30:41.0
BUY-1763965650525-003687,TRADER-0187,EQUITY,BUY,365.98,257,0,FILLED,2025-01-17 00:43:34.0
BUY-1763965650523-002537,TRADER-0037,CRYPTO,BUY,1075.81,42,0,FILLED,2025-01-16 10:45:25.0
BUY-1763965650524-003002,TRADER-0002,FOREX,BUY,7.17,278,0,FILLED,2025-01-16 15:44:11.0
BUY-1763965650520-000971,TRADER-0471,FOREX,BUY,6.39,523,0,FILLED,2025-01-15 15:44:09.0
BUY-1763965650523-002810,TRADER-0310,CRYPTO,BUY,1850.2,12,0,FILLED,2025-01-16 13:48:49.0
BUY-1763965650524-003431,TRADER-0431,FOREX,BUY,5.38,596,0,FILLED,2025-01-16 21:18:59.0
BUY-1763965650522-001702,TRADER-0202,CRYPTO,BUY,498.18,18,0,FILLED,2025-01-16 00:28:46.0
BUY-1763965650528-006166,TRADER-0166,EQUITY,BUY,404.21,85,0,FILLED,2025-01-18 06:14:32.0
BUY-1763965650519-000617,TRADER-0117,EQUITY,BUY,271.56,179,0,FILLED,2025-01-15 11:43:33.0
BUY-1763965650519-000604,TRADER-0104,CRYPTO,BUY,2925.93,5,0,FILLED,2025-01-15 10:46:05.0
BUY-1763965650523-002884,TRADER-0384,EQUITY,BUY,371.04,101,0,FILLED,2025-01-16 14:09:03.0
BUY-1763965650529-006641,TRADER-0141,EQUITY,BUY,310.7,266,0,FILLED,2025-01-18 11:31:43.0
BUY-1763965650526-004401,TRADER-0401,CRYPTO,BUY,2112.44,17,0,FILLED,2025-01-17 09:01:22.0
BUY-1763965650528-006329,TRADER-0329,FOREX,BUY,9.18,223,0,FILLED,2025-01-18 07:54:03.0
BUY-1763965650527-005270,TRADER-0270,CRYPTO,BUY,3457.19,10,0,FILLED,2025-01-17 19:06:33.0
BUY-1763965650525-003957,TRADER-0457,EQUITY,BUY,472.52,28,0,FILLED,2025-01-17 03:39:04.0
BUY-1763965650523-002610,TRADER-0110,EQUITY,BUY,225.87,60,0,FILLED,2025-01-16 11:32:53.0
BUY-1763965650529-007202,TRADER-0202,FOREX,BUY,8.14,866,0,FILLED,2025-01-18 18:17:57.0
BUY-1763965650528-006477,TRADER-0477,EQUITY,BUY,295.78,53,0,FILLED,2025-01-18 09:49:51.0
BUY-1763965650521-001557,TRADER-0057,FOREX,BUY,9.96,806,0,FILLED,2025-01-15 22:29:00.0
BUY-1763965650522-001651,TRADER-0151,CRYPTO,BUY,661.25,19,0,FILLED,2025-01-16 00:07:32.0
BUY-1763965650523-002361,TRADER-0361,EQUITY,BUY,295.83,245,0,FILLED,2025-01-16 08:19:51.0
BUY-1763965650524-003040,TRADER-0040,EQUITY,BUY,192.17,199,0,FILLED,2025-01-16 16:43:13.0
BUY-1763965650519-000559,TRADER-0059,EQUITY,BUY,292.59,35,0,FILLED,2025-01-15 10:13:17.0
BUY-1763965650525-003973,TRADER-0473,FOREX,BUY,7.21,940,0,FILLED,2025-01-17 03:47:17.0
BUY-1763965650526-004438,TRADER-0438,CRYPTO,BUY,879.01,43,0,FILLED,2025-01-17 09:31:48.0
BUY-1763965650528-006033,TRADER-0033,FOREX,BUY,4.35,501,0,FILLED,2025-01-18 04:24:50.0
BUY-1763965650528-005919,TRADER-0419,CRYPTO,BUY,4233.69,7,0,FILLED,2025-01-18 03:24:29.0
BUY-1763965650525-004013,TRADER-0013,FOREX,BUY,4.65,260,0,FILLED,2025-01-17 03:54:01.0
BUY-1763965650521-001313,TRADER-0313,EQUITY,BUY,157.71,159,0,FILLED,2025-01-15 19:35:28.0
BUY-1763965650521-001374,TRADER-0374,CRYPTO,BUY,705.98,3,0,FILLED,2025-01-15 20:25:42.0
BUY-1763965650528-006024,TRADER-0024,FOREX,BUY,5.15,581,0,FILLED,2025-01-18 04:38:42.0
BUY-1763965650523-002330,TRADER-0330,FOREX,BUY,6.91,578,0,FILLED,2025-01-16 07:46:59.0
BUY-1763965650522-001977,TRADER-0477,CRYPTO,BUY,4688.02,5,0,FILLED,2025-01-16 03:44:08.0
BUY-1763965650526-004392,TRADER-0392,FOREX,BUY,9.24,641,0,FILLED,2025-01-17 08:52:09.0
BUY-1763965650520-000803,TRADER-0303,FOREX,BUY,6.21,136,0,FILLED,2025-01-15 13:21:56.0
BUY-1763965650528-006000,TRADER-0000,EQUITY,BUY,479.8,132,0,FILLED,2025-01-18 03:51:46.0
BUY-1763965650525-003893,TRADER-0393,EQUITY,BUY,411.55,77,0,FILLED,2025-01-17 02:52:34.0
BUY-1763965650520-000901,TRADER-0401,FOREX,BUY,6.13,181,0,FILLED,2025-01-15 14:29:41.0
BUY-1763965650523-002900,TRADER-0400,FOREX,BUY,9.97,86,0,FILLED,2025-01-16 15:10:33.0
BUY-1763965650523-002400,TRADER-0400,EQUITY,BUY,297.21,41,0,FILLED,2025-01-16 09:05:10.0
BUY-1763965650524-003618,TRADER-0118,EQUITY,BUY,289.9,174,0,FILLED,2025-01-16 23:46:18.0
BUY-1763965650528-006616,TRADER-0116,CRYPTO,BUY,3460.43,4,0,FILLED,2025-01-18 11:49:13.0
BUY-1763965650525-003712,TRADER-0212,EQUITY,BUY,163.9,69,0,FILLED,2025-01-17 00:29:01.0
BUY-1763965650522-002018,TRADER-0018,CRYPTO,BUY,582.07,6,0,FILLED,2025-01-16 04:41:30.0
BUY-1763965650527-005747,TRADER-0247,CRYPTO,BUY,4813.74,1,0,FILLED,2025-01-18 01:00:50.0
BUY-1763965650529-007116,TRADER-0116,FOREX,BUY,9.74,238,0,FILLED,2025-01-18 17:43:45.0
BUY-1763965650523-002291,TRADER-0291,FOREX,BUY,4.72,560,0,FILLED,2025-01-16 07:38:55.0
BUY-1763965650528-006454,TRADER-0454,CRYPTO,BUY,4427.12,7,0,FILLED,2025-01-18 09:34:30.0
BUY-1763965650528-006320,TRADER-0320,EQUITY,BUY,268.29,316,0,FILLED,2025-01-18 07:40:06.0
BUY-1763965650520-000864,TRADER-0364,CRYPTO,BUY,2709.1,9,0,FILLED,2025-01-15 14:17:17.0
BUY-1763965650526-004520,TRADER-0020,EQUITY,BUY,388.37,201,0,FILLED,2025-01-17 10:03:08.0
BUY-1763965650527-005733,TRADER-0233,FOREX,BUY,8.33,269,0,FILLED,2025-01-18 00:46:46.0
BUY-1763965650523-002937,TRADER-0437,EQUITY,BUY,354.35,134,0,FILLED,2025-01-16 15:19:04.0
BUY-1763965650527-005680,TRADER-0180,FOREX,BUY,6.72,868,0,FILLED,2025-01-18 00:32:00.0
BUY-1763965650528-006148,TRADER-0148,EQUITY,BUY,272.31,24,0,FILLED,2025-01-18 05:27:52.0
BUY-1763965650525-003742,TRADER-0242,EQUITY,BUY,441.34,173,0,FILLED,2025-01-17 01:14:06.0
BUY-1763965650525-003802,TRADER-0302,EQUITY,BUY,476.4,81,0,FILLED,2025-01-17 01:17:49.0
BUY-1763965650527-005586,TRADER-0086,CRYPTO,BUY,2607.78,1,0,FILLED,2025-01-17 23:15:21.0
BUY-1763965650528-006404,TRADER-0404,CRYPTO,BUY,3232.83,3,0,FILLED,2025-01-18 09:00:14.0
BUY-1763965650524-003060,TRADER-0060,EQUITY,BUY,290.32,237,0,FILLED,2025-01-16 16:49:51.0
BUY-1763965650527-005379,TRADER-0379,CRYPTO,BUY,539.52,43,0,FILLED,2025-01-17 20:38:27.0
BUY-1763965650528-006531,TRADER-0031,FOREX,BUY,9.2,57,0,FILLED,2025-01-18 10:01:05.0
BUY-1763965650527-005190,TRADER-0190,FOREX,BUY,6.22,709,0,FILLED,2025-01-17 17:54:58.0
BUY-1763965650523-002328,TRADER-0328,CRYPTO,BUY,1845.96,20,0,FILLED,2025-01-16 07:55:00.0
BUY-1763965650524-003175,TRADER-0175,EQUITY,BUY,436.63,59,0,FILLED,2025-01-16 17:53:38.0
BUY-1763965650527-005714,TRADER-0214,FOREX,BUY,8.18,58,0,FILLED,2025-01-18 00:22:56.0
BUY-1763965650519-000392,TRADER-0392,EQUITY,BUY,300.0,103,0,FILLED,2025-01-15 08:46:45.0
BUY-1763965650519-000320,TRADER-0320,EQUITY,BUY,250.0,98,0,FILLED,2025-01-15 07:55:57.0
BUY-1763965650523-002864,TRADER-0364,FOREX,BUY,7.81,142,0,FILLED,2025-01-16 14:13:31.0
BUY-1763965650528-006121,TRADER-0121,CRYPTO,BUY,1093.03,42,0,FILLED,2025-01-18 05:05:26.0
BUY-1763965650522-002169,TRADER-0169,CRYPTO,BUY,4579.49,1,0,FILLED,2025-01-16 05:43:21.0
BUY-1763965650527-005373,TRADER-0373,EQUITY,BUY,449.38,67,0,FILLED,2025-01-17 20:55:21.0
BUY-1763965650522-001802,TRADER-0302,FOREX,BUY,6.02,104,0,FILLED,2025-01-16 01:35:23.0
BUY-1763965650524-003121,TRADER-0121,CRYPTO,BUY,3907.7,5,0,FILLED,2025-01-16 17:24:32.0
BUY-1763965650527-005135,TRADER-0135,EQUITY,BUY,483.89,180,0,FILLED,2025-01-17 17:23:18.0
BUY-1763965650519-000401,TRADER-0401,CRYPTO,BUY,1000.0,31,0,FILLED,2025-01-15 08:55:06.0
BUY-1763965650526-004725,TRADER-0225,FOREX,BUY,9.65,887,0,FILLED,2025-01-17 12:31:41.0
BUY-1763965650521-001321,TRADER-0321,EQUITY,BUY,433.87,18,0,FILLED,2025-01-15 20:18:04.0
BUY-1763965650526-004883,TRADER-0383,CRYPTO,BUY,3227.25,14,0,FILLED,2025-01-17 14:24:12.0
BUY-1763965650523-002904,TRADER-0404,EQUITY,BUY,241.02,177,0,FILLED,2025-01-16 14:38:08.0
BUY-1763965650520-000717,TRADER-0217,CRYPTO,BUY,3443.77,9,0,FILLED,2025-01-15 12:38:19.0
BUY-1763965650521-001516,TRADER-0016,FOREX,BUY,8.31,982,0,FILLED,2025-01-15 22:33:53.0
BUY-1763965650521-001397,TRADER-0397,CRYPTO,BUY,4689.78,7,0,FILLED,2025-01-15 21:12:46.0
BUY-1763965650528-006305,TRADER-0305,CRYPTO,BUY,898.76,12,0,FILLED,2025-01-18 07:38:39.0
BUY-1763965650529-006918,TRADER-0418,CRYPTO,BUY,4866.49,8,0,FILLED,2025-01-18 15:25:51.0
BUY-1763965650521-001527,TRADER-0027,CRYPTO,BUY,4780.39,6,0,FILLED,2025-01-15 22:37:43.0
BUY-1763965650527-005694,TRADER-0194,CRYPTO,BUY,2015.04,6,0,FILLED,2025-01-18 00:25:13.0
BUY-1763965650528-005916,TRADER-0416,FOREX,BUY,7.24,364,0,FILLED,2025-01-18 02:53:35.0
BUY-1763965650522-001930,TRADER-0430,EQUITY,BUY,480.1,138,0,FILLED,2025-01-16 03:39:20.0
BUY-1763965650529-006956,TRADER-0456,EQUITY,BUY,487.13,91,0,FILLED,2025-01-18 15:57:08.0
BUY-1763965650529-007393,TRADER-0393,EQUITY,BUY,388.8,62,0,FILLED,2025-01-18 20:27:23.0
BUY-1763965650522-001854,TRADER-0354,EQUITY,BUY,406.53,73,0,FILLED,2025-01-16 01:46:33.0
BUY-1763965650527-005140,TRADER-0140,FOREX,BUY,7.35,962,0,FILLED,2025-01-17 18:07:14.0
BUY-1763965650525-003853,TRADER-0353,FOREX,BUY,9.57,362,0,FILLED,2025-01-17 01:54:54.0
BUY-1763965650528-006436,TRADER-0436,CRYPTO,BUY,3115.69,13,0,FILLED,2025-01-18 08:45:17.0
BUY-1763965650527-005155,TRADER-0155,CRYPTO,BUY,1685.23,25,0,FILLED,2025-01-17 17:56:47.0
BUY-1763965650522-002097,TRADER-0097,EQUITY,BUY,239.74,328,0,FILLED,2025-01-16 04:49:43.0
BUY-1763965650525-003808,TRADER-0308,CRYPTO,BUY,4476.39,9,0,FILLED,2025-01-17 01:27:21.0
BUY-1763965650522-002028,TRADER-0028,EQUITY,BUY,191.07,466,0,FILLED,2025-01-16 04:11:59.0
BUY-1763965650522-002174,TRADER-0174,CRYPTO,BUY,3598.67,3,0,FILLED,2025-01-16 05:35:51.0
BUY-1763965650529-006888,TRADER-0388,EQUITY,BUY,205.28,243,0,FILLED,2025-01-18 14:10:11.0
BUY-1763965650527-005739,TRADER-0239,CRYPTO,BUY,3143.03,4,0,FILLED,2025-01-18 00:34:36.0
BUY-1763965650524-003292,TRADER-0292,FOREX,BUY,5.85,676,0,FILLED,2025-01-16 19:47:54.0
BUY-1763965650527-005414,TRADER-0414,EQUITY,BUY,286.34,199,0,FILLED,2025-01-17 20:38:16.0
BUY-1763965650522-001706,TRADER-0206,EQUITY,BUY,326.95,217,0,FILLED,2025-01-16 00:04:16.0
BUY-1763965650526-005068,TRADER-0068,EQUITY,BUY,460.91,99,0,FILLED,2025-01-17 16:41:03.0
BUY-1763965650525-003817,TRADER-0317,EQUITY,BUY,484.15,67,0,FILLED,2025-01-17 01:28:36.0
BUY-1763965650524-003185,TRADER-0185,CRYPTO,BUY,3868.47,1,0,FILLED,2025-01-16 18:36:57.0
BUY-1763965650519-000433,TRADER-0433,CRYPTO,BUY,2000.0,13,0,FILLED,2025-01-15 09:20:49.0
BUY-1763965650521-001591,TRADER-0091,FOREX,BUY,5.82,956,0,FILLED,2025-01-15 23:01:51.0
BUY-1763965650522-001973,TRADER-0473,EQUITY,BUY,395.48,244,0,FILLED,2025-01-16 03:47:44.0
BUY-1763965650523-002368,TRADER-0368,CRYPTO,BUY,1681.36,11,0,FILLED,2025-01-16 08:36:20.0
BUY-1763965650529-006965,TRADER-0465,EQUITY,BUY,381.02,77,0,FILLED,2025-01-18 15:23:20.0
BUY-1763965650525-003689,TRADER-0189,FOREX,BUY,7.39,910,0,FILLED,2025-01-17 00:32:26.0
BUY-1763965650522-001760,TRADER-0260,EQUITY,BUY,470.68,4,0,FILLED,2025-01-16 00:43:49.0
BUY-1763965650524-003164,TRADER-0164,CRYPTO,BUY,3664.39,8,0,FILLED,2025-01-16 17:32:50.0
BUY-1763965650527-005235,TRADER-0235,CRYPTO,BUY,4737.9,3,0,FILLED,2025-01-17 18:36:09.0
BUY-1763965650529-007222,TRADER-0222,EQUITY,BUY,461.91,166,0,FILLED,2025-01-18 18:11:41.0
BUY-1763965650529-007059,TRADER-0059,CRYPTO,BUY,543.59,86,0,FILLED,2025-01-18 16:53:17.0
BUY-1763965650519-000413,TRADER-0413,EQUITY,BUY,200.0,68,0,FILLED,2025-01-15 09:17:54.0
BUY-1763965650527-005765,TRADER-0265,CRYPTO,BUY,4623.25,1,0,FILLED,2025-01-18 01:32:07.0
BUY-1763965650525-003839,TRADER-0339,CRYPTO,BUY,4790.57,2,0,FILLED,2025-01-17 01:39:19.0
BUY-1763965650519-000150,TRADER-0150,EQUITY,BUY,150.0,97,0,FILLED,2025-01-15 05:22:44.0
BUY-1763965650520-000898,TRADER-0398,FOREX,BUY,5.33,444,0,FILLED,2025-01-15 14:46:46.0
BUY-1763965650527-005519,TRADER-0019,CRYPTO,BUY,2283.78,20,0,FILLED,2025-01-17 22:00:41.0
BUY-1763965650521-001562,TRADER-0062,CRYPTO,BUY,4868.69,1,0,FILLED,2025-01-15 22:39:12.0
BUY-1763965650522-001834,TRADER-0334,FOREX,BUY,4.88,716,0,FILLED,2025-01-16 02:30:19.0
BUY-1763965650526-004728,TRADER-0228,FOREX,BUY,5.18,452,0,FILLED,2025-01-17 12:17:38.0
BUY-1763965650527-005581,TRADER-0081,EQUITY,BUY,242.96,228,0,FILLED,2025-01-17 23:20:21.0
BUY-1763965650529-006850,TRADER-0350,CRYPTO,BUY,648.35,9,0,FILLED,2025-01-18 14:34:57.0
BUY-1763965650524-003522,TRADER-0022,CRYPTO,BUY,3519.93,9,0,FILLED,2025-01-16 21:59:02.0
BUY-1763965650525-003801,TRADER-0301,EQUITY,BUY,396.47,2,0,FILLED,2025-01-17 01:32:47.0
BUY-1763965650522-001885,TRADER-0385,FOREX,BUY,8.44,327,0,FILLED,2025-01-16 02:13:09.0
BUY-1763965650529-006943,TRADER-0443,CRYPTO,BUY,4012.5,11,0,FILLED,2025-01-18 15:37:54.0
BUY-1763965650524-002981,TRADER-0481,FOREX,BUY,4.47,608,0,FILLED,2025-01-16 16:10:46.0
BUY-1763965650528-006496,TRADER-0496,CRYPTO,BUY,4487.18,3,0,FILLED,2025-01-18 10:02:35.0
BUY-1763965650528-005863,TRADER-0363,EQUITY,BUY,411.47,101,0,FILLED,2025-01-18 02:20:28.0
BUY-1763965650527-005670,TRADER-0170,EQUITY,BUY,317.51,219,0,FILLED,2025-01-17 23:33:13.0
BUY-1763965650529-007217,TRADER-0217,CRYPTO,BUY,3789.2,2,0,FILLED,2025-01-18 18:15:26.0
BUY-1763965650529-006844,TRADER-0344,CRYPTO,BUY,3889.51,10,0,FILLED,2025-01-18 14:14:40.0
BUY-1763965650526-005065,TRADER-0065,CRYPTO,BUY,2202.45,4,0,FILLED,2025-01-17 16:20:09.0
BUY-1763965650523-002935,TRADER-0435,EQUITY,BUY,308.85,209,0,FILLED,2025-01-16 14:49:23.0
BUY-1763965650523-002852,TRADER-0352,FOREX,BUY,7.16,463,0,FILLED,2025-01-16 14:41:22.0
BUY-1763965650525-003731,TRADER-0231,CRYPTO,BUY,4839.93,2,0,FILLED,2025-01-17 01:08:15.0
BUY-1763965650521-001545,TRADER-0045,CRYPTO,BUY,4291.31,11,0,FILLED,2025-01-15 22:03:24.0
BUY-1763965650526-004846,TRADER-0346,FOREX,BUY,8.94,788,0,FILLED,2025-01-17 13:48:07.0
BUY-1763965650528-006407,TRADER-0407,CRYPTO,BUY,1675.78,11,0,FILLED,2025-01-18 08:28:06.0
BUY-1763965650528-006421,TRADER-0421,CRYPTO,BUY,832.7,23,0,FILLED,2025-01-18 08:33:42.0
BUY-1763965650521-001537,TRADER-0037,EQUITY,BUY,428.28,189,0,FILLED,2025-01-15 22:37:25.0
BUY-1763965650523-002658,TRADER-0158,CRYPTO,BUY,2447.17,13,0,FILLED,2025-01-16 11:53:26.0
BUY-1763965650528-005945,TRADER-0445,CRYPTO,BUY,2360.23,2,0,FILLED,2025-01-18 02:54:56.0
BUY-1763965650528-005910,TRADER-0410,EQUITY,BUY,314.88,220,0,FILLED,2025-01-18 03:15:58.0
BUY-1763965650529-007020,TRADER-0020,CRYPTO,BUY,4249.64,6,0,FILLED,2025-01-18 16:23:47.0
BUY-1763965650526-004899,TRADER-0399,CRYPTO,BUY,4403.15,6,0,FILLED,2025-01-17 15:13:04.0
BUY-1763965650520-000626,TRADER-0126,EQUITY,BUY,272.04,217,0,FILLED,2025-01-15 11:26:57.0
BUY-1763965650525-004027,TRADER-0027,EQUITY,BUY,362.53,99,0,FILLED,2025-01-17 04:47:14.0
BUY-1763965650523-002739,TRADER-0239,CRYPTO,BUY,3437.15,8,0,FILLED,2025-01-16 13:18:41.0
BUY-1763965650524-003252,TRADER-0252,CRYPTO,BUY,1958.09,15,0,FILLED,2025-01-16 19:05:39.0
BUY-1763965650529-007022,TRADER-0022,EQUITY,BUY,369.87,262,0,FILLED,2025-01-18 15:48:17.0
BUY-1763965650525-004156,TRADER-0156,CRYPTO,BUY,3045.42,1,0,FILLED,2025-01-17 05:38:00.0
BUY-1763965650524-002990,TRADER-0490,FOREX,BUY,8.34,751,0,FILLED,2025-01-16 15:56:52.0
BUY-1763965650527-005096,TRADER-0096,EQUITY,BUY,215.46,161,0,FILLED,2025-01-17 17:28:41.0
BUY-1763965650526-004700,TRADER-0200,EQUITY,BUY,352.61,129,0,FILLED,2025-01-17 12:12:24.0
BUY-1763965650529-006801,TRADER-0301,FOREX,BUY,9.06,593,0,FILLED,2025-01-18 13:37:35.0
BUY-1763965650523-002336,TRADER-0336,CRYPTO,BUY,4951.51,5,0,FILLED,2025-01-16 08:01:18.0
BUY-1763965650528-006462,TRADER-0462,FOREX,BUY,7.64,404,0,FILLED,2025-01-18 09:22:29.0
BUY-1763965650520-000933,TRADER-0433,EQUITY,BUY,389.1,33,0,FILLED,2025-01-15 15:01:34.0
BUY-1763965650524-003077,TRADER-0077,CRYPTO,BUY,974.48,33,0,FILLED,2025-01-16 16:37:21.0
BUY-1763965650528-005856,TRADER-0356,FOREX,BUY,8.58,843,0,FILLED,2025-01-18 02:08:35.0
BUY-1763965650518-000060,TRADER-0060,CRYPTO,BUY,1000.0,44,0,FILLED,2025-01-15 04:37:10.0
BUY-1763965650522-001707,TRADER-0207,FOREX,BUY,9.52,57,0,FILLED,2025-01-16 00:31:52.0
BUY-1763965650521-001482,TRADER-0482,CRYPTO,BUY,829.72,51,0,FILLED,2025-01-15 21:53:49.0
BUY-1763965650528-006220,TRADER-0220,CRYPTO,BUY,952.7,21,0,FILLED,2025-01-18 06:20:13.0
BUY-1763965650529-006875,TRADER-0375,EQUITY,BUY,329.1,125,0,FILLED,2025-01-18 14:44:23.0
BUY-1763965650519-000407,TRADER-0407,EQUITY,BUY,300.0,73,0,FILLED,2025-01-15 08:32:13.0
BUY-1763965650525-003958,TRADER-0458,CRYPTO,BUY,4589.87,2,0,FILLED,2025-01-17 03:28:19.0
BUY-1763965650523-002271,TRADER-0271,FOREX,BUY,7.02,363,0,FILLED,2025-01-16 06:54:58.0
BUY-1763965650519-000425,TRADER-0425,CRYPTO,BUY,1000.0,49,0,FILLED,2025-01-15 09:21:46.0
BUY-1763965650528-005864,TRADER-0364,FOREX,BUY,4.36,254,0,FILLED,2025-01-18 02:22:36.0
BUY-1763965650527-005582,TRADER-0082,CRYPTO,BUY,4992.09,2,0,FILLED,2025-01-17 22:34:44.0
BUY-1763965650523-002602,TRADER-0102,FOREX,BUY,5.83,787,0,FILLED,2025-01-16 10:57:19.0
BUY-1763965650528-006168,TRADER-0168,FOREX,BUY,9.39,323,0,FILLED,2025-01-18 06:16:00.0
BUY-1763965650520-000713,TRADER-0213,FOREX,BUY,8.49,20,0,FILLED,2025-01-15 12:16:34.0
BUY-1763965650522-001698,TRADER-0198,EQUITY,BUY,156.38,262,0,FILLED,2025-01-16 00:07:36.0
BUY-1763965650528-006590,TRADER-0090,CRYPTO,BUY,3508.8,2,0,FILLED,2025-01-18 11:08:39.0
BUY-1763965650519-000160,TRADER-0160,EQUITY,BUY,150.0,72,0,FILLED,2025-01-15 06:19:12.0
BUY-1763965650526-004776,TRADER-0276,EQUITY,BUY,252.01,116,0,FILLED,2025-01-17 13:48:22.0
BUY-1763965650523-002607,TRADER-0107,EQUITY,BUY,425.16,212,0,FILLED,2025-01-16 10:50:12.0
BUY-1763965650528-006330,TRADER-0330,EQUITY,BUY,257.73,271,0,FILLED,2025-01-18 08:05:03.0
BUY-1763965650528-006564,TRADER-0064,CRYPTO,BUY,4849.6,3,0,FILLED,2025-01-18 10:23:15.0
BUY-1763965650523-002424,TRADER-0424,EQUITY,BUY,226.9,266,0,FILLED,2025-01-16 09:10:23.0
BUY-1763965650526-005015,TRADER-0015,EQUITY,BUY,438.68,32,0,FILLED,2025-01-17 16:37:33.0
BUY-1763965650526-004418,TRADER-0418,CRYPTO,BUY,1649.2,29,0,FILLED,2025-01-17 08:54:23.0
BUY-1763965650529-007233,TRADER-0233,CRYPTO,BUY,4583.77,6,0,FILLED,2025-01-18 19:07:01.0
BUY-1763965650521-001165,TRADER-0165,CRYPTO,BUY,2778.61,16,0,FILLED,2025-01-15 18:26:20.0
BUY-1763965650528-006357,TRADER-0357,EQUITY,BUY,351.43,257,0,FILLED,2025-01-18 08:28:35.0
BUY-1763965650521-001129,TRADER-0129,CRYPTO,BUY,2814.69,6,0,FILLED,2025-01-15 17:13:13.0
BUY-1763965650524-003404,TRADER-0404,CRYPTO,BUY,2363.59,1,0,FILLED,2025-01-16 20:38:10.0
BUY-1763965650526-004549,TRADER-0049,FOREX,BUY,7.23,393,0,FILLED,2025-01-17 10:20:36.0
BUY-1763965650528-006339,TRADER-0339,EQUITY,BUY,382.35,207,0,FILLED,2025-01-18 07:44:24.0
BUY-1763965650525-003703,TRADER-0203,EQUITY,BUY,436.87,150,0,FILLED,2025-01-17 00:32:43.0
BUY-1763965650528-006351,TRADER-0351,EQUITY,BUY,429.76,173,0,FILLED,2025-01-18 08:21:30.0
BUY-1763965650526-004432,TRADER-0432,EQUITY,BUY,279.05,328,0,FILLED,2025-01-17 09:07:19.0
BUY-1763965650529-007477,TRADER-0477,FOREX,BUY,7.96,763,0,FILLED,2025-01-18 21:23:02.0
BUY-1763965650529-007316,TRADER-0316,CRYPTO,BUY,2720.66,6,0,FILLED,2025-01-18 19:26:59.0
BUY-1763965650523-002652,TRADER-0152,FOREX,BUY,4.82,234,0,FILLED,2025-01-16 12:02:35.0
BUY-1763965650521-001559,TRADER-0059,CRYPTO,BUY,2693.47,1,0,FILLED,2025-01-15 22:55:07.0
BUY-1763965650522-001678,TRADER-0178,EQUITY,BUY,374.77,248,0,FILLED,2025-01-15 23:54:22.0
BUY-1763965650528-006131,TRADER-0131,CRYPTO,BUY,2433.0,11,0,FILLED,2025-01-18 05:40:59.0
BUY-1763965650521-001331,TRADER-0331,FOREX,BUY,4.76,477,0,FILLED,2025-01-15 19:50:22.0
BUY-1763965650528-006547,TRADER-0047,EQUITY,BUY,192.9,21,0,FILLED,2025-01-18 10:30:42.0
BUY-1763965650526-004657,TRADER-0157,EQUITY,BUY,201.74,156,0,FILLED,2025-01-17 11:48:38.0
BUY-1763965650528-005965,TRADER-0465,CRYPTO,BUY,2589.16,15,0,FILLED,2025-01-18 03:41:14.0
BUY-1763965650529-006633,TRADER-0133,FOREX,BUY,6.19,805,0,FILLED,2025-01-18 12:02:52.0
BUY-1763965650529-006863,TRADER-0363,FOREX,BUY,5.53,201,0,FILLED,2025-01-18 14:07:56.0
BUY-1763965650526-004555,TRADER-0055,CRYPTO,BUY,616.45,1,0,FILLED,2025-01-17 10:53:41.0
BUY-1763965650529-007483,TRADER-0483,CRYPTO,BUY,4626.53,6,0,FILLED,2025-01-18 21:23:05.0
BUY-1763965650523-002706,TRADER-0206,FOREX,BUY,6.92,583,0,FILLED,2025-01-16 12:02:38.0
BUY-1763965650523-002534,TRADER-0034,CRYPTO,BUY,610.44,4,0,FILLED,2025-01-16 10:27:07.0
BUY-1763965650524-003248,TRADER-0248,FOREX,BUY,5.34,595,0,FILLED,2025-01-16 18:36:33.0
BUY-1763965650525-004162,TRADER-0162,CRYPTO,BUY,1221.65,29,0,FILLED,2025-01-17 05:51:52.0
BUY-1763965650519-000574,TRADER-0074,EQUITY,BUY,318.6,159,0,FILLED,2025-01-15 10:27:08.0
BUY-1763965650527-005417,TRADER-0417,CRYPTO,BUY,1993.59,16,0,FILLED,2025-01-17 21:10:47.0
BUY-1763965650529-006719,TRADER-0219,CRYPTO,BUY,4154.66,1,0,FILLED,2025-01-18 13:02:32.0
BUY-1763965650523-002757,TRADER-0257,CRYPTO,BUY,1698.52,1,0,FILLED,2025-01-16 13:25:49.0
BUY-1763965650526-004444,TRADER-0444,FOREX,BUY,8.73,258,0,FILLED,2025-01-17 08:50:28.0
BUY-1763965650520-001007,TRADER-0007,CRYPTO,BUY,2918.25,7,0,FILLED,2025-01-15 16:09:03.0
BUY-1763965650529-007397,TRADER-0397,FOREX,BUY,9.01,110,0,FILLED,2025-01-18 21:04:51.0
BUY-1763965650519-000198,TRADER-0198,EQUITY,BUY,150.0,36,0,FILLED,2025-01-15 06:30:38.0
BUY-1763965650519-000592,TRADER-0092,FOREX,BUY,9.21,768,0,FILLED,2025-01-15 11:05:00.0
BUY-1763965650529-006988,TRADER-0488,CRYPTO,BUY,2300.5,13,0,FILLED,2025-01-18 15:42:45.0
BUY-1763965650527-005286,TRADER-0286,FOREX,BUY,4.65,902,0,FILLED,2025-01-17 19:47:01.0
BUY-1763965650525-004381,TRADER-0381,CRYPTO,BUY,2177.28,1,0,FILLED,2025-01-17 08:32:10.0
BUY-1763965650524-003502,TRADER-0002,CRYPTO,BUY,2486.58,12,0,FILLED,2025-01-16 22:02:51.0
BUY-1763965650520-000744,TRADER-0244,EQUITY,BUY,154.29,83,0,FILLED,2025-01-15 12:39:17.0
BUY-1763965650520-000759,TRADER-0259,FOREX,BUY,4.9,653,0,FILLED,2025-01-15 13:30:33.0
BUY-1763965650529-007384,TRADER-0384,FOREX,BUY,8.17,89,0,FILLED,2025-01-18 20:15:21.0
BUY-1763965650521-001065,TRADER-0065,CRYPTO,BUY,2764.12,9,0,FILLED,2025-01-15 17:14:29.0
BUY-1763965650529-006991,TRADER-0491,EQUITY,BUY,460.99,38,0,FILLED,2025-01-18 16:02:07.0
BUY-1763965650521-001225,TRADER-0225,EQUITY,BUY,253.56,161,0,FILLED,2025-01-15 19:06:04.0
BUY-1763965650528-006149,TRADER-0149,CRYPTO,BUY,1218.91,33,0,FILLED,2025-01-18 05:32:56.0
BUY-1763965650522-002061,TRADER-0061,EQUITY,BUY,359.25,205,0,FILLED,2025-01-16 04:18:50.0
BUY-1763965650525-004001,TRADER-0001,CRYPTO,BUY,4728.73,4,0,FILLED,2025-01-17 04:18:05.0
BUY-1763965650520-000799,TRADER-0299,CRYPTO,BUY,3375.28,6,0,FILLED,2025-01-15 13:42:36.0
BUY-1763965650522-002009,TRADER-0009,FOREX,BUY,9.12,702,0,FILLED,2025-01-16 03:53:30.0
BUY-1763965650528-006419,TRADER-0419,CRYPTO,BUY,3681.04,12,0,FILLED,2025-01-18 08:33:58.0
BUY-1763965650525-004166,TRADER-0166,FOREX,BUY,9.65,445,0,FILLED,2025-01-17 05:51:03.0
BUY-1763965650524-003298,TRADER-0298,EQUITY,BUY,212.24,211,0,FILLED,2025-01-16 19:50:27.0
BUY-1763965650520-000666,TRADER-0166,CRYPTO,BUY,2264.67,18,0,FILLED,2025-01-15 12:27:22.0
BUY-1763965650527-005609,TRADER-0109,EQUITY,BUY,299.19,147,0,FILLED,2025-01-17 23:04:56.0
BUY-1763965650525-004086,TRADER-0086,EQUITY,BUY,279.12,317,0,FILLED,2025-01-17 05:04:09.0
BUY-1763965650526-004416,TRADER-0416,CRYPTO,BUY,2392.6,3,0,FILLED,2025-01-17 08:59:08.0
BUY-1763965650527-005141,TRADER-0141,CRYPTO,BUY,3844.45,9,0,FILLED,2025-01-17 17:52:25.0
BUY-1763965650526-004709,TRADER-0209,FOREX,BUY,8.81,785,0,FILLED,2025-01-17 12:04:05.0
BUY-1763965650523-002679,TRADER-0179,CRYPTO,BUY,3491.09,7,0,FILLED,2025-01-16 12:12:10.0
BUY-1763965650529-006922,TRADER-0422,EQUITY,BUY,268.03,20,0,FILLED,2025-01-18 14:38:31.0
BUY-1763965650519-000170,TRADER-0170,CRYPTO,BUY,1000.0,24,0,FILLED,2025-01-15 06:01:13.0
BUY-1763965650526-004673,TRADER-0173,FOREX,BUY,7.69,510,0,FILLED,2025-01-17 11:40:39.0
BUY-1763965650524-003626,TRADER-0126,FOREX,BUY,6.64,537,0,FILLED,2025-01-16 23:58:31.0
BUY-1763965650525-003715,TRADER-0215,FOREX,BUY,5.4,920,0,FILLED,2025-01-17 00:45:09.0
BUY-1763965650529-007025,TRADER-0025,EQUITY,BUY,161.62,83,0,FILLED,2025-01-18 15:54:18.0
BUY-1763965650520-000946,TRADER-0446,EQUITY,BUY,449.62,192,0,FILLED,2025-01-15 15:34:29.0
BUY-1763965650528-006435,TRADER-0435,EQUITY,BUY,339.88,211,0,FILLED,2025-01-18 09:18:54.0
BUY-1763965650520-000897,TRADER-0397,CRYPTO,BUY,2773.59,10,0,FILLED,2025-01-15 15:03:38.0
BUY-1763965650523-002358,TRADER-0358,EQUITY,BUY,366.7,136,0,FILLED,2025-01-16 08:13:12.0
BUY-1763965650529-007471,TRADER-0471,EQUITY,BUY,327.01,203,0,FILLED,2025-01-18 21:59:32.0
BUY-1763965650519-000568,TRADER-0068,CRYPTO,BUY,573.51,73,0,FILLED,2025-01-15 11:05:05.0
BUY-1763965650525-003989,TRADER-0489,EQUITY,BUY,431.28,27,0,FILLED,2025-01-17 04:17:41.0
BUY-1763965650522-002057,TRADER-0057,CRYPTO,BUY,1198.56,3,0,FILLED,2025-01-16 04:48:50.0
BUY-1763965650525-003819,TRADER-0319,EQUITY,BUY,148.45,587,0,FILLED,2025-01-17 01:47:20.0
BUY-1763965650524-003118,TRADER-0118,CRYPTO,BUY,2549.35,1,0,FILLED,2025-01-16 17:16:50.0
BUY-1763965650526-005079,TRADER-0079,FOREX,BUY,7.71,225,0,FILLED,2025-01-17 17:11:47.0
BUY-1763965650522-002193,TRADER-0193,CRYPTO,BUY,827.21,45,0,FILLED,2025-01-16 06:28:03.0
BUY-1763965650522-002063,TRADER-0063,CRYPTO,BUY,3020.17,15,0,FILLED,2025-01-16 04:37:35.0
BUY-1763965650527-005251,TRADER-0251,CRYPTO,BUY,3950.73,10,0,FILLED,2025-01-17 18:38:06.0
BUY-1763965650528-006181,TRADER-0181,FOREX,BUY,8.55,793,0,FILLED,2025-01-18 06:14:49.0
BUY-1763965650523-002311,TRADER-0311,FOREX,BUY,4.87,398,0,FILLED,2025-01-16 07:31:33.0
BUY-1763965650525-003969,TRADER-0469,CRYPTO,BUY,3609.63,11,0,FILLED,2025-01-17 04:01:35.0
BUY-1763965650519-000294,TRADER-0294,EQUITY,BUY,250.0,94,0,FILLED,2025-01-15 07:27:26.0
BUY-1763965650525-003818,TRADER-0318,CRYPTO,BUY,2540.56,17,0,FILLED,2025-01-17 02:00:28.0
BUY-1763965650527-005746,TRADER-0246,FOREX,BUY,7.04,973,0,FILLED,2025-01-18 00:58:15.0
BUY-1763965650527-005675,TRADER-0175,EQUITY,BUY,222.69,53,0,FILLED,2025-01-18 00:24:23.0
BUY-1763965650529-006914,TRADER-0414,FOREX,BUY,9.57,703,0,FILLED,2025-01-18 15:14:02.0
BUY-1763965650523-002528,TRADER-0028,EQUITY,BUY,328.42,43,0,FILLED,2025-01-16 09:52:51.0
BUY-1763965650525-004077,TRADER-0077,CRYPTO,BUY,2287.72,6,0,FILLED,2025-01-17 04:35:02.0
BUY-1763965650525-003727,TRADER-0227,CRYPTO,BUY,4860.98,8,0,FILLED,2025-01-17 01:01:14.0
BUY-1763965650526-004630,TRADER-0130,FOREX,BUY,4.64,979,0,FILLED,2025-01-17 11:25:32.0
BUY-1763965650521-001170,TRADER-0170,EQUITY,BUY,186.56,247,0,FILLED,2025-01-15 18:22:23.0
BUY-1763965650523-002758,TRADER-0258,FOREX,BUY,5.01,225,0,FILLED,2025-01-16 12:44:15.0
BUY-1763965650521-001590,TRADER-0090,EQUITY,BUY,328.37,284,0,FILLED,2025-01-15 23:03:53.0
BUY-1763965650520-000980,TRADER-0480,FOREX,BUY,9.81,36,0,FILLED,2025-01-15 15:47:40.0
BUY-1763965650529-006883,TRADER-0383,CRYPTO,BUY,3195.6,3,0,FILLED,2025-01-18 14:41:35.0
BUY-1763965650524-003169,TRADER-0169,CRYPTO,BUY,2916.39,5,0,FILLED,2025-01-16 17:42:40.0
BUY-1763965650522-001920,TRADER-0420,FOREX,BUY,6.87,464,0,FILLED,2025-01-16 02:37:30.0
BUY-1763965650519-000599,TRADER-0099,CRYPTO,BUY,827.83,55,0,FILLED,2025-01-15 10:49:32.0
BUY-1763965650528-006580,TRADER-0080,FOREX,BUY,6.61,787,0,FILLED,2025-01-18 11:00:54.0
BUY-1763965650525-003982,TRADER-0482,FOREX,BUY,7.78,260,0,FILLED,2025-01-17 03:21:43.0
BUY-1763965650523-002854,TRADER-0354,EQUITY,BUY,171.31,579,0,FILLED,2025-01-16 13:54:52.0
BUY-1763965650523-002571,TRADER-0071,EQUITY,BUY,307.92,183,0,FILLED,2025-01-16 10:48:55.0
BUY-1763965650520-000655,TRADER-0155,FOREX,BUY,9.32,189,0,FILLED,2025-01-15 12:08:42.0
BUY-1763965650525-003886,TRADER-0386,EQUITY,BUY,476.77,153,0,FILLED,2025-01-17 02:17:44.0
BUY-1763965650525-004170,TRADER-0170,CRYPTO,BUY,1956.33,21,0,FILLED,2025-01-17 06:03:04.0
BUY-1763965650529-006848,TRADER-0348,EQUITY,BUY,305.73,60,0,FILLED,2025-01-18 14:34:00.0
BUY-1763965650520-000977,TRADER-0477,CRYPTO,BUY,2782.23,15,0,FILLED,2025-01-15 15:34:11.0
BUY-1763965650528-006455,TRADER-0455,CRYPTO,BUY,2410.49,10,0,FILLED,2025-01-18 09:51:08.0
BUY-1763965650520-000697,TRADER-0197,EQUITY,BUY,137.08,649,0,FILLED,2025-01-15 12:25:35.0
BUY-1763965650527-005273,TRADER-0273,EQUITY,BUY,240.13,412,0,FILLED,2025-01-17 19:29:13.0
BUY-1763965650524-003497,TRADER-0497,EQUITY,BUY,415.46,133,0,FILLED,2025-01-16 22:01:23.0
BUY-1763965650520-000862,TRADER-0362,CRYPTO,BUY,3712.61,6,0,FILLED,2025-01-15 14:04:07.0
BUY-1763965650523-002619,TRADER-0119,CRYPTO,BUY,1323.84,1,0,FILLED,2025-01-16 11:16:17.0
BUY-1763965650529-007209,TRADER-0209,FOREX,BUY,9.58,210,0,FILLED,2025-01-18 18:25:23.0
BUY-1763965650524-003333,TRADER-0333,CRYPTO,BUY,2904.71,4,0,FILLED,2025-01-16 20:15:38.0
BUY-1763965650525-004351,TRADER-0351,EQUITY,BUY,455.83,198,0,FILLED,2025-01-17 08:40:30.0
BUY-1763965650523-002642,TRADER-0142,FOREX,BUY,6.16,619,0,FILLED,2025-01-16 11:35:20.0
BUY-1763965650520-000779,TRADER-0279,EQUITY,BUY,276.82,255,0,FILLED,2025-01-15 13:04:33.0
BUY-1763965650523-002293,TRADER-0293,CRYPTO,BUY,3510.51,1,0,FILLED,2025-01-16 07:56:34.0
BUY-1763965650529-007141,TRADER-0141,CRYPTO,BUY,3797.17,11,0,FILLED,2025-01-18 17:52:51.0
BUY-1763965650526-004531,TRADER-0031,CRYPTO,BUY,3153.17,11,0,FILLED,2025-01-17 10:49:15.0
BUY-1763965650522-002041,TRADER-0041,CRYPTO,BUY,2200.4,5,0,FILLED,2025-01-16 04:27:40.0
BUY-1763965650528-005935,TRADER-0435,EQUITY,BUY,196.82,306,0,FILLED,2025-01-18 02:43:31.0
BUY-1763965650525-004150,TRADER-0150,EQUITY,BUY,220.92,330,0,FILLED,2025-01-17 05:26:56.0
BUY-1763965650529-006739,TRADER-0239,CRYPTO,BUY,480.27,46,0,FILLED,2025-01-18 12:42:26.0
BUY-1763965650524-003072,TRADER-0072,CRYPTO,BUY,4635.59,8,0,FILLED,2025-01-16 16:45:55.0
BUY-1763965650529-006634,TRADER-0134,EQUITY,BUY,320.44,295,0,FILLED,2025-01-18 11:51:36.0
BUY-1763965650526-004901,TRADER-0401,EQUITY,BUY,248.6,14,0,FILLED,2025-01-17 14:28:55.0
BUY-1763965650519-000532,TRADER-0032,CRYPTO,BUY,4644.97,8,0,FILLED,2025-01-15 10:00:48.0
BUY-1763965650523-002533,TRADER-0033,EQUITY,BUY,177.28,290,0,FILLED,2025-01-16 10:42:15.0
BUY-1763965650526-004764,TRADER-0264,EQUITY,BUY,217.54,284,0,FILLED,2025-01-17 13:02:21.0
BUY-1763965650529-006713,TRADER-0213,CRYPTO,BUY,4933.97,9,0,FILLED,2025-01-18 12:42:45.0
BUY-1763965650527-005125,TRADER-0125,FOREX,BUY,5.46,879,0,FILLED,2025-01-17 17:05:25.0
BUY-1763965650520-000844,TRADER-0344,EQUITY,BUY,282.3,291,0,FILLED,2025-01-15 14:23:13.0
BUY-1763965650523-002362,TRADER-0362,EQUITY,BUY,174.46,410,0,FILLED,2025-01-16 08:04:17.0
BUY-1763965650520-000800,TRADER-0300,EQUITY,BUY,163.39,144,0,FILLED,2025-01-15 13:47:18.0
BUY-1763965650521-001551,TRADER-0051,FOREX,BUY,7.61,836,0,FILLED,2025-01-15 22:21:20.0
BUY-1763965650520-000701,TRADER-0201,CRYPTO,BUY,1239.71,27,0,FILLED,2025-01-15 11:57:20.0
BUY-1763965650524-003411,TRADER-0411,CRYPTO,BUY,2686.91,12,0,FILLED,2025-01-16 20:42:24.0
BUY-1763965650525-004039,TRADER-0039,FOREX,BUY,6.64,893,0,FILLED,2025-01-17 04:28:44.0
BUY-1763965650529-006670,TRADER-0170,CRYPTO,BUY,3330.14,10,0,FILLED,2025-01-18 12:05:12.0
BUY-1763965650529-007026,TRADER-0026,EQUITY,BUY,385.79,52,0,FILLED,2025-01-18 15:53:23.0
BUY-1763965650525-003756,TRADER-0256,EQUITY,BUY,262.55,185,0,FILLED,2025-01-17 01:04:43.0
BUY-1763965650527-005718,TRADER-0218,CRYPTO,BUY,1029.77,28,0,FILLED,2025-01-18 00:31:43.0
BUY-1763965650528-006020,TRADER-0020,CRYPTO,BUY,725.7,56,0,FILLED,2025-01-18 04:23:18.0
BUY-1763965650527-005180,TRADER-0180,EQUITY,BUY,363.3,100,0,FILLED,2025-01-17 18:11:03.0
BUY-1763965650526-004902,TRADER-0402,FOREX,BUY,5.0,921,0,FILLED,2025-01-17 14:45:06.0
BUY-1763965650523-002427,TRADER-0427,EQUITY,BUY,262.86,292,0,FILLED,2025-01-16 09:16:07.0
BUY-1763965650521-001209,TRADER-0209,CRYPTO,BUY,4322.7,7,0,FILLED,2025-01-15 18:24:52.0
BUY-1763965650528-006567,TRADER-0067,FOREX,BUY,9.94,981,0,FILLED,2025-01-18 10:45:22.0
BUY-1763965650522-001878,TRADER-0378,FOREX,BUY,5.74,157,0,FILLED,2025-01-16 02:06:03.0
BUY-1763965650526-004564,TRADER-0064,CRYPTO,BUY,3586.81,11,0,FILLED,2025-01-17 10:45:02.0
BUY-1763965650525-003841,TRADER-0341,EQUITY,BUY,451.25,85,0,FILLED,2025-01-17 02:29:41.0
BUY-1763965650528-006498,TRADER-0498,FOREX,BUY,6.8,349,0,FILLED,2025-01-18 10:09:55.0
BUY-1763965650529-006933,TRADER-0433,FOREX,BUY,4.86,892,0,FILLED,2025-01-18 15:24:37.0
BUY-1763965650528-006621,TRADER-0121,FOREX,BUY,7.64,597,0,FILLED,2025-01-18 11:24:24.0
BUY-1763965650527-005377,TRADER-0377,EQUITY,BUY,278.91,38,0,FILLED,2025-01-17 20:32:54.0
BUY-1763965650524-003216,TRADER-0216,FOREX,BUY,9.31,917,0,FILLED,2025-01-16 18:58:03.0
BUY-1763965650519-000534,TRADER-0034,EQUITY,BUY,235.32,219,0,FILLED,2025-01-15 10:32:26.0
BUY-1763965650520-000719,TRADER-0219,EQUITY,BUY,345.93,153,0,FILLED,2025-01-15 12:35:15.0
BUY-1763965650522-001872,TRADER-0372,CRYPTO,BUY,3524.66,11,0,FILLED,2025-01-16 02:29:44.0
BUY-1763965650522-002180,TRADER-0180,CRYPTO,BUY,4185.52,6,0,FILLED,2025-01-16 06:22:46.0
BUY-1763965650526-004679,TRADER-0179,FOREX,BUY,7.41,94,0,FILLED,2025-01-17 11:45:57.0
BUY-1763965650527-005783,TRADER-0283,EQUITY,BUY,452.54,138,0,FILLED,2025-01-18 01:26:49.0
BUY-1763965650525-004337,TRADER-0337,EQUITY,BUY,446.05,129,0,FILLED,2025-01-17 08:30:39.0
BUY-1763965650528-006021,TRADER-0021,FOREX,BUY,9.18,202,0,FILLED,2025-01-18 04:17:31.0
BUY-1763965650527-005735,TRADER-0235,EQUITY,BUY,428.77,215,0,FILLED,2025-01-18 00:46:37.0
BUY-1763965650526-004855,TRADER-0355,CRYPTO,BUY,2367.91,15,0,FILLED,2025-01-17 14:16:47.0
BUY-1763965650527-005648,TRADER-0148,CRYPTO,BUY,2868.08,12,0,FILLED,2025-01-17 23:43:47.0
BUY-1763965650526-004503,TRADER-0003,CRYPTO,BUY,3529.12,13,0,FILLED,2025-01-17 10:00:12.0
BUY-1763965650526-004493,TRADER-0493,CRYPTO,BUY,2593.72,5,0,FILLED,2025-01-17 09:33:26.0
BUY-1763965650522-001798,TRADER-0298,CRYPTO,BUY,2392.83,11,0,FILLED,2025-01-16 01:49:30.0
BUY-1763965650522-002053,TRADER-0053,EQUITY,BUY,253.1,314,0,FILLED,2025-01-16 04:49:58.0
BUY-1763965650527-005360,TRADER-0360,EQUITY,BUY,200.09,153,0,FILLED,2025-01-17 20:39:58.0
BUY-1763965650524-003131,TRADER-0131,EQUITY,BUY,232.03,62,0,FILLED,2025-01-16 17:26:37.0
BUY-1763965650526-004881,TRADER-0381,CRYPTO,BUY,2062.4,20,0,FILLED,2025-01-17 14:42:17.0
BUY-1763965650529-007287,TRADER-0287,FOREX,BUY,9.78,18,0,FILLED,2025-01-18 19:28:05.0
BUY-1763965650527-005124,TRADER-0124,EQUITY,BUY,375.32,75,0,FILLED,2025-01-17 17:45:59.0
BUY-1763965650524-003513,TRADER-0013,EQUITY,BUY,451.55,88,0,FILLED,2025-01-16 22:26:55.0
BUY-1763965650524-003189,TRADER-0189,EQUITY,BUY,250.03,43,0,FILLED,2025-01-16 18:03:06.0
BUY-1763965650528-006352,TRADER-0352,CRYPTO,BUY,569.29,54,0,FILLED,2025-01-18 08:08:56.0
BUY-1763965650523-002896,TRADER-0396,EQUITY,BUY,393.99,75,0,FILLED,2025-01-16 14:33:55.0
BUY-1763965650528-006577,TRADER-0077,CRYPTO,BUY,4862.26,4,0,FILLED,2025-01-18 10:52:53.0
BUY-1763965650526-004986,TRADER-0486,EQUITY,BUY,467.47,182,0,FILLED,2025-01-17 15:25:09.0
BUY-1763965650522-001721,TRADER-0221,CRYPTO,BUY,511.4,73,0,FILLED,2025-01-16 00:28:37.0
BUY-1763965650527-005279,TRADER-0279,EQUITY,BUY,302.35,90,0,FILLED,2025-01-17 18:58:03.0
BUY-1763965650521-001412,TRADER-0412,EQUITY,BUY,200.43,61,0,FILLED,2025-01-15 21:11:07.0
BUY-1763965650522-001907,TRADER-0407,CRYPTO,BUY,2845.26,10,0,FILLED,2025-01-16 02:35:28.0
BUY-1763965650522-002078,TRADER-0078,EQUITY,BUY,403.69,142,0,FILLED,2025-01-16 04:38:57.0
BUY-1763965650521-001501,TRADER-0001,CRYPTO,BUY,3542.92,5,0,FILLED,2025-01-15 21:52:47.0
BUY-1763965650521-001123,TRADER-0123,EQUITY,BUY,472.83,76,0,FILLED,2025-01-15 17:57:31.0
BUY-1763965650522-001744,TRADER-0244,EQUITY,BUY,191.85,362,0,FILLED,2025-01-16 00:27:12.0
BUY-1763965650527-005756,TRADER-0256,FOREX,BUY,7.72,693,0,FILLED,2025-01-18 00:38:37.0
BUY-1763965650526-005024,TRADER-0024,EQUITY,BUY,319.68,208,0,FILLED,2025-01-17 16:42:01.0
BUY-1763965650526-005074,TRADER-0074,FOREX,BUY,4.46,719,0,FILLED,2025-01-17 17:07:26.0
BUY-1763965650527-005725,TRADER-0225,FOREX,BUY,5.66,699,0,FILLED,2025-01-18 00:57:41.0
BUY-1763965650527-005092,TRADER-0092,CRYPTO,BUY,4684.27,4,0,FILLED,2025-01-17 16:47:15.0
BUY-1763965650524-003645,TRADER-0145,EQUITY,BUY,236.83,101,0,FILLED,2025-01-16 23:55:55.0
BUY-1763965650527-005198,TRADER-0198,CRYPTO,BUY,1648.05,19,0,FILLED,2025-01-17 18:51:26.0
BUY-1763965650525-004003,TRADER-0003,EQUITY,BUY,317.67,175,0,FILLED,2025-01-17 03:55:09.0
BUY-1763965650527-005213,TRADER-0213,EQUITY,BUY,209.99,18,0,FILLED,2025-01-17 18:49:33.0
BUY-1763965650529-006650,TRADER-0150,FOREX,BUY,5.37,205,0,FILLED,2025-01-18 12:10:59.0
BUY-1763965650524-003097,TRADER-0097,CRYPTO,BUY,2493.99,3,0,FILLED,2025-01-16 17:34:27.0
BUY-1763965650529-007423,TRADER-0423,CRYPTO,BUY,4939.34,7,0,FILLED,2025-01-18 21:20:16.0
BUY-1763965650520-001017,TRADER-0017,FOREX,BUY,8.89,215,0,FILLED,2025-01-15 16:08:22.0
BUY-1763965650526-004810,TRADER-0310,CRYPTO,BUY,913.32,22,0,FILLED,2025-01-17 13:58:15.0
BUY-1763965650527-005184,TRADER-0184,CRYPTO,BUY,1721.04,24,0,FILLED,2025-01-17 18:11:59.0
BUY-1763965650529-007014,TRADER-0014,CRYPTO,BUY,4314.61,7,0,FILLED,2025-01-18 16:20:51.0
BUY-1763965650528-006629,TRADER-0129,FOREX,BUY,8.81,465,0,FILLED,2025-01-18 11:46:21.0
BUY-1763965650529-006663,TRADER-0163,EQUITY,BUY,484.88,61,0,FILLED,2025-01-18 11:49:26.0
BUY-1763965650524-003239,TRADER-0239,CRYPTO,BUY,2749.32,8,0,FILLED,2025-01-16 18:49:25.0
BUY-1763965650528-005997,TRADER-0497,CRYPTO,BUY,1698.33,2,0,FILLED,2025-01-18 04:00:08.0
BUY-1763965650529-007413,TRADER-0413,CRYPTO,BUY,3710.34,5,0,FILLED,2025-01-18 21:21:56.0
BUY-1763965650526-004609,TRADER-0109,CRYPTO,BUY,2247.99,4,0,FILLED,2025-01-17 11:14:43.0
BUY-1763965650527-005631,TRADER-0131,EQUITY,BUY,380.73,69,0,FILLED,2025-01-17 23:16:39.0
BUY-1763965650529-007318,TRADER-0318,EQUITY,BUY,295.11,308,0,FILLED,2025-01-18 19:19:56.0
BUY-1763965650527-005617,TRADER-0117,CRYPTO,BUY,824.93,45,0,FILLED,2025-01-17 22:54:41.0
BUY-1763965650521-001300,TRADER-0300,FOREX,BUY,4.41,50,0,FILLED,2025-01-15 20:00:30.0
BUY-1763965650528-006390,TRADER-0390,CRYPTO,BUY,2675.78,7,0,FILLED,2025-01-18 08:33:53.0
BUY-1763965650527-005702,TRADER-0202,FOREX,BUY,5.55,782,0,FILLED,2025-01-18 00:20:48.0
BUY-1763965650528-006342,TRADER-0342,EQUITY,BUY,306.7,307,0,FILLED,2025-01-18 08:01:52.0
BUY-1763965650529-007474,TRADER-0474,CRYPTO,BUY,3399.83,2,0,FILLED,2025-01-18 21:42:25.0
BUY-1763965650527-005497,TRADER-0497,FOREX,BUY,5.14,133,0,FILLED,2025-01-17 21:44:15.0
BUY-1763965650524-003257,TRADER-0257,EQUITY,BUY,482.44,190,0,FILLED,2025-01-16 18:54:35.0
BUY-1763965650526-004448,TRADER-0448,CRYPTO,BUY,514.94,93,0,FILLED,2025-01-17 09:40:26.0
BUY-1763965650528-005964,TRADER-0464,EQUITY,BUY,203.04,44,0,FILLED,2025-01-18 03:35:20.0
BUY-1763965650523-002302,TRADER-0302,FOREX,BUY,5.53,348,0,FILLED,2025-01-16 08:04:46.0
BUY-1763965650526-005011,TRADER-0011,EQUITY,BUY,346.94,256,0,FILLED,2025-01-17 16:34:41.0
BUY-1763965650524-003279,TRADER-0279,EQUITY,BUY,214.38,9,0,FILLED,2025-01-16 18:53:32.0
BUY-1763965650528-006459,TRADER-0459,CRYPTO,BUY,4644.11,6,0,FILLED,2025-01-18 09:20:48.0
BUY-1763965650526-004529,TRADER-0029,FOREX,BUY,7.12,492,0,FILLED,2025-01-17 10:06:16.0
BUY-1763965650522-002013,TRADER-0013,EQUITY,BUY,469.73,141,0,FILLED,2025-01-16 03:53:27.0
BUY-1763965650522-001675,TRADER-0175,CRYPTO,BUY,1118.29,33,0,FILLED,2025-01-16 00:31:43.0
BUY-1763965650528-006128,TRADER-0128,CRYPTO,BUY,4742.14,5,0,FILLED,2025-01-18 05:52:31.0
BUY-1763965650523-002628,TRADER-0128,FOREX,BUY,8.99,605,0,FILLED,2025-01-16 11:08:05.0
BUY-1763965650528-006218,TRADER-0218,EQUITY,BUY,430.02,210,0,FILLED,2025-01-18 06:59:04.0
BUY-1763965650529-007207,TRADER-0207,CRYPTO,BUY,1362.21,16,0,FILLED,2025-01-18 18:09:09.0
BUY-1763965650527-005724,TRADER-0224,FOREX,BUY,5.3,318,0,FILLED,2025-01-18 00:47:21.0
BUY-1763965650520-000774,TRADER-0274,EQUITY,BUY,359.68,52,0,FILLED,2025-01-15 13:18:49.0
BUY-1763965650520-001001,TRADER-0001,CRYPTO,BUY,2044.91,2,0,FILLED,2025-01-15 16:16:32.0
BUY-1763965650529-006942,TRADER-0442,CRYPTO,BUY,2142.27,19,0,FILLED,2025-01-18 15:31:44.0
BUY-1763965650526-004721,TRADER-0221,EQUITY,BUY,474.21,77,0,FILLED,2025-01-17 12:29:58.0
BUY-1763965650527-005580,TRADER-0080,CRYPTO,BUY,2626.52,7,0,FILLED,2025-01-17 23:20:48.0
BUY-1763965650521-001080,TRADER-0080,EQUITY,BUY,199.7,58,0,FILLED,2025-01-15 16:47:27.0
BUY-1763965650519-000220,TRADER-0220,EQUITY,BUY,300.0,38,0,FILLED,2025-01-15 06:16:11.0
BUY-1763965650519-000583,TRADER-0083,CRYPTO,BUY,3499.57,8,0,FILLED,2025-01-15 11:27:33.0
BUY-1763965650522-001750,TRADER-0250,CRYPTO,BUY,678.63,50,0,FILLED,2025-01-16 01:20:45.0
BUY-1763965650528-006225,TRADER-0225,EQUITY,BUY,487.64,120,0,FILLED,2025-01-18 06:55:02.0
BUY-1763965650520-000941,TRADER-0441,CRYPTO,BUY,4985.04,1,0,FILLED,2025-01-15 15:22:24.0
BUY-1763965650522-002032,TRADER-0032,EQUITY,BUY,368.49,248,0,FILLED,2025-01-16 04:14:37.0
BUY-1763965650523-002294,TRADER-0294,CRYPTO,BUY,508.56,53,0,FILLED,2025-01-16 07:30:31.0
BUY-1763965650522-001877,TRADER-0377,EQUITY,BUY,289.3,235,0,FILLED,2025-01-16 02:31:14.0
BUY-1763965650527-005708,TRADER-0208,EQUITY,BUY,152.53,442,0,FILLED,2025-01-18 00:15:43.0
BUY-1763965650527-005525,TRADER-0025,CRYPTO,BUY,2772.41,13,0,FILLED,2025-01-17 21:58:18.0
BUY-1763965650524-003385,TRADER-0385,CRYPTO,BUY,4307.0,11,0,FILLED,2025-01-16 20:24:33.0
BUY-1763965650525-003830,TRADER-0330,CRYPTO,BUY,1103.6,32,0,FILLED,2025-01-17 02:17:05.0
BUY-1763965650524-003358,TRADER-0358,CRYPTO,BUY,1952.54,24,0,FILLED,2025-01-16 20:45:36.0
BUY-1763965650524-003542,TRADER-0042,CRYPTO,BUY,3570.08,7,0,FILLED,2025-01-16 22:30:22.0
BUY-1763965650527-005295,TRADER-0295,FOREX,BUY,5.13,49,0,FILLED,2025-01-17 19:53:07.0
BUY-1763965650528-005973,TRADER-0473,CRYPTO,BUY,2264.91,4,0,FILLED,2025-01-18 03:23:40.0
BUY-1763965650524-003011,TRADER-0011,CRYPTO,BUY,3744.45,7,0,FILLED,2025-01-16 16:26:57.0
BUY-1763965650528-005994,TRADER-0494,CRYPTO,BUY,4605.15,4,0,FILLED,2025-01-18 03:42:02.0
BUY-1763965650525-003880,TRADER-0380,CRYPTO,BUY,4970.27,2,0,FILLED,2025-01-17 02:38:54.0
BUY-1763965650521-001236,TRADER-0236,FOREX,BUY,5.97,513,0,FILLED,2025-01-15 18:26:43.0
BUY-1763965650518-000040,TRADER-0040,EQUITY,BUY,300.0,90,0,FILLED,2025-01-15 04:52:48.0
BUY-1763965650528-006609,TRADER-0109,EQUITY,BUY,329.49,158,0,FILLED,2025-01-18 11:36:17.0
BUY-1763965650528-006035,TRADER-0035,FOREX,BUY,8.7,49,0,FILLED,2025-01-18 04:14:58.0
BUY-1763965650529-007085,TRADER-0085,CRYPTO,BUY,3735.07,4,0,FILLED,2025-01-18 17:13:01.0
BUY-1763965650529-006867,TRADER-0367,CRYPTO,BUY,3662.87,6,0,FILLED,2025-01-18 14:38:16.0
BUY-1763965650528-005834,TRADER-0334,EQUITY,BUY,474.24,18,0,FILLED,2025-01-18 01:53:12.0
BUY-1763965650529-007143,TRADER-0143,CRYPTO,BUY,4121.76,10,0,FILLED,2025-01-18 17:44:25.0
BUY-1763965650523-002826,TRADER-0326,CRYPTO,BUY,3148.21,4,0,FILLED,2025-01-16 14:05:23.0
BUY-1763965650526-004409,TRADER-0409,CRYPTO,BUY,696.04,44,0,FILLED,2025-01-17 08:54:28.0
BUY-1763965650524-003307,TRADER-0307,CRYPTO,BUY,4002.56,6,0,FILLED,2025-01-16 19:49:20.0
BUY-1763965650524-003253,TRADER-0253,FOREX,BUY,6.64,452,0,FILLED,2025-01-16 18:39:03.0
BUY-1763965650523-002585,TRADER-0085,FOREX,BUY,5.54,971,0,FILLED,2025-01-16 11:08:43.0
BUY-1763965650529-006902,TRADER-0402,CRYPTO,BUY,3306.39,14,0,FILLED,2025-01-18 14:34:15.0
BUY-1763965650523-002942,TRADER-0442,EQUITY,BUY,377.83,36,0,FILLED,2025-01-16 15:27:13.0
BUY-1763965650529-007131,TRADER-0131,EQUITY,BUY,367.6,89,0,FILLED,2025-01-18 17:33:54.0
BUY-1763965650521-001296,TRADER-0296,CRYPTO,BUY,2668.33,11,0,FILLED,2025-01-15 19:34:38.0
BUY-1763965650525-003977,TRADER-0477,FOREX,BUY,9.17,911,0,FILLED,2025-01-17 03:19:50.0
BUY-1763965650525-004303,TRADER-0303,FOREX,BUY,8.12,427,0,FILLED,2025-01-17 07:29:31.0
BUY-1763965650525-004136,TRADER-0136,EQUITY,BUY,316.77,133,0,FILLED,2025-01-17 05:53:04.0
BUY-1763965650522-002145,TRADER-0145,FOREX,BUY,7.12,705,0,FILLED,2025-01-16 06:05:11.0
BUY-1763965650522-002184,TRADER-0184,CRYPTO,BUY,994.19,36,0,FILLED,2025-01-16 05:47:47.0
BUY-1763965650524-003324,TRADER-0324,CRYPTO,BUY,1522.64,20,0,FILLED,2025-01-16 19:47:05.0
BUY-1763965650518-000068,TRADER-0068,EQUITY,BUY,200.0,51,0,FILLED,2025-01-15 04:35:20.0
BUY-1763965650524-002976,TRADER-0476,CRYPTO,BUY,1877.11,6,0,FILLED,2025-01-16 15:25:59.0
BUY-1763965650528-006139,TRADER-0139,EQUITY,BUY,346.38,255,0,FILLED,2025-01-18 05:17:05.0
BUY-1763965650529-007429,TRADER-0429,FOREX,BUY,9.59,871,0,FILLED,2025-01-18 21:22:58.0
BUY-1763965650521-001358,TRADER-0358,EQUITY,BUY,351.59,132,0,FILLED,2025-01-15 20:25:57.0
BUY-1763965650525-004178,TRADER-0178,EQUITY,BUY,198.22,49,0,FILLED,2025-01-17 06:22:38.0
BUY-1763965650525-004127,TRADER-0127,CRYPTO,BUY,1767.46,6,0,FILLED,2025-01-17 05:21:23.0
BUY-1763965650520-000791,TRADER-0291,CRYPTO,BUY,2433.58,8,0,FILLED,2025-01-15 13:01:26.0
BUY-1763965650527-005728,TRADER-0228,EQUITY,BUY,257.89,381,0,FILLED,2025-01-18 00:46:35.0
BUY-1763965650523-002885,TRADER-0385,FOREX,BUY,5.42,406,0,FILLED,2025-01-16 14:23:51.0
BUY-1763965650529-006644,TRADER-0144,CRYPTO,BUY,4201.6,6,0,FILLED,2025-01-18 11:47:21.0
BUY-1763965650522-002194,TRADER-0194,CRYPTO,BUY,3238.53,6,0,FILLED,2025-01-16 06:06:50.0
BUY-1763965650523-002280,TRADER-0280,EQUITY,BUY,387.84,199,0,FILLED,2025-01-16 07:48:00.0
BUY-1763965650524-003084,TRADER-0084,CRYPTO,BUY,2797.14,1,0,FILLED,2025-01-16 16:39:53.0
BUY-1763965650526-004879,TRADER-0379,FOREX,BUY,6.54,739,0,FILLED,2025-01-17 15:00:42.0
BUY-1763965650529-007089,TRADER-0089,EQUITY,BUY,303.13,313,0,FILLED,2025-01-18 16:49:47.0
BUY-1763965650521-001561,TRADER-0061,CRYPTO,BUY,3847.18,11,0,FILLED,2025-01-15 23:13:54.0
BUY-1763965650520-000784,TRADER-0284,CRYPTO,BUY,2225.28,22,0,FILLED,2025-01-15 13:47:59.0
BUY-1763965650521-001556,TRADER-0056,EQUITY,BUY,448.76,74,0,FILLED,2025-01-15 22:22:55.0
BUY-1763965650528-006389,TRADER-0389,FOREX,BUY,9.34,77,0,FILLED,2025-01-18 08:45:04.0
BUY-1763965650520-000783,TRADER-0283,FOREX,BUY,4.54,932,0,FILLED,2025-01-15 13:12:17.0
BUY-1763965650523-002434,TRADER-0434,EQUITY,BUY,356.09,129,0,FILLED,2025-01-16 09:40:09.0
BUY-1763965650521-001481,TRADER-0481,FOREX,BUY,4.82,357,0,FILLED,2025-01-15 21:56:36.0
BUY-1763965650523-002700,TRADER-0200,CRYPTO,BUY,689.19,18,0,FILLED,2025-01-16 12:19:14.0
BUY-1763965650525-004107,TRADER-0107,FOREX,BUY,7.43,354,0,FILLED,2025-01-17 05:23:46.0
BUY-1763965650520-000735,TRADER-0235,FOREX,BUY,4.75,664,0,FILLED,2025-01-15 12:52:41.0
BUY-1763965650524-003227,TRADER-0227,EQUITY,BUY,322.68,170,0,FILLED,2025-01-16 18:20:04.0
BUY-1763965650528-006120,TRADER-0120,CRYPTO,BUY,1473.36,21,0,FILLED,2025-01-18 05:00:01.0
BUY-1763965650524-003150,TRADER-0150,EQUITY,BUY,357.13,180,0,FILLED,2025-01-16 17:42:05.0
BUY-1763965650518-000017,TRADER-0017,CRYPTO,BUY,1000.0,36,0,FILLED,2025-01-15 03:59:49.0
BUY-1763965650527-005548,TRADER-0048,FOREX,BUY,7.15,398,0,FILLED,2025-01-17 22:20:48.0
BUY-1763965650525-004256,TRADER-0256,FOREX,BUY,6.22,896,0,FILLED,2025-01-17 07:03:29.0
BUY-1763965650527-005753,TRADER-0253,EQUITY,BUY,371.31,52,0,FILLED,2025-01-18 01:09:38.0
BUY-1763965650521-001149,TRADER-0149,FOREX,BUY,8.04,637,0,FILLED,2025-01-15 17:41:53.0
BUY-1763965650526-004585,TRADER-0085,EQUITY,BUY,443.91,198,0,FILLED,2025-01-17 11:11:02.0
BUY-1763965650524-003374,TRADER-0374,EQUITY,BUY,252.77,295,0,FILLED,2025-01-16 20:09:33.0
BUY-1763965650524-003670,TRADER-0170,CRYPTO,BUY,4016.88,11,0,FILLED,2025-01-17 00:10:08.0
BUY-1763965650523-002869,TRADER-0369,CRYPTO,BUY,2490.34,13,0,FILLED,2025-01-16 14:32:42.0
BUY-1763965650528-005841,TRADER-0341,EQUITY,BUY,288.33,119,0,FILLED,2025-01-18 01:39:53.0
BUY-1763965650525-003713,TRADER-0213,EQUITY,BUY,465.69,204,0,FILLED,2025-01-17 00:13:50.0
BUY-1763965650525-003891,TRADER-0391,FOREX,BUY,8.9,612,0,FILLED,2025-01-17 02:20:25.0
BUY-1763965650523-002570,TRADER-0070,EQUITY,BUY,338.11,282,0,FILLED,2025-01-16 10:27:19.0
BUY-1763965650520-000891,TRADER-0391,CRYPTO,BUY,3782.36,9,0,FILLED,2025-01-15 14:46:35.0
BUY-1763965650520-000900,TRADER-0400,CRYPTO,BUY,2182.34,1,0,FILLED,2025-01-15 14:53:22.0
BUY-1763965650527-005690,TRADER-0190,CRYPTO,BUY,4950.18,6,0,FILLED,2025-01-18 00:35:55.0
BUY-1763965650524-003596,TRADER-0096,CRYPTO,BUY,4644.16,5,0,FILLED,2025-01-16 23:11:29.0
BUY-1763965650525-004312,TRADER-0312,FOREX,BUY,6.05,660,0,FILLED,2025-01-17 07:22:16.0
BUY-1763965650526-004774,TRADER-0274,FOREX,BUY,7.46,253,0,FILLED,2025-01-17 13:36:55.0
BUY-1763965650527-005216,TRADER-0216,EQUITY,BUY,330.06,84,0,FILLED,2025-01-17 18:24:08.0
BUY-1763965650522-001634,TRADER-0134,FOREX,BUY,7.96,686,0,FILLED,2025-01-15 23:54:42.0
BUY-1763965650527-005156,TRADER-0156,FOREX,BUY,4.47,696,0,FILLED,2025-01-17 17:34:02.0
BUY-1763965650527-005314,TRADER-0314,EQUITY,BUY,216.88,10,0,FILLED,2025-01-17 19:43:41.0
BUY-1763965650522-002102,TRADER-0102,CRYPTO,BUY,2686.42,13,0,FILLED,2025-01-16 04:57:18.0
BUY-1763965650527-005324,TRADER-0324,FOREX,BUY,8.56,678,0,FILLED,2025-01-17 19:43:46.0
BUY-1763965650524-003116,TRADER-0116,CRYPTO,BUY,521.59,83,0,FILLED,2025-01-16 17:44:38.0
BUY-1763965650526-004554,TRADER-0054,FOREX,BUY,8.85,458,0,FILLED,2025-01-17 10:37:48.0
BUY-1763965650522-002038,TRADER-0038,CRYPTO,BUY,4055.89,7,0,FILLED,2025-01-16 04:19:21.0
BUY-1763965650521-001116,TRADER-0116,EQUITY,BUY,409.93,98,0,FILLED,2025-01-15 17:04:38.0
BUY-1763965650528-005933,TRADER-0433,CRYPTO,BUY,1346.99,12,0,FILLED,2025-01-18 03:41:20.0
BUY-1763965650526-004525,TRADER-0025,EQUITY,BUY,395.87,53,0,FILLED,2025-01-17 10:02:04.0
BUY-1763965650521-001061,TRADER-0061,FOREX,BUY,6.92,768,0,FILLED,2025-01-15 16:36:47.0
BUY-1763965650528-006146,TRADER-0146,CRYPTO,BUY,1673.44,14,0,FILLED,2025-01-18 05:29:22.0
BUY-1763965650521-001153,TRADER-0153,CRYPTO,BUY,2304.13,18,0,FILLED,2025-01-15 17:49:58.0
BUY-1763965650529-007340,TRADER-0340,CRYPTO,BUY,4663.39,2,0,FILLED,2025-01-18 19:43:09.0
BUY-1763965650525-004179,TRADER-0179,EQUITY,BUY,368.54,122,0,FILLED,2025-01-17 05:52:24.0
BUY-1763965650528-006619,TRADER-0119,FOREX,BUY,7.27,48,0,FILLED,2025-01-18 11:43:15.0
BUY-1763965650520-000813,TRADER-0313,CRYPTO,BUY,3465.46,2,0,FILLED,2025-01-15 13:27:56.0
BUY-1763965650528-005989,TRADER-0489,FOREX,BUY,5.64,216,0,FILLED,2025-01-18 04:00:59.0
BUY-1763965650519-000476,TRADER-0476,EQUITY,BUY,250.0,90,0,FILLED,2025-01-15 09:38:44.0
BUY-1763965650525-003697,TRADER-0197,FOREX,BUY,5.3,845,0,FILLED,2025-01-17 00:40:44.0
BUY-1763965650523-002813,TRADER-0313,EQUITY,BUY,154.4,249,0,FILLED,2025-01-16 13:38:35.0
BUY-1763965650529-007391,TRADER-0391,CRYPTO,BUY,3136.03,9,0,FILLED,2025-01-18 21:10:51.0
BUY-1763965650526-004844,TRADER-0344,CRYPTO,BUY,4778.0,3,0,FILLED,2025-01-17 14:23:38.0
BUY-1763965650521-001450,TRADER-0450,CRYPTO,BUY,3658.66,1,0,FILLED,2025-01-15 21:47:23.0
BUY-1763965650529-007036,TRADER-0036,CRYPTO,BUY,2080.45,1,0,FILLED,2025-01-18 16:39:04.0
BUY-1763965650520-001012,TRADER-0012,CRYPTO,BUY,1951.6,19,0,FILLED,2025-01-15 16:16:06.0
BUY-1763965650528-006463,TRADER-0463,CRYPTO,BUY,2853.68,2,0,FILLED,2025-01-18 09:12:51.0
BUY-1763965650524-003337,TRADER-0337,CRYPTO,BUY,2526.08,9,0,FILLED,2025-01-16 19:45:20.0
BUY-1763965650520-000920,TRADER-0420,CRYPTO,BUY,1510.66,5,0,FILLED,2025-01-15 14:46:53.0
BUY-1763965650523-002741,TRADER-0241,EQUITY,BUY,160.73,553,0,FILLED,2025-01-16 12:59:52.0
BUY-1763965650527-005433,TRADER-0433,CRYPTO,BUY,3615.3,7,0,FILLED,2025-01-17 20:47:35.0
BUY-1763965650528-005831,TRADER-0331,EQUITY,BUY,365.6,117,0,FILLED,2025-01-18 01:29:03.0
BUY-1763965650524-003357,TRADER-0357,EQUITY,BUY,247.34,370,0,FILLED,2025-01-16 20:24:09.0
BUY-1763965650522-001841,TRADER-0341,EQUITY,BUY,242.56,93,0,FILLED,2025-01-16 02:35:01.0
BUY-1763965650526-004649,TRADER-0149,FOREX,BUY,9.27,985,0,FILLED,2025-01-17 12:09:08.0
BUY-1763965650528-005837,TRADER-0337,EQUITY,BUY,250.49,249,0,FILLED,2025-01-18 02:28:22.0
BUY-1763965650529-006794,TRADER-0294,CRYPTO,BUY,1424.04,35,0,FILLED,2025-01-18 13:05:03.0
BUY-1763965650524-003389,TRADER-0389,EQUITY,BUY,255.16,374,0,FILLED,2025-01-16 20:58:12.0
BUY-1763965650524-003664,TRADER-0164,CRYPTO,BUY,4213.51,2,0,FILLED,2025-01-16 23:38:38.0
BUY-1763965650524-003318,TRADER-0318,FOREX,BUY,7.55,102,0,FILLED,2025-01-16 19:23:15.0
BUY-1763965650522-002216,TRADER-0216,EQUITY,BUY,155.44,309,0,FILLED,2025-01-16 06:21:43.0
BUY-1763965650523-002722,TRADER-0222,CRYPTO,BUY,745.95,62,0,FILLED,2025-01-16 12:57:12.0
BUY-1763965650529-007234,TRADER-0234,CRYPTO,BUY,1371.53,33,0,FILLED,2025-01-18 18:45:26.0
BUY-1763965650526-004907,TRADER-0407,EQUITY,BUY,262.94,139,0,FILLED,2025-01-17 14:44:08.0
BUY-1763965650528-006551,TRADER-0051,CRYPTO,BUY,1848.47,6,0,FILLED,2025-01-18 10:09:08.0
BUY-1763965650528-005958,TRADER-0458,CRYPTO,BUY,2631.7,17,0,FILLED,2025-01-18 03:58:44.0
BUY-1763965650523-002309,TRADER-0309,FOREX,BUY,9.02,356,0,FILLED,2025-01-16 07:42:37.0
BUY-1763965650528-006615,TRADER-0115,CRYPTO,BUY,2461.42,15,0,FILLED,2025-01-18 11:20:58.0
BUY-1763965650523-002321,TRADER-0321,CRYPTO,BUY,4124.69,10,0,FILLED,2025-01-16 07:25:25.0
BUY-1763965650523-002897,TRADER-0397,CRYPTO,BUY,4788.7,1,0,FILLED,2025-01-16 14:56:14.0
BUY-1763965650523-002938,TRADER-0438,FOREX,BUY,5.08,153,0,FILLED,2025-01-16 15:31:49.0
BUY-1763965650523-002480,TRADER-0480,EQUITY,BUY,218.76,398,0,FILLED,2025-01-16 09:58:58.0
BUY-1763965650524-003350,TRADER-0350,CRYPTO,BUY,1704.83,13,0,FILLED,2025-01-16 20:01:12.0
BUY-1763965650529-006919,TRADER-0419,EQUITY,BUY,232.46,221,0,FILLED,2025-01-18 14:38:55.0
BUY-1763965650523-002825,TRADER-0325,CRYPTO,BUY,4836.68,1,0,FILLED,2025-01-16 13:27:55.0
BUY-1763965650529-007473,TRADER-0473,EQUITY,BUY,173.27,481,0,FILLED,2025-01-18 22:04:17.0
BUY-1763965650529-007018,TRADER-0018,FOREX,BUY,4.98,164,0,FILLED,2025-01-18 16:00:34.0
BUY-1763965650529-006974,TRADER-0474,EQUITY,BUY,293.03,321,0,FILLED,2025-01-18 15:34:01.0
BUY-1763965650529-007016,TRADER-0016,CRYPTO,BUY,1351.37,34,0,FILLED,2025-01-18 15:47:02.0
BUY-1763965650529-007048,TRADER-0048,EQUITY,BUY,382.56,48,0,FILLED,2025-01-18 16:50:09.0
BUY-1763965650527-005634,TRADER-0134,FOREX,BUY,6.56,929,0,FILLED,2025-01-17 23:07:48.0
BUY-1763965650519-000554,TRADER-0054,FOREX,BUY,8.38,407,0,FILLED,2025-01-15 11:07:07.0
BUY-1763965650523-002447,TRADER-0447,FOREX,BUY,7.51,185,0,FILLED,2025-01-16 08:52:08.0
BUY-1763965650527-005346,TRADER-0346,EQUITY,BUY,349.46,34,0,FILLED,2025-01-17 20:38:14.0
BUY-1763965650529-007052,TRADER-0052,EQUITY,BUY,202.44,208,0,FILLED,2025-01-18 16:29:05.0
BUY-1763965650520-000827,TRADER-0327,EQUITY,BUY,264.18,200,0,FILLED,2025-01-15 14:01:43.0
BUY-1763965650529-007123,TRADER-0123,CRYPTO,BUY,1206.59,18,0,FILLED,2025-01-18 17:49:12.0
BUY-1763965650520-000811,TRADER-0311,CRYPTO,BUY,4736.52,5,0,FILLED,2025-01-15 13:24:16.0
BUY-1763965650525-003869,TRADER-0369,EQUITY,BUY,284.95,94,0,FILLED,2025-01-17 01:57:33.0
BUY-1763965650522-001988,TRADER-0488,FOREX,BUY,9.96,686,0,FILLED,2025-01-16 03:35:28.0
BUY-1763965650523-002846,TRADER-0346,CRYPTO,BUY,1942.22,16,0,FILLED,2025-01-16 14:13:02.0
BUY-1763965650524-003613,TRADER-0113,FOREX,BUY,8.16,863,0,FILLED,2025-01-16 23:19:46.0
BUY-1763965650526-004705,TRADER-0205,CRYPTO,BUY,4994.91,5,0,FILLED,2025-01-17 12:27:40.0
BUY-1763965650521-001071,TRADER-0071,CRYPTO,BUY,1027.18,6,0,FILLED,2025-01-15 16:59:00.0
BUY-1763965650520-000733,TRADER-0233,CRYPTO,BUY,3459.89,3,0,FILLED,2025-01-15 12:45:12.0
BUY-1763965650529-006923,TRADER-0423,EQUITY,BUY,488.72,203,0,FILLED,2025-01-18 15:25:43.0
BUY-1763965650520-000911,TRADER-0411,CRYPTO,BUY,2892.74,11,0,FILLED,2025-01-15 14:29:55.0
BUY-1763965650522-001699,TRADER-0199,CRYPTO,BUY,3129.29,15,0,FILLED,2025-01-16 00:18:18.0
BUY-1763965650522-001639,TRADER-0139,CRYPTO,BUY,3682.17,6,0,FILLED,2025-01-15 23:57:37.0
BUY-1763965650528-006516,TRADER-0016,EQUITY,BUY,181.8,183,0,FILLED,2025-01-18 10:22:21.0
BUY-1763965650518-000059,TRADER-0059,EQUITY,BUY,200.0,13,0,FILLED,2025-01-15 04:24:07.0
BUY-1763965650526-004681,TRADER-0181,CRYPTO,BUY,2918.95,14,0,FILLED,2025-01-17 11:41:48.0
BUY-1763965650527-005263,TRADER-0263,EQUITY,BUY,410.92,78,0,FILLED,2025-01-17 19:15:38.0
BUY-1763965650523-002676,TRADER-0176,CRYPTO,BUY,4679.93,1,0,FILLED,2025-01-16 11:47:37.0
BUY-1763965650522-002014,TRADER-0014,FOREX,BUY,5.06,848,0,FILLED,2025-01-16 04:28:13.0
BUY-1763965650525-003810,TRADER-0310,CRYPTO,BUY,4759.8,3,0,FILLED,2025-01-17 01:17:50.0
BUY-1763965650529-007076,TRADER-0076,CRYPTO,BUY,1605.77,25,0,FILLED,2025-01-18 16:49:57.0
BUY-1763965650521-001289,TRADER-0289,CRYPTO,BUY,686.15,23,0,FILLED,2025-01-15 19:03:34.0
BUY-1763965650525-003849,TRADER-0349,FOREX,BUY,4.49,491,0,FILLED,2025-01-17 02:03:09.0
BUY-1763965650522-001943,TRADER-0443,FOREX,BUY,5.05,627,0,FILLED,2025-01-16 03:40:01.0
BUY-1763965650525-003824,TRADER-0324,CRYPTO,BUY,1531.27,18,0,FILLED,2025-01-17 01:29:53.0
BUY-1763965650525-003922,TRADER-0422,FOREX,BUY,4.41,60,0,FILLED,2025-01-17 03:23:49.0
BUY-1763965650526-004991,TRADER-0491,EQUITY,BUY,334.27,229,0,FILLED,2025-01-17 15:43:27.0
BUY-1763965650529-007149,TRADER-0149,CRYPTO,BUY,2948.44,14,0,FILLED,2025-01-18 17:46:35.0
BUY-1763965650521-001355,TRADER-0355,CRYPTO,BUY,4698.06,7,0,FILLED,2025-01-15 20:04:20.0
BUY-1763965650529-007167,TRADER-0167,CRYPTO,BUY,2458.73,11,0,FILLED,2025-01-18 18:08:00.0
BUY-1763965650522-002151,TRADER-0151,CRYPTO,BUY,4351.87,6,0,FILLED,2025-01-16 05:46:47.0
BUY-1763965650526-004962,TRADER-0462,CRYPTO,BUY,2161.55,22,0,FILLED,2025-01-17 15:54:38.0
BUY-1763965650525-003757,TRADER-0257,CRYPTO,BUY,3276.01,7,0,FILLED,2025-01-17 01:32:14.0
BUY-1763965650523-002594,TRADER-0094,EQUITY,BUY,417.81,126,0,FILLED,2025-01-16 10:56:01.0
BUY-1763965650519-000179,TRADER-0179,EQUITY,BUY,150.0,60,0,FILLED,2025-01-15 05:49:46.0
BUY-1763965650527-005734,TRADER-0234,CRYPTO,BUY,4973.88,7,0,FILLED,2025-01-18 00:49:16.0
BUY-1763965650528-006362,TRADER-0362,FOREX,BUY,4.67,683,0,FILLED,2025-01-18 08:00:47.0
BUY-1763965650519-000553,TRADER-0053,EQUITY,BUY,457.6,127,0,FILLED,2025-01-15 10:51:43.0
BUY-1763965650526-004614,TRADER-0114,CRYPTO,BUY,1907.16,6,0,FILLED,2025-01-17 11:29:54.0
BUY-1763965650522-001937,TRADER-0437,EQUITY,BUY,185.11,299,0,FILLED,2025-01-16 03:13:24.0
BUY-1763965650524-003053,TRADER-0053,CRYPTO,BUY,3774.77,3,0,FILLED,2025-01-16 17:06:47.0
BUY-1763965650524-003388,TRADER-0388,EQUITY,BUY,153.32,572,0,FILLED,2025-01-16 20:55:29.0
BUY-1763965650522-001810,TRADER-0310,EQUITY,BUY,318.59,136,0,FILLED,2025-01-16 01:43:59.0
BUY-1763965650525-003916,TRADER-0416,EQUITY,BUY,255.4,208,0,FILLED,2025-01-17 03:23:36.0
BUY-1763965650529-007289,TRADER-0289,FOREX,BUY,5.55,884,0,FILLED,2025-01-18 19:08:28.0
BUY-1763965650521-001068,TRADER-0068,CRYPTO,BUY,1472.77,2,0,FILLED,2025-01-15 17:00:51.0
BUY-1763965650525-003758,TRADER-0258,FOREX,BUY,7.43,130,0,FILLED,2025-01-17 01:28:35.0
BUY-1763965650524-003269,TRADER-0269,EQUITY,BUY,498.98,84,0,FILLED,2025-01-16 19:00:59.0
BUY-1763965650529-006762,TRADER-0262,EQUITY,BUY,239.14,136,0,FILLED,2025-01-18 13:05:54.0
BUY-1763965650522-001693,TRADER-0193,EQUITY,BUY,467.08,39,0,FILLED,2025-01-15 23:57:33.0
BUY-1763965650525-004284,TRADER-0284,CRYPTO,BUY,3090.86,1,0,FILLED,2025-01-17 07:18:42.0
BUY-1763965650526-004428,TRADER-0428,FOREX,BUY,6.37,774,0,FILLED,2025-01-17 09:23:38.0
BUY-1763965650529-007102,TRADER-0102,FOREX,BUY,4.44,994,0,FILLED,2025-01-18 16:45:34.0
BUY-1763965650524-003415,TRADER-0415,CRYPTO,BUY,1127.46,4,0,FILLED,2025-01-16 21:00:40.0
BUY-1763965650524-003341,TRADER-0341,EQUITY,BUY,475.08,90,0,FILLED,2025-01-16 19:36:46.0
BUY-1763965650521-001507,TRADER-0007,CRYPTO,BUY,477.65,6,0,FILLED,2025-01-15 22:32:28.0
BUY-1763965650521-001252,TRADER-0252,CRYPTO,BUY,1443.56,8,0,FILLED,2025-01-15 18:43:41.0
BUY-1763965650520-000650,TRADER-0150,CRYPTO,BUY,2535.48,4,0,FILLED,2025-01-15 11:18:59.0
BUY-1763965650519-000349,TRADER-0349,EQUITY,BUY,200.0,93,0,FILLED,2025-01-15 08:30:25.0
BUY-1763965650527-005432,TRADER-0432,EQUITY,BUY,251.92,360,0,FILLED,2025-01-17 20:55:24.0
BUY-1763965650527-005627,TRADER-0127,CRYPTO,BUY,3732.96,5,0,FILLED,2025-01-17 23:26:48.0
BUY-1763965650520-000761,TRADER-0261,FOREX,BUY,7.01,360,0,FILLED,2025-01-15 13:32:05.0
BUY-1763965650527-005415,TRADER-0415,CRYPTO,BUY,1914.72,8,0,FILLED,2025-01-17 20:56:47.0
BUY-1763965650519-000361,TRADER-0361,EQUITY,BUY,200.0,88,0,FILLED,2025-01-15 07:57:12.0
BUY-1763965650522-002175,TRADER-0175,CRYPTO,BUY,616.75,44,0,FILLED,2025-01-16 05:53:51.0
BUY-1763965650527-005441,TRADER-0441,EQUITY,BUY,439.97,35,0,FILLED,2025-01-17 21:05:36.0
BUY-1763965650528-006527,TRADER-0027,CRYPTO,BUY,501.43,88,0,FILLED,2025-01-18 10:02:21.0
BUY-1763965650525-004091,TRADER-0091,FOREX,BUY,9.27,119,0,FILLED,2025-01-17 04:39:30.0
BUY-1763965650527-005440,TRADER-0440,FOREX,BUY,9.56,324,0,FILLED,2025-01-17 21:36:48.0
BUY-1763965650523-002809,TRADER-0309,CRYPTO,BUY,3483.29,3,0,FILLED,2025-01-16 13:57:15.0
BUY-1763965650526-004625,TRADER-0125,FOREX,BUY,9.9,346,0,FILLED,2025-01-17 11:59:26.0
BUY-1763965650527-005642,TRADER-0142,CRYPTO,BUY,1274.01,10,0,FILLED,2025-01-18 00:05:32.0
BUY-1763965650523-002416,TRADER-0416,EQUITY,BUY,454.76,185,0,FILLED,2025-01-16 09:14:19.0
BUY-1763965650520-000679,TRADER-0179,CRYPTO,BUY,1512.73,32,0,FILLED,2025-01-15 12:07:36.0
BUY-1763965650529-007067,TRADER-0067,CRYPTO,BUY,4877.14,2,0,FILLED,2025-01-18 17:14:01.0
BUY-1763965650527-005106,TRADER-0106,EQUITY,BUY,194.97,68,0,FILLED,2025-01-17 17:35:45.0
BUY-1763965650520-000879,TRADER-0379,CRYPTO,BUY,4933.5,7,0,FILLED,2025-01-15 15:02:37.0
BUY-1763965650523-002759,TRADER-0259,FOREX,BUY,7.22,69,0,FILLED,2025-01-16 13:16:02.0
BUY-1763965650529-007009,TRADER-0009,EQUITY,BUY,168.57,488,0,FILLED,2025-01-18 16:24:48.0
BUY-1763965650519-000571,TRADER-0071,EQUITY,BUY,315.66,300,0,FILLED,2025-01-15 10:43:39.0
BUY-1763965650520-001032,TRADER-0032,EQUITY,BUY,480.04,203,0,FILLED,2025-01-15 16:25:56.0
BUY-1763965650525-004330,TRADER-0330,EQUITY,BUY,373.94,31,0,FILLED,2025-01-17 07:59:47.0
BUY-1763965650529-007341,TRADER-0341,FOREX,BUY,4.6,932,0,FILLED,2025-01-18 20:31:23.0
BUY-1763965650529-007493,TRADER-0493,EQUITY,BUY,246.38,378,0,FILLED,2025-01-18 22:22:19.0
BUY-1763965650522-002255,TRADER-0255,EQUITY,BUY,400.76,215,0,FILLED,2025-01-16 07:20:59.0
BUY-1763965650529-007283,TRADER-0283,EQUITY,BUY,497.5,170,0,FILLED,2025-01-18 19:44:51.0
BUY-1763965650525-004131,TRADER-0131,EQUITY,BUY,486.18,136,0,FILLED,2025-01-17 05:22:48.0
BUY-1763965650529-007073,TRADER-0073,FOREX,BUY,4.73,693,0,FILLED,2025-01-18 17:06:40.0
BUY-1763965650528-006032,TRADER-0032,CRYPTO,BUY,1340.43,3,0,FILLED,2025-01-18 04:00:15.0
BUY-1763965650519-000429,TRADER-0429,EQUITY,BUY,200.0,37,0,FILLED,2025-01-15 09:07:52.0
BUY-1763965650518-000131,TRADER-0131,CRYPTO,BUY,1500.0,26,0,FILLED,2025-01-15 05:37:46.0
BUY-1763965650521-001567,TRADER-0067,FOREX,BUY,6.02,526,0,FILLED,2025-01-15 22:48:29.0
BUY-1763965650525-003950,TRADER-0450,EQUITY,BUY,310.64,60,0,FILLED,2025-01-17 02:57:39.0
BUY-1763965650522-001745,TRADER-0245,CRYPTO,BUY,3468.82,11,0,FILLED,2025-01-16 00:40:26.0
BUY-1763965650519-000546,TRADER-0046,CRYPTO,BUY,4209.28,7,0,FILLED,2025-01-15 10:28:28.0
BUY-1763965650527-005740,TRADER-0240,CRYPTO,BUY,4767.71,2,0,FILLED,2025-01-18 01:04:19.0
BUY-1763965650525-003961,TRADER-0461,FOREX,BUY,4.52,827,0,FILLED,2025-01-17 03:46:37.0
BUY-1763965650529-006897,TRADER-0397,CRYPTO,BUY,581.79,60,0,FILLED,2025-01-18 14:16:57.0
BUY-1763965650521-001360,TRADER-0360,FOREX,BUY,9.24,893,0,FILLED,2025-01-15 20:29:51.0
BUY-1763965650526-004471,TRADER-0471,EQUITY,BUY,482.51,102,0,FILLED,2025-01-17 09:22:52.0
BUY-1763965650526-004636,TRADER-0136,FOREX,BUY,8.37,921,0,FILLED,2025-01-17 11:11:49.0
BUY-1763965650529-006753,TRADER-0253,FOREX,BUY,9.95,373,0,FILLED,2025-01-18 13:09:25.0
BUY-1763965650524-003143,TRADER-0143,FOREX,BUY,6.53,25,0,FILLED,2025-01-16 17:31:33.0
BUY-1763965650520-000948,TRADER-0448,FOREX,BUY,9.2,18,0,FILLED,2025-01-15 15:39:37.0
BUY-1763965650523-002339,TRADER-0339,FOREX,BUY,5.92,168,0,FILLED,2025-01-16 07:46:22.0
BUY-1763965650520-000760,TRADER-0260,CRYPTO,BUY,4362.71,3,0,FILLED,2025-01-15 13:13:21.0
BUY-1763965650522-001808,TRADER-0308,EQUITY,BUY,383.82,186,0,FILLED,2025-01-16 01:38:40.0
BUY-1763965650528-005982,TRADER-0482,EQUITY,BUY,288.96,192,0,FILLED,2025-01-18 03:29:55.0
BUY-1763965650522-001780,TRADER-0280,EQUITY,BUY,391.99,4,0,FILLED,2025-01-16 01:34:24.0
BUY-1763965650527-005736,TRADER-0236,EQUITY,BUY,432.7,149,0,FILLED,2025-01-18 00:42:59.0
BUY-1763965650522-001773,TRADER-0273,EQUITY,BUY,250.5,220,0,FILLED,2025-01-16 01:37:37.0
BUY-1763965650525-004226,TRADER-0226,CRYPTO,BUY,845.19,11,0,FILLED,2025-01-17 06:52:21.0
BUY-1763965650522-002224,TRADER-0224,FOREX,BUY,8.33,578,0,FILLED,2025-01-16 06:53:11.0
BUY-1763965650525-004059,TRADER-0059,FOREX,BUY,9.23,560,0,FILLED,2025-01-17 04:24:54.0
BUY-1763965650528-005876,TRADER-0376,FOREX,BUY,8.43,218,0,FILLED,2025-01-18 02:45:11.0
BUY-1763965650524-003196,TRADER-0196,CRYPTO,BUY,1142.37,6,0,FILLED,2025-01-16 18:16:50.0
BUY-1763965650521-001077,TRADER-0077,CRYPTO,BUY,2223.58,15,0,FILLED,2025-01-15 16:56:27.0
BUY-1763965650527-005361,TRADER-0361,FOREX,BUY,4.89,452,0,FILLED,2025-01-17 20:29:20.0
BUY-1763965650525-003751,TRADER-0251,FOREX,BUY,8.67,819,0,FILLED,2025-01-17 01:02:30.0
BUY-1763965650529-006968,TRADER-0468,EQUITY,BUY,378.09,206,0,FILLED,2025-01-18 15:26:15.0
BUY-1763965650522-001886,TRADER-0386,CRYPTO,BUY,3282.98,5,0,FILLED,2025-01-16 03:01:07.0
BUY-1763965650527-005723,TRADER-0223,FOREX,BUY,8.8,656,0,FILLED,2025-01-18 01:08:27.0
BUY-1763965650525-004033,TRADER-0033,FOREX,BUY,9.06,606,0,FILLED,2025-01-17 04:22:07.0
BUY-1763965650521-001227,TRADER-0227,CRYPTO,BUY,445.43,57,0,FILLED,2025-01-15 18:17:31.0
BUY-1763965650529-006935,TRADER-0435,CRYPTO,BUY,3272.6,4,0,FILLED,2025-01-18 14:51:13.0
BUY-1763965650519-000278,TRADER-0278,EQUITY,BUY,200.0,66,0,FILLED,2025-01-15 07:26:00.0
BUY-1763965650524-003193,TRADER-0193,CRYPTO,BUY,1223.14,31,0,FILLED,2025-01-16 18:11:34.0
BUY-1763965650526-004710,TRADER-0210,FOREX,BUY,5.88,543,0,FILLED,2025-01-17 12:36:00.0
BUY-1763965650527-005382,TRADER-0382,FOREX,BUY,8.71,594,0,FILLED,2025-01-17 20:50:12.0
BUY-1763965650527-005685,TRADER-0185,EQUITY,BUY,389.29,219,0,FILLED,2025-01-18 00:24:35.0
BUY-1763965650526-004708,TRADER-0208,EQUITY,BUY,422.99,194,0,FILLED,2025-01-17 12:10:18.0
BUY-1763965650524-003531,TRADER-0031,CRYPTO,BUY,4669.74,7,0,FILLED,2025-01-16 22:21:35.0
BUY-1763965650525-004296,TRADER-0296,EQUITY,BUY,469.0,58,0,FILLED,2025-01-17 07:10:30.0
BUY-1763965650529-007114,TRADER-0114,FOREX,BUY,5.23,978,0,FILLED,2025-01-18 17:46:38.0
BUY-1763965650519-000607,TRADER-0107,CRYPTO,BUY,3119.12,7,0,FILLED,2025-01-15 11:18:45.0
BUY-1763965650523-002429,TRADER-0429,CRYPTO,BUY,2054.46,8,0,FILLED,2025-01-16 08:41:53.0
BUY-1763965650519-000576,TRADER-0076,CRYPTO,BUY,4910.49,10,0,FILLED,2025-01-15 11:03:48.0
BUY-1763965650518-000033,TRADER-0033,EQUITY,BUY,250.0,97,0,FILLED,2025-01-15 04:48:45.0
BUY-1763965650528-006545,TRADER-0045,FOREX,BUY,8.27,997,0,FILLED,2025-01-18 10:19:24.0
BUY-1763965650523-002542,TRADER-0042,CRYPTO,BUY,641.19,63,0,FILLED,2025-01-16 10:54:32.0
BUY-1763965650524-003528,TRADER-0028,FOREX,BUY,6.83,359,0,FILLED,2025-01-16 22:21:44.0
BUY-1763965650523-002726,TRADER-0226,CRYPTO,BUY,906.23,32,0,FILLED,2025-01-16 12:51:11.0
BUY-1763965650528-005850,TRADER-0350,EQUITY,BUY,329.28,205,0,FILLED,2025-01-18 02:08:22.0
BUY-1763965650521-001087,TRADER-0087,EQUITY,BUY,254.64,97,0,FILLED,2025-01-15 17:19:50.0
BUY-1763965650528-006106,TRADER-0106,CRYPTO,BUY,1566.35,7,0,FILLED,2025-01-18 05:37:14.0
BUY-1763965650526-004762,TRADER-0262,EQUITY,BUY,378.56,263,0,FILLED,2025-01-17 12:45:24.0
BUY-1763965650529-007331,TRADER-0331,FOREX,BUY,6.97,36,0,FILLED,2025-01-18 19:33:40.0
BUY-1763965650527-005402,TRADER-0402,CRYPTO,BUY,2165.41,1,0,FILLED,2025-01-17 20:57:20.0
BUY-1763965650528-006412,TRADER-0412,FOREX,BUY,7.98,106,0,FILLED,2025-01-18 09:23:10.0
BUY-1763965650525-003940,TRADER-0440,EQUITY,BUY,452.17,215,0,FILLED,2025-01-17 02:57:08.0
BUY-1763965650526-004895,TRADER-0395,EQUITY,BUY,148.12,217,0,FILLED,2025-01-17 14:28:58.0
BUY-1763965650525-003914,TRADER-0414,EQUITY,BUY,307.86,176,0,FILLED,2025-01-17 02:48:27.0
BUY-1763965650522-001998,TRADER-0498,FOREX,BUY,7.46,21,0,FILLED,2025-01-16 03:53:07.0
BUY-1763965650523-002808,TRADER-0308,CRYPTO,BUY,4797.1,7,0,FILLED,2025-01-16 13:14:03.0
BUY-1763965650526-004839,TRADER-0339,FOREX,BUY,8.12,392,0,FILLED,2025-01-17 13:34:11.0
BUY-1763965650528-006369,TRADER-0369,CRYPTO,BUY,3255.59,2,0,FILLED,2025-01-18 08:06:35.0
BUY-1763965650524-003515,TRADER-0015,CRYPTO,BUY,2320.6,20,0,FILLED,2025-01-16 21:48:07.0
BUY-1763965650527-005090,TRADER-0090,CRYPTO,BUY,1045.5,43,0,FILLED,2025-01-17 17:20:49.0
BUY-1763965650524-003523,TRADER-0023,CRYPTO,BUY,3272.46,4,0,FILLED,2025-01-16 21:53:15.0
BUY-1763965650525-004093,TRADER-0093,EQUITY,BUY,276.33,218,0,FILLED,2025-01-17 05:12:46.0
BUY-1763965650529-007069,TRADER-0069,EQUITY,BUY,289.2,297,0,FILLED,2025-01-18 16:41:04.0
BUY-1763965650520-001036,TRADER-0036,FOREX,BUY,8.74,994,0,FILLED,2025-01-15 16:17:29.0
BUY-1763965650521-001539,TRADER-0039,CRYPTO,BUY,4154.57,1,0,FILLED,2025-01-15 21:58:27.0
BUY-1763965650522-002236,TRADER-0236,FOREX,BUY,8.26,678,0,FILLED,2025-01-16 07:17:30.0
BUY-1763965650520-000806,TRADER-0306,FOREX,BUY,4.72,106,0,FILLED,2025-01-15 13:23:32.0
BUY-1763965650529-006761,TRADER-0261,FOREX,BUY,5.61,730,0,FILLED,2025-01-18 13:02:11.0
BUY-1763965650519-000272,TRADER-0272,EQUITY,BUY,300.0,93,0,FILLED,2025-01-15 07:01:31.0
BUY-1763965650529-007421,TRADER-0421,EQUITY,BUY,229.41,277,0,FILLED,2025-01-18 20:53:40.0
BUY-1763965650521-001273,TRADER-0273,EQUITY,BUY,221.92,328,0,FILLED,2025-01-15 19:03:07.0
BUY-1763965650527-005637,TRADER-0137,EQUITY,BUY,165.82,355,0,FILLED,2025-01-17 23:33:24.0
BUY-1763965650524-003577,TRADER-0077,CRYPTO,BUY,2463.75,5,0,FILLED,2025-01-16 23:05:28.0
BUY-1763965650522-001859,TRADER-0359,FOREX,BUY,5.6,482,0,FILLED,2025-01-16 02:44:54.0
BUY-1763965650529-006720,TRADER-0220,CRYPTO,BUY,532.22,1,0,FILLED,2025-01-18 12:37:01.0
BUY-1763965650521-001098,TRADER-0098,EQUITY,BUY,259.39,183,0,FILLED,2025-01-15 16:46:42.0
BUY-1763965650529-007463,TRADER-0463,EQUITY,BUY,235.72,14,0,FILLED,2025-01-18 21:26:42.0
BUY-1763965650519-000557,TRADER-0057,EQUITY,BUY,472.21,148,0,FILLED,2025-01-15 10:53:25.0
BUY-1763965650521-001104,TRADER-0104,EQUITY,BUY,412.9,239,0,FILLED,2025-01-15 16:54:16.0
BUY-1763965650521-001101,TRADER-0101,CRYPTO,BUY,1890.68,7,0,FILLED,2025-01-15 17:41:50.0
BUY-1763965650527-005668,TRADER-0168,CRYPTO,BUY,2870.95,13,0,FILLED,2025-01-18 00:14:21.0
BUY-1763965650525-003684,TRADER-0184,EQUITY,BUY,250.24,247,0,FILLED,2025-01-17 00:31:18.0
BUY-1763965650528-006022,TRADER-0022,CRYPTO,BUY,3487.95,7,0,FILLED,2025-01-18 04:12:07.0
BUY-1763965650528-006295,TRADER-0295,EQUITY,BUY,272.99,179,0,FILLED,2025-01-18 07:12:21.0
BUY-1763965650528-006285,TRADER-0285,CRYPTO,BUY,3433.24,13,0,FILLED,2025-01-18 07:11:13.0
BUY-1763965650527-005401,TRADER-0401,FOREX,BUY,7.29,456,0,FILLED,2025-01-17 20:18:48.0
BUY-1763965650522-001840,TRADER-0340,EQUITY,BUY,321.41,230,0,FILLED,2025-01-16 01:40:05.0
BUY-1763965650521-001056,TRADER-0056,CRYPTO,BUY,4608.95,8,0,FILLED,2025-01-15 16:24:48.0
BUY-1763965650523-002443,TRADER-0443,FOREX,BUY,5.01,684,0,FILLED,2025-01-16 08:59:42.0
BUY-1763965650525-004065,TRADER-0065,EQUITY,BUY,400.57,17,0,FILLED,2025-01-17 04:45:58.0
BUY-1763965650529-007281,TRADER-0281,CRYPTO,BUY,1947.36,3,0,FILLED,2025-01-18 19:41:50.0
BUY-1763965650526-004929,TRADER-0429,CRYPTO,BUY,4808.87,6,0,FILLED,2025-01-17 15:09:50.0
BUY-1763965650529-006768,TRADER-0268,CRYPTO,BUY,2678.68,16,0,FILLED,2025-01-18 13:28:41.0
BUY-1763965650522-001822,TRADER-0322,FOREX,BUY,6.06,548,0,FILLED,2025-01-16 01:56:08.0
BUY-1763965650526-004832,TRADER-0332,EQUITY,BUY,431.49,71,0,FILLED,2025-01-17 14:24:03.0
BUY-1763965650522-002008,TRADER-0008,CRYPTO,BUY,2942.35,5,0,FILLED,2025-01-16 03:49:48.0
BUY-1763965650529-007394,TRADER-0394,FOREX,BUY,7.89,389,0,FILLED,2025-01-18 20:40:11.0
BUY-1763965650523-002752,TRADER-0252,FOREX,BUY,5.63,279,0,FILLED,2025-01-16 13:05:26.0
BUY-1763965650527-005684,TRADER-0184,EQUITY,BUY,459.92,22,0,FILLED,2025-01-17 23:48:17.0
BUY-1763965650529-006939,TRADER-0439,EQUITY,BUY,273.61,147,0,FILLED,2025-01-18 15:44:05.0
BUY-1763965650527-005502,TRADER-0002,CRYPTO,BUY,1271.06,6,0,FILLED,2025-01-17 22:11:29.0
BUY-1763965650523-002348,TRADER-0348,EQUITY,BUY,261.36,299,0,FILLED,2025-01-16 08:22:51.0
BUY-1763965650525-004314,TRADER-0314,EQUITY,BUY,451.02,184,0,FILLED,2025-01-17 07:22:39.0
BUY-1763965650523-002389,TRADER-0389,FOREX,BUY,6.57,902,0,FILLED,2025-01-16 08:14:07.0
BUY-1763965650526-004818,TRADER-0318,EQUITY,BUY,348.91,277,0,FILLED,2025-01-17 14:15:29.0
BUY-1763965650525-003883,TRADER-0383,CRYPTO,BUY,1419.55,34,0,FILLED,2025-01-17 02:47:48.0
BUY-1763965650527-005323,TRADER-0323,EQUITY,BUY,233.31,159,0,FILLED,2025-01-17 19:37:08.0
BUY-1763965650526-004556,TRADER-0056,CRYPTO,BUY,3031.97,10,0,FILLED,2025-01-17 10:48:46.0
BUY-1763965650522-002125,TRADER-0125,EQUITY,BUY,307.39,182,0,FILLED,2025-01-16 05:30:55.0
BUY-1763965650527-005571,TRADER-0071,CRYPTO,BUY,3383.31,12,0,FILLED,2025-01-17 22:25:16.0
BUY-1763965650525-003694,TRADER-0194,EQUITY,BUY,496.52,129,0,FILLED,2025-01-17 00:34:02.0
BUY-1763965650527-005480,TRADER-0480,CRYPTO,BUY,3535.59,13,0,FILLED,2025-01-17 21:15:53.0
BUY-1763965650529-006890,TRADER-0390,FOREX,BUY,6.7,185,0,FILLED,2025-01-18 14:51:14.0
BUY-1763965650528-006554,TRADER-0054,EQUITY,BUY,266.07,253,0,FILLED,2025-01-18 11:01:27.0
BUY-1763965650527-005692,TRADER-0192,EQUITY,BUY,139.19,557,0,FILLED,2025-01-18 00:02:25.0
BUY-1763965650521-001169,TRADER-0169,CRYPTO,BUY,501.24,6,0,FILLED,2025-01-15 17:53:43.0
BUY-1763965650524-003255,TRADER-0255,EQUITY,BUY,454.63,210,0,FILLED,2025-01-16 18:35:27.0
BUY-1763965650523-002546,TRADER-0046,FOREX,BUY,9.4,294,0,FILLED,2025-01-16 10:35:54.0
BUY-1763965650528-006125,TRADER-0125,EQUITY,BUY,279.03,255,0,FILLED,2025-01-18 05:09:49.0
BUY-1763965650521-001241,TRADER-0241,CRYPTO,BUY,704.32,35,0,FILLED,2025-01-15 18:27:58.0
BUY-1763965650519-000422,TRADER-0422,EQUITY,BUY,200.0,39,0,FILLED,2025-01-15 09:29:21.0
BUY-1763965650519-000289,TRADER-0289,EQUITY,BUY,300.0,79,0,FILLED,2025-01-15 07:26:05.0
BUY-1763965650528-006500,TRADER-0000,EQUITY,BUY,388.02,125,0,FILLED,2025-01-18 10:19:33.0
BUY-1763965650527-005292,TRADER-0292,CRYPTO,BUY,3113.45,11,0,FILLED,2025-01-17 19:45:01.0
BUY-1763965650523-002289,TRADER-0289,EQUITY,BUY,364.09,117,0,FILLED,2025-01-16 07:15:51.0
BUY-1763965650524-003008,TRADER-0008,CRYPTO,BUY,2042.83,18,0,FILLED,2025-01-16 16:23:24.0
BUY-1763965650525-004326,TRADER-0326,CRYPTO,BUY,3239.95,13,0,FILLED,2025-01-17 07:28:10.0
BUY-1763965650526-004402,TRADER-0402,CRYPTO,BUY,4902.9,5,0,FILLED,2025-01-17 09:17:32.0
BUY-1763965650529-006822,TRADER-0322,EQUITY,BUY,181.75,10,0,FILLED,2025-01-18 13:30:48.0
BUY-1763965650526-004452,TRADER-0452,FOREX,BUY,8.84,313,0,FILLED,2025-01-17 09:36:36.0
BUY-1763965650528-006513,TRADER-0013,CRYPTO,BUY,4441.05,2,0,FILLED,2025-01-18 10:04:16.0
BUY-1763965650524-003327,TRADER-0327,EQUITY,BUY,438.87,148,0,FILLED,2025-01-16 20:17:26.0
BUY-1763965650523-002898,TRADER-0398,EQUITY,BUY,145.18,406,0,FILLED,2025-01-16 15:14:46.0
BUY-1763965650527-005687,TRADER-0187,CRYPTO,BUY,3721.14,5,0,FILLED,2025-01-18 00:36:38.0
BUY-1763965650528-006200,TRADER-0200,FOREX,BUY,8.41,476,0,FILLED,2025-01-18 06:25:28.0
BUY-1763965650525-003892,TRADER-0392,EQUITY,BUY,386.64,175,0,FILLED,2025-01-17 02:16:50.0
BUY-1763965650529-006727,TRADER-0227,FOREX,BUY,8.58,50,0,FILLED,2025-01-18 12:50:57.0
BUY-1763965650522-001778,TRADER-0278,CRYPTO,BUY,2856.99,8,0,FILLED,2025-01-16 01:12:26.0
BUY-1763965650527-005400,TRADER-0400,EQUITY,BUY,307.24,149,0,FILLED,2025-01-17 20:44:38.0
BUY-1763965650523-002589,TRADER-0089,CRYPTO,BUY,1159.32,29,0,FILLED,2025-01-16 11:27:00.0
BUY-1763965650528-005896,TRADER-0396,CRYPTO,BUY,4965.09,10,0,FILLED,2025-01-18 02:54:25.0
BUY-1763965650527-005552,TRADER-0052,CRYPTO,BUY,4491.17,2,0,FILLED,2025-01-17 22:45:58.0
BUY-1763965650525-004295,TRADER-0295,EQUITY,BUY,197.69,429,0,FILLED,2025-01-17 07:32:41.0
BUY-1763965650524-003452,TRADER-0452,CRYPTO,BUY,3428.86,8,0,FILLED,2025-01-16 21:47:52.0
BUY-1763965650524-003442,TRADER-0442,EQUITY,BUY,474.38,188,0,FILLED,2025-01-16 21:48:12.0
BUY-1763965650519-000266,TRADER-0266,EQUITY,BUY,200.0,100,0,FILLED,2025-01-15 07:03:30.0
BUY-1763965650521-001542,TRADER-0042,CRYPTO,BUY,1245.0,12,0,FILLED,2025-01-15 22:40:01.0
BUY-1763965650526-004923,TRADER-0423,FOREX,BUY,4.32,921,0,FILLED,2025-01-17 15:07:15.0
BUY-1763965650520-000902,TRADER-0402,CRYPTO,BUY,1481.4,15,0,FILLED,2025-01-15 15:00:46.0
BUY-1763965650526-004875,TRADER-0375,FOREX,BUY,7.6,967,0,FILLED,2025-01-17 14:51:31.0
BUY-1763965650521-001377,TRADER-0377,CRYPTO,BUY,2702.47,3,0,FILLED,2025-01-15 20:16:11.0
BUY-1763965650526-004684,TRADER-0184,EQUITY,BUY,262.81,365,0,FILLED,2025-01-17 12:39:14.0
BUY-1763965650528-006485,TRADER-0485,CRYPTO,BUY,4407.45,10,0,FILLED,2025-01-18 09:51:49.0
BUY-1763965650527-005701,TRADER-0201,CRYPTO,BUY,4159.74,4,0,FILLED,2025-01-18 00:10:39.0
BUY-1763965650526-005062,TRADER-0062,FOREX,BUY,4.67,352,0,FILLED,2025-01-17 16:24:59.0
BUY-1763965650526-005069,TRADER-0069,CRYPTO,BUY,4916.06,8,0,FILLED,2025-01-17 17:19:35.0
BUY-1763965650523-002286,TRADER-0286,CRYPTO,BUY,2273.53,6,0,FILLED,2025-01-16 07:14:00.0
BUY-1763965650523-002821,TRADER-0321,FOREX,BUY,5.75,364,0,FILLED,2025-01-16 14:18:52.0
BUY-1763965650529-006957,TRADER-0457,CRYPTO,BUY,3439.95,6,0,FILLED,2025-01-18 15:37:43.0
BUY-1763965650518-000071,TRADER-0071,CRYPTO,BUY,2000.0,13,0,FILLED,2025-01-15 04:49:34.0
BUY-1763965650528-006432,TRADER-0432,FOREX,BUY,5.07,864,0,FILLED,2025-01-18 09:06:57.0
BUY-1763965650525-003964,TRADER-0464,EQUITY,BUY,374.54,162,0,FILLED,2025-01-17 03:08:35.0
BUY-1763965650527-005573,TRADER-0073,CRYPTO,BUY,572.19,48,0,FILLED,2025-01-17 22:45:18.0
BUY-1763965650528-006537,TRADER-0037,CRYPTO,BUY,1485.24,3,0,FILLED,2025-01-18 10:32:54.0
BUY-1763965650526-004499,TRADER-0499,CRYPTO,BUY,3098.32,12,0,FILLED,2025-01-17 09:53:43.0
BUY-1763965650524-003559,TRADER-0059,CRYPTO,BUY,514.1,16,0,FILLED,2025-01-16 22:54:19.0
BUY-1763965650525-003826,TRADER-0326,EQUITY,BUY,180.33,241,0,FILLED,2025-01-17 02:22:10.0
BUY-1763965650521-001185,TRADER-0185,FOREX,BUY,6.33,638,0,FILLED,2025-01-15 17:56:23.0
BUY-1763965650521-001059,TRADER-0059,EQUITY,BUY,272.47,56,0,FILLED,2025-01-15 16:40:08.0
BUY-1763965650529-007072,TRADER-0072,CRYPTO,BUY,1420.2,18,0,FILLED,2025-01-18 17:14:56.0
BUY-1763965650527-005348,TRADER-0348,FOREX,BUY,9.92,399,0,FILLED,2025-01-17 20:08:07.0
BUY-1763965650528-006379,TRADER-0379,EQUITY,BUY,266.45,29,0,FILLED,2025-01-18 08:45:14.0
BUY-1763965650526-004985,TRADER-0485,EQUITY,BUY,211.71,71,0,FILLED,2025-01-17 16:01:42.0
BUY-1763965650529-007488,TRADER-0488,EQUITY,BUY,324.17,38,0,FILLED,2025-01-18 21:42:56.0
BUY-1763965650520-000768,TRADER-0268,CRYPTO,BUY,1146.53,28,0,FILLED,2025-01-15 12:51:00.0
BUY-1763965650523-002326,TRADER-0326,CRYPTO,BUY,699.02,38,0,FILLED,2025-01-16 07:37:36.0
BUY-1763965650523-002395,TRADER-0395,FOREX,BUY,5.72,323,0,FILLED,2025-01-16 08:41:10.0
BUY-1763965650524-002995,TRADER-0495,EQUITY,BUY,453.66,178,0,FILLED,2025-01-16 16:26:16.0
BUY-1763965650524-003291,TRADER-0291,FOREX,BUY,7.29,900,0,FILLED,2025-01-16 19:55:45.0
BUY-1763965650527-005716,TRADER-0216,CRYPTO,BUY,1227.69,27,0,FILLED,2025-01-18 00:51:09.0
BUY-1763965650526-004397,TRADER-0397,CRYPTO,BUY,1223.51,33,0,FILLED,2025-01-17 08:34:49.0
BUY-1763965650525-004115,TRADER-0115,EQUITY,BUY,149.07,639,0,FILLED,2025-01-17 04:56:55.0
BUY-1763965650529-007380,TRADER-0380,CRYPTO,BUY,2121.04,15,0,FILLED,2025-01-18 20:19:40.0
BUY-1763965650526-004659,TRADER-0159,EQUITY,BUY,476.57,92,0,FILLED,2025-01-17 11:58:39.0
BUY-1763965650529-007355,TRADER-0355,EQUITY,BUY,358.49,232,0,FILLED,2025-01-18 20:30:13.0
BUY-1763965650526-004587,TRADER-0087,CRYPTO,BUY,4574.13,1,0,FILLED,2025-01-17 10:37:12.0
BUY-1763965650524-003186,TRADER-0186,EQUITY,BUY,243.95,227,0,FILLED,2025-01-16 18:35:41.0
BUY-1763965650522-002111,TRADER-0111,EQUITY,BUY,214.3,212,0,FILLED,2025-01-16 05:43:17.0
BUY-1763965650522-002107,TRADER-0107,EQUITY,BUY,269.8,210,0,FILLED,2025-01-16 04:47:57.0
BUY-1763965650527-005445,TRADER-0445,CRYPTO,BUY,4107.02,2,0,FILLED,2025-01-17 21:18:49.0
BUY-1763965650528-005993,TRADER-0493,CRYPTO,BUY,2071.99,3,0,FILLED,2025-01-18 04:05:55.0
BUY-1763965650519-000520,TRADER-0020,CRYPTO,BUY,4750.58,5,0,FILLED,2025-01-15 10:29:31.0
BUY-1763965650521-001193,TRADER-0193,EQUITY,BUY,285.62,67,0,FILLED,2025-01-15 18:04:09.0
BUY-1763965650524-003172,TRADER-0172,CRYPTO,BUY,2826.75,10,0,FILLED,2025-01-16 18:09:39.0
BUY-1763965650526-004770,TRADER-0270,CRYPTO,BUY,3723.14,9,0,FILLED,2025-01-17 13:04:18.0
BUY-1763965650529-007015,TRADER-0015,CRYPTO,BUY,4138.61,5,0,FILLED,2025-01-18 15:56:34.0
BUY-1763965650528-006313,TRADER-0313,FOREX,BUY,5.85,615,0,FILLED,2025-01-18 07:43:33.0
BUY-1763965650525-004214,TRADER-0214,EQUITY,BUY,465.91,5,0,FILLED,2025-01-17 07:00:56.0
BUY-1763965650523-002912,TRADER-0412,EQUITY,BUY,467.77,118,0,FILLED,2025-01-16 14:34:15.0
BUY-1763965650522-001743,TRADER-0243,FOREX,BUY,9.63,632,0,FILLED,2025-01-16 01:10:09.0
BUY-1763965650518-000114,TRADER-0114,EQUITY,BUY,300.0,74,0,FILLED,2025-01-15 05:03:10.0
BUY-1763965650523-002554,TRADER-0054,EQUITY,BUY,420.51,47,0,FILLED,2025-01-16 10:22:02.0
BUY-1763965650529-006807,TRADER-0307,EQUITY,BUY,460.77,159,0,FILLED,2025-01-18 14:10:38.0
BUY-1763965650524-003469,TRADER-0469,EQUITY,BUY,318.74,7,0,FILLED,2025-01-16 21:35:57.0
BUY-1763965650520-000726,TRADER-0226,EQUITY,BUY,473.93,43,0,FILLED,2025-01-15 12:28:53.0
BUY-1763965650523-002698,TRADER-0198,CRYPTO,BUY,4470.13,11,0,FILLED,2025-01-16 11:57:37.0
BUY-1763965650522-001752,TRADER-0252,EQUITY,BUY,353.0,70,0,FILLED,2025-01-16 01:10:04.0
BUY-1763965650525-003686,TRADER-0186,FOREX,BUY,6.58,466,0,FILLED,2025-01-17 00:37:40.0
BUY-1763965650529-006831,TRADER-0331,EQUITY,BUY,257.98,295,0,FILLED,2025-01-18 14:09:48.0
BUY-1763965650526-004439,TRADER-0439,FOREX,BUY,7.52,604,0,FILLED,2025-01-17 09:28:49.0
BUY-1763965650529-006940,TRADER-0440,EQUITY,BUY,404.43,86,0,FILLED,2025-01-18 15:33:33.0
BUY-1763965650529-007480,TRADER-0480,CRYPTO,BUY,468.76,16,0,FILLED,2025-01-18 22:12:01.0
BUY-1763965650521-001261,TRADER-0261,EQUITY,BUY,468.96,56,0,FILLED,2025-01-15 19:00:46.0
BUY-1763965650523-002609,TRADER-0109,CRYPTO,BUY,2769.77,18,0,FILLED,2025-01-16 11:31:28.0
BUY-1763965650523-002517,TRADER-0017,CRYPTO,BUY,1721.09,5,0,FILLED,2025-01-16 10:07:14.0
BUY-1763965650525-004146,TRADER-0146,EQUITY,BUY,402.69,120,0,FILLED,2025-01-17 06:03:12.0
BUY-1763965650521-001540,TRADER-0040,CRYPTO,BUY,2219.25,17,0,FILLED,2025-01-15 22:06:12.0
BUY-1763965650523-002827,TRADER-0327,CRYPTO,BUY,4649.86,1,0,FILLED,2025-01-16 13:35:38.0
BUY-1763965650526-004772,TRADER-0272,FOREX,BUY,8.81,853,0,FILLED,2025-01-17 12:52:11.0
BUY-1763965650528-005951,TRADER-0451,EQUITY,BUY,389.41,9,0,FILLED,2025-01-18 03:30:21.0
BUY-1763965650522-002042,TRADER-0042,FOREX,BUY,8.86,167,0,FILLED,2025-01-16 04:07:16.0
BUY-1763965650529-006949,TRADER-0449,FOREX,BUY,8.68,844,0,FILLED,2025-01-18 15:50:44.0
BUY-1763965650527-005375,TRADER-0375,CRYPTO,BUY,2777.91,4,0,FILLED,2025-01-17 20:38:49.0
BUY-1763965650525-003835,TRADER-0335,CRYPTO,BUY,4295.72,1,0,FILLED,2025-01-17 01:56:34.0
BUY-1763965650529-007481,TRADER-0481,EQUITY,BUY,217.68,183,0,FILLED,2025-01-18 22:07:38.0
BUY-1763965650527-005160,TRADER-0160,CRYPTO,BUY,3120.45,12,0,FILLED,2025-01-17 18:09:45.0
BUY-1763965650524-003179,TRADER-0179,EQUITY,BUY,194.55,253,0,FILLED,2025-01-16 18:25:30.0
BUY-1763965650526-004603,TRADER-0103,CRYPTO,BUY,3327.85,13,0,FILLED,2025-01-17 11:33:06.0
BUY-1763965650520-000986,TRADER-0486,CRYPTO,BUY,2890.32,4,0,FILLED,2025-01-15 15:40:24.0
BUY-1763965650523-002502,TRADER-0002,EQUITY,BUY,291.39,233,0,FILLED,2025-01-16 10:17:57.0
BUY-1763965650519-000330,TRADER-0330,EQUITY,BUY,300.0,39,0,FILLED,2025-01-15 07:42:44.0
BUY-1763965650522-002196,TRADER-0196,FOREX,BUY,5.63,798,0,FILLED,2025-01-16 06:01:01.0
BUY-1763965650526-004665,TRADER-0165,EQUITY,BUY,259.63,115,0,FILLED,2025-01-17 12:10:37.0
BUY-1763965650525-004283,TRADER-0283,EQUITY,BUY,222.3,316,0,FILLED,2025-01-17 07:06:44.0
BUY-1763965650528-006426,TRADER-0426,CRYPTO,BUY,923.63,44,0,FILLED,2025-01-18 09:04:17.0
BUY-1763965650521-001353,TRADER-0353,CRYPTO,BUY,1886.69,19,0,FILLED,2025-01-15 19:48:32.0
BUY-1763965650527-005649,TRADER-0149,EQUITY,BUY,340.62,244,0,FILLED,2025-01-17 23:23:56.0
BUY-1763965650521-001356,TRADER-0356,CRYPTO,BUY,2220.05,14,0,FILLED,2025-01-15 20:13:02.0
BUY-1763965650525-004066,TRADER-0066,FOREX,BUY,5.68,320,0,FILLED,2025-01-17 05:06:55.0
BUY-1763965650523-002364,TRADER-0364,EQUITY,BUY,318.18,221,0,FILLED,2025-01-16 08:15:20.0
BUY-1763965650528-006172,TRADER-0172,FOREX,BUY,9.83,720,0,FILLED,2025-01-18 05:36:16.0
BUY-1763965650529-007239,TRADER-0239,EQUITY,BUY,206.22,358,0,FILLED,2025-01-18 19:11:18.0
BUY-1763965650524-003508,TRADER-0008,EQUITY,BUY,138.67,613,0,FILLED,2025-01-16 22:26:04.0
BUY-1763965650524-003478,TRADER-0478,EQUITY,BUY,319.44,127,0,FILLED,2025-01-16 22:04:01.0
BUY-1763965650529-007308,TRADER-0308,CRYPTO,BUY,2188.2,15,0,FILLED,2025-01-18 19:16:51.0
BUY-1763965650524-003565,TRADER-0065,CRYPTO,BUY,1898.26,5,0,FILLED,2025-01-16 23:03:51.0
BUY-1763965650524-003501,TRADER-0001,FOREX,BUY,7.6,617,0,FILLED,2025-01-16 21:37:58.0
BUY-1763965650525-003959,TRADER-0459,EQUITY,BUY,417.21,151,0,FILLED,2025-01-17 03:20:12.0
BUY-1763965650525-004014,TRADER-0014,FOREX,BUY,5.31,374,0,FILLED,2025-01-17 03:50:59.0
BUY-1763965650529-006791,TRADER-0291,CRYPTO,BUY,2514.27,1,0,FILLED,2025-01-18 13:28:20.0
BUY-1763965650519-000459,TRADER-0459,EQUITY,BUY,300.0,25,0,FILLED,2025-01-15 09:54:49.0
BUY-1763965650526-004424,TRADER-0424,EQUITY,BUY,209.7,385,0,FILLED,2025-01-17 08:41:36.0
BUY-1763965650519-000522,TRADER-0022,EQUITY,BUY,265.35,363,0,FILLED,2025-01-15 10:16:55.0
BUY-1763965650529-006724,TRADER-0224,CRYPTO,BUY,3966.69,7,0,FILLED,2025-01-18 12:22:20.0
BUY-1763965650524-003029,TRADER-0029,FOREX,BUY,9.25,716,0,FILLED,2025-01-16 16:12:29.0
BUY-1763965650528-006102,TRADER-0102,FOREX,BUY,7.37,983,0,FILLED,2025-01-18 05:09:13.0
BUY-1763965650522-002228,TRADER-0228,EQUITY,BUY,420.94,56,0,FILLED,2025-01-16 06:22:45.0
BUY-1763965650520-000988,TRADER-0488,EQUITY,BUY,301.36,199,0,FILLED,2025-01-15 15:24:47.0
BUY-1763965650524-003416,TRADER-0416,EQUITY,BUY,260.36,351,0,FILLED,2025-01-16 20:48:24.0
BUY-1763965650523-002866,TRADER-0366,CRYPTO,BUY,2373.16,16,0,FILLED,2025-01-16 14:14:56.0
BUY-1763965650520-000707,TRADER-0207,CRYPTO,BUY,2324.63,7,0,FILLED,2025-01-15 12:06:42.0
BUY-1763965650526-004566,TRADER-0066,FOREX,BUY,8.8,397,0,FILLED,2025-01-17 11:08:28.0
BUY-1763965650523-002818,TRADER-0318,FOREX,BUY,8.75,473,0,FILLED,2025-01-16 13:56:07.0
BUY-1763965650520-000855,TRADER-0355,CRYPTO,BUY,1791.23,24,0,FILLED,2025-01-15 14:08:22.0
BUY-1763965650526-004465,TRADER-0465,CRYPTO,BUY,3930.57,2,0,FILLED,2025-01-17 09:21:43.0
BUY-1763965650521-001513,TRADER-0013,FOREX,BUY,8.76,244,0,FILLED,2025-01-15 22:00:43.0
BUY-1763965650529-007238,TRADER-0238,FOREX,BUY,9.48,366,0,FILLED,2025-01-18 18:27:41.0
BUY-1763965650528-006096,TRADER-0096,EQUITY,BUY,395.91,249,0,FILLED,2025-01-18 05:14:16.0
BUY-1763965650528-006290,TRADER-0290,EQUITY,BUY,368.6,214,0,FILLED,2025-01-18 07:22:57.0
BUY-1763965650528-006271,TRADER-0271,CRYPTO,BUY,2691.7,17,0,FILLED,2025-01-18 06:53:57.0
BUY-1763965650523-002612,TRADER-0112,FOREX,BUY,7.88,999,0,FILLED,2025-01-16 10:57:19.0
BUY-1763965650521-001197,TRADER-0197,EQUITY,BUY,363.11,84,0,FILLED,2025-01-15 18:47:46.0
BUY-1763965650525-004139,TRADER-0139,CRYPTO,BUY,2079.38,18,0,FILLED,2025-01-17 06:02:57.0
BUY-1763965650527-005696,TRADER-0196,FOREX,BUY,7.56,257,0,FILLED,2025-01-18 00:01:24.0
BUY-1763965650527-005713,TRADER-0213,FOREX,BUY,9.44,989,0,FILLED,2025-01-18 00:55:13.0
BUY-1763965650526-004954,TRADER-0454,EQUITY,BUY,478.82,8,0,FILLED,2025-01-17 15:15:31.0
BUY-1763965650526-004461,TRADER-0461,EQUITY,BUY,346.32,252,0,FILLED,2025-01-17 09:09:08.0
BUY-1763965650523-002561,TRADER-0061,CRYPTO,BUY,1622.87,19,0,FILLED,2025-01-16 10:23:39.0
BUY-1763965650523-002725,TRADER-0225,FOREX,BUY,5.71,787,0,FILLED,2025-01-16 12:56:48.0
BUY-1763965650524-003435,TRADER-0435,EQUITY,BUY,348.39,230,0,FILLED,2025-01-16 21:07:06.0
BUY-1763965650527-005390,TRADER-0390,FOREX,BUY,5.35,971,0,FILLED,2025-01-17 20:33:01.0
BUY-1763965650522-001753,TRADER-0253,CRYPTO,BUY,4037.19,1,0,FILLED,2025-01-16 00:56:53.0
BUY-1763965650529-007286,TRADER-0286,CRYPTO,BUY,620.5,24,0,FILLED,2025-01-18 19:22:50.0
BUY-1763965650527-005149,TRADER-0149,FOREX,BUY,7.32,687,0,FILLED,2025-01-17 17:27:15.0
BUY-1763965650526-004547,TRADER-0047,EQUITY,BUY,221.38,206,0,FILLED,2025-01-17 10:05:44.0
BUY-1763965650526-004533,TRADER-0033,FOREX,BUY,5.06,134,0,FILLED,2025-01-17 10:03:55.0
BUY-1763965650522-001835,TRADER-0335,FOREX,BUY,4.69,254,0,FILLED,2025-01-16 01:33:21.0
BUY-1763965650525-004010,TRADER-0010,EQUITY,BUY,270.24,189,0,FILLED,2025-01-17 04:13:10.0
BUY-1763965650527-005698,TRADER-0198,CRYPTO,BUY,3365.87,12,0,FILLED,2025-01-18 00:08:39.0
BUY-1763965650526-004512,TRADER-0012,CRYPTO,BUY,2867.8,5,0,FILLED,2025-01-17 10:13:11.0
BUY-1763965650523-002371,TRADER-0371,EQUITY,BUY,381.75,76,0,FILLED,2025-01-16 08:12:45.0
BUY-1763965650529-007083,TRADER-0083,CRYPTO,BUY,3152.6,10,0,FILLED,2025-01-18 17:09:04.0
BUY-1763965650527-005792,TRADER-0292,CRYPTO,BUY,3666.75,3,0,FILLED,2025-01-18 01:22:04.0
BUY-1763965650523-002929,TRADER-0429,CRYPTO,BUY,4425.68,2,0,FILLED,2025-01-16 14:50:51.0
BUY-1763965650521-001389,TRADER-0389,FOREX,BUY,5.6,137,0,FILLED,2025-01-15 20:19:24.0
BUY-1763965650522-001918,TRADER-0418,FOREX,BUY,8.09,146,0,FILLED,2025-01-16 03:00:02.0
BUY-1763965650528-006080,TRADER-0080,EQUITY,BUY,447.53,152,0,FILLED,2025-01-18 05:24:17.0
BUY-1763965650524-003624,TRADER-0124,FOREX,BUY,4.7,432,0,FILLED,2025-01-16 23:25:38.0
BUY-1763965650523-002380,TRADER-0380,CRYPTO,BUY,3870.95,8,0,FILLED,2025-01-16 08:32:49.0
BUY-1763965650524-003399,TRADER-0399,CRYPTO,BUY,3789.53,2,0,FILLED,2025-01-16 21:15:07.0
BUY-1763965650520-000923,TRADER-0423,FOREX,BUY,6.9,654,0,FILLED,2025-01-15 14:46:44.0
BUY-1763965650520-001024,TRADER-0024,EQUITY,BUY,338.01,119,0,FILLED,2025-01-15 16:13:52.0
BUY-1763965650528-005858,TRADER-0358,CRYPTO,BUY,1143.06,17,0,FILLED,2025-01-18 02:20:39.0
BUY-1763965650523-002891,TRADER-0391,EQUITY,BUY,215.08,288,0,FILLED,2025-01-16 14:36:27.0
BUY-1763965650523-002435,TRADER-0435,EQUITY,BUY,245.15,174,0,FILLED,2025-01-16 09:24:44.0
BUY-1763965650523-002902,TRADER-0402,EQUITY,BUY,303.65,270,0,FILLED,2025-01-16 14:45:52.0
BUY-1763965650525-004286,TRADER-0286,EQUITY,BUY,373.16,2,0,FILLED,2025-01-17 07:47:50.0
BUY-1763965650525-004264,TRADER-0264,FOREX,BUY,8.66,670,0,FILLED,2025-01-17 07:36:53.0
BUY-1763965650523-002711,TRADER-0211,EQUITY,BUY,373.92,66,0,FILLED,2025-01-16 12:34:41.0
BUY-1763965650523-002686,TRADER-0186,CRYPTO,BUY,1102.86,42,0,FILLED,2025-01-16 12:14:28.0
BUY-1763965650521-001472,TRADER-0472,EQUITY,BUY,138.69,596,0,FILLED,2025-01-15 21:38:40.0
BUY-1763965650523-002489,TRADER-0489,EQUITY,BUY,439.55,137,0,FILLED,2025-01-16 09:25:19.0
BUY-1763965650527-005618,TRADER-0118,EQUITY,BUY,222.97,111,0,FILLED,2025-01-17 23:52:13.0
BUY-1763965650526-004389,TRADER-0389,CRYPTO,BUY,2020.91,10,0,FILLED,2025-01-17 08:10:30.0
BUY-1763965650527-005804,TRADER-0304,FOREX,BUY,8.18,56,0,FILLED,2025-01-18 01:23:08.0
BUY-1763965650526-004959,TRADER-0459,EQUITY,BUY,210.02,392,0,FILLED,2025-01-17 15:11:31.0
BUY-1763965650526-004635,TRADER-0135,CRYPTO,BUY,4914.59,9,0,FILLED,2025-01-17 11:43:35.0
BUY-1763965650529-006842,TRADER-0342,EQUITY,BUY,293.84,323,0,FILLED,2025-01-18 14:15:27.0
BUY-1763965650525-003844,TRADER-0344,FOREX,BUY,5.13,641,0,FILLED,2025-01-17 02:34:56.0
BUY-1763965650527-005512,TRADER-0012,EQUITY,BUY,463.2,23,0,FILLED,2025-01-17 22:10:56.0
BUY-1763965650527-005398,TRADER-0398,CRYPTO,BUY,4443.41,1,0,FILLED,2025-01-17 20:44:44.0
BUY-1763965650529-006705,TRADER-0205,CRYPTO,BUY,4030.46,7,0,FILLED,2025-01-18 12:38:50.0
BUY-1763965650525-004022,TRADER-0022,EQUITY,BUY,454.01,82,0,FILLED,2025-01-17 04:08:00.0
BUY-1763965650520-000722,TRADER-0222,CRYPTO,BUY,4423.93,10,0,FILLED,2025-01-15 12:17:21.0
BUY-1763965650522-002233,TRADER-0233,FOREX,BUY,9.01,890,0,FILLED,2025-01-16 06:59:04.0
BUY-1763965650523-002396,TRADER-0396,CRYPTO,BUY,1098.77,9,0,FILLED,2025-01-16 08:20:05.0
BUY-1763965650525-004367,TRADER-0367,EQUITY,BUY,363.18,124,0,FILLED,2025-01-17 08:15:32.0
BUY-1763965650527-005629,TRADER-0129,EQUITY,BUY,467.42,138,0,FILLED,2025-01-17 23:23:04.0
BUY-1763965650524-003048,TRADER-0048,CRYPTO,BUY,1332.13,1,0,FILLED,2025-01-16 16:52:28.0
BUY-1763965650525-003935,TRADER-0435,FOREX,BUY,7.53,158,0,FILLED,2025-01-17 02:56:51.0
BUY-1763965650522-002136,TRADER-0136,CRYPTO,BUY,582.6,8,0,FILLED,2025-01-16 05:38:56.0
BUY-1763965650525-004275,TRADER-0275,CRYPTO,BUY,3680.15,7,0,FILLED,2025-01-17 07:11:29.0
BUY-1763965650524-003524,TRADER-0024,EQUITY,BUY,157.11,285,0,FILLED,2025-01-16 21:51:49.0
BUY-1763965650526-005049,TRADER-0049,EQUITY,BUY,205.95,100,0,FILLED,2025-01-17 16:16:46.0
BUY-1763965650524-003558,TRADER-0058,EQUITY,BUY,264.89,193,0,FILLED,2025-01-16 23:08:01.0
BUY-1763965650521-001480,TRADER-0480,EQUITY,BUY,421.23,196,0,FILLED,2025-01-15 22:01:05.0
BUY-1763965650527-005164,TRADER-0164,CRYPTO,BUY,2843.62,13,0,FILLED,2025-01-17 18:07:17.0
BUY-1763965650528-006488,TRADER-0488,CRYPTO,BUY,3320.06,9,0,FILLED,2025-01-18 09:32:35.0
BUY-1763965650527-005178,TRADER-0178,CRYPTO,BUY,4792.06,1,0,FILLED,2025-01-17 18:09:06.0
BUY-1763965650521-001136,TRADER-0136,FOREX,BUY,9.49,483,0,FILLED,2025-01-15 18:01:25.0
BUY-1763965650526-004569,TRADER-0069,CRYPTO,BUY,3237.64,7,0,FILLED,2025-01-17 10:27:32.0
BUY-1763965650524-002994,TRADER-0494,FOREX,BUY,6.6,387,0,FILLED,2025-01-16 15:53:51.0
BUY-1763965650528-006563,TRADER-0063,EQUITY,BUY,137.57,409,0,FILLED,2025-01-18 10:28:31.0
BUY-1763965650529-007045,TRADER-0045,EQUITY,BUY,141.18,551,0,FILLED,2025-01-18 16:18:04.0
BUY-1763965650527-005487,TRADER-0487,EQUITY,BUY,145.58,112,0,FILLED,2025-01-17 21:41:17.0
BUY-1763965650523-002626,TRADER-0126,EQUITY,BUY,462.74,178,0,FILLED,2025-01-16 11:07:17.0
BUY-1763965650525-003719,TRADER-0219,FOREX,BUY,9.78,351,0,FILLED,2025-01-17 01:01:55.0
BUY-1763965650527-005439,TRADER-0439,FOREX,BUY,8.73,375,0,FILLED,2025-01-17 20:52:20.0
BUY-1763965650524-003174,TRADER-0174,CRYPTO,BUY,1853.57,9,0,FILLED,2025-01-16 18:32:40.0
BUY-1763965650521-001531,TRADER-0031,CRYPTO,BUY,4415.56,1,0,FILLED,2025-01-15 22:21:04.0
BUY-1763965650522-001609,TRADER-0109,CRYPTO,BUY,3696.7,1,0,FILLED,2025-01-15 23:02:46.0
BUY-1763965650519-000618,TRADER-0118,EQUITY,BUY,184.54,6,0,FILLED,2025-01-15 11:00:00.0
BUY-1763965650526-005045,TRADER-0045,EQUITY,BUY,181.98,394,0,FILLED,2025-01-17 16:31:25.0
BUY-1763965650521-001413,TRADER-0413,EQUITY,BUY,190.07,288,0,FILLED,2025-01-15 20:48:13.0
BUY-1763965650522-002100,TRADER-0100,CRYPTO,BUY,2019.54,21,0,FILLED,2025-01-16 05:36:04.0
BUY-1763965650518-000142,TRADER-0142,EQUITY,BUY,200.0,81,0,FILLED,2025-01-15 05:16:32.0
BUY-1763965650520-000628,TRADER-0128,EQUITY,BUY,454.29,46,0,FILLED,2025-01-15 11:51:35.0
BUY-1763965650520-001034,TRADER-0034,CRYPTO,BUY,3547.76,8,0,FILLED,2025-01-15 15:57:33.0
BUY-1763965650522-001850,TRADER-0350,FOREX,BUY,4.72,847,0,FILLED,2025-01-16 02:06:37.0
BUY-1763965650528-006258,TRADER-0258,CRYPTO,BUY,2957.67,11,0,FILLED,2025-01-18 07:15:19.0
BUY-1763965650523-002733,TRADER-0233,EQUITY,BUY,338.06,24,0,FILLED,2025-01-16 12:39:57.0
BUY-1763965650518-000023,TRADER-0023,EQUITY,BUY,300.0,56,0,FILLED,2025-01-15 04:39:01.0
BUY-1763965650528-006596,TRADER-0096,EQUITY,BUY,349.72,108,0,FILLED,2025-01-18 11:06:55.0
BUY-1763965650520-000740,TRADER-0240,FOREX,BUY,5.77,935,0,FILLED,2025-01-15 13:00:38.0
BUY-1763965650524-003602,TRADER-0102,CRYPTO,BUY,2620.0,4,0,FILLED,2025-01-16 22:58:27.0
BUY-1763965650523-002682,TRADER-0182,FOREX,BUY,9.07,851,0,FILLED,2025-01-16 12:00:51.0
BUY-1763965650525-003724,TRADER-0224,EQUITY,BUY,346.8,252,0,FILLED,2025-01-17 00:41:18.0
BUY-1763965650528-006205,TRADER-0205,EQUITY,BUY,238.78,264,0,FILLED,2025-01-18 06:54:08.0
BUY-1763965650529-006691,TRADER-0191,CRYPTO,BUY,997.07,9,0,FILLED,2025-01-18 12:23:50.0
BUY-1763965650519-000193,TRADER-0193,CRYPTO,BUY,1000.0,13,0,FILLED,2025-01-15 05:58:17.0
BUY-1763965650519-000408,TRADER-0408,EQUITY,BUY,150.0,31,0,FILLED,2025-01-15 09:08:04.0
BUY-1763965650526-004455,TRADER-0455,CRYPTO,BUY,2091.5,20,0,FILLED,2025-01-17 09:34:38.0
BUY-1763965650529-006781,TRADER-0281,FOREX,BUY,8.65,225,0,FILLED,2025-01-18 13:26:18.0
BUY-1763965650528-006278,TRADER-0278,EQUITY,BUY,379.53,147,0,FILLED,2025-01-18 07:34:37.0
BUY-1763965650522-001926,TRADER-0426,CRYPTO,BUY,672.32,49,0,FILLED,2025-01-16 03:10:57.0
BUY-1763965650524-003637,TRADER-0137,EQUITY,BUY,497.18,129,0,FILLED,2025-01-16 23:08:53.0
BUY-1763965650521-001564,TRADER-0064,CRYPTO,BUY,4128.35,3,0,FILLED,2025-01-15 23:04:25.0
BUY-1763965650524-003278,TRADER-0278,CRYPTO,BUY,4528.86,8,0,FILLED,2025-01-16 19:13:25.0
BUY-1763965650519-000409,TRADER-0409,EQUITY,BUY,300.0,25,0,FILLED,2025-01-15 09:09:20.0
BUY-1763965650521-001467,TRADER-0467,EQUITY,BUY,162.86,93,0,FILLED,2025-01-15 21:13:33.0
BUY-1763965650523-002325,TRADER-0325,CRYPTO,BUY,800.01,46,0,FILLED,2025-01-16 07:32:21.0
BUY-1763965650528-006056,TRADER-0056,CRYPTO,BUY,2284.33,13,0,FILLED,2025-01-18 04:55:49.0
BUY-1763965650523-002378,TRADER-0378,FOREX,BUY,5.24,303,0,FILLED,2025-01-16 08:49:48.0
BUY-1763965650523-002940,TRADER-0440,EQUITY,BUY,162.74,472,0,FILLED,2025-01-16 15:46:41.0
BUY-1763965650526-004757,TRADER-0257,CRYPTO,BUY,4668.82,5,0,FILLED,2025-01-17 13:04:38.0
BUY-1763965650527-005299,TRADER-0299,FOREX,BUY,5.39,422,0,FILLED,2025-01-17 19:07:38.0
BUY-1763965650523-002408,TRADER-0408,FOREX,BUY,8.33,82,0,FILLED,2025-01-16 08:30:17.0
BUY-1763965650528-005846,TRADER-0346,CRYPTO,BUY,2081.59,9,0,FILLED,2025-01-18 01:54:55.0
BUY-1763965650519-000262,TRADER-0262,CRYPTO,BUY,1000.0,22,0,FILLED,2025-01-15 06:44:52.0
BUY-1763965650521-001359,TRADER-0359,FOREX,BUY,4.77,243,0,FILLED,2025-01-15 20:45:33.0
BUY-1763965650529-007046,TRADER-0046,EQUITY,BUY,134.95,132,0,FILLED,2025-01-18 16:48:26.0
BUY-1763965650523-002360,TRADER-0360,FOREX,BUY,9.14,778,0,FILLED,2025-01-16 08:11:50.0
BUY-1763965650524-003381,TRADER-0381,EQUITY,BUY,476.92,53,0,FILLED,2025-01-16 20:17:58.0
BUY-1763965650521-001384,TRADER-0384,FOREX,BUY,8.72,579,0,FILLED,2025-01-15 20:23:07.0
BUY-1763965650528-005914,TRADER-0414,CRYPTO,BUY,4695.18,7,0,FILLED,2025-01-18 03:08:04.0
BUY-1763965650525-003762,TRADER-0262,FOREX,BUY,9.16,619,0,FILLED,2025-01-17 01:00:01.0
BUY-1763965650523-002928,TRADER-0428,CRYPTO,BUY,548.87,87,0,FILLED,2025-01-16 14:50:02.0
BUY-1763965650521-001330,TRADER-0330,CRYPTO,BUY,2422.19,2,0,FILLED,2025-01-15 20:02:14.0
BUY-1763965650529-007161,TRADER-0161,FOREX,BUY,7.19,590,0,FILLED,2025-01-18 17:58:03.0
BUY-1763965650520-000991,TRADER-0491,CRYPTO,BUY,4115.4,2,0,FILLED,2025-01-15 15:33:00.0
BUY-1763965650528-005869,TRADER-0369,EQUITY,BUY,170.47,113,0,FILLED,2025-01-18 02:45:59.0
BUY-1763965650528-006195,TRADER-0195,FOREX,BUY,9.35,711,0,FILLED,2025-01-18 06:40:45.0
BUY-1763965650525-004032,TRADER-0032,EQUITY,BUY,454.53,186,0,FILLED,2025-01-17 04:28:09.0
BUY-1763965650525-004382,TRADER-0382,EQUITY,BUY,386.14,113,0,FILLED,2025-01-17 08:48:55.0
BUY-1763965650528-006399,TRADER-0399,FOREX,BUY,4.54,546,0,FILLED,2025-01-18 08:51:17.0
BUY-1763965650525-004371,TRADER-0371,CRYPTO,BUY,3423.46,11,0,FILLED,2025-01-17 08:29:15.0
BUY-1763965650524-003139,TRADER-0139,CRYPTO,BUY,1885.24,5,0,FILLED,2025-01-16 17:11:46.0
BUY-1763965650526-004905,TRADER-0405,EQUITY,BUY,493.75,29,0,FILLED,2025-01-17 14:53:07.0
BUY-1763965650525-004050,TRADER-0050,EQUITY,BUY,239.1,110,0,FILLED,2025-01-17 04:54:33.0
BUY-1763965650527-005197,TRADER-0197,EQUITY,BUY,144.79,584,0,FILLED,2025-01-17 18:43:27.0
BUY-1763965650529-007034,TRADER-0034,EQUITY,BUY,302.51,212,0,FILLED,2025-01-18 16:02:27.0
BUY-1763965650524-003583,TRADER-0083,CRYPTO,BUY,4816.06,5,0,FILLED,2025-01-16 22:50:37.0
BUY-1763965650521-001208,TRADER-0208,CRYPTO,BUY,3457.68,4,0,FILLED,2025-01-15 18:39:53.0
BUY-1763965650526-004801,TRADER-0301,EQUITY,BUY,307.16,77,0,FILLED,2025-01-17 13:56:57.0
BUY-1763965650521-001447,TRADER-0447,FOREX,BUY,8.81,32,0,FILLED,2025-01-15 21:45:28.0
BUY-1763965650525-003867,TRADER-0367,FOREX,BUY,4.6,473,0,FILLED,2025-01-17 02:33:00.0
BUY-1763965650522-001875,TRADER-0375,EQUITY,BUY,389.36,112,0,FILLED,2025-01-16 02:31:21.0
BUY-1763965650522-001851,TRADER-0351,FOREX,BUY,4.34,676,0,FILLED,2025-01-16 02:03:41.0
BUY-1763965650522-001863,TRADER-0363,FOREX,BUY,8.55,99,0,FILLED,2025-01-16 02:06:45.0
BUY-1763965650521-001092,TRADER-0092,EQUITY,BUY,390.67,119,0,FILLED,2025-01-15 17:01:30.0
BUY-1763965650524-003620,TRADER-0120,CRYPTO,BUY,1517.53,11,0,FILLED,2025-01-16 23:39:33.0
BUY-1763965650524-003200,TRADER-0200,FOREX,BUY,6.17,133,0,FILLED,2025-01-16 18:00:55.0
BUY-1763965650520-000690,TRADER-0190,EQUITY,BUY,286.01,254,0,FILLED,2025-01-15 12:09:15.0
BUY-1763965650529-007117,TRADER-0117,EQUITY,BUY,205.43,375,0,FILLED,2025-01-18 16:56:46.0
BUY-1763965650526-004898,TRADER-0398,EQUITY,BUY,449.61,187,0,FILLED,2025-01-17 14:39:26.0
BUY-1763965650525-003858,TRADER-0358,EQUITY,BUY,292.93,244,0,FILLED,2025-01-17 02:34:56.0
BUY-1763965650523-002748,TRADER-0248,EQUITY,BUY,406.24,202,0,FILLED,2025-01-16 13:14:58.0
BUY-1763965650525-004285,TRADER-0285,FOREX,BUY,5.04,708,0,FILLED,2025-01-17 07:12:08.0
BUY-1763965650521-001339,TRADER-0339,FOREX,BUY,6.4,498,0,FILLED,2025-01-15 20:26:34.0
BUY-1763965650524-003306,TRADER-0306,FOREX,BUY,9.13,1,0,FILLED,2025-01-16 19:27:31.0
BUY-1763965650525-004060,TRADER-0060,FOREX,BUY,8.66,824,0,FILLED,2025-01-17 04:25:50.0
BUY-1763965650528-006242,TRADER-0242,EQUITY,BUY,186.8,394,0,FILLED,2025-01-18 07:09:48.0
BUY-1763965650522-001942,TRADER-0442,CRYPTO,BUY,2266.67,21,0,FILLED,2025-01-16 03:22:41.0
BUY-1763965650525-003734,TRADER-0234,CRYPTO,BUY,3001.55,9,0,FILLED,2025-01-17 00:37:38.0
BUY-1763965650528-006311,TRADER-0311,EQUITY,BUY,319.4,58,0,FILLED,2025-01-18 07:28:22.0
BUY-1763965650528-006190,TRADER-0190,EQUITY,BUY,285.8,113,0,FILLED,2025-01-18 06:41:16.0
BUY-1763965650521-001282,TRADER-0282,CRYPTO,BUY,3086.76,12,0,FILLED,2025-01-15 19:24:44.0
BUY-1763965650529-006748,TRADER-0248,EQUITY,BUY,234.69,379,0,FILLED,2025-01-18 13:08:27.0
BUY-1763965650528-006579,TRADER-0079,CRYPTO,BUY,719.83,4,0,FILLED,2025-01-18 11:10:50.0
BUY-1763965650525-004034,TRADER-0034,EQUITY,BUY,347.35,174,0,FILLED,2025-01-17 04:15:37.0
BUY-1763965650527-005371,TRADER-0371,CRYPTO,BUY,4961.82,6,0,FILLED,2025-01-17 20:26:43.0
BUY-1763965650525-003911,TRADER-0411,CRYPTO,BUY,3776.33,11,0,FILLED,2025-01-17 02:50:44.0
BUY-1763965650525-004208,TRADER-0208,CRYPTO,BUY,1125.26,34,0,FILLED,2025-01-17 06:34:55.0
BUY-1763965650522-002133,TRADER-0133,FOREX,BUY,6.9,389,0,FILLED,2025-01-16 05:46:57.0
BUY-1763965650521-001519,TRADER-0019,FOREX,BUY,9.87,200,0,FILLED,2025-01-15 22:14:20.0
BUY-1763965650528-006556,TRADER-0056,CRYPTO,BUY,2386.43,14,0,FILLED,2025-01-18 10:32:49.0
BUY-1763965650525-003822,TRADER-0322,EQUITY,BUY,468.28,102,0,FILLED,2025-01-17 01:26:56.0
BUY-1763965650525-004282,TRADER-0282,CRYPTO,BUY,616.34,17,0,FILLED,2025-01-17 06:56:51.0
BUY-1763965650526-004793,TRADER-0293,FOREX,BUY,4.96,119,0,FILLED,2025-01-17 13:48:48.0
BUY-1763965650521-001462,TRADER-0462,FOREX,BUY,5.13,935,0,FILLED,2025-01-15 21:22:58.0
BUY-1763965650522-002103,TRADER-0103,CRYPTO,BUY,3716.65,7,0,FILLED,2025-01-16 04:58:54.0
BUY-1763965650527-005584,TRADER-0084,EQUITY,BUY,352.79,233,0,FILLED,2025-01-17 22:46:06.0
BUY-1763965650522-001792,TRADER-0292,CRYPTO,BUY,3366.66,11,0,FILLED,2025-01-16 01:07:18.0
BUY-1763965650526-004592,TRADER-0092,EQUITY,BUY,367.77,234,0,FILLED,2025-01-17 10:36:14.0
BUY-1763965650527-005546,TRADER-0046,CRYPTO,BUY,2014.81,14,0,FILLED,2025-01-17 22:32:45.0
BUY-1763965650521-001357,TRADER-0357,CRYPTO,BUY,3550.82,4,0,FILLED,2025-01-15 20:28:25.0
BUY-1763965650524-003199,TRADER-0199,FOREX,BUY,9.36,519,0,FILLED,2025-01-16 18:50:56.0
BUY-1763965650525-003811,TRADER-0311,FOREX,BUY,4.29,733,0,FILLED,2025-01-17 01:18:36.0
BUY-1763965650522-001772,TRADER-0272,CRYPTO,BUY,4154.38,4,0,FILLED,2025-01-16 00:57:46.0
BUY-1763965650526-004722,TRADER-0222,CRYPTO,BUY,2823.27,10,0,FILLED,2025-01-17 13:08:28.0
BUY-1763965650527-005775,TRADER-0275,EQUITY,BUY,289.63,299,0,FILLED,2025-01-18 01:45:57.0
BUY-1763965650526-004411,TRADER-0411,EQUITY,BUY,234.66,220,0,FILLED,2025-01-17 08:55:22.0
BUY-1763965650522-002200,TRADER-0200,EQUITY,BUY,496.13,20,0,FILLED,2025-01-16 06:47:06.0
BUY-1763965650521-001434,TRADER-0434,CRYPTO,BUY,3998.06,3,0,FILLED,2025-01-15 21:23:48.0
BUY-1763965650526-004908,TRADER-0408,EQUITY,BUY,252.32,165,0,FILLED,2025-01-17 14:54:48.0
BUY-1763965650529-006900,TRADER-0400,EQUITY,BUY,433.51,41,0,FILLED,2025-01-18 14:23:34.0
BUY-1763965650522-002077,TRADER-0077,CRYPTO,BUY,2996.14,13,0,FILLED,2025-01-16 04:54:31.0
BUY-1763965650523-002717,TRADER-0217,EQUITY,BUY,223.24,199,0,FILLED,2025-01-16 12:16:01.0
BUY-1763965650519-000383,TRADER-0383,EQUITY,BUY,300.0,52,0,FILLED,2025-01-15 08:41:19.0
BUY-1763965650520-000949,TRADER-0449,FOREX,BUY,8.92,930,0,FILLED,2025-01-15 15:53:14.0
BUY-1763965650528-006201,TRADER-0201,FOREX,BUY,7.54,929,0,FILLED,2025-01-18 06:02:50.0
BUY-1763965650528-006174,TRADER-0174,CRYPTO,BUY,3911.93,1,0,FILLED,2025-01-18 06:21:01.0
BUY-1763965650524-003623,TRADER-0123,FOREX,BUY,9.44,886,0,FILLED,2025-01-16 23:19:45.0
BUY-1763965650525-003904,TRADER-0404,FOREX,BUY,8.87,328,0,FILLED,2025-01-17 02:26:38.0
BUY-1763965650528-005868,TRADER-0368,CRYPTO,BUY,1731.11,21,0,FILLED,2025-01-18 02:16:12.0
BUY-1763965650522-002235,TRADER-0235,FOREX,BUY,7.49,133,0,FILLED,2025-01-16 06:38:54.0
BUY-1763965650529-006985,TRADER-0485,EQUITY,BUY,159.55,412,0,FILLED,2025-01-18 16:07:03.0
BUY-1763965650519-000353,TRADER-0353,EQUITY,BUY,150.0,61,0,FILLED,2025-01-15 08:32:09.0
BUY-1763965650518-000081,TRADER-0081,CRYPTO,BUY,1500.0,15,0,FILLED,2025-01-15 05:22:15.0
BUY-1763965650527-005563,TRADER-0063,CRYPTO,BUY,1687.88,7,0,FILLED,2025-01-17 22:51:17.0
BUY-1763965650529-006851,TRADER-0351,CRYPTO,BUY,1919.76,23,0,FILLED,2025-01-18 14:19:41.0
BUY-1763965650529-007039,TRADER-0039,EQUITY,BUY,455.27,213,0,FILLED,2025-01-18 16:28:44.0
BUY-1763965650524-003163,TRADER-0163,CRYPTO,BUY,4299.55,11,0,FILLED,2025-01-16 18:01:48.0
BUY-1763965650521-001259,TRADER-0259,EQUITY,BUY,285.15,239,0,FILLED,2025-01-15 18:47:22.0
BUY-1763965650524-003652,TRADER-0152,CRYPTO,BUY,3833.51,9,0,FILLED,2025-01-16 23:48:33.0
BUY-1763965650520-000954,TRADER-0454,FOREX,BUY,8.52,230,0,FILLED,2025-01-15 15:01:09.0
BUY-1763965650518-000138,TRADER-0138,EQUITY,BUY,150.0,22,0,FILLED,2025-01-15 06:06:19.0
BUY-1763965650520-001033,TRADER-0033,FOREX,BUY,8.87,321,0,FILLED,2025-01-15 15:58:17.0
BUY-1763965650523-002943,TRADER-0443,FOREX,BUY,5.15,598,0,FILLED,2025-01-16 15:26:00.0
BUY-1763965650521-001345,TRADER-0345,FOREX,BUY,7.91,40,0,FILLED,2025-01-15 19:52:46.0
BUY-1763965650523-002269,TRADER-0269,CRYPTO,BUY,3724.03,13,0,FILLED,2025-01-16 07:16:45.0
BUY-1763965650528-006043,TRADER-0043,FOREX,BUY,4.93,940,0,FILLED,2025-01-18 04:25:51.0
BUY-1763965650525-004129,TRADER-0129,EQUITY,BUY,330.73,84,0,FILLED,2025-01-17 05:35:56.0
BUY-1763965650527-005800,TRADER-0300,CRYPTO,BUY,1816.65,26,0,FILLED,2025-01-18 01:25:30.0
BUY-1763965650529-007256,TRADER-0256,EQUITY,BUY,448.11,208,0,FILLED,2025-01-18 18:46:33.0
BUY-1763965650526-005075,TRADER-0075,FOREX,BUY,8.66,507,0,FILLED,2025-01-17 16:40:37.0
BUY-1763965650523-002637,TRADER-0137,EQUITY,BUY,209.62,330,0,FILLED,2025-01-16 11:26:16.0
BUY-1763965650518-000118,TRADER-0118,EQUITY,BUY,250.0,107,0,FILLED,2025-01-15 04:58:40.0
BUY-1763965650523-002783,TRADER-0283,FOREX,BUY,6.0,186,0,FILLED,2025-01-16 12:53:52.0
BUY-1763965650528-006211,TRADER-0211,EQUITY,BUY,362.02,42,0,FILLED,2025-01-18 06:52:28.0
BUY-1763965650525-004061,TRADER-0061,CRYPTO,BUY,586.96,50,0,FILLED,2025-01-17 05:10:04.0
BUY-1763965650529-006854,TRADER-0354,EQUITY,BUY,484.22,152,0,FILLED,2025-01-18 13:49:27.0
BUY-1763965650522-001747,TRADER-0247,EQUITY,BUY,438.29,30,0,FILLED,2025-01-16 00:40:20.0
BUY-1763965650528-006143,TRADER-0143,EQUITY,BUY,177.17,1,0,FILLED,2025-01-18 06:06:04.0
BUY-1763965650525-003746,TRADER-0246,EQUITY,BUY,478.05,59,0,FILLED,2025-01-17 00:51:58.0
BUY-1763965650528-006075,TRADER-0075,CRYPTO,BUY,2218.35,9,0,FILLED,2025-01-18 04:37:05.0
BUY-1763965650528-006281,TRADER-0281,CRYPTO,BUY,2704.51,6,0,FILLED,2025-01-18 07:25:22.0
BUY-1763965650522-002055,TRADER-0055,EQUITY,BUY,183.14,54,0,FILLED,2025-01-16 04:47:48.0
BUY-1763965650526-004756,TRADER-0256,FOREX,BUY,9.75,323,0,FILLED,2025-01-17 12:36:26.0
BUY-1763965650528-006283,TRADER-0283,CRYPTO,BUY,857.6,3,0,FILLED,2025-01-18 07:18:58.0
BUY-1763965650522-001860,TRADER-0360,FOREX,BUY,4.62,973,0,FILLED,2025-01-16 02:41:06.0
BUY-1763965650529-007243,TRADER-0243,FOREX,BUY,6.6,182,0,FILLED,2025-01-18 19:00:24.0
BUY-1763965650522-002147,TRADER-0147,EQUITY,BUY,321.67,54,0,FILLED,2025-01-16 06:09:16.0
BUY-1763965650527-005287,TRADER-0287,EQUITY,BUY,469.98,64,0,FILLED,2025-01-17 19:07:46.0
BUY-1763965650526-004408,TRADER-0408,EQUITY,BUY,152.41,649,0,FILLED,2025-01-17 09:15:21.0
BUY-1763965650523-002749,TRADER-0249,CRYPTO,BUY,683.45,21,0,FILLED,2025-01-16 12:44:51.0
BUY-1763965650522-001624,TRADER-0124,EQUITY,BUY,197.36,71,0,FILLED,2025-01-15 23:44:07.0
BUY-1763965650524-003585,TRADER-0085,EQUITY,BUY,188.99,372,0,FILLED,2025-01-16 23:19:03.0
BUY-1763965650519-000500,TRADER-0000,FOREX,BUY,5.92,788,0,FILLED,2025-01-15 09:33:36.0
BUY-1763965650523-002414,TRADER-0414,EQUITY,BUY,185.36,491,0,FILLED,2025-01-16 08:59:11.0
BUY-1763965650523-002683,TRADER-0183,EQUITY,BUY,269.92,177,0,FILLED,2025-01-16 12:35:40.0
BUY-1763965650528-005959,TRADER-0459,FOREX,BUY,6.37,269,0,FILLED,2025-01-18 03:35:41.0
BUY-1763965650522-001990,TRADER-0490,FOREX,BUY,4.93,681,0,FILLED,2025-01-16 03:27:05.0
BUY-1763965650523-002946,TRADER-0446,EQUITY,BUY,281.96,160,0,FILLED,2025-01-16 15:42:59.0
BUY-1763965650526-005032,TRADER-0032,EQUITY,BUY,343.92,236,0,FILLED,2025-01-17 16:08:19.0
BUY-1763965650525-004036,TRADER-0036,FOREX,BUY,9.71,550,0,FILLED,2025-01-17 04:34:37.0
BUY-1763965650528-006025,TRADER-0025,EQUITY,BUY,297.36,110,0,FILLED,2025-01-18 04:39:33.0
BUY-1763965650529-006743,TRADER-0243,CRYPTO,BUY,1307.05,4,0,FILLED,2025-01-18 12:26:52.0
BUY-1763965650526-004748,TRADER-0248,EQUITY,BUY,459.81,37,0,FILLED,2025-01-17 12:52:21.0
BUY-1763965650529-007268,TRADER-0268,EQUITY,BUY,146.08,556,0,FILLED,2025-01-18 19:10:34.0
BUY-1763965650526-004443,TRADER-0443,CRYPTO,BUY,4039.22,4,0,FILLED,2025-01-17 08:57:32.0
BUY-1763965650529-006837,TRADER-0337,FOREX,BUY,5.21,573,0,FILLED,2025-01-18 14:08:54.0
BUY-1763965650528-006602,TRADER-0102,CRYPTO,BUY,4425.11,9,0,FILLED,2025-01-18 11:27:48.0
BUY-1763965650525-004159,TRADER-0159,EQUITY,BUY,461.19,150,0,FILLED,2025-01-17 06:19:57.0
BUY-1763965650524-003027,TRADER-0027,FOREX,BUY,7.16,199,0,FILLED,2025-01-16 16:16:55.0
BUY-1763965650524-003361,TRADER-0361,CRYPTO,BUY,2151.05,10,0,FILLED,2025-01-16 20:22:25.0
BUY-1763965650521-001579,TRADER-0079,CRYPTO,BUY,4472.39,9,0,FILLED,2025-01-15 22:43:56.0
BUY-1763965650527-005412,TRADER-0412,FOREX,BUY,7.96,437,0,FILLED,2025-01-17 20:32:47.0
BUY-1763965650522-001765,TRADER-0265,EQUITY,BUY,442.11,54,0,FILLED,2025-01-16 01:12:25.0
BUY-1763965650529-007428,TRADER-0428,EQUITY,BUY,202.68,196,0,FILLED,2025-01-18 21:29:55.0
BUY-1763965650523-002552,TRADER-0052,FOREX,BUY,7.63,275,0,FILLED,2025-01-16 10:58:55.0
BUY-1763965650526-004798,TRADER-0298,FOREX,BUY,9.56,742,0,FILLED,2025-01-17 13:54:54.0
BUY-1763965650524-003321,TRADER-0321,EQUITY,BUY,343.52,138,0,FILLED,2025-01-16 19:23:15.0
BUY-1763965650528-006433,TRADER-0433,FOREX,BUY,9.96,191,0,FILLED,2025-01-18 09:07:09.0
BUY-1763965650528-006420,TRADER-0420,CRYPTO,BUY,1643.31,22,0,FILLED,2025-01-18 09:01:28.0
BUY-1763965650528-006073,TRADER-0073,EQUITY,BUY,330.97,13,0,FILLED,2025-01-18 05:19:33.0
BUY-1763965650520-000974,TRADER-0474,EQUITY,BUY,202.88,472,0,FILLED,2025-01-15 15:38:22.0
BUY-1763965650523-002781,TRADER-0281,FOREX,BUY,9.47,641,0,FILLED,2025-01-16 13:43:55.0
BUY-1763965650529-006869,TRADER-0369,CRYPTO,BUY,4919.8,6,0,FILLED,2025-01-18 14:13:24.0
BUY-1763965650521-001538,TRADER-0038,FOREX,BUY,7.79,505,0,FILLED,2025-01-15 22:28:22.0
BUY-1763965650520-001042,TRADER-0042,FOREX,BUY,7.96,897,0,FILLED,2025-01-15 16:50:29.0
BUY-1763965650520-000874,TRADER-0374,FOREX,BUY,6.16,8,0,FILLED,2025-01-15 14:36:42.0
BUY-1763965650524-003647,TRADER-0147,CRYPTO,BUY,1161.24,18,0,FILLED,2025-01-16 23:15:57.0
BUY-1763965650526-004442,TRADER-0442,CRYPTO,BUY,2962.16,15,0,FILLED,2025-01-17 09:43:25.0
BUY-1763965650529-006714,TRADER-0214,CRYPTO,BUY,3958.66,11,0,FILLED,2025-01-18 12:20:55.0
BUY-1763965650529-006998,TRADER-0498,FOREX,BUY,7.47,830,0,FILLED,2025-01-18 16:16:40.0
BUY-1763965650526-004557,TRADER-0057,EQUITY,BUY,398.93,116,0,FILLED,2025-01-17 10:40:56.0
BUY-1763965650526-004519,TRADER-0019,FOREX,BUY,5.51,513,0,FILLED,2025-01-17 10:37:13.0
BUY-1763965650529-007360,TRADER-0360,EQUITY,BUY,494.12,43,0,FILLED,2025-01-18 20:05:38.0
BUY-1763965650525-003744,TRADER-0244,FOREX,BUY,6.9,999,0,FILLED,2025-01-17 01:15:45.0
BUY-1763965650529-007395,TRADER-0395,CRYPTO,BUY,2147.97,10,0,FILLED,2025-01-18 20:26:19.0
BUY-1763965650529-007499,TRADER-0499,CRYPTO,BUY,990.09,11,0,FILLED,2025-01-18 21:53:01.0
BUY-1763965650521-001433,TRADER-0433,EQUITY,BUY,186.26,370,0,FILLED,2025-01-15 20:55:18.0
BUY-1763965650524-003249,TRADER-0249,FOREX,BUY,9.03,876,0,FILLED,2025-01-16 18:30:10.0
BUY-1763965650529-007080,TRADER-0080,CRYPTO,BUY,444.76,90,0,FILLED,2025-01-18 16:45:31.0
BUY-1763965650525-004353,TRADER-0353,CRYPTO,BUY,4777.12,9,0,FILLED,2025-01-17 08:39:27.0
BUY-1763965650526-004468,TRADER-0468,EQUITY,BUY,272.31,292,0,FILLED,2025-01-17 09:58:27.0
BUY-1763965650523-002329,TRADER-0329,EQUITY,BUY,297.6,131,0,FILLED,2025-01-16 07:57:45.0
BUY-1763965650528-006346,TRADER-0346,CRYPTO,BUY,1367.07,27,0,FILLED,2025-01-18 08:16:40.0
BUY-1763965650524-003562,TRADER-0062,EQUITY,BUY,337.11,9,0,FILLED,2025-01-16 22:33:36.0
BUY-1763965650529-007426,TRADER-0426,CRYPTO,BUY,2347.02,9,0,FILLED,2025-01-18 20:54:16.0
BUY-1763965650526-005066,TRADER-0066,CRYPTO,BUY,1393.84,8,0,FILLED,2025-01-17 17:11:43.0
BUY-1763965650523-002715,TRADER-0215,FOREX,BUY,9.28,131,0,FILLED,2025-01-16 12:13:23.0
BUY-1763965650525-004192,TRADER-0192,CRYPTO,BUY,3224.72,5,0,FILLED,2025-01-17 06:06:32.0
BUY-1763965650520-000995,TRADER-0495,FOREX,BUY,7.76,242,0,FILLED,2025-01-15 16:20:25.0
BUY-1763965650526-004441,TRADER-0441,FOREX,BUY,7.93,285,0,FILLED,2025-01-17 09:25:40.0
BUY-1763965650519-000601,TRADER-0101,CRYPTO,BUY,3168.02,10,0,FILLED,2025-01-15 10:58:05.0
BUY-1763965650519-000485,TRADER-0485,EQUITY,BUY,250.0,79,0,FILLED,2025-01-15 09:42:21.0
BUY-1763965650529-007006,TRADER-0006,CRYPTO,BUY,4442.98,3,0,FILLED,2025-01-18 16:06:45.0
BUY-1763965650522-002226,TRADER-0226,CRYPTO,BUY,646.09,69,0,FILLED,2025-01-16 06:55:51.0
BUY-1763965650529-007081,TRADER-0081,CRYPTO,BUY,4937.29,2,0,FILLED,2025-01-18 17:02:31.0
BUY-1763965650527-005403,TRADER-0403,FOREX,BUY,8.46,136,0,FILLED,2025-01-17 21:09:53.0
BUY-1763965650522-002106,TRADER-0106,EQUITY,BUY,168.03,219,0,FILLED,2025-01-16 04:53:48.0
BUY-1763965650527-005799,TRADER-0299,FOREX,BUY,6.02,313,0,FILLED,2025-01-18 01:53:38.0
BUY-1763965650526-004712,TRADER-0212,FOREX,BUY,6.75,108,0,FILLED,2025-01-17 12:26:09.0
BUY-1763965650529-006773,TRADER-0273,CRYPTO,BUY,1622.26,15,0,FILLED,2025-01-18 12:59:15.0
BUY-1763965650520-001043,TRADER-0043,CRYPTO,BUY,2242.72,13,0,FILLED,2025-01-15 16:35:26.0
BUY-1763965650527-005666,TRADER-0166,FOREX,BUY,9.4,485,0,FILLED,2025-01-18 00:29:12.0
BUY-1763965650521-001589,TRADER-0089,EQUITY,BUY,341.85,67,0,FILLED,2025-01-15 22:42:13.0
BUY-1763965650528-006040,TRADER-0040,CRYPTO,BUY,2603.51,4,0,FILLED,2025-01-18 04:55:57.0
BUY-1763965650528-006480,TRADER-0480,CRYPTO,BUY,1130.78,22,0,FILLED,2025-01-18 10:02:22.0
BUY-1763965650518-000013,TRADER-0013,CRYPTO,BUY,1500.0,21,0,FILLED,2025-01-15 04:10:37.0
BUY-1763965650521-001420,TRADER-0420,EQUITY,BUY,461.49,63,0,FILLED,2025-01-15 20:53:46.0
BUY-1763965650523-002623,TRADER-0123,EQUITY,BUY,413.13,226,0,FILLED,2025-01-16 11:58:07.0
BUY-1763965650525-004346,TRADER-0346,EQUITY,BUY,204.83,215,0,FILLED,2025-01-17 08:07:35.0
BUY-1763965650524-003447,TRADER-0447,CRYPTO,BUY,2477.4,19,0,FILLED,2025-01-16 21:29:51.0
BUY-1763965650524-003425,TRADER-0425,EQUITY,BUY,265.3,108,0,FILLED,2025-01-16 21:07:51.0
BUY-1763965650529-006924,TRADER-0424,CRYPTO,BUY,532.52,55,0,FILLED,2025-01-18 15:34:14.0
BUY-1763965650528-006367,TRADER-0367,CRYPTO,BUY,4347.93,6,0,FILLED,2025-01-18 08:10:24.0
BUY-1763965650525-004049,TRADER-0049,EQUITY,BUY,228.94,72,0,FILLED,2025-01-17 04:39:54.0
BUY-1763965650525-004153,TRADER-0153,FOREX,BUY,9.75,245,0,FILLED,2025-01-17 05:34:15.0
BUY-1763965650527-005782,TRADER-0282,FOREX,BUY,6.63,991,0,FILLED,2025-01-18 01:11:02.0
BUY-1763965650523-002266,TRADER-0266,FOREX,BUY,6.89,331,0,FILLED,2025-01-16 07:19:40.0
BUY-1763965650527-005168,TRADER-0168,FOREX,BUY,4.9,673,0,FILLED,2025-01-17 18:04:01.0
BUY-1763965650528-006504,TRADER-0004,FOREX,BUY,4.9,531,0,FILLED,2025-01-18 10:26:31.0
BUY-1763965650525-003871,TRADER-0371,CRYPTO,BUY,3178.8,13,0,FILLED,2025-01-17 02:45:27.0
BUY-1763965650529-006927,TRADER-0427,CRYPTO,BUY,1721.1,27,0,FILLED,2025-01-18 15:17:13.0
BUY-1763965650521-001438,TRADER-0438,FOREX,BUY,6.4,585,0,FILLED,2025-01-15 21:06:34.0
BUY-1763965650526-004469,TRADER-0469,EQUITY,BUY,417.03,180,0,FILLED,2025-01-17 10:02:46.0
BUY-1763965650523-002415,TRADER-0415,EQUITY,BUY,193.31,306,0,FILLED,2025-01-16 08:41:33.0
BUY-1763965650526-004732,TRADER-0232,FOREX,BUY,5.99,982,0,FILLED,2025-01-17 12:50:03.0
BUY-1763965650528-005888,TRADER-0388,FOREX,BUY,5.82,375,0,FILLED,2025-01-18 02:48:36.0
BUY-1763965650527-005520,TRADER-0020,CRYPTO,BUY,623.56,55,0,FILLED,2025-01-17 21:47:40.0
BUY-1763965650520-000985,TRADER-0485,FOREX,BUY,6.36,635,0,FILLED,2025-01-15 16:04:05.0
BUY-1763965650526-005052,TRADER-0052,EQUITY,BUY,177.58,449,0,FILLED,2025-01-17 16:46:33.0
BUY-1763965650524-003158,TRADER-0158,EQUITY,BUY,407.28,166,0,FILLED,2025-01-16 18:19:05.0
BUY-1763965650528-006036,TRADER-0036,FOREX,BUY,7.22,413,0,FILLED,2025-01-18 04:13:11.0
BUY-1763965650523-002776,TRADER-0276,EQUITY,BUY,321.81,174,0,FILLED,2025-01-16 13:34:06.0
BUY-1763965650528-005966,TRADER-0466,FOREX,BUY,8.9,822,0,FILLED,2025-01-18 03:51:48.0
BUY-1763965650518-000008,TRADER-0008,EQUITY,BUY,300.0,85,0,FILLED,2025-01-15 04:23:02.0
BUY-1763965650526-004765,TRADER-0265,EQUITY,BUY,370.38,267,0,FILLED,2025-01-17 12:48:40.0
BUY-1763965650525-003992,TRADER-0492,FOREX,BUY,9.46,498,0,FILLED,2025-01-17 03:26:10.0
BUY-1763965650523-002485,TRADER-0485,FOREX,BUY,4.72,657,0,FILLED,2025-01-16 09:57:48.0
BUY-1763965650526-004980,TRADER-0480,FOREX,BUY,6.89,872,0,FILLED,2025-01-17 15:20:00.0
BUY-1763965650527-005518,TRADER-0018,EQUITY,BUY,168.56,547,0,FILLED,2025-01-17 21:51:59.0
BUY-1763965650529-007206,TRADER-0206,CRYPTO,BUY,2846.53,8,0,FILLED,2025-01-18 18:29:51.0
BUY-1763965650523-002476,TRADER-0476,FOREX,BUY,5.73,598,0,FILLED,2025-01-16 09:27:29.0
BUY-1763965650529-006686,TRADER-0186,CRYPTO,BUY,1967.54,6,0,FILLED,2025-01-18 12:34:59.0
BUY-1763965650524-003122,TRADER-0122,CRYPTO,BUY,2357.32,6,0,FILLED,2025-01-16 17:26:35.0
BUY-1763965650529-006966,TRADER-0466,EQUITY,BUY,144.23,309,0,FILLED,2025-01-18 15:27:36.0
BUY-1763965650527-005249,TRADER-0249,FOREX,BUY,9.91,321,0,FILLED,2025-01-17 18:31:57.0
BUY-1763965650519-000602,TRADER-0102,CRYPTO,BUY,4428.08,11,0,FILLED,2025-01-15 11:20:14.0
BUY-1763965650527-005574,TRADER-0074,CRYPTO,BUY,4743.58,4,0,FILLED,2025-01-17 22:28:34.0
BUY-1763965650522-001704,TRADER-0204,FOREX,BUY,7.12,20,0,FILLED,2025-01-16 00:01:36.0
BUY-1763965650528-006607,TRADER-0107,CRYPTO,BUY,1083.27,12,0,FILLED,2025-01-18 11:31:17.0
BUY-1763965650529-007133,TRADER-0133,CRYPTO,BUY,1218.62,2,0,FILLED,2025-01-18 17:37:57.0
BUY-1763965650526-004857,TRADER-0357,CRYPTO,BUY,1075.49,32,0,FILLED,2025-01-17 14:26:35.0
BUY-1763965650527-005322,TRADER-0322,EQUITY,BUY,391.45,115,0,FILLED,2025-01-17 20:06:03.0
BUY-1763965650522-001783,TRADER-0283,FOREX,BUY,5.09,547,0,FILLED,2025-01-16 01:36:12.0
BUY-1763965650520-000636,TRADER-0136,FOREX,BUY,5.32,844,0,FILLED,2025-01-15 11:40:12.0
BUY-1763965650526-004696,TRADER-0196,EQUITY,BUY,239.7,403,0,FILLED,2025-01-17 12:41:09.0
BUY-1763965650522-001807,TRADER-0307,EQUITY,BUY,242.81,96,0,FILLED,2025-01-16 01:53:13.0
BUY-1763965650522-002010,TRADER-0010,EQUITY,BUY,386.81,53,0,FILLED,2025-01-16 04:36:20.0
BUY-1763965650529-006816,TRADER-0316,EQUITY,BUY,146.53,504,0,FILLED,2025-01-18 13:46:14.0
BUY-1763965650528-006601,TRADER-0101,EQUITY,BUY,156.77,120,0,FILLED,2025-01-18 11:41:22.0
BUY-1763965650527-005493,TRADER-0493,CRYPTO,BUY,2889.0,17,0,FILLED,2025-01-17 21:34:27.0
BUY-1763965650526-004758,TRADER-0258,FOREX,BUY,6.85,617,0,FILLED,2025-01-17 13:18:05.0
BUY-1763965650525-004205,TRADER-0205,EQUITY,BUY,492.16,24,0,FILLED,2025-01-17 06:27:42.0
BUY-1763965650523-002423,TRADER-0423,FOREX,BUY,9.42,13,0,FILLED,2025-01-16 08:57:46.0
BUY-1763965650529-007138,TRADER-0138,CRYPTO,BUY,2724.65,4,0,FILLED,2025-01-18 17:09:44.0
BUY-1763965650523-002792,TRADER-0292,CRYPTO,BUY,2833.69,16,0,FILLED,2025-01-16 13:51:49.0
BUY-1763965650524-003232,TRADER-0232,EQUITY,BUY,137.46,42,0,FILLED,2025-01-16 18:44:45.0
BUY-1763965650523-002764,TRADER-0264,FOREX,BUY,8.81,572,0,FILLED,2025-01-16 13:02:27.0
BUY-1763965650520-000645,TRADER-0145,EQUITY,BUY,254.35,128,0,FILLED,2025-01-15 11:59:50.0
BUY-1763965650527-005565,TRADER-0065,FOREX,BUY,4.49,95,0,FILLED,2025-01-17 22:36:25.0
BUY-1763965650528-006188,TRADER-0188,FOREX,BUY,7.88,779,0,FILLED,2025-01-18 05:48:57.0
BUY-1763965650523-002493,TRADER-0493,EQUITY,BUY,430.0,42,0,FILLED,2025-01-16 09:34:49.0
BUY-1763965650528-006479,TRADER-0479,CRYPTO,BUY,1605.59,22,0,FILLED,2025-01-18 09:14:54.0
BUY-1763965650523-002796,TRADER-0296,CRYPTO,BUY,2512.69,6,0,FILLED,2025-01-16 13:30:14.0
BUY-1763965650529-006805,TRADER-0305,CRYPTO,BUY,1775.02,7,0,FILLED,2025-01-18 13:20:35.0
BUY-1763965650527-005438,TRADER-0438,EQUITY,BUY,195.35,495,0,FILLED,2025-01-17 21:35:24.0
BUY-1763965650523-002307,TRADER-0307,FOREX,BUY,6.13,537,0,FILLED,2025-01-16 07:27:13.0
BUY-1763965650528-006364,TRADER-0364,CRYPTO,BUY,1312.3,25,0,FILLED,2025-01-18 07:54:20.0
BUY-1763965650523-002811,TRADER-0311,FOREX,BUY,5.96,6,0,FILLED,2025-01-16 13:30:24.0
BUY-1763965650519-000613,TRADER-0113,FOREX,BUY,8.73,871,0,FILLED,2025-01-15 11:17:35.0
BUY-1763965650528-006135,TRADER-0135,CRYPTO,BUY,1033.27,26,0,FILLED,2025-01-18 05:28:22.0
BUY-1763965650519-000299,TRADER-0299,EQUITY,BUY,250.0,101,0,FILLED,2025-01-15 07:29:00.0
BUY-1763965650524-003584,TRADER-0084,CRYPTO,BUY,2281.65,1,0,FILLED,2025-01-16 22:46:30.0
BUY-1763965650528-005843,TRADER-0343,CRYPTO,BUY,3404.36,14,0,FILLED,2025-01-18 02:15:58.0
BUY-1763965650523-002865,TRADER-0365,CRYPTO,BUY,4008.18,11,0,FILLED,2025-01-16 14:46:03.0
BUY-1763965650521-001111,TRADER-0111,CRYPTO,BUY,1338.63,32,0,FILLED,2025-01-15 16:52:28.0
BUY-1763965650520-001050,TRADER-0050,EQUITY,BUY,159.03,141,0,FILLED,2025-01-15 16:09:35.0
BUY-1763965650521-001468,TRADER-0468,FOREX,BUY,5.55,565,0,FILLED,2025-01-15 21:18:21.0
BUY-1763965650522-002084,TRADER-0084,CRYPTO,BUY,514.98,2,0,FILLED,2025-01-16 05:03:39.0
BUY-1763965650528-006268,TRADER-0268,EQUITY,BUY,239.99,155,0,FILLED,2025-01-18 06:46:45.0
BUY-1763965650525-004007,TRADER-0007,EQUITY,BUY,403.85,64,0,FILLED,2025-01-17 04:01:04.0
BUY-1763965650521-001402,TRADER-0402,FOREX,BUY,8.93,437,0,FILLED,2025-01-15 20:21:08.0
BUY-1763965650528-006573,TRADER-0073,CRYPTO,BUY,2233.77,5,0,FILLED,2025-01-18 11:01:24.0
BUY-1763965650525-004197,TRADER-0197,EQUITY,BUY,297.88,201,0,FILLED,2025-01-17 06:40:59.0
BUY-1763965650523-002767,TRADER-0267,CRYPTO,BUY,2955.56,8,0,FILLED,2025-01-16 12:51:59.0
BUY-1763965650525-004019,TRADER-0019,CRYPTO,BUY,3387.49,12,0,FILLED,2025-01-17 04:20:56.0
BUY-1763965650528-006127,TRADER-0127,EQUITY,BUY,140.11,503,0,FILLED,2025-01-18 05:11:47.0
BUY-1763965650525-004195,TRADER-0195,CRYPTO,BUY,4451.29,9,0,FILLED,2025-01-17 06:17:17.0
BUY-1763965650529-007176,TRADER-0176,EQUITY,BUY,298.45,335,0,FILLED,2025-01-18 18:29:05.0
BUY-1763965650525-003996,TRADER-0496,FOREX,BUY,9.25,970,0,FILLED,2025-01-17 03:49:47.0
BUY-1763965650521-001084,TRADER-0084,EQUITY,BUY,413.36,57,0,FILLED,2025-01-15 17:15:45.0
BUY-1763965650520-000682,TRADER-0182,FOREX,BUY,9.12,580,0,FILLED,2025-01-15 11:46:50.0
BUY-1763965650529-007013,TRADER-0013,FOREX,BUY,9.87,950,0,FILLED,2025-01-18 16:19:00.0
BUY-1763965650527-005278,TRADER-0278,EQUITY,BUY,445.8,186,0,FILLED,2025-01-17 19:28:36.0
BUY-1763965650525-003774,TRADER-0274,EQUITY,BUY,293.36,105,0,FILLED,2025-01-17 01:07:02.0
BUY-1763965650529-007180,TRADER-0180,EQUITY,BUY,337.18,106,0,FILLED,2025-01-18 17:40:42.0
BUY-1763965650529-006898,TRADER-0398,FOREX,BUY,4.79,960,0,FILLED,2025-01-18 14:59:36.0
BUY-1763965650525-003986,TRADER-0486,CRYPTO,BUY,2366.72,4,0,FILLED,2025-01-17 03:28:31.0
BUY-1763965650527-005550,TRADER-0050,EQUITY,BUY,459.96,95,0,FILLED,2025-01-17 22:06:05.0
BUY-1763965650523-002551,TRADER-0051,EQUITY,BUY,326.05,49,0,FILLED,2025-01-16 10:35:06.0
BUY-1763965650522-002132,TRADER-0132,CRYPTO,BUY,1628.23,6,0,FILLED,2025-01-16 05:42:39.0
BUY-1763965650529-006698,TRADER-0198,FOREX,BUY,9.03,147,0,FILLED,2025-01-18 12:36:33.0
BUY-1763965650527-005564,TRADER-0064,CRYPTO,BUY,725.08,44,0,FILLED,2025-01-17 23:07:15.0
BUY-1763965650528-006376,TRADER-0376,EQUITY,BUY,221.82,145,0,FILLED,2025-01-18 08:41:49.0
BUY-1763965650522-001646,TRADER-0146,EQUITY,BUY,440.13,27,0,FILLED,2025-01-15 23:33:49.0
BUY-1763965650522-002192,TRADER-0192,CRYPTO,BUY,3443.85,14,0,FILLED,2025-01-16 06:14:45.0
BUY-1763965650522-002210,TRADER-0210,CRYPTO,BUY,688.56,7,0,FILLED,2025-01-16 06:34:34.0
BUY-1763965650529-006905,TRADER-0405,CRYPTO,BUY,2359.21,18,0,FILLED,2025-01-18 14:26:43.0
BUY-1763965650519-000183,TRADER-0183,EQUITY,BUY,300.0,21,0,FILLED,2025-01-15 05:49:39.0
BUY-1763965650525-003704,TRADER-0204,EQUITY,BUY,229.43,19,0,FILLED,2025-01-17 00:49:15.0
BUY-1763965650521-001293,TRADER-0293,EQUITY,BUY,163.81,58,0,FILLED,2025-01-15 19:41:30.0
BUY-1763965650528-005899,TRADER-0399,FOREX,BUY,9.65,844,0,FILLED,2025-01-18 03:06:38.0
BUY-1763965650525-003805,TRADER-0305,CRYPTO,BUY,1777.86,10,0,FILLED,2025-01-17 01:28:28.0
BUY-1763965650522-002158,TRADER-0158,FOREX,BUY,8.68,793,0,FILLED,2025-01-16 06:21:55.0
BUY-1763965650523-002624,TRADER-0124,EQUITY,BUY,387.89,244,0,FILLED,2025-01-16 11:40:23.0
BUY-1763965650526-004847,TRADER-0347,CRYPTO,BUY,2486.53,9,0,FILLED,2025-01-17 13:41:46.0
BUY-1763965650519-000567,TRADER-0067,CRYPTO,BUY,1688.33,1,0,FILLED,2025-01-15 11:01:17.0
BUY-1763965650528-005961,TRADER-0461,CRYPTO,BUY,4918.52,4,0,FILLED,2025-01-18 03:20:12.0
BUY-1763965650522-001865,TRADER-0365,FOREX,BUY,5.07,457,0,FILLED,2025-01-16 02:42:29.0
BUY-1763965650524-003045,TRADER-0045,FOREX,BUY,5.86,694,0,FILLED,2025-01-16 16:48:05.0
BUY-1763965650529-007482,TRADER-0482,CRYPTO,BUY,3945.06,2,0,FILLED,2025-01-18 22:14:34.0
BUY-1763965650528-006186,TRADER-0186,FOREX,BUY,9.31,895,0,FILLED,2025-01-18 05:54:07.0
BUY-1763965650520-000785,TRADER-0285,EQUITY,BUY,388.44,226,0,FILLED,2025-01-15 13:10:51.0
BUY-1763965650525-004097,TRADER-0097,CRYPTO,BUY,876.53,47,0,FILLED,2025-01-17 05:22:18.0
BUY-1763965650527-005236,TRADER-0236,EQUITY,BUY,180.68,5,0,FILLED,2025-01-17 18:54:25.0
BUY-1763965650529-007070,TRADER-0070,CRYPTO,BUY,494.06,75,0,FILLED,2025-01-18 17:01:00.0
BUY-1763965650529-007415,TRADER-0415,FOREX,BUY,9.28,286,0,FILLED,2025-01-18 20:51:19.0
BUY-1763965650524-003598,TRADER-0098,EQUITY,BUY,480.97,30,0,FILLED,2025-01-16 23:01:25.0
BUY-1763965650523-002962,TRADER-0462,CRYPTO,BUY,2257.11,14,0,FILLED,2025-01-16 15:22:09.0
BUY-1763965650522-001720,TRADER-0220,FOREX,BUY,7.46,694,0,FILLED,2025-01-16 00:56:09.0
BUY-1763965650526-004472,TRADER-0472,EQUITY,BUY,176.63,448,0,FILLED,2025-01-17 09:51:14.0
BUY-1763965650525-003716,TRADER-0216,FOREX,BUY,6.23,310,0,FILLED,2025-01-17 00:29:06.0
BUY-1763965650526-004661,TRADER-0161,CRYPTO,BUY,3343.46,3,0,FILLED,2025-01-17 11:40:49.0
BUY-1763965650520-000790,TRADER-0290,FOREX,BUY,4.93,40,0,FILLED,2025-01-15 13:49:41.0
BUY-1763965650520-000766,TRADER-0266,FOREX,BUY,8.51,684,0,FILLED,2025-01-15 12:49:28.0
BUY-1763965650528-006608,TRADER-0108,FOREX,BUY,7.73,184,0,FILLED,2025-01-18 11:13:15.0
BUY-1763965650524-003564,TRADER-0064,EQUITY,BUY,452.92,29,0,FILLED,2025-01-16 22:55:11.0
BUY-1763965650527-005123,TRADER-0123,CRYPTO,BUY,4243.69,1,0,FILLED,2025-01-17 17:49:36.0
BUY-1763965650519-000352,TRADER-0352,EQUITY,BUY,200.0,90,0,FILLED,2025-01-15 08:40:02.0
BUY-1763965650521-001497,TRADER-0497,CRYPTO,BUY,2935.1,15,0,FILLED,2025-01-15 21:46:39.0
BUY-1763965650528-006151,TRADER-0151,EQUITY,BUY,178.28,35,0,FILLED,2025-01-18 06:08:55.0
BUY-1763965650520-000987,TRADER-0487,FOREX,BUY,5.44,684,0,FILLED,2025-01-15 15:41:24.0
BUY-1763965650523-002856,TRADER-0356,FOREX,BUY,8.18,584,0,FILLED,2025-01-16 14:29:20.0
BUY-1763965650526-004888,TRADER-0388,EQUITY,BUY,196.13,390,0,FILLED,2025-01-17 14:58:24.0
BUY-1763965650520-000992,TRADER-0492,EQUITY,BUY,264.83,363,0,FILLED,2025-01-15 15:47:47.0
BUY-1763965650520-000861,TRADER-0361,EQUITY,BUY,330.66,158,0,FILLED,2025-01-15 14:05:23.0
BUY-1763965650522-001967,TRADER-0467,EQUITY,BUY,235.49,336,0,FILLED,2025-01-16 03:15:23.0
BUY-1763965650525-003763,TRADER-0263,FOREX,BUY,9.93,376,0,FILLED,2025-01-17 01:06:34.0
BUY-1763965650524-003314,TRADER-0314,CRYPTO,BUY,2784.01,1,0,FILLED,2025-01-16 19:24:14.0
BUY-1763965650529-007313,TRADER-0313,FOREX,BUY,9.5,647,0,FILLED,2025-01-18 20:02:08.0
BUY-1763965650524-003432,TRADER-0432,CRYPTO,BUY,2376.16,18,0,FILLED,2025-01-16 21:04:24.0
BUY-1763965650529-006973,TRADER-0473,EQUITY,BUY,253.24,35,0,FILLED,2025-01-18 15:57:00.0
BUY-1763965650522-002173,TRADER-0173,CRYPTO,BUY,4755.44,3,0,FILLED,2025-01-16 05:50:43.0
BUY-1763965650522-001684,TRADER-0184,CRYPTO,BUY,4660.33,10,0,FILLED,2025-01-16 00:21:17.0
BUY-1763965650522-002012,TRADER-0012,CRYPTO,BUY,3517.74,8,0,FILLED,2025-01-16 03:59:18.0
BUY-1763965650529-006654,TRADER-0154,CRYPTO,BUY,3956.18,5,0,FILLED,2025-01-18 11:28:04.0
BUY-1763965650524-003017,TRADER-0017,EQUITY,BUY,279.76,15,0,FILLED,2025-01-16 16:07:56.0
BUY-1763965650520-001006,TRADER-0006,CRYPTO,BUY,4389.45,5,0,FILLED,2025-01-15 15:39:40.0
BUY-1763965650519-000540,TRADER-0040,CRYPTO,BUY,4138.18,5,0,FILLED,2025-01-15 10:08:12.0
BUY-1763965650523-002716,TRADER-0216,CRYPTO,BUY,2456.46,6,0,FILLED,2025-01-16 12:41:56.0
BUY-1763965650526-004399,TRADER-0399,EQUITY,BUY,436.58,103,0,FILLED,2025-01-17 08:31:26.0
BUY-1763965650522-001775,TRADER-0275,CRYPTO,BUY,4314.55,2,0,FILLED,2025-01-16 01:41:42.0
BUY-1763965650527-005467,TRADER-0467,FOREX,BUY,9.58,362,0,FILLED,2025-01-17 21:40:05.0
BUY-1763965650522-002105,TRADER-0105,EQUITY,BUY,152.01,33,0,FILLED,2025-01-16 05:18:08.0
BUY-1763965650524-003634,TRADER-0134,CRYPTO,BUY,4812.99,2,0,FILLED,2025-01-16 23:46:22.0
BUY-1763965650528-005940,TRADER-0440,FOREX,BUY,7.12,609,0,FILLED,2025-01-18 03:00:38.0
BUY-1763965650527-005157,TRADER-0157,CRYPTO,BUY,4735.41,10,0,FILLED,2025-01-17 17:45:49.0
BUY-1763965650528-006261,TRADER-0261,EQUITY,BUY,488.21,127,0,FILLED,2025-01-18 06:57:18.0
BUY-1763965650525-004194,TRADER-0194,EQUITY,BUY,369.2,223,0,FILLED,2025-01-17 06:40:43.0
BUY-1763965650528-006562,TRADER-0062,FOREX,BUY,6.99,835,0,FILLED,2025-01-18 10:16:59.0
BUY-1763965650526-004743,TRADER-0243,FOREX,BUY,8.01,351,0,FILLED,2025-01-17 12:33:45.0
BUY-1763965650527-005621,TRADER-0121,FOREX,BUY,9.4,946,0,FILLED,2025-01-17 23:02:54.0
BUY-1763965650521-001432,TRADER-0432,CRYPTO,BUY,3050.4,13,0,FILLED,2025-01-15 21:05:19.0
BUY-1763965650525-003842,TRADER-0342,FOREX,BUY,4.95,21,0,FILLED,2025-01-17 01:59:09.0
BUY-1763965650527-005107,TRADER-0107,CRYPTO,BUY,1885.74,20,0,FILLED,2025-01-17 17:16:57.0
BUY-1763965650521-001415,TRADER-0415,EQUITY,BUY,499.36,22,0,FILLED,2025-01-15 21:03:01.0
BUY-1763965650527-005526,TRADER-0026,FOREX,BUY,6.84,738,0,FILLED,2025-01-17 22:35:55.0
BUY-1763965650525-004260,TRADER-0260,FOREX,BUY,4.71,753,0,FILLED,2025-01-17 06:44:20.0
BUY-1763965650528-005903,TRADER-0403,EQUITY,BUY,498.35,6,0,FILLED,2025-01-18 02:26:42.0
BUY-1763965650521-001063,TRADER-0063,EQUITY,BUY,261.1,184,0,FILLED,2025-01-15 17:12:42.0
BUY-1763965650523-002773,TRADER-0273,FOREX,BUY,9.82,493,0,FILLED,2025-01-16 12:49:15.0
BUY-1763965650529-006912,TRADER-0412,FOREX,BUY,9.93,313,0,FILLED,2025-01-18 14:51:23.0
BUY-1763965650525-004187,TRADER-0187,CRYPTO,BUY,453.21,39,0,FILLED,2025-01-17 06:24:04.0
BUY-1763965650524-003208,TRADER-0208,CRYPTO,BUY,471.3,80,0,FILLED,2025-01-16 18:12:24.0
BUY-1763965650523-002800,TRADER-0300,CRYPTO,BUY,4671.58,10,0,FILLED,2025-01-16 13:57:18.0
BUY-1763965650522-002074,TRADER-0074,EQUITY,BUY,287.94,224,0,FILLED,2025-01-16 04:49:53.0
BUY-1763965650524-003530,TRADER-0030,CRYPTO,BUY,3132.55,2,0,FILLED,2025-01-16 22:13:11.0
BUY-1763965650528-006595,TRADER-0095,EQUITY,BUY,449.0,139,0,FILLED,2025-01-18 11:06:27.0
BUY-1763965650526-004752,TRADER-0252,CRYPTO,BUY,3984.71,2,0,FILLED,2025-01-17 12:45:35.0
BUY-1763965650529-007032,TRADER-0032,CRYPTO,BUY,1653.67,8,0,FILLED,2025-01-18 15:59:48.0
BUY-1763965650524-003033,TRADER-0033,CRYPTO,BUY,4807.57,5,0,FILLED,2025-01-16 16:35:40.0
BUY-1763965650524-003572,TRADER-0072,CRYPTO,BUY,2004.83,7,0,FILLED,2025-01-16 23:11:55.0
BUY-1763965650525-004071,TRADER-0071,CRYPTO,BUY,1603.9,16,0,FILLED,2025-01-17 04:37:54.0
BUY-1763965650527-005624,TRADER-0124,CRYPTO,BUY,4589.07,9,0,FILLED,2025-01-17 23:53:06.0
BUY-1763965650524-003051,TRADER-0051,FOREX,BUY,9.69,826,0,FILLED,2025-01-16 16:31:02.0
BUY-1763965650527-005722,TRADER-0222,EQUITY,BUY,358.42,277,0,FILLED,2025-01-18 00:48:32.0
BUY-1763965650523-002861,TRADER-0361,CRYPTO,BUY,839.76,46,0,FILLED,2025-01-16 14:18:14.0
BUY-1763965650524-003014,TRADER-0014,EQUITY,BUY,145.3,348,0,FILLED,2025-01-16 15:50:22.0
BUY-1763965650529-007154,TRADER-0154,CRYPTO,BUY,811.94,2,0,FILLED,2025-01-18 18:02:01.0
BUY-1763965650528-006037,TRADER-0037,CRYPTO,BUY,3460.92,13,0,FILLED,2025-01-18 04:30:47.0
BUY-1763965650526-004983,TRADER-0483,FOREX,BUY,4.57,26,0,FILLED,2025-01-17 15:21:31.0
BUY-1763965650529-006810,TRADER-0310,CRYPTO,BUY,3619.3,13,0,FILLED,2025-01-18 13:42:14.0
BUY-1763965650521-001544,TRADER-0044,CRYPTO,BUY,2109.99,7,0,FILLED,2025-01-15 22:48:46.0
BUY-1763965650528-005848,TRADER-0348,EQUITY,BUY,467.43,113,0,FILLED,2025-01-18 02:14:49.0
BUY-1763965650527-005626,TRADER-0126,EQUITY,BUY,409.85,145,0,FILLED,2025-01-17 23:47:58.0
BUY-1763965650525-004242,TRADER-0242,EQUITY,BUY,208.92,37,0,FILLED,2025-01-17 07:06:11.0
BUY-1763965650527-005659,TRADER-0159,EQUITY,BUY,448.36,97,0,FILLED,2025-01-17 23:56:12.0
BUY-1763965650520-000846,TRADER-0346,FOREX,BUY,6.69,297,0,FILLED,2025-01-15 14:15:06.0
BUY-1763965650519-000241,TRADER-0241,EQUITY,BUY,200.0,102,0,FILLED,2025-01-15 07:05:54.0
BUY-1763965650529-007359,TRADER-0359,EQUITY,BUY,302.21,157,0,FILLED,2025-01-18 20:03:44.0
BUY-1763965650522-002223,TRADER-0223,FOREX,BUY,8.75,870,0,FILLED,2025-01-16 06:39:36.0
BUY-1763965650526-004620,TRADER-0120,FOREX,BUY,5.53,599,0,FILLED,2025-01-17 11:04:56.0
BUY-1763965650524-003574,TRADER-0074,CRYPTO,BUY,4908.93,7,0,FILLED,2025-01-16 22:44:37.0
BUY-1763965650522-002015,TRADER-0015,CRYPTO,BUY,433.36,18,0,FILLED,2025-01-16 04:05:04.0
BUY-1763965650523-002785,TRADER-0285,CRYPTO,BUY,1009.92,22,0,FILLED,2025-01-16 13:51:04.0
BUY-1763965650523-002775,TRADER-0275,CRYPTO,BUY,3786.66,2,0,FILLED,2025-01-16 13:23:21.0
BUY-1763965650524-003362,TRADER-0362,CRYPTO,BUY,4749.22,5,0,FILLED,2025-01-16 20:05:10.0
BUY-1763965650518-000091,TRADER-0091,EQUITY,BUY,250.0,35,0,FILLED,2025-01-15 04:48:56.0
BUY-1763965650528-005844,TRADER-0344,CRYPTO,BUY,1053.11,38,0,FILLED,2025-01-18 02:10:16.0
BUY-1763965650527-005146,TRADER-0146,EQUITY,BUY,247.45,248,0,FILLED,2025-01-17 17:21:39.0
BUY-1763965650527-005691,TRADER-0191,FOREX,BUY,6.77,578,0,FILLED,2025-01-18 00:42:41.0
BUY-1763965650525-004005,TRADER-0005,CRYPTO,BUY,3624.15,9,0,FILLED,2025-01-17 04:21:01.0
BUY-1763965650521-001201,TRADER-0201,EQUITY,BUY,162.65,127,0,FILLED,2025-01-15 17:58:10.0
BUY-1763965650520-000671,TRADER-0171,CRYPTO,BUY,3344.48,8,0,FILLED,2025-01-15 12:29:43.0
BUY-1763965650527-005802,TRADER-0302,EQUITY,BUY,283.54,299,0,FILLED,2025-01-18 02:04:26.0
BUY-1763965650519-000551,TRADER-0051,CRYPTO,BUY,820.46,22,0,FILLED,2025-01-15 10:43:56.0
BUY-1763965650519-000377,TRADER-0377,EQUITY,BUY,200.0,12,0,FILLED,2025-01-15 08:06:07.0
BUY-1763965650523-002375,TRADER-0375,FOREX,BUY,6.16,671,0,FILLED,2025-01-16 08:05:13.0
BUY-1763965650528-006624,TRADER-0124,FOREX,BUY,9.94,60,0,FILLED,2025-01-18 11:30:07.0
BUY-1763965650529-007465,TRADER-0465,CRYPTO,BUY,2918.06,1,0,FILLED,2025-01-18 21:06:50.0
BUY-1763965650529-007182,TRADER-0182,CRYPTO,BUY,1721.63,24,0,FILLED,2025-01-18 18:22:43.0
BUY-1763965650524-003133,TRADER-0133,EQUITY,BUY,240.85,111,0,FILLED,2025-01-16 18:02:26.0
BUY-1763965650528-006004,TRADER-0004,FOREX,BUY,8.8,584,0,FILLED,2025-01-18 03:42:07.0
BUY-1763965650523-002543,TRADER-0043,FOREX,BUY,4.24,59,0,FILLED,2025-01-16 10:51:34.0
BUY-1763965650528-006292,TRADER-0292,CRYPTO,BUY,4486.28,1,0,FILLED,2025-01-18 07:37:53.0
BUY-1763965650520-000739,TRADER-0239,CRYPTO,BUY,4531.57,7,0,FILLED,2025-01-15 13:15:13.0
BUY-1763965650525-004142,TRADER-0142,EQUITY,BUY,295.42,140,0,FILLED,2025-01-17 05:26:46.0
BUY-1763965650520-000631,TRADER-0131,CRYPTO,BUY,761.63,37,0,FILLED,2025-01-15 11:51:31.0
BUY-1763965650525-003994,TRADER-0494,EQUITY,BUY,206.33,159,0,FILLED,2025-01-17 03:31:23.0
BUY-1763965650524-003088,TRADER-0088,CRYPTO,BUY,2590.61,17,0,FILLED,2025-01-16 16:43:11.0
BUY-1763965650524-003566,TRADER-0066,CRYPTO,BUY,2609.02,8,0,FILLED,2025-01-16 22:52:25.0
BUY-1763965650527-005653,TRADER-0153,CRYPTO,BUY,4083.17,7,0,FILLED,2025-01-17 23:42:50.0
BUY-1763965650526-005056,TRADER-0056,EQUITY,BUY,446.34,34,0,FILLED,2025-01-17 16:59:05.0
BUY-1763965650527-005704,TRADER-0204,FOREX,BUY,9.78,428,0,FILLED,2025-01-18 00:04:16.0
BUY-1763965650519-000452,TRADER-0452,CRYPTO,BUY,1000.0,24,0,FILLED,2025-01-15 09:54:21.0
BUY-1763965650519-000587,TRADER-0087,EQUITY,BUY,367.09,74,0,FILLED,2025-01-15 11:15:00.0
BUY-1763965650528-006587,TRADER-0087,FOREX,BUY,9.82,672,0,FILLED,2025-01-18 11:03:00.0
BUY-1763965650525-003800,TRADER-0300,CRYPTO,BUY,3055.97,16,0,FILLED,2025-01-17 01:50:22.0
BUY-1763965650523-002470,TRADER-0470,CRYPTO,BUY,2981.1,5,0,FILLED,2025-01-16 09:12:43.0
BUY-1763965650526-004404,TRADER-0404,CRYPTO,BUY,2119.44,9,0,FILLED,2025-01-17 08:28:33.0
BUY-1763965650528-006576,TRADER-0076,FOREX,BUY,4.81,962,0,FILLED,2025-01-18 10:46:07.0
BUY-1763965650527-005749,TRADER-0249,FOREX,BUY,7.46,476,0,FILLED,2025-01-18 01:05:43.0
BUY-1763965650521-001224,TRADER-0224,CRYPTO,BUY,3706.92,13,0,FILLED,2025-01-15 19:04:59.0
BUY-1763965650529-007158,TRADER-0158,EQUITY,BUY,330.98,144,0,FILLED,2025-01-18 17:32:21.0
BUY-1763965650526-004964,TRADER-0464,FOREX,BUY,7.8,450,0,FILLED,2025-01-17 15:42:05.0
BUY-1763965650527-005561,TRADER-0061,CRYPTO,BUY,3694.48,4,0,FILLED,2025-01-17 23:05:00.0
BUY-1763965650524-003653,TRADER-0153,EQUITY,BUY,402.3,129,0,FILLED,2025-01-16 23:30:41.0
BUY-1763965650524-003621,TRADER-0121,EQUITY,BUY,291.37,116,0,FILLED,2025-01-16 23:18:36.0
BUY-1763965650529-006738,TRADER-0238,FOREX,BUY,4.6,954,0,FILLED,2025-01-18 12:25:44.0
BUY-1763965650523-002477,TRADER-0477,EQUITY,BUY,440.48,124,0,FILLED,2025-01-16 09:25:58.0
BUY-1763965650523-002694,TRADER-0194,EQUITY,BUY,443.1,45,0,FILLED,2025-01-16 12:09:10.0
BUY-1763965650526-004912,TRADER-0412,EQUITY,BUY,287.22,141,0,FILLED,2025-01-17 14:47:27.0
BUY-1763965650526-004548,TRADER-0048,CRYPTO,BUY,4051.7,9,0,FILLED,2025-01-17 10:25:56.0
BUY-1763965650522-001782,TRADER-0282,FOREX,BUY,6.38,929,0,FILLED,2025-01-16 01:39:37.0
BUY-1763965650524-003183,TRADER-0183,EQUITY,BUY,450.57,217,0,FILLED,2025-01-16 17:43:48.0
BUY-1763965650525-004200,TRADER-0200,EQUITY,BUY,483.9,6,0,FILLED,2025-01-17 06:21:43.0
BUY-1763965650525-004364,TRADER-0364,FOREX,BUY,5.59,468,0,FILLED,2025-01-17 08:35:16.0
BUY-1763965650523-002903,TRADER-0403,CRYPTO,BUY,2216.22,14,0,FILLED,2025-01-16 14:52:52.0
BUY-1763965650524-003397,TRADER-0397,FOREX,BUY,6.15,332,0,FILLED,2025-01-16 21:04:59.0
BUY-1763965650525-004106,TRADER-0106,CRYPTO,BUY,2331.6,15,0,FILLED,2025-01-17 05:29:32.0
BUY-1763965650528-005924,TRADER-0424,EQUITY,BUY,277.73,260,0,FILLED,2025-01-18 02:43:06.0
BUY-1763965650526-004470,TRADER-0470,EQUITY,BUY,222.3,207,0,FILLED,2025-01-17 09:41:44.0
BUY-1763965650527-005364,TRADER-0364,CRYPTO,BUY,4637.25,9,0,FILLED,2025-01-17 20:38:12.0
BUY-1763965650528-006625,TRADER-0125,EQUITY,BUY,459.34,104,0,FILLED,2025-01-18 11:10:44.0
BUY-1763965650525-004341,TRADER-0341,EQUITY,BUY,217.52,187,0,FILLED,2025-01-17 07:46:43.0
BUY-1763965650521-001535,TRADER-0035,CRYPTO,BUY,2222.37,9,0,FILLED,2025-01-15 22:54:29.0
BUY-1763965650521-001456,TRADER-0456,EQUITY,BUY,474.92,186,0,FILLED,2025-01-15 21:30:41.0
BUY-1763965650528-006548,TRADER-0048,EQUITY,BUY,398.52,112,0,FILLED,2025-01-18 10:11:51.0
BUY-1763965650522-002208,TRADER-0208,FOREX,BUY,7.37,993,0,FILLED,2025-01-16 06:50:25.0
BUY-1763965650522-001866,TRADER-0366,FOREX,BUY,6.19,75,0,FILLED,2025-01-16 02:12:56.0
BUY-1763965650525-004219,TRADER-0219,FOREX,BUY,6.9,703,0,FILLED,2025-01-17 06:35:22.0
BUY-1763965650520-000951,TRADER-0451,CRYPTO,BUY,3826.99,12,0,FILLED,2025-01-15 15:42:40.0
BUY-1763965650525-004074,TRADER-0074,FOREX,BUY,9.51,14,0,FILLED,2025-01-17 04:31:53.0
BUY-1763965650521-001555,TRADER-0055,EQUITY,BUY,447.18,145,0,FILLED,2025-01-15 22:36:55.0
BUY-1763965650527-005142,TRADER-0142,CRYPTO,BUY,2829.67,3,0,FILLED,2025-01-17 18:11:05.0
BUY-1763965650524-003544,TRADER-0044,CRYPTO,BUY,4808.83,2,0,FILLED,2025-01-16 22:39:41.0
BUY-1763965650529-006662,TRADER-0162,EQUITY,BUY,411.29,189,0,FILLED,2025-01-18 12:10:53.0
BUY-1763965650526-004783,TRADER-0283,EQUITY,BUY,218.45,56,0,FILLED,2025-01-17 13:23:53.0
BUY-1763965650522-001984,TRADER-0484,CRYPTO,BUY,1926.33,13,0,FILLED,2025-01-16 03:47:32.0
BUY-1763965650523-002801,TRADER-0301,EQUITY,BUY,174.41,344,0,FILLED,2025-01-16 13:58:40.0
BUY-1763965650524-003031,TRADER-0031,FOREX,BUY,5.35,112,0,FILLED,2025-01-16 15:55:15.0
BUY-1763965650523-002831,TRADER-0331,FOREX,BUY,7.41,188,0,FILLED,2025-01-16 13:38:35.0
BUY-1763965650523-002363,TRADER-0363,CRYPTO,BUY,3521.31,12,0,FILLED,2025-01-16 08:32:34.0
BUY-1763965650528-005991,TRADER-0491,FOREX,BUY,9.12,998,0,FILLED,2025-01-18 04:03:49.0
BUY-1763965650520-000816,TRADER-0316,EQUITY,BUY,369.15,170,0,FILLED,2025-01-15 13:59:11.0
BUY-1763965650521-001503,TRADER-0003,FOREX,BUY,6.45,899,0,FILLED,2025-01-15 21:51:22.0
BUY-1763965650529-007104,TRADER-0104,EQUITY,BUY,418.22,145,0,FILLED,2025-01-18 17:19:45.0
BUY-1763965650528-005817,TRADER-0317,CRYPTO,BUY,2475.3,19,0,FILLED,2025-01-18 01:48:17.0
BUY-1763965650521-001103,TRADER-0103,EQUITY,BUY,281.48,95,0,FILLED,2025-01-15 16:55:58.0
BUY-1763965650528-006423,TRADER-0423,CRYPTO,BUY,927.18,38,0,FILLED,2025-01-18 08:46:13.0
BUY-1763965650524-003433,TRADER-0433,FOREX,BUY,8.21,969,0,FILLED,2025-01-16 21:15:33.0
BUY-1763965650524-003545,TRADER-0045,FOREX,BUY,9.08,38,0,FILLED,2025-01-16 22:29:33.0
BUY-1763965650528-006005,TRADER-0005,EQUITY,BUY,400.27,172,0,FILLED,2025-01-18 03:50:42.0
BUY-1763965650519-000537,TRADER-0037,EQUITY,BUY,278.18,179,0,FILLED,2025-01-15 10:08:41.0
BUY-1763965650528-006198,TRADER-0198,EQUITY,BUY,493.95,53,0,FILLED,2025-01-18 06:30:46.0
BUY-1763965650529-007088,TRADER-0088,FOREX,BUY,7.72,982,0,FILLED,2025-01-18 17:16:36.0
BUY-1763965650528-005822,TRADER-0322,CRYPTO,BUY,4482.6,9,0,FILLED,2025-01-18 01:51:00.0
BUY-1763965650529-007086,TRADER-0086,CRYPTO,BUY,4002.28,10,0,FILLED,2025-01-18 16:38:56.0
BUY-1763965650527-005245,TRADER-0245,CRYPTO,BUY,4527.14,9,0,FILLED,2025-01-17 19:01:01.0
BUY-1763965650523-002917,TRADER-0417,CRYPTO,BUY,1749.5,1,0,FILLED,2025-01-16 14:44:05.0
BUY-1763965650519-000580,TRADER-0080,EQUITY,BUY,158.24,293,0,FILLED,2025-01-15 10:48:40.0
BUY-1763965650527-005271,TRADER-0271,CRYPTO,BUY,822.05,26,0,FILLED,2025-01-17 19:40:17.0
BUY-1763965650523-002924,TRADER-0424,CRYPTO,BUY,4129.57,2,0,FILLED,2025-01-16 15:04:44.0
BUY-1763965650520-000860,TRADER-0360,FOREX,BUY,5.91,164,0,FILLED,2025-01-15 14:07:49.0
BUY-1763965650529-007284,TRADER-0284,EQUITY,BUY,245.37,370,0,FILLED,2025-01-18 19:09:09.0
BUY-1763965650521-001066,TRADER-0066,FOREX,BUY,6.22,140,0,FILLED,2025-01-15 16:56:25.0
BUY-1763965650519-000428,TRADER-0428,EQUITY,BUY,200.0,45,0,FILLED,2025-01-15 09:05:04.0
BUY-1763965650528-006012,TRADER-0012,FOREX,BUY,8.92,865,0,FILLED,2025-01-18 04:00:21.0
BUY-1763965650523-002575,TRADER-0075,CRYPTO,BUY,2051.05,7,0,FILLED,2025-01-16 10:43:49.0
BUY-1763965650524-003573,TRADER-0073,EQUITY,BUY,486.11,131,0,FILLED,2025-01-16 22:48:41.0
BUY-1763965650527-005391,TRADER-0391,EQUITY,BUY,345.34,14,0,FILLED,2025-01-17 20:53:01.0
BUY-1763965650528-006503,TRADER-0003,CRYPTO,BUY,1031.44,33,0,FILLED,2025-01-18 10:13:07.0
BUY-1763965650521-001141,TRADER-0141,FOREX,BUY,9.46,405,0,FILLED,2025-01-15 17:14:40.0
BUY-1763965650529-007227,TRADER-0227,EQUITY,BUY,266.32,231,0,FILLED,2025-01-18 19:07:36.0
BUY-1763965650527-005300,TRADER-0300,EQUITY,BUY,402.94,152,0,FILLED,2025-01-17 19:16:19.0
BUY-1763965650526-004993,TRADER-0493,FOREX,BUY,9.08,567,0,FILLED,2025-01-17 16:13:18.0
BUY-1763965650522-001785,TRADER-0285,CRYPTO,BUY,4542.33,4,0,FILLED,2025-01-16 01:24:08.0
BUY-1763965650528-005901,TRADER-0401,EQUITY,BUY,168.09,372,0,FILLED,2025-01-18 03:12:53.0
BUY-1763965650522-001714,TRADER-0214,EQUITY,BUY,220.98,297,0,FILLED,2025-01-16 00:41:40.0
BUY-1763965650523-002539,TRADER-0039,CRYPTO,BUY,4280.8,2,0,FILLED,2025-01-16 10:38:49.0
BUY-1763965650528-005826,TRADER-0326,EQUITY,BUY,171.2,449,0,FILLED,2025-01-18 02:24:13.0
BUY-1763965650520-000795,TRADER-0295,EQUITY,BUY,256.47,77,0,FILLED,2025-01-15 13:10:57.0
BUY-1763965650528-005992,TRADER-0492,EQUITY,BUY,212.6,116,0,FILLED,2025-01-18 03:28:57.0
BUY-1763965650523-002945,TRADER-0445,FOREX,BUY,8.63,193,0,FILLED,2025-01-16 15:09:23.0
BUY-1763965650524-003046,TRADER-0046,EQUITY,BUY,316.76,187,0,FILLED,2025-01-16 16:06:44.0
BUY-1763965650525-004073,TRADER-0073,CRYPTO,BUY,466.41,86,0,FILLED,2025-01-17 05:16:35.0
BUY-1763965650523-002504,TRADER-0004,FOREX,BUY,5.61,637,0,FILLED,2025-01-16 09:58:29.0
BUY-1763965650528-006347,TRADER-0347,EQUITY,BUY,319.84,243,0,FILLED,2025-01-18 08:28:16.0
BUY-1763965650525-004134,TRADER-0134,FOREX,BUY,9.13,685,0,FILLED,2025-01-17 05:41:33.0
BUY-1763965650526-005000,TRADER-0000,FOREX,BUY,9.53,827,0,FILLED,2025-01-17 16:09:30.0
BUY-1763965650524-003644,TRADER-0144,EQUITY,BUY,439.17,154,0,FILLED,2025-01-17 00:03:16.0
BUY-1763965650528-006197,TRADER-0197,CRYPTO,BUY,3814.44,12,0,FILLED,2025-01-18 05:51:56.0
BUY-1763965650526-004572,TRADER-0072,EQUITY,BUY,168.54,312,0,FILLED,2025-01-17 11:17:34.0
BUY-1763965650525-003987,TRADER-0487,FOREX,BUY,8.59,567,0,FILLED,2025-01-17 04:19:44.0
BUY-1763965650529-006707,TRADER-0207,EQUITY,BUY,152.8,286,0,FILLED,2025-01-18 12:42:59.0
BUY-1763965650529-006785,TRADER-0285,EQUITY,BUY,229.62,229,0,FILLED,2025-01-18 13:09:08.0
BUY-1763965650527-005309,TRADER-0309,EQUITY,BUY,284.09,74,0,FILLED,2025-01-17 19:15:31.0
BUY-1763965650525-004080,TRADER-0080,FOREX,BUY,4.91,890,0,FILLED,2025-01-17 05:16:23.0
BUY-1763965650521-001597,TRADER-0097,CRYPTO,BUY,648.11,39,0,FILLED,2025-01-15 23:25:41.0
BUY-1763965650522-001683,TRADER-0183,FOREX,BUY,5.69,905,0,FILLED,2025-01-16 00:24:19.0
BUY-1763965650520-000675,TRADER-0175,FOREX,BUY,6.83,277,0,FILLED,2025-01-15 12:10:56.0
BUY-1763965650526-004559,TRADER-0059,FOREX,BUY,6.94,734,0,FILLED,2025-01-17 11:02:54.0
BUY-1763965650528-005904,TRADER-0404,FOREX,BUY,7.48,733,0,FILLED,2025-01-18 02:56:27.0
BUY-1763965650521-001505,TRADER-0005,EQUITY,BUY,408.34,59,0,FILLED,2025-01-15 22:11:20.0
BUY-1763965650524-002986,TRADER-0486,EQUITY,BUY,434.39,107,0,FILLED,2025-01-16 15:42:42.0
BUY-1763965650521-001238,TRADER-0238,EQUITY,BUY,406.54,232,0,FILLED,2025-01-15 19:15:47.0
BUY-1763965650528-005823,TRADER-0323,CRYPTO,BUY,4455.43,3,0,FILLED,2025-01-18 01:54:34.0
BUY-1763965650525-003790,TRADER-0290,EQUITY,BUY,266.41,2,0,FILLED,2025-01-17 01:37:24.0
BUY-1763965650521-001291,TRADER-0291,FOREX,BUY,8.9,536,0,FILLED,2025-01-15 19:59:10.0
BUY-1763965650520-001014,TRADER-0014,CRYPTO,BUY,2301.68,10,0,FILLED,2025-01-15 15:57:37.0
BUY-1763965650524-003424,TRADER-0424,CRYPTO,BUY,2799.97,6,0,FILLED,2025-01-16 21:32:14.0
BUY-1763965650529-007263,TRADER-0263,CRYPTO,BUY,1440.83,31,0,FILLED,2025-01-18 18:45:49.0
BUY-1763965650527-005261,TRADER-0261,FOREX,BUY,7.57,684,0,FILLED,2025-01-17 19:07:51.0
BUY-1763965650527-005222,TRADER-0222,FOREX,BUY,6.2,403,0,FILLED,2025-01-17 18:12:06.0
BUY-1763965650522-001959,TRADER-0459,EQUITY,BUY,278.58,34,0,FILLED,2025-01-16 03:29:30.0
BUY-1763965650524-003335,TRADER-0335,CRYPTO,BUY,3758.36,3,0,FILLED,2025-01-16 20:21:20.0
BUY-1763965650528-006051,TRADER-0051,EQUITY,BUY,237.92,222,0,FILLED,2025-01-18 04:37:52.0
BUY-1763965650522-001880,TRADER-0380,CRYPTO,BUY,1872.83,24,0,FILLED,2025-01-16 02:21:57.0
BUY-1763965650527-005436,TRADER-0436,CRYPTO,BUY,1137.0,34,0,FILLED,2025-01-17 20:53:03.0
BUY-1763965650520-000647,TRADER-0147,CRYPTO,BUY,1498.7,33,0,FILLED,2025-01-15 12:02:06.0
BUY-1763965650526-004900,TRADER-0400,CRYPTO,BUY,2380.24,9,0,FILLED,2025-01-17 14:49:44.0
BUY-1763965650523-002392,TRADER-0392,CRYPTO,BUY,1322.7,13,0,FILLED,2025-01-16 08:52:20.0
BUY-1763965650527-005325,TRADER-0325,FOREX,BUY,8.62,896,0,FILLED,2025-01-17 19:35:08.0
BUY-1763965650524-003606,TRADER-0106,FOREX,BUY,6.96,693,0,FILLED,2025-01-16 22:54:53.0
BUY-1763965650522-001758,TRADER-0258,EQUITY,BUY,148.7,356,0,FILLED,2025-01-16 01:17:25.0
BUY-1763965650529-007497,TRADER-0497,FOREX,BUY,8.97,745,0,FILLED,2025-01-18 21:40:03.0
BUY-1763965650529-007417,TRADER-0417,FOREX,BUY,8.34,37,0,FILLED,2025-01-18 21:16:47.0
BUY-1763965650525-003767,TRADER-0267,FOREX,BUY,4.24,664,0,FILLED,2025-01-17 01:07:15.0
BUY-1763965650528-006079,TRADER-0079,CRYPTO,BUY,1028.11,44,0,FILLED,2025-01-18 05:04:39.0
BUY-1763965650523-002555,TRADER-0055,CRYPTO,BUY,2909.58,5,0,FILLED,2025-01-16 11:03:58.0
BUY-1763965650521-001549,TRADER-0049,CRYPTO,BUY,2451.54,4,0,FILLED,2025-01-15 22:22:45.0
BUY-1763965650521-001190,TRADER-0190,EQUITY,BUY,239.67,92,0,FILLED,2025-01-15 18:38:45.0
BUY-1763965650524-003237,TRADER-0237,CRYPTO,BUY,3779.18,9,0,FILLED,2025-01-16 19:15:05.0
BUY-1763965650523-002598,TRADER-0098,EQUITY,BUY,498.95,99,0,FILLED,2025-01-16 11:25:28.0
BUY-1763965650523-002513,TRADER-0013,EQUITY,BUY,313.39,13,0,FILLED,2025-01-16 10:38:54.0
BUY-1763965650525-003682,TRADER-0182,CRYPTO,BUY,3233.56,13,0,FILLED,2025-01-17 00:02:37.0
BUY-1763965650528-006583,TRADER-0083,FOREX,BUY,8.88,911,0,FILLED,2025-01-18 10:52:15.0
BUY-1763965650527-005569,TRADER-0069,CRYPTO,BUY,3132.68,6,0,FILLED,2025-01-17 22:43:46.0
BUY-1763965650529-006645,TRADER-0145,FOREX,BUY,4.82,230,0,FILLED,2025-01-18 11:22:12.0
BUY-1763965650523-002798,TRADER-0298,EQUITY,BUY,321.09,69,0,FILLED,2025-01-16 13:59:45.0
BUY-1763965650520-000921,TRADER-0421,FOREX,BUY,5.01,100,0,FILLED,2025-01-15 14:57:51.0
BUY-1763965650529-006751,TRADER-0251,EQUITY,BUY,420.41,207,0,FILLED,2025-01-18 12:50:46.0
BUY-1763965650528-006561,TRADER-0061,EQUITY,BUY,290.28,92,0,FILLED,2025-01-18 10:42:06.0
BUY-1763965650528-006310,TRADER-0310,EQUITY,BUY,228.26,389,0,FILLED,2025-01-18 07:22:29.0
BUY-1763965650518-000051,TRADER-0051,EQUITY,BUY,200.0,66,0,FILLED,2025-01-15 04:49:56.0
BUY-1763965650528-005908,TRADER-0408,CRYPTO,BUY,3929.72,5,0,FILLED,2025-01-18 02:32:11.0
BUY-1763965650527-005232,TRADER-0232,EQUITY,BUY,190.8,253,0,FILLED,2025-01-17 18:20:07.0
BUY-1763965650529-006846,TRADER-0346,EQUITY,BUY,329.33,252,0,FILLED,2025-01-18 13:48:55.0
BUY-1763965650525-004306,TRADER-0306,EQUITY,BUY,315.15,222,0,FILLED,2025-01-17 07:41:35.0
BUY-1763965650528-005853,TRADER-0353,CRYPTO,BUY,656.26,1,0,FILLED,2025-01-18 02:07:31.0
BUY-1763965650529-007294,TRADER-0294,FOREX,BUY,5.88,464,0,FILLED,2025-01-18 19:07:26.0
BUY-1763965650519-000427,TRADER-0427,CRYPTO,BUY,2000.0,19,0,FILLED,2025-01-15 09:15:58.0
BUY-1763965650520-000801,TRADER-0301,FOREX,BUY,6.27,128,0,FILLED,2025-01-15 13:21:34.0
BUY-1763965650524-003289,TRADER-0289,CRYPTO,BUY,1802.4,16,0,FILLED,2025-01-16 19:11:37.0
BUY-1763965650523-002390,TRADER-0390,EQUITY,BUY,216.91,336,0,FILLED,2025-01-16 08:34:45.0
BUY-1763965650527-005523,TRADER-0023,EQUITY,BUY,408.48,218,0,FILLED,2025-01-17 22:29:43.0
BUY-1763965650525-004095,TRADER-0095,EQUITY,BUY,463.84,174,0,FILLED,2025-01-17 05:30:29.0
BUY-1763965650523-002599,TRADER-0099,CRYPTO,BUY,1118.25,2,0,FILLED,2025-01-16 11:14:35.0
BUY-1763965650528-006387,TRADER-0387,EQUITY,BUY,361.05,270,0,FILLED,2025-01-18 08:46:55.0
BUY-1763965650522-001674,TRADER-0174,FOREX,BUY,6.27,223,0,FILLED,2025-01-15 23:56:40.0
BUY-1763965650520-000693,TRADER-0193,EQUITY,BUY,197.03,386,0,FILLED,2025-01-15 12:20:51.0
BUY-1763965650529-007248,TRADER-0248,CRYPTO,BUY,3546.11,2,0,FILLED,2025-01-18 19:25:11.0
BUY-1763965650522-001655,TRADER-0155,CRYPTO,BUY,4881.34,8,0,FILLED,2025-01-15 23:42:26.0
BUY-1763965650523-002376,TRADER-0376,EQUITY,BUY,278.56,102,0,FILLED,2025-01-16 08:37:15.0
BUY-1763965650520-000870,TRADER-0370,CRYPTO,BUY,1801.14,24,0,FILLED,2025-01-15 14:51:38.0
BUY-1763965650529-007257,TRADER-0257,FOREX,BUY,6.77,51,0,FILLED,2025-01-18 19:10:25.0
BUY-1763965650525-004051,TRADER-0051,CRYPTO,BUY,3891.32,12,0,FILLED,2025-01-17 05:00:16.0
BUY-1763965650529-006685,TRADER-0185,CRYPTO,BUY,3981.51,12,0,FILLED,2025-01-18 12:06:42.0
BUY-1763965650525-003915,TRADER-0415,FOREX,BUY,4.29,900,0,FILLED,2025-01-17 02:46:47.0
BUY-1763965650519-000509,TRADER-0009,FOREX,BUY,7.39,422,0,FILLED,2025-01-15 09:57:35.0
BUY-1763965650523-002926,TRADER-0426,CRYPTO,BUY,1624.31,1,0,FILLED,2025-01-16 15:16:30.0
BUY-1763965650526-005067,TRADER-0067,CRYPTO,BUY,4999.31,5,0,FILLED,2025-01-17 16:26:44.0
BUY-1763965650525-003902,TRADER-0402,EQUITY,BUY,448.9,219,0,FILLED,2025-01-17 02:25:16.0
BUY-1763965650523-002545,TRADER-0045,CRYPTO,BUY,1456.29,11,0,FILLED,2025-01-16 10:53:04.0
BUY-1763965650523-002772,TRADER-0272,CRYPTO,BUY,4497.14,8,0,FILLED,2025-01-16 13:36:52.0
BUY-1763965650528-006042,TRADER-0042,CRYPTO,BUY,1124.0,14,0,FILLED,2025-01-18 04:23:43.0
BUY-1763965650524-003594,TRADER-0094,CRYPTO,BUY,2214.04,13,0,FILLED,2025-01-16 22:38:36.0
BUY-1763965650529-006829,TRADER-0329,FOREX,BUY,7.49,177,0,FILLED,2025-01-18 13:50:32.0
BUY-1763965650522-002114,TRADER-0114,EQUITY,BUY,339.93,287,0,FILLED,2025-01-16 05:28:31.0
BUY-1763965650522-002080,TRADER-0080,FOREX,BUY,5.38,543,0,FILLED,2025-01-16 04:31:15.0
BUY-1763965650528-006133,TRADER-0133,CRYPTO,BUY,2769.73,17,0,FILLED,2025-01-18 05:16:09.0
BUY-1763965650520-000725,TRADER-0225,CRYPTO,BUY,4299.23,1,0,FILLED,2025-01-15 12:38:42.0
BUY-1763965650529-006737,TRADER-0237,CRYPTO,BUY,4090.27,12,0,FILLED,2025-01-18 13:02:12.0
BUY-1763965650529-007051,TRADER-0051,CRYPTO,BUY,4208.41,2,0,FILLED,2025-01-18 16:12:00.0
BUY-1763965650523-002653,TRADER-0153,CRYPTO,BUY,657.0,11,0,FILLED,2025-01-16 11:35:55.0
BUY-1763965650527-005152,TRADER-0152,EQUITY,BUY,236.72,146,0,FILLED,2025-01-17 18:10:36.0
BUY-1763965650527-005575,TRADER-0075,CRYPTO,BUY,3107.84,4,0,FILLED,2025-01-17 23:05:17.0
BUY-1763965650524-003147,TRADER-0147,FOREX,BUY,9.76,921,0,FILLED,2025-01-16 18:10:57.0
BUY-1763965650525-004112,TRADER-0112,FOREX,BUY,9.95,267,0,FILLED,2025-01-17 04:59:31.0
BUY-1763965650528-006385,TRADER-0385,CRYPTO,BUY,2929.48,13,0,FILLED,2025-01-18 08:50:07.0
BUY-1763965650525-004108,TRADER-0108,EQUITY,BUY,317.03,167,0,FILLED,2025-01-17 05:02:48.0
BUY-1763965650521-001533,TRADER-0033,FOREX,BUY,5.02,808,0,FILLED,2025-01-15 22:31:49.0
BUY-1763965650529-007171,TRADER-0171,CRYPTO,BUY,1128.69,9,0,FILLED,2025-01-18 17:43:43.0
BUY-1763965650528-005977,TRADER-0477,FOREX,BUY,7.15,554,0,FILLED,2025-01-18 03:36:51.0
BUY-1763965650522-002022,TRADER-0022,CRYPTO,BUY,430.04,113,0,FILLED,2025-01-16 04:34:16.0
BUY-1763965650529-006668,TRADER-0168,EQUITY,BUY,226.07,92,0,FILLED,2025-01-18 12:18:14.0
BUY-1763965650523-002911,TRADER-0411,EQUITY,BUY,223.11,364,0,FILLED,2025-01-16 15:07:57.0
BUY-1763965650520-000967,TRADER-0467,EQUITY,BUY,418.18,127,0,FILLED,2025-01-15 15:37:58.0
BUY-1763965650528-005897,TRADER-0397,EQUITY,BUY,390.11,188,0,FILLED,2025-01-18 02:57:51.0
BUY-1763965650522-002191,TRADER-0191,CRYPTO,BUY,1847.9,18,0,FILLED,2025-01-16 06:05:52.0
BUY-1763965650523-002320,TRADER-0320,CRYPTO,BUY,3013.19,2,0,FILLED,2025-01-16 07:49:27.0
BUY-1763965650528-006517,TRADER-0017,EQUITY,BUY,378.76,107,0,FILLED,2025-01-18 10:33:27.0
BUY-1763965650529-007358,TRADER-0358,EQUITY,BUY,281.92,225,0,FILLED,2025-01-18 20:12:27.0
BUY-1763965650527-005226,TRADER-0226,CRYPTO,BUY,3204.95,1,0,FILLED,2025-01-17 19:08:17.0
BUY-1763965650520-000958,TRADER-0458,CRYPTO,BUY,3070.64,5,0,FILLED,2025-01-15 15:29:45.0
BUY-1763965650522-002247,TRADER-0247,CRYPTO,BUY,2561.38,14,0,FILLED,2025-01-16 06:57:57.0
BUY-1763965650529-006906,TRADER-0406,EQUITY,BUY,302.7,281,0,FILLED,2025-01-18 15:05:04.0
BUY-1763965650527-005732,TRADER-0232,CRYPTO,BUY,1488.61,28,0,FILLED,2025-01-18 00:57:26.0
BUY-1763965650529-007288,TRADER-0288,FOREX,BUY,8.13,751,0,FILLED,2025-01-18 19:52:06.0
BUY-1763965650526-004495,TRADER-0495,EQUITY,BUY,151.26,30,0,FILLED,2025-01-17 10:16:39.0
BUY-1763965650521-001448,TRADER-0448,CRYPTO,BUY,2927.64,16,0,FILLED,2025-01-15 21:51:39.0
BUY-1763965650528-005980,TRADER-0480,CRYPTO,BUY,3356.8,7,0,FILLED,2025-01-18 03:29:59.0
BUY-1763965650526-004536,TRADER-0036,CRYPTO,BUY,4887.46,2,0,FILLED,2025-01-17 10:03:37.0
BUY-1763965650523-002830,TRADER-0330,FOREX,BUY,6.48,854,0,FILLED,2025-01-16 13:42:21.0
BUY-1763965650521-001299,TRADER-0299,EQUITY,BUY,136.26,122,0,FILLED,2025-01-15 20:01:24.0
BUY-1763965650522-002039,TRADER-0039,EQUITY,BUY,359.26,222,0,FILLED,2025-01-16 04:35:23.0
BUY-1763965650523-002668,TRADER-0168,EQUITY,BUY,293.01,222,0,FILLED,2025-01-16 11:58:22.0
BUY-1763965650527-005393,TRADER-0393,FOREX,BUY,6.85,1000,0,FILLED,2025-01-17 20:43:13.0
BUY-1763965650528-006059,TRADER-0059,EQUITY,BUY,198.76,158,0,FILLED,2025-01-18 05:07:15.0
BUY-1763965650519-000446,TRADER-0446,EQUITY,BUY,300.0,32,0,FILLED,2025-01-15 09:45:43.0
BUY-1763965650524-003035,TRADER-0035,CRYPTO,BUY,2562.45,16,0,FILLED,2025-01-16 16:03:52.0
BUY-1763965650527-005643,TRADER-0143,EQUITY,BUY,395.85,161,0,FILLED,2025-01-17 23:58:17.0
BUY-1763965650519-000511,TRADER-0011,CRYPTO,BUY,3628.07,12,0,FILLED,2025-01-15 09:58:33.0
BUY-1763965650528-005909,TRADER-0409,EQUITY,BUY,469.64,52,0,FILLED,2025-01-18 03:16:10.0
BUY-1763965650527-005636,TRADER-0136,CRYPTO,BUY,1626.2,6,0,FILLED,2025-01-17 23:56:50.0
BUY-1763965650527-005298,TRADER-0298,EQUITY,BUY,211.4,126,0,FILLED,2025-01-17 19:21:40.0
BUY-1763965650528-006084,TRADER-0084,CRYPTO,BUY,2609.7,2,0,FILLED,2025-01-18 04:48:15.0
BUY-1763965650524-003473,TRADER-0473,CRYPTO,BUY,4666.31,5,0,FILLED,2025-01-16 21:29:22.0
BUY-1763965650521-001338,TRADER-0338,EQUITY,BUY,419.2,186,0,FILLED,2025-01-15 20:24:04.0
BUY-1763965650522-001801,TRADER-0301,FOREX,BUY,7.35,839,0,FILLED,2025-01-16 01:23:29.0
BUY-1763965650522-001663,TRADER-0163,CRYPTO,BUY,4953.29,4,0,FILLED,2025-01-16 00:03:49.0
BUY-1763965650521-001160,TRADER-0160,CRYPTO,BUY,1096.35,26,0,FILLED,2025-01-15 18:22:13.0
BUY-1763965650529-007096,TRADER-0096,EQUITY,BUY,374.54,37,0,FILLED,2025-01-18 17:20:24.0
BUY-1763965650523-002954,TRADER-0454,FOREX,BUY,6.3,317,0,FILLED,2025-01-16 15:48:40.0
BUY-1763965650523-002641,TRADER-0141,EQUITY,BUY,302.31,303,0,FILLED,2025-01-16 11:41:48.0
BUY-1763965650520-000724,TRADER-0224,CRYPTO,BUY,4830.29,3,0,FILLED,2025-01-15 12:56:09.0
BUY-1763965650523-002583,TRADER-0083,EQUITY,BUY,475.49,104,0,FILLED,2025-01-16 10:41:06.0
BUY-1763965650523-002939,TRADER-0439,FOREX,BUY,8.21,321,0,FILLED,2025-01-16 14:47:30.0
BUY-1763965650529-006766,TRADER-0266,FOREX,BUY,9.75,676,0,FILLED,2025-01-18 13:00:41.0
BUY-1763965650521-001572,TRADER-0072,FOREX,BUY,6.44,10,0,FILLED,2025-01-15 22:44:41.0
BUY-1763965650529-007253,TRADER-0253,FOREX,BUY,5.0,840,0,FILLED,2025-01-18 19:20:01.0
BUY-1763965650521-001237,TRADER-0237,FOREX,BUY,8.0,810,0,FILLED,2025-01-15 19:01:21.0
BUY-1763965650522-002207,TRADER-0207,CRYPTO,BUY,3346.21,11,0,FILLED,2025-01-16 06:46:07.0
BUY-1763965650528-006147,TRADER-0147,FOREX,BUY,7.53,854,0,FILLED,2025-01-18 06:00:57.0
BUY-1763965650522-002024,TRADER-0024,EQUITY,BUY,362.81,7,0,FILLED,2025-01-16 04:16:56.0
BUY-1763965650522-001867,TRADER-0367,CRYPTO,BUY,3731.43,1,0,FILLED,2025-01-16 01:59:21.0
BUY-1763965650527-005419,TRADER-0419,EQUITY,BUY,222.41,109,0,FILLED,2025-01-17 20:34:51.0
BUY-1763965650525-003761,TRADER-0261,CRYPTO,BUY,2494.72,14,0,FILLED,2025-01-17 01:37:04.0
BUY-1763965650524-003409,TRADER-0409,CRYPTO,BUY,1591.32,25,0,FILLED,2025-01-16 20:52:10.0
BUY-1763965650520-000770,TRADER-0270,EQUITY,BUY,365.04,235,0,FILLED,2025-01-15 12:50:16.0
BUY-1763965650529-006789,TRADER-0289,FOREX,BUY,9.62,635,0,FILLED,2025-01-18 13:22:01.0
BUY-1763965650519-000482,TRADER-0482,EQUITY,BUY,150.0,26,0,FILLED,2025-01-15 09:32:13.0
BUY-1763965650527-005447,TRADER-0447,CRYPTO,BUY,4304.66,11,0,FILLED,2025-01-17 21:23:03.0
BUY-1763965650521-001550,TRADER-0050,FOREX,BUY,4.66,208,0,FILLED,2025-01-15 22:25:25.0
BUY-1763965650528-006622,TRADER-0122,EQUITY,BUY,474.5,195,0,FILLED,2025-01-18 11:07:59.0
BUY-1763965650522-002007,TRADER-0007,EQUITY,BUY,162.03,477,0,FILLED,2025-01-16 04:25:17.0
BUY-1763965650527-005710,TRADER-0210,EQUITY,BUY,430.18,117,0,FILLED,2025-01-18 00:18:07.0
BUY-1763965650529-006976,TRADER-0476,EQUITY,BUY,340.84,39,0,FILLED,2025-01-18 15:46:42.0
BUY-1763965650521-001414,TRADER-0414,FOREX,BUY,9.01,57,0,FILLED,2025-01-15 20:31:41.0
BUY-1763965650529-007311,TRADER-0311,FOREX,BUY,7.89,147,0,FILLED,2025-01-18 19:54:36.0
BUY-1763965650528-005867,TRADER-0367,EQUITY,BUY,228.7,344,0,FILLED,2025-01-18 02:47:14.0
BUY-1763965650521-001091,TRADER-0091,FOREX,BUY,8.9,959,0,FILLED,2025-01-15 16:45:16.0
BUY-1763965650524-003329,TRADER-0329,EQUITY,BUY,273.82,206,0,FILLED,2025-01-16 19:46:49.0
BUY-1763965650527-005537,TRADER-0037,CRYPTO,BUY,4405.98,8,0,FILLED,2025-01-17 22:20:43.0
BUY-1763965650521-001452,TRADER-0452,CRYPTO,BUY,3689.22,13,0,FILLED,2025-01-15 21:48:34.0
BUY-1763965650524-003049,TRADER-0049,CRYPTO,BUY,754.68,47,0,FILLED,2025-01-16 16:20:30.0
BUY-1763965650524-003498,TRADER-0498,EQUITY,BUY,273.02,129,0,FILLED,2025-01-16 22:19:19.0
BUY-1763965650523-002782,TRADER-0282,FOREX,BUY,4.95,829,0,FILLED,2025-01-16 13:35:39.0
BUY-1763965650525-003776,TRADER-0276,CRYPTO,BUY,2618.27,6,0,FILLED,2025-01-17 01:14:17.0
BUY-1763965650523-002357,TRADER-0357,FOREX,BUY,4.95,753,0,FILLED,2025-01-16 08:20:17.0
BUY-1763965650522-001713,TRADER-0213,CRYPTO,BUY,3747.37,1,0,FILLED,2025-01-16 00:04:59.0
BUY-1763965650524-003604,TRADER-0104,EQUITY,BUY,241.37,12,0,FILLED,2025-01-16 22:54:57.0
BUY-1763965650520-000730,TRADER-0230,CRYPTO,BUY,3272.85,6,0,FILLED,2025-01-15 13:13:09.0
BUY-1763965650527-005267,TRADER-0267,FOREX,BUY,7.33,256,0,FILLED,2025-01-17 19:32:55.0
BUY-1763965650528-005905,TRADER-0405,CRYPTO,BUY,1278.49,23,0,FILLED,2025-01-18 02:32:08.0
BUY-1763965650526-004489,TRADER-0489,EQUITY,BUY,444.26,72,0,FILLED,2025-01-17 09:37:27.0
BUY-1763965650523-002355,TRADER-0355,EQUITY,BUY,225.08,217,0,FILLED,2025-01-16 08:10:44.0
BUY-1763965650527-005794,TRADER-0294,CRYPTO,BUY,1965.16,6,0,FILLED,2025-01-18 01:59:35.0
BUY-1763965650529-006971,TRADER-0471,FOREX,BUY,8.58,703,0,FILLED,2025-01-18 15:52:16.0
BUY-1763965650525-003714,TRADER-0214,FOREX,BUY,6.18,870,0,FILLED,2025-01-17 00:25:39.0
BUY-1763965650519-000484,TRADER-0484,EQUITY,BUY,200.0,104,0,FILLED,2025-01-15 09:22:41.0
BUY-1763965650525-004035,TRADER-0035,CRYPTO,BUY,4595.07,1,0,FILLED,2025-01-17 04:30:49.0
BUY-1763965650527-005256,TRADER-0256,CRYPTO,BUY,3846.19,1,0,FILLED,2025-01-17 18:59:43.0
BUY-1763965650522-001793,TRADER-0293,CRYPTO,BUY,2898.79,14,0,FILLED,2025-01-16 01:59:29.0
BUY-1763965650528-006241,TRADER-0241,EQUITY,BUY,151.98,367,0,FILLED,2025-01-18 07:01:51.0
BUY-1763965650525-004132,TRADER-0132,FOREX,BUY,7.58,873,0,FILLED,2025-01-17 05:29:04.0
BUY-1763965650523-002933,TRADER-0433,EQUITY,BUY,251.11,342,0,FILLED,2025-01-16 15:12:20.0
BUY-1763965650519-000560,TRADER-0060,EQUITY,BUY,469.39,12,0,FILLED,2025-01-15 10:24:48.0
BUY-1763965650524-003570,TRADER-0070,FOREX,BUY,4.23,952,0,FILLED,2025-01-16 22:52:53.0
BUY-1763965650528-006560,TRADER-0060,EQUITY,BUY,312.24,291,0,FILLED,2025-01-18 10:27:16.0
BUY-1763965650524-003330,TRADER-0330,EQUITY,BUY,475.39,95,0,FILLED,2025-01-16 20:13:37.0
BUY-1763965650527-005085,TRADER-0085,FOREX,BUY,9.76,392,0,FILLED,2025-01-17 17:02:12.0
BUY-1763965650525-003836,TRADER-0336,EQUITY,BUY,288.45,213,0,FILLED,2025-01-17 01:41:34.0
BUY-1763965650527-005385,TRADER-0385,CRYPTO,BUY,542.58,49,0,FILLED,2025-01-17 20:40:32.0
BUY-1763965650520-000651,TRADER-0151,FOREX,BUY,6.58,522,0,FILLED,2025-01-15 12:13:25.0
BUY-1763965650526-004714,TRADER-0214,CRYPTO,BUY,3357.3,2,0,FILLED,2025-01-17 12:24:24.0
BUY-1763965650527-005589,TRADER-0089,CRYPTO,BUY,773.77,48,0,FILLED,2025-01-17 22:54:41.0
BUY-1763965650527-005719,TRADER-0219,CRYPTO,BUY,4893.28,9,0,FILLED,2025-01-18 00:40:08.0
BUY-1763965650528-005906,TRADER-0406,EQUITY,BUY,269.02,216,0,FILLED,2025-01-18 03:21:57.0
BUY-1763965650522-001735,TRADER-0235,EQUITY,BUY,442.77,41,0,FILLED,2025-01-16 00:35:46.0
BUY-1763965650526-004925,TRADER-0425,CRYPTO,BUY,2450.7,19,0,FILLED,2025-01-17 14:59:42.0
BUY-1763965650523-002441,TRADER-0441,CRYPTO,BUY,4056.64,4,0,FILLED,2025-01-16 08:55:45.0
BUY-1763965650523-002604,TRADER-0104,FOREX,BUY,5.12,682,0,FILLED,2025-01-16 11:35:40.0
BUY-1763965650529-006666,TRADER-0166,FOREX,BUY,8.05,63,0,FILLED,2025-01-18 11:57:35.0
BUY-1763965650524-003311,TRADER-0311,EQUITY,BUY,336.82,295,0,FILLED,2025-01-16 20:09:31.0
BUY-1763965650529-007093,TRADER-0093,CRYPTO,BUY,3827.28,4,0,FILLED,2025-01-18 17:26:36.0
BUY-1763965650526-004612,TRADER-0112,FOREX,BUY,9.27,681,0,FILLED,2025-01-17 10:57:02.0
BUY-1763965650528-006452,TRADER-0452,CRYPTO,BUY,4553.87,3,0,FILLED,2025-01-18 09:04:13.0
BUY-1763965650528-006536,TRADER-0036,EQUITY,BUY,189.51,61,0,FILLED,2025-01-18 10:39:49.0
BUY-1763965650523-002814,TRADER-0314,CRYPTO,BUY,1049.37,43,0,FILLED,2025-01-16 13:47:05.0
BUY-1763965650528-005825,TRADER-0325,EQUITY,BUY,145.29,299,0,FILLED,2025-01-18 01:29:55.0
BUY-1763965650527-005326,TRADER-0326,EQUITY,BUY,429.39,123,0,FILLED,2025-01-17 20:00:16.0
BUY-1763965650526-004870,TRADER-0370,FOREX,BUY,8.87,388,0,FILLED,2025-01-17 14:10:59.0
BUY-1763965650519-000548,TRADER-0048,CRYPTO,BUY,4636.56,8,0,FILLED,2025-01-15 10:33:29.0
BUY-1763965650527-005605,TRADER-0105,EQUITY,BUY,318.24,20,0,FILLED,2025-01-17 23:09:47.0
BUY-1763965650525-003921,TRADER-0421,CRYPTO,BUY,810.04,41,0,FILLED,2025-01-17 03:11:56.0
BUY-1763965650525-004356,TRADER-0356,FOREX,BUY,8.69,268,0,FILLED,2025-01-17 08:33:36.0
BUY-1763965650525-003876,TRADER-0376,FOREX,BUY,6.39,373,0,FILLED,2025-01-17 02:57:45.0
BUY-1763965650521-001548,TRADER-0048,CRYPTO,BUY,1381.06,19,0,FILLED,2025-01-15 22:51:58.0
BUY-1763965650524-003272,TRADER-0272,CRYPTO,BUY,3916.73,12,0,FILLED,2025-01-16 19:30:40.0
BUY-1763965650526-004475,TRADER-0475,CRYPTO,BUY,3122.69,2,0,FILLED,2025-01-17 09:19:38.0
BUY-1763965650525-004207,TRADER-0207,EQUITY,BUY,313.36,219,0,FILLED,2025-01-17 06:23:35.0
BUY-1763965650523-002304,TRADER-0304,CRYPTO,BUY,4617.95,4,0,FILLED,2025-01-16 07:47:48.0
BUY-1763965650522-001979,TRADER-0479,EQUITY,BUY,289.18,172,0,FILLED,2025-01-16 04:05:36.0
BUY-1763965650521-001119,TRADER-0119,FOREX,BUY,6.57,115,0,FILLED,2025-01-15 17:04:17.0
BUY-1763965650527-005757,TRADER-0257,CRYPTO,BUY,4529.2,10,0,FILLED,2025-01-18 00:53:23.0
BUY-1763965650521-001363,TRADER-0363,CRYPTO,BUY,4551.39,4,0,FILLED,2025-01-15 20:36:37.0
BUY-1763965650525-003745,TRADER-0245,EQUITY,BUY,394.62,194,0,FILLED,2025-01-17 00:29:39.0
BUY-1763965650528-006185,TRADER-0185,CRYPTO,BUY,3431.84,2,0,FILLED,2025-01-18 06:34:03.0
BUY-1763965650523-002590,TRADER-0090,FOREX,BUY,4.41,768,0,FILLED,2025-01-16 11:09:33.0
BUY-1763965650525-004354,TRADER-0354,EQUITY,BUY,489.26,42,0,FILLED,2025-01-17 08:40:23.0
BUY-1763965650528-005857,TRADER-0357,CRYPTO,BUY,4581.14,10,0,FILLED,2025-01-18 02:35:57.0
BUY-1763965650528-006044,TRADER-0044,CRYPTO,BUY,2789.52,4,0,FILLED,2025-01-18 04:04:46.0
BUY-1763965650525-003743,TRADER-0243,CRYPTO,BUY,959.45,21,0,FILLED,2025-01-17 00:39:42.0
BUY-1763965650519-000432,TRADER-0432,EQUITY,BUY,200.0,65,0,FILLED,2025-01-15 09:11:02.0
BUY-1763965650528-006052,TRADER-0052,CRYPTO,BUY,2274.79,19,0,FILLED,2025-01-18 04:42:03.0
BUY-1763965650522-002244,TRADER-0244,FOREX,BUY,6.25,402,0,FILLED,2025-01-16 06:57:14.0
BUY-1763965650520-000825,TRADER-0325,CRYPTO,BUY,2915.17,3,0,FILLED,2025-01-15 13:39:46.0
BUY-1763965650522-001740,TRADER-0240,EQUITY,BUY,302.59,218,0,FILLED,2025-01-16 00:24:38.0
BUY-1763965650527-005188,TRADER-0188,EQUITY,BUY,415.07,41,0,FILLED,2025-01-17 17:48:01.0
BUY-1763965650526-004871,TRADER-0371,FOREX,BUY,9.34,31,0,FILLED,2025-01-17 14:32:39.0
BUY-1763965650524-003487,TRADER-0487,FOREX,BUY,4.59,519,0,FILLED,2025-01-16 21:30:15.0
BUY-1763965650523-002690,TRADER-0190,CRYPTO,BUY,1105.93,25,0,FILLED,2025-01-16 12:03:40.0
BUY-1763965650525-003942,TRADER-0442,FOREX,BUY,9.91,831,0,FILLED,2025-01-17 03:04:43.0
BUY-1763965650521-001140,TRADER-0140,FOREX,BUY,9.3,197,0,FILLED,2025-01-15 17:17:33.0
BUY-1763965650522-001618,TRADER-0118,EQUITY,BUY,475.77,75,0,FILLED,2025-01-15 23:39:34.0
BUY-1763965650529-007293,TRADER-0293,FOREX,BUY,7.24,245,0,FILLED,2025-01-18 19:57:11.0
BUY-1763965650528-005872,TRADER-0372,CRYPTO,BUY,3447.08,9,0,FILLED,2025-01-18 02:19:31.0
BUY-1763965650519-000529,TRADER-0029,FOREX,BUY,7.26,4,0,FILLED,2025-01-15 10:12:27.0
BUY-1763965650526-004662,TRADER-0162,CRYPTO,BUY,472.4,50,0,FILLED,2025-01-17 11:53:04.0
BUY-1763965650528-006165,TRADER-0165,FOREX,BUY,4.89,576,0,FILLED,2025-01-18 05:35:30.0
BUY-1763965650524-003030,TRADER-0030,EQUITY,BUY,408.82,5,0,FILLED,2025-01-16 16:39:20.0
BUY-1763965650523-002299,TRADER-0299,CRYPTO,BUY,1753.84,8,0,FILLED,2025-01-16 08:03:50.0
BUY-1763965650522-002046,TRADER-0046,CRYPTO,BUY,3076.8,11,0,FILLED,2025-01-16 04:30:31.0
BUY-1763965650523-002567,TRADER-0067,FOREX,BUY,9.12,949,0,FILLED,2025-01-16 10:54:49.0
BUY-1763965650528-006214,TRADER-0214,EQUITY,BUY,172.64,280,0,FILLED,2025-01-18 06:10:54.0
BUY-1763965650522-002185,TRADER-0185,EQUITY,BUY,278.48,216,0,FILLED,2025-01-16 05:44:44.0
BUY-1763965650520-000872,TRADER-0372,CRYPTO,BUY,2199.56,12,0,FILLED,2025-01-15 14:50:55.0
BUY-1763965650526-004483,TRADER-0483,EQUITY,BUY,395.76,39,0,FILLED,2025-01-17 09:50:26.0
BUY-1763965650524-003296,TRADER-0296,FOREX,BUY,8.95,782,0,FILLED,2025-01-16 19:32:36.0
BUY-1763965650526-004854,TRADER-0354,CRYPTO,BUY,1247.05,8,0,FILLED,2025-01-17 14:22:09.0
BUY-1763965650529-006809,TRADER-0309,EQUITY,BUY,347.94,195,0,FILLED,2025-01-18 14:04:47.0
BUY-1763965650527-005598,TRADER-0098,EQUITY,BUY,202.8,199,0,FILLED,2025-01-17 23:04:00.0
BUY-1763965650529-007455,TRADER-0455,CRYPTO,BUY,3571.3,9,0,FILLED,2025-01-18 21:12:35.0
BUY-1763965650529-006824,TRADER-0324,CRYPTO,BUY,1320.11,30,0,FILLED,2025-01-18 14:09:38.0
BUY-1763965650524-003213,TRADER-0213,CRYPTO,BUY,3755.96,5,0,FILLED,2025-01-16 18:58:01.0
BUY-1763965650527-005650,TRADER-0150,CRYPTO,BUY,4222.3,2,0,FILLED,2025-01-17 23:38:55.0
BUY-1763965650526-004753,TRADER-0253,FOREX,BUY,6.23,230,0,FILLED,2025-01-17 12:45:11.0
BUY-1763965650523-002923,TRADER-0423,EQUITY,BUY,304.39,217,0,FILLED,2025-01-16 14:57:54.0
BUY-1763965650529-007443,TRADER-0443,CRYPTO,BUY,587.42,23,0,FILLED,2025-01-18 21:23:44.0
BUY-1763965650525-003974,TRADER-0474,CRYPTO,BUY,973.44,4,0,FILLED,2025-01-17 03:42:01.0
BUY-1763965650529-006872,TRADER-0372,EQUITY,BUY,311.03,319,0,FILLED,2025-01-18 14:51:35.0
BUY-1763965650528-006199,TRADER-0199,EQUITY,BUY,324.13,78,0,FILLED,2025-01-18 06:38:03.0
BUY-1763965650529-007339,TRADER-0339,CRYPTO,BUY,2781.01,9,0,FILLED,2025-01-18 20:12:39.0
BUY-1763965650523-002461,TRADER-0461,FOREX,BUY,4.94,629,0,FILLED,2025-01-16 09:14:50.0
BUY-1763965650527-005506,TRADER-0006,FOREX,BUY,6.52,202,0,FILLED,2025-01-17 22:13:32.0
BUY-1763965650523-002770,TRADER-0270,FOREX,BUY,6.73,454,0,FILLED,2025-01-16 13:28:10.0
BUY-1763965650526-004982,TRADER-0482,FOREX,BUY,6.03,402,0,FILLED,2025-01-17 15:52:39.0
BUY-1763965650523-002506,TRADER-0006,CRYPTO,BUY,744.76,6,0,FILLED,2025-01-16 09:35:13.0
BUY-1763965650523-002275,TRADER-0275,EQUITY,BUY,332.33,145,0,FILLED,2025-01-16 07:17:02.0
BUY-1763965650520-000866,TRADER-0366,FOREX,BUY,5.54,386,0,FILLED,2025-01-15 14:31:48.0
BUY-1763965650527-005463,TRADER-0463,FOREX,BUY,4.8,710,0,FILLED,2025-01-17 21:45:38.0
BUY-1763965650524-003635,TRADER-0135,CRYPTO,BUY,692.73,45,0,FILLED,2025-01-16 23:16:51.0
BUY-1763965650523-002849,TRADER-0349,EQUITY,BUY,221.38,300,0,FILLED,2025-01-16 13:46:39.0
BUY-1763965650524-003154,TRADER-0154,EQUITY,BUY,481.87,46,0,FILLED,2025-01-16 17:31:56.0
BUY-1763965650522-001648,TRADER-0148,EQUITY,BUY,360.14,52,0,FILLED,2025-01-15 23:27:35.0
BUY-1763965650524-003663,TRADER-0163,CRYPTO,BUY,3667.63,1,0,FILLED,2025-01-17 00:23:29.0
BUY-1763965650528-006219,TRADER-0219,EQUITY,BUY,334.98,43,0,FILLED,2025-01-18 06:59:00.0
BUY-1763965650522-002239,TRADER-0239,CRYPTO,BUY,3206.85,15,0,FILLED,2025-01-16 06:41:20.0
BUY-1763965650526-005053,TRADER-0053,EQUITY,BUY,343.84,13,0,FILLED,2025-01-17 16:39:49.0
BUY-1763965650523-002457,TRADER-0457,CRYPTO,BUY,4974.37,3,0,FILLED,2025-01-16 09:04:13.0
BUY-1763965650528-006173,TRADER-0173,CRYPTO,BUY,3112.41,6,0,FILLED,2025-01-18 05:44:44.0
BUY-1763965650521-001424,TRADER-0424,EQUITY,BUY,454.46,209,0,FILLED,2025-01-15 21:26:07.0
BUY-1763965650529-007412,TRADER-0412,CRYPTO,BUY,2700.01,1,0,FILLED,2025-01-18 21:20:30.0
BUY-1763965650524-003020,TRADER-0020,FOREX,BUY,8.81,388,0,FILLED,2025-01-16 15:52:32.0
BUY-1763965650528-005976,TRADER-0476,EQUITY,BUY,331.98,52,0,FILLED,2025-01-18 03:20:42.0
BUY-1763965650525-003754,TRADER-0254,EQUITY,BUY,467.8,37,0,FILLED,2025-01-17 00:34:31.0
BUY-1763965650521-001256,TRADER-0256,FOREX,BUY,8.74,928,0,FILLED,2025-01-15 19:06:13.0
BUY-1763965650518-000111,TRADER-0111,EQUITY,BUY,300.0,83,0,FILLED,2025-01-15 05:16:07.0
BUY-1763965650526-004394,TRADER-0394,EQUITY,BUY,325.39,53,0,FILLED,2025-01-17 09:10:05.0
BUY-1763965650526-004755,TRADER-0255,EQUITY,BUY,414.12,60,0,FILLED,2025-01-17 12:49:59.0
BUY-1763965650524-003343,TRADER-0343,EQUITY,BUY,411.2,84,0,FILLED,2025-01-16 20:10:45.0
BUY-1763965650522-002075,TRADER-0075,FOREX,BUY,4.66,989,0,FILLED,2025-01-16 05:04:01.0
BUY-1763965650527-005370,TRADER-0370,CRYPTO,BUY,3492.88,2,0,FILLED,2025-01-17 20:24:27.0
BUY-1763965650522-002242,TRADER-0242,FOREX,BUY,9.85,323,0,FILLED,2025-01-16 07:04:12.0
BUY-1763965650523-002663,TRADER-0163,EQUITY,BUY,376.34,184,0,FILLED,2025-01-16 12:22:01.0
BUY-1763965650525-004319,TRADER-0319,FOREX,BUY,6.12,642,0,FILLED,2025-01-17 07:26:43.0
BUY-1763965650523-002367,TRADER-0367,FOREX,BUY,8.06,703,0,FILLED,2025-01-16 08:15:16.0
BUY-1763965650522-001901,TRADER-0401,EQUITY,BUY,414.35,100,0,FILLED,2025-01-16 02:34:39.0
BUY-1763965650527-005681,TRADER-0181,CRYPTO,BUY,2681.93,7,0,FILLED,2025-01-18 00:27:34.0
BUY-1763965650528-006157,TRADER-0157,CRYPTO,BUY,850.75,27,0,FILLED,2025-01-18 05:53:00.0
BUY-1763965650527-005697,TRADER-0197,FOREX,BUY,4.33,796,0,FILLED,2025-01-17 23:51:59.0
BUY-1763965650523-002692,TRADER-0192,FOREX,BUY,8.3,847,0,FILLED,2025-01-16 12:16:45.0
BUY-1763965650523-002713,TRADER-0213,EQUITY,BUY,168.59,324,0,FILLED,2025-01-16 12:42:52.0
BUY-1763965650521-001204,TRADER-0204,EQUITY,BUY,155.48,510,0,FILLED,2025-01-15 18:03:26.0
BUY-1763965650529-006692,TRADER-0192,CRYPTO,BUY,1796.89,3,0,FILLED,2025-01-18 12:06:53.0
BUY-1763965650529-006913,TRADER-0413,FOREX,BUY,4.26,679,0,FILLED,2025-01-18 15:19:40.0
BUY-1763965650525-004137,TRADER-0137,EQUITY,BUY,200.54,194,0,FILLED,2025-01-17 05:53:13.0
BUY-1763965650528-005957,TRADER-0457,CRYPTO,BUY,2457.13,20,0,FILLED,2025-01-18 03:20:23.0
BUY-1763965650523-002296,TRADER-0296,CRYPTO,BUY,4825.64,9,0,FILLED,2025-01-16 07:22:34.0
BUY-1763965650526-004885,TRADER-0385,CRYPTO,BUY,1539.88,19,0,FILLED,2025-01-17 15:06:21.0
BUY-1763965650529-007470,TRADER-0470,FOREX,BUY,5.15,677,0,FILLED,2025-01-18 22:02:26.0
BUY-1763965650527-005528,TRADER-0028,FOREX,BUY,7.18,827,0,FILLED,2025-01-17 22:16:07.0
BUY-1763965650528-006502,TRADER-0002,CRYPTO,BUY,1501.27,15,0,FILLED,2025-01-18 09:56:58.0
BUY-1763965650528-006327,TRADER-0327,FOREX,BUY,5.14,160,0,FILLED,2025-01-18 07:37:29.0
BUY-1763965650526-004584,TRADER-0084,EQUITY,BUY,442.09,164,0,FILLED,2025-01-17 10:40:01.0
BUY-1763965650528-006524,TRADER-0024,EQUITY,BUY,191.76,351,0,FILLED,2025-01-18 10:16:54.0
BUY-1763965650521-001178,TRADER-0178,EQUITY,BUY,206.76,57,0,FILLED,2025-01-15 18:24:12.0
BUY-1763965650522-001912,TRADER-0412,EQUITY,BUY,318.87,121,0,FILLED,2025-01-16 02:28:02.0
BUY-1763965650523-002505,TRADER-0005,EQUITY,BUY,273.8,353,0,FILLED,2025-01-16 10:06:15.0
BUY-1763965650522-002238,TRADER-0238,EQUITY,BUY,146.69,413,0,FILLED,2025-01-16 07:20:34.0
BUY-1763965650521-001166,TRADER-0166,CRYPTO,BUY,605.61,39,0,FILLED,2025-01-15 17:50:00.0
BUY-1763965650528-006429,TRADER-0429,CRYPTO,BUY,4832.95,9,0,FILLED,2025-01-18 09:33:53.0
BUY-1763965650529-006717,TRADER-0217,CRYPTO,BUY,2575.33,12,0,FILLED,2025-01-18 12:36:51.0
BUY-1763965650529-007255,TRADER-0255,FOREX,BUY,7.24,33,0,FILLED,2025-01-18 18:42:43.0
BUY-1763965650526-004949,TRADER-0449,CRYPTO,BUY,2296.96,20,0,FILLED,2025-01-17 15:40:27.0
BUY-1763965650519-000565,TRADER-0065,FOREX,BUY,7.23,689,0,FILLED,2025-01-15 10:51:21.0
BUY-1763965650523-002487,TRADER-0487,EQUITY,BUY,475.28,48,0,FILLED,2025-01-16 09:51:45.0
BUY-1763965650529-007269,TRADER-0269,CRYPTO,BUY,1850.88,22,0,FILLED,2025-01-18 18:44:39.0
BUY-1763965650521-001541,TRADER-0041,EQUITY,BUY,301.48,145,0,FILLED,2025-01-15 22:05:57.0
BUY-1763965650522-001665,TRADER-0165,EQUITY,BUY,249.2,366,0,FILLED,2025-01-15 23:30:24.0
BUY-1763965650519-000610,TRADER-0110,EQUITY,BUY,299.13,214,0,FILLED,2025-01-15 11:46:24.0
BUY-1763965650522-002043,TRADER-0043,EQUITY,BUY,238.17,14,0,FILLED,2025-01-16 04:09:11.0
BUY-1763965650527-005173,TRADER-0173,EQUITY,BUY,332.08,97,0,FILLED,2025-01-17 17:45:06.0
BUY-1763965650529-007024,TRADER-0024,FOREX,BUY,4.95,505,0,FILLED,2025-01-18 16:15:08.0
BUY-1763965650521-001408,TRADER-0408,FOREX,BUY,7.83,226,0,FILLED,2025-01-15 20:39:57.0
BUY-1763965650524-002998,TRADER-0498,CRYPTO,BUY,3184.34,11,0,FILLED,2025-01-16 15:31:27.0
BUY-1763965650521-001569,TRADER-0069,CRYPTO,BUY,1220.85,35,0,FILLED,2025-01-15 22:35:09.0
BUY-1763965650528-006353,TRADER-0353,FOREX,BUY,9.06,429,0,FILLED,2025-01-18 08:34:01.0
BUY-1763965650528-006572,TRADER-0072,EQUITY,BUY,217.98,246,0,FILLED,2025-01-18 10:43:28.0
BUY-1763965650524-003468,TRADER-0468,CRYPTO,BUY,3690.77,6,0,FILLED,2025-01-16 22:00:39.0
BUY-1763965650526-005058,TRADER-0058,EQUITY,BUY,178.09,300,0,FILLED,2025-01-17 17:02:34.0
BUY-1763965650529-006652,TRADER-0152,CRYPTO,BUY,2164.58,10,0,FILLED,2025-01-18 11:30:01.0
BUY-1763965650527-005331,TRADER-0331,EQUITY,BUY,407.27,32,0,FILLED,2025-01-17 19:31:18.0
BUY-1763965650527-005521,TRADER-0021,EQUITY,BUY,167.45,300,0,FILLED,2025-01-17 21:51:54.0
BUY-1763965650523-002473,TRADER-0473,CRYPTO,BUY,3846.54,9,0,FILLED,2025-01-16 10:06:16.0
BUY-1763965650524-003521,TRADER-0021,FOREX,BUY,9.46,952,0,FILLED,2025-01-16 22:36:57.0
BUY-1763965650529-007007,TRADER-0007,CRYPTO,BUY,1069.67,42,0,FILLED,2025-01-18 16:06:02.0
BUY-1763965650529-006811,TRADER-0311,CRYPTO,BUY,995.12,33,0,FILLED,2025-01-18 14:13:10.0
BUY-1763965650520-000834,TRADER-0334,EQUITY,BUY,464.89,83,0,FILLED,2025-01-15 13:58:28.0
BUY-1763965650523-002526,TRADER-0026,CRYPTO,BUY,3103.25,16,0,FILLED,2025-01-16 10:06:08.0
BUY-1763965650528-006007,TRADER-0007,EQUITY,BUY,191.98,430,0,FILLED,2025-01-18 04:16:57.0
BUY-1763965650528-006306,TRADER-0306,CRYPTO,BUY,4652.02,8,0,FILLED,2025-01-18 07:58:50.0
BUY-1763965650524-003338,TRADER-0338,CRYPTO,BUY,3204.07,11,0,FILLED,2025-01-16 20:21:19.0
BUY-1763965650519-000201,TRADER-0201,EQUITY,BUY,200.0,49,0,FILLED,2025-01-15 05:55:25.0
BUY-1763965650529-007172,TRADER-0172,EQUITY,BUY,449.29,82,0,FILLED,2025-01-18 18:11:54.0
BUY-1763965650527-005283,TRADER-0283,EQUITY,BUY,330.58,58,0,FILLED,2025-01-17 19:15:50.0
BUY-1763965650522-002227,TRADER-0227,EQUITY,BUY,255.45,224,0,FILLED,2025-01-16 06:19:13.0
BUY-1763965650529-006769,TRADER-0269,EQUITY,BUY,464.52,133,0,FILLED,2025-01-18 13:16:17.0
BUY-1763965650529-006963,TRADER-0463,FOREX,BUY,4.88,600,0,FILLED,2025-01-18 15:04:17.0
BUY-1763965650526-004575,TRADER-0075,EQUITY,BUY,320.02,4,0,FILLED,2025-01-17 10:53:42.0
BUY-1763965650527-005514,TRADER-0014,FOREX,BUY,8.86,599,0,FILLED,2025-01-17 21:41:03.0
BUY-1763965650526-005001,TRADER-0001,FOREX,BUY,4.71,741,0,FILLED,2025-01-17 15:30:56.0
BUY-1763965650524-003608,TRADER-0108,CRYPTO,BUY,1525.27,19,0,FILLED,2025-01-16 22:52:58.0
BUY-1763965650525-004324,TRADER-0324,EQUITY,BUY,453.72,61,0,FILLED,2025-01-17 08:12:01.0
BUY-1763965650519-000550,TRADER-0050,FOREX,BUY,7.06,2,0,FILLED,2025-01-15 10:47:11.0
BUY-1763965650527-005763,TRADER-0263,CRYPTO,BUY,2662.38,14,0,FILLED,2025-01-18 01:13:34.0
BUY-1763965650522-002189,TRADER-0189,CRYPTO,BUY,1478.91,1,0,FILLED,2025-01-16 06:03:40.0
BUY-1763965650527-005388,TRADER-0388,CRYPTO,BUY,3607.22,11,0,FILLED,2025-01-17 20:35:13.0
BUY-1763965650527-005612,TRADER-0112,CRYPTO,BUY,3003.47,2,0,FILLED,2025-01-17 23:41:13.0
BUY-1763965650527-005730,TRADER-0230,CRYPTO,BUY,2937.61,17,0,FILLED,2025-01-18 01:01:36.0
BUY-1763965650529-007079,TRADER-0079,EQUITY,BUY,467.93,101,0,FILLED,2025-01-18 16:35:33.0
BUY-1763965650526-004848,TRADER-0348,EQUITY,BUY,455.22,116,0,FILLED,2025-01-17 14:01:23.0
BUY-1763965650519-000516,TRADER-0016,FOREX,BUY,4.31,514,0,FILLED,2025-01-15 10:21:29.0
BUY-1763965650527-005409,TRADER-0409,EQUITY,BUY,246.56,387,0,FILLED,2025-01-17 20:42:54.0
BUY-1763965650529-006702,TRADER-0202,EQUITY,BUY,276.76,151,0,FILLED,2025-01-18 12:30:46.0
BUY-1763965650529-007197,TRADER-0197,CRYPTO,BUY,3521.33,6,0,FILLED,2025-01-18 17:59:38.0
BUY-1763965650524-003284,TRADER-0284,EQUITY,BUY,395.58,26,0,FILLED,2025-01-16 19:46:29.0
BUY-1763965650526-004691,TRADER-0191,EQUITY,BUY,155.12,19,0,FILLED,2025-01-17 11:58:44.0
BUY-1763965650527-005695,TRADER-0195,EQUITY,BUY,201.97,310,0,FILLED,2025-01-18 00:29:29.0
BUY-1763965650521-001411,TRADER-0411,EQUITY,BUY,194.3,229,0,FILLED,2025-01-15 20:47:00.0
BUY-1763965650524-003086,TRADER-0086,CRYPTO,BUY,4535.26,10,0,FILLED,2025-01-16 17:17:06.0
BUY-1763965650518-000066,TRADER-0066,EQUITY,BUY,150.0,44,0,FILLED,2025-01-15 05:06:51.0
BUY-1763965650529-007373,TRADER-0373,EQUITY,BUY,325.75,143,0,FILLED,2025-01-18 20:36:32.0
BUY-1763965650519-000224,TRADER-0224,EQUITY,BUY,300.0,79,0,FILLED,2025-01-15 07:05:04.0
BUY-1763965650525-004092,TRADER-0092,FOREX,BUY,8.63,487,0,FILLED,2025-01-17 04:36:59.0
BUY-1763965650525-004103,TRADER-0103,FOREX,BUY,8.1,984,0,FILLED,2025-01-17 04:50:20.0
BUY-1763965650520-000843,TRADER-0343,CRYPTO,BUY,1860.26,8,0,FILLED,2025-01-15 14:07:00.0
BUY-1763965650523-002406,TRADER-0406,EQUITY,BUY,447.72,118,0,FILLED,2025-01-16 09:05:50.0
BUY-1763965650529-007179,TRADER-0179,EQUITY,BUY,441.38,133,0,FILLED,2025-01-18 18:20:37.0
BUY-1763965650521-001325,TRADER-0325,FOREX,BUY,5.99,445,0,FILLED,2025-01-15 19:26:06.0
BUY-1763965650519-000496,TRADER-0496,EQUITY,BUY,150.0,47,0,FILLED,2025-01-15 09:28:20.0
BUY-1763965650528-006116,TRADER-0116,CRYPTO,BUY,3041.97,6,0,FILLED,2025-01-18 05:01:50.0
BUY-1763965650528-005921,TRADER-0421,CRYPTO,BUY,2766.07,16,0,FILLED,2025-01-18 03:25:27.0
BUY-1763965650519-000577,TRADER-0077,CRYPTO,BUY,4784.55,9,0,FILLED,2025-01-15 11:05:54.0
BUY-1763965650524-003217,TRADER-0217,CRYPTO,BUY,2472.56,4,0,FILLED,2025-01-16 18:57:49.0
BUY-1763965650524-003310,TRADER-0310,EQUITY,BUY,373.06,262,0,FILLED,2025-01-16 20:00:46.0
BUY-1763965650521-001560,TRADER-0060,CRYPTO,BUY,3983.07,10,0,FILLED,2025-01-15 22:29:21.0
BUY-1763965650523-002536,TRADER-0036,FOREX,BUY,5.03,418,0,FILLED,2025-01-16 10:22:07.0
BUY-1763965650520-000853,TRADER-0353,FOREX,BUY,8.63,202,0,FILLED,2025-01-15 14:09:26.0
BUY-1763965650525-003856,TRADER-0356,EQUITY,BUY,261.91,156,0,FILLED,2025-01-17 02:09:40.0
BUY-1763965650525-003894,TRADER-0394,EQUITY,BUY,149.74,12,0,FILLED,2025-01-17 02:42:30.0
BUY-1763965650521-001406,TRADER-0406,EQUITY,BUY,189.17,35,0,FILLED,2025-01-15 20:56:42.0
BUY-1763965650526-004456,TRADER-0456,EQUITY,BUY,300.88,253,0,FILLED,2025-01-17 09:39:32.0
BUY-1763965650520-000741,TRADER-0241,CRYPTO,BUY,656.22,43,0,FILLED,2025-01-15 12:51:22.0
BUY-1763965650522-001774,TRADER-0274,EQUITY,BUY,395.85,233,0,FILLED,2025-01-16 01:02:41.0
BUY-1763965650524-003586,TRADER-0086,FOREX,BUY,8.52,782,0,FILLED,2025-01-16 22:55:23.0
BUY-1763965650523-002963,TRADER-0463,EQUITY,BUY,340.96,257,0,FILLED,2025-01-16 15:42:31.0
BUY-1763965650522-002183,TRADER-0183,EQUITY,BUY,161.4,453,0,FILLED,2025-01-16 05:50:49.0
BUY-1763965650526-004518,TRADER-0018,CRYPTO,BUY,596.46,58,0,FILLED,2025-01-17 10:27:34.0
BUY-1763965650525-004102,TRADER-0102,FOREX,BUY,5.54,375,0,FILLED,2025-01-17 05:01:26.0
BUY-1763965650525-004126,TRADER-0126,CRYPTO,BUY,879.25,2,0,FILLED,2025-01-17 05:12:41.0
BUY-1763965650527-005329,TRADER-0329,CRYPTO,BUY,4876.88,2,0,FILLED,2025-01-17 20:23:15.0
BUY-1763965650526-004828,TRADER-0328,EQUITY,BUY,321.9,201,0,FILLED,2025-01-17 13:40:13.0
BUY-1763965650529-007322,TRADER-0322,CRYPTO,BUY,1338.49,20,0,FILLED,2025-01-18 20:18:17.0
BUY-1763965650529-006706,TRADER-0206,EQUITY,BUY,338.72,254,0,FILLED,2025-01-18 12:51:52.0
BUY-1763965650526-004675,TRADER-0175,EQUITY,BUY,395.48,238,0,FILLED,2025-01-17 12:28:50.0
BUY-1763965650529-007381,TRADER-0381,FOREX,BUY,4.85,995,0,FILLED,2025-01-18 20:09:20.0
BUY-1763965650523-002469,TRADER-0469,EQUITY,BUY,244.2,112,0,FILLED,2025-01-16 10:00:52.0
BUY-1763965650523-002640,TRADER-0140,CRYPTO,BUY,4911.01,5,0,FILLED,2025-01-16 12:08:17.0
BUY-1763965650520-000952,TRADER-0452,EQUITY,BUY,468.22,76,0,FILLED,2025-01-15 15:32:50.0
BUY-1763965650528-005819,TRADER-0319,EQUITY,BUY,451.28,41,0,FILLED,2025-01-18 01:48:13.0
BUY-1763965650522-001928,TRADER-0428,CRYPTO,BUY,2666.88,18,0,FILLED,2025-01-16 03:33:56.0
BUY-1763965650527-005688,TRADER-0188,FOREX,BUY,4.39,818,0,FILLED,2025-01-17 23:59:49.0
BUY-1763965650526-004943,TRADER-0443,CRYPTO,BUY,3006.16,10,0,FILLED,2025-01-17 15:19:30.0
BUY-1763965650520-000745,TRADER-0245,EQUITY,BUY,346.58,239,0,FILLED,2025-01-15 12:34:27.0
BUY-1763965650528-005952,TRADER-0452,EQUITY,BUY,232.16,426,0,FILLED,2025-01-18 03:31:33.0
BUY-1763965650526-004666,TRADER-0166,CRYPTO,BUY,681.13,11,0,FILLED,2025-01-17 11:59:46.0
BUY-1763965650519-000518,TRADER-0018,EQUITY,BUY,366.33,271,0,FILLED,2025-01-15 09:54:45.0
BUY-1763965650522-002225,TRADER-0225,EQUITY,BUY,378.5,184,0,FILLED,2025-01-16 06:41:09.0
BUY-1763965650528-005890,TRADER-0390,CRYPTO,BUY,4059.09,12,0,FILLED,2025-01-18 02:51:04.0
BUY-1763965650524-003015,TRADER-0015,CRYPTO,BUY,1763.48,4,0,FILLED,2025-01-16 16:14:32.0
BUY-1763965650528-006089,TRADER-0089,FOREX,BUY,5.35,717,0,FILLED,2025-01-18 04:43:54.0
BUY-1763965650524-003308,TRADER-0308,CRYPTO,BUY,790.99,52,0,FILLED,2025-01-16 19:19:58.0
BUY-1763965650524-003625,TRADER-0125,CRYPTO,BUY,4566.35,6,0,FILLED,2025-01-16 23:14:23.0
BUY-1763965650524-003342,TRADER-0342,FOREX,BUY,7.97,212,0,FILLED,2025-01-16 20:28:38.0
BUY-1763965650524-003370,TRADER-0370,EQUITY,BUY,168.86,463,0,FILLED,2025-01-16 20:49:52.0
BUY-1763965650529-006945,TRADER-0445,FOREX,BUY,9.92,898,0,FILLED,2025-01-18 15:27:54.0
BUY-1763965650524-003062,TRADER-0062,FOREX,BUY,4.41,84,0,FILLED,2025-01-16 16:39:09.0
BUY-1763965650529-006952,TRADER-0452,FOREX,BUY,6.97,529,0,FILLED,2025-01-18 15:30:49.0
BUY-1763965650525-003931,TRADER-0431,EQUITY,BUY,380.06,102,0,FILLED,2025-01-17 03:15:28.0
BUY-1763965650524-003036,TRADER-0036,CRYPTO,BUY,1249.17,15,0,FILLED,2025-01-16 16:15:17.0
BUY-1763965650529-006936,TRADER-0436,CRYPTO,BUY,2922.78,15,0,FILLED,2025-01-18 14:47:43.0
BUY-1763965650528-006226,TRADER-0226,FOREX,BUY,6.21,822,0,FILLED,2025-01-18 06:54:01.0
BUY-1763965650527-005211,TRADER-0211,CRYPTO,BUY,1169.44,19,0,FILLED,2025-01-17 18:15:37.0
BUY-1763965650525-003777,TRADER-0277,CRYPTO,BUY,4689.21,7,0,FILLED,2025-01-17 01:44:21.0
BUY-1763965650526-005057,TRADER-0057,FOREX,BUY,9.56,771,0,FILLED,2025-01-17 16:49:29.0
BUY-1763965650523-002714,TRADER-0214,CRYPTO,BUY,1063.69,45,0,FILLED,2025-01-16 12:23:46.0
BUY-1763965650524-003076,TRADER-0076,FOREX,BUY,8.26,645,0,FILLED,2025-01-16 16:32:37.0
BUY-1763965650520-000634,TRADER-0134,CRYPTO,BUY,1254.29,35,0,FILLED,2025-01-15 12:00:44.0
BUY-1763965650528-006072,TRADER-0072,EQUITY,BUY,304.67,325,0,FILLED,2025-01-18 04:37:26.0
BUY-1763965650525-003878,TRADER-0378,CRYPTO,BUY,4540.3,7,0,FILLED,2025-01-17 02:58:54.0
BUY-1763965650520-000723,TRADER-0223,CRYPTO,BUY,1259.63,30,0,FILLED,2025-01-15 12:51:23.0
BUY-1763965650521-001395,TRADER-0395,EQUITY,BUY,179.43,540,0,FILLED,2025-01-15 20:47:09.0
BUY-1763965650522-002253,TRADER-0253,CRYPTO,BUY,2527.08,10,0,FILLED,2025-01-16 07:04:42.0
BUY-1763965650526-004930,TRADER-0430,EQUITY,BUY,485.01,9,0,FILLED,2025-01-17 14:40:14.0
BUY-1763965650525-004304,TRADER-0304,EQUITY,BUY,232.8,131,0,FILLED,2025-01-17 07:36:45.0
BUY-1763965650523-002691,TRADER-0191,FOREX,BUY,6.22,58,0,FILLED,2025-01-16 12:24:29.0
BUY-1763965650525-004055,TRADER-0055,CRYPTO,BUY,2875.28,2,0,FILLED,2025-01-17 04:11:27.0
BUY-1763965650520-001026,TRADER-0026,EQUITY,BUY,205.78,126,0,FILLED,2025-01-15 16:02:06.0
BUY-1763965650523-002655,TRADER-0155,CRYPTO,BUY,4769.58,6,0,FILLED,2025-01-16 11:44:37.0
BUY-1763965650524-003615,TRADER-0115,CRYPTO,BUY,1464.95,33,0,FILLED,2025-01-16 23:37:38.0
BUY-1763965650526-004916,TRADER-0416,FOREX,BUY,4.39,961,0,FILLED,2025-01-17 15:15:41.0
BUY-1763965650527-005194,TRADER-0194,EQUITY,BUY,451.53,190,0,FILLED,2025-01-17 17:56:03.0
BUY-1763965650520-000661,TRADER-0161,FOREX,BUY,9.94,702,0,FILLED,2025-01-15 11:42:49.0
BUY-1763965650521-001595,TRADER-0095,FOREX,BUY,5.25,248,0,FILLED,2025-01-15 22:38:59.0
BUY-1763965650525-003815,TRADER-0315,FOREX,BUY,9.14,353,0,FILLED,2025-01-17 01:31:08.0
BUY-1763965650527-005091,TRADER-0091,CRYPTO,BUY,2507.98,19,0,FILLED,2025-01-17 16:54:11.0
BUY-1763965650527-005727,TRADER-0227,EQUITY,BUY,441.62,222,0,FILLED,2025-01-18 00:28:22.0
BUY-1763965650526-004604,TRADER-0104,CRYPTO,BUY,3504.75,11,0,FILLED,2025-01-17 11:38:14.0
BUY-1763965650529-007250,TRADER-0250,EQUITY,BUY,184.55,283,0,FILLED,2025-01-18 19:15:56.0
BUY-1763965650525-003870,TRADER-0370,CRYPTO,BUY,3517.85,7,0,FILLED,2025-01-17 02:15:26.0
BUY-1763965650526-004538,TRADER-0038,EQUITY,BUY,431.71,55,0,FILLED,2025-01-17 10:25:24.0
BUY-1763965650529-007346,TRADER-0346,FOREX,BUY,8.59,404,0,FILLED,2025-01-18 20:36:43.0
BUY-1763965650528-005838,TRADER-0338,FOREX,BUY,5.09,172,0,FILLED,2025-01-18 01:36:01.0
BUY-1763965650523-002870,TRADER-0370,CRYPTO,BUY,3790.77,4,0,FILLED,2025-01-16 14:52:22.0
BUY-1763965650527-005644,TRADER-0144,CRYPTO,BUY,955.25,20,0,FILLED,2025-01-18 00:05:32.0
BUY-1763965650523-002354,TRADER-0354,CRYPTO,BUY,4786.59,4,0,FILLED,2025-01-16 08:13:50.0
BUY-1763965650522-002156,TRADER-0156,EQUITY,BUY,389.19,148,0,FILLED,2025-01-16 05:35:32.0
BUY-1763965650525-004113,TRADER-0113,EQUITY,BUY,343.75,162,0,FILLED,2025-01-17 04:54:28.0
BUY-1763965650522-002250,TRADER-0250,CRYPTO,BUY,4378.22,9,0,FILLED,2025-01-16 06:39:28.0
BUY-1763965650527-005247,TRADER-0247,CRYPTO,BUY,457.78,38,0,FILLED,2025-01-17 19:07:38.0
BUY-1763965650522-001682,TRADER-0182,FOREX,BUY,8.77,757,0,FILLED,2025-01-16 00:28:28.0
BUY-1763965650528-006461,TRADER-0461,EQUITY,BUY,477.57,138,0,FILLED,2025-01-18 09:26:46.0
BUY-1763965650519-000615,TRADER-0115,EQUITY,BUY,443.16,52,0,FILLED,2025-01-15 11:25:56.0
BUY-1763965650522-001764,TRADER-0264,FOREX,BUY,9.23,92,0,FILLED,2025-01-16 00:47:05.0
BUY-1763965650524-003145,TRADER-0145,FOREX,BUY,4.31,174,0,FILLED,2025-01-16 17:21:23.0
BUY-1763965650529-006770,TRADER-0270,EQUITY,BUY,301.87,74,0,FILLED,2025-01-18 13:23:49.0
BUY-1763965650524-003108,TRADER-0108,EQUITY,BUY,406.52,169,0,FILLED,2025-01-16 16:50:01.0
BUY-1763965650520-000947,TRADER-0447,EQUITY,BUY,151.79,384,0,FILLED,2025-01-15 15:43:25.0
BUY-1763965650526-004813,TRADER-0313,EQUITY,BUY,156.23,375,0,FILLED,2025-01-17 13:45:42.0
BUY-1763965650523-002833,TRADER-0333,CRYPTO,BUY,3819.75,11,0,FILLED,2025-01-16 13:35:40.0
BUY-1763965650520-000856,TRADER-0356,FOREX,BUY,7.76,63,0,FILLED,2025-01-15 14:45:24.0
BUY-1763965650524-003633,TRADER-0133,CRYPTO,BUY,3597.17,10,0,FILLED,2025-01-16 23:50:11.0
BUY-1763965650528-006341,TRADER-0341,FOREX,BUY,7.59,699,0,FILLED,2025-01-18 07:49:24.0
BUY-1763965650518-000094,TRADER-0094,EQUITY,BUY,150.0,84,0,FILLED,2025-01-15 04:51:37.0
BUY-1763965650528-006410,TRADER-0410,CRYPTO,BUY,1583.96,30,0,FILLED,2025-01-18 08:33:55.0
BUY-1763965650527-005389,TRADER-0389,FOREX,BUY,5.31,148,0,FILLED,2025-01-17 20:32:33.0
BUY-1763965650525-003968,TRADER-0468,FOREX,BUY,4.88,120,0,FILLED,2025-01-17 03:23:08.0
BUY-1763965650522-001676,TRADER-0176,CRYPTO,BUY,2550.02,5,0,FILLED,2025-01-15 23:50:56.0
BUY-1763965650523-002689,TRADER-0189,FOREX,BUY,5.95,163,0,FILLED,2025-01-16 12:45:15.0
BUY-1763965650528-006192,TRADER-0192,CRYPTO,BUY,4652.58,5,0,FILLED,2025-01-18 06:28:54.0
BUY-1763965650529-006638,TRADER-0138,FOREX,BUY,6.61,977,0,FILLED,2025-01-18 11:55:46.0
BUY-1763965650522-001795,TRADER-0295,CRYPTO,BUY,1179.41,10,0,FILLED,2025-01-16 01:43:09.0
BUY-1763965650528-006613,TRADER-0113,CRYPTO,BUY,3292.11,2,0,FILLED,2025-01-18 11:08:42.0
BUY-1763965650525-004011,TRADER-0011,CRYPTO,BUY,4851.39,10,0,FILLED,2025-01-17 04:00:29.0
BUY-1763965650520-000831,TRADER-0331,CRYPTO,BUY,651.02,41,0,FILLED,2025-01-15 13:52:31.0
BUY-1763965650519-000343,TRADER-0343,EQUITY,BUY,300.0,78,0,FILLED,2025-01-15 08:16:48.0
BUY-1763965650529-007347,TRADER-0347,CRYPTO,BUY,1110.98,44,0,FILLED,2025-01-18 19:56:24.0
BUY-1763965650520-001013,TRADER-0013,EQUITY,BUY,477.25,97,0,FILLED,2025-01-15 16:05:23.0
BUY-1763965650525-004246,TRADER-0246,EQUITY,BUY,481.57,145,0,FILLED,2025-01-17 06:37:04.0
BUY-1763965650527-005350,TRADER-0350,CRYPTO,BUY,3041.43,9,0,FILLED,2025-01-17 20:16:58.0
BUY-1763965650522-001690,TRADER-0190,CRYPTO,BUY,2685.28,11,0,FILLED,2025-01-15 23:57:13.0
BUY-1763965650527-005291,TRADER-0291,FOREX,BUY,6.76,261,0,FILLED,2025-01-17 19:30:32.0
BUY-1763965650524-003582,TRADER-0082,CRYPTO,BUY,504.34,32,0,FILLED,2025-01-16 22:57:06.0
BUY-1763965650522-002219,TRADER-0219,FOREX,BUY,5.93,417,0,FILLED,2025-01-16 06:48:14.0
BUY-1763965650529-007082,TRADER-0082,CRYPTO,BUY,1109.65,2,0,FILLED,2025-01-18 17:28:49.0
BUY-1763965650525-003882,TRADER-0382,CRYPTO,BUY,2164.5,5,0,FILLED,2025-01-17 02:46:20.0
BUY-1763965650523-002559,TRADER-0059,FOREX,BUY,8.91,106,0,FILLED,2025-01-16 11:04:27.0
BUY-1763965650526-004851,TRADER-0351,EQUITY,BUY,330.63,104,0,FILLED,2025-01-17 13:58:15.0
BUY-1763965650520-001023,TRADER-0023,CRYPTO,BUY,2783.32,4,0,FILLED,2025-01-15 16:17:58.0
BUY-1763965650525-003695,TRADER-0195,CRYPTO,BUY,1121.75,32,0,FILLED,2025-01-17 00:08:48.0
BUY-1763965650527-005210,TRADER-0210,CRYPTO,BUY,4028.57,6,0,FILLED,2025-01-17 18:45:50.0
BUY-1763965650524-003648,TRADER-0148,CRYPTO,BUY,626.11,37,0,FILLED,2025-01-16 23:38:00.0
BUY-1763965650529-006916,TRADER-0416,CRYPTO,BUY,4149.95,10,0,FILLED,2025-01-18 15:11:15.0
BUY-1763965650524-003546,TRADER-0046,CRYPTO,BUY,4564.59,1,0,FILLED,2025-01-16 22:35:54.0
BUY-1763965650527-005786,TRADER-0286,CRYPTO,BUY,2138.36,14,0,FILLED,2025-01-18 01:01:24.0
BUY-1763965650525-003993,TRADER-0493,CRYPTO,BUY,1851.86,1,0,FILLED,2025-01-17 03:32:19.0
BUY-1763965650528-006456,TRADER-0456,FOREX,BUY,6.17,299,0,FILLED,2025-01-18 09:54:45.0
BUY-1763965650521-001279,TRADER-0279,EQUITY,BUY,454.52,64,0,FILLED,2025-01-15 19:44:43.0
BUY-1763965650526-004864,TRADER-0364,EQUITY,BUY,236.02,4,0,FILLED,2025-01-17 14:28:07.0
BUY-1763965650520-000681,TRADER-0181,CRYPTO,BUY,4231.2,7,0,FILLED,2025-01-15 12:20:25.0
BUY-1763965650522-001870,TRADER-0370,CRYPTO,BUY,2257.43,13,0,FILLED,2025-01-16 02:41:18.0
BUY-1763965650527-005356,TRADER-0356,CRYPTO,BUY,1991.48,14,0,FILLED,2025-01-17 20:33:06.0
BUY-1763965650527-005430,TRADER-0430,FOREX,BUY,7.09,553,0,FILLED,2025-01-17 21:36:37.0
BUY-1763965650529-007262,TRADER-0262,EQUITY,BUY,400.89,141,0,FILLED,2025-01-18 19:06:10.0
BUY-1763965650528-006137,TRADER-0137,FOREX,BUY,4.88,391,0,FILLED,2025-01-18 05:53:08.0
BUY-1763965650525-004355,TRADER-0355,CRYPTO,BUY,4350.55,8,0,FILLED,2025-01-17 08:16:21.0
BUY-1763965650526-004738,TRADER-0238,FOREX,BUY,7.02,866,0,FILLED,2025-01-17 12:38:30.0
BUY-1763965650528-006047,TRADER-0047,EQUITY,BUY,325.64,181,0,FILLED,2025-01-18 04:40:54.0
BUY-1763965650524-003661,TRADER-0161,CRYPTO,BUY,3889.76,7,0,FILLED,2025-01-16 23:32:26.0
BUY-1763965650525-003772,TRADER-0272,EQUITY,BUY,452.09,100,0,FILLED,2025-01-17 01:10:17.0
BUY-1763965650520-000965,TRADER-0465,FOREX,BUY,8.82,249,0,FILLED,2025-01-15 15:38:37.0
BUY-1763965650526-004816,TRADER-0316,CRYPTO,BUY,3973.27,9,0,FILLED,2025-01-17 14:02:05.0
BUY-1763965650521-001364,TRADER-0364,CRYPTO,BUY,4211.06,9,0,FILLED,2025-01-15 20:50:10.0
BUY-1763965650526-005038,TRADER-0038,EQUITY,BUY,277.72,51,0,FILLED,2025-01-17 16:39:51.0
BUY-1763965650522-002182,TRADER-0182,EQUITY,BUY,314.17,225,0,FILLED,2025-01-16 06:36:34.0
BUY-1763965650528-006324,TRADER-0324,FOREX,BUY,8.47,300,0,FILLED,2025-01-18 07:56:13.0
BUY-1763965650523-002693,TRADER-0193,FOREX,BUY,6.76,83,0,FILLED,2025-01-16 11:53:34.0
BUY-1763965650522-001887,TRADER-0387,CRYPTO,BUY,3380.62,8,0,FILLED,2025-01-16 02:37:52.0
BUY-1763965650523-002871,TRADER-0371,EQUITY,BUY,233.29,82,0,FILLED,2025-01-16 14:05:00.0
BUY-1763965650524-003455,TRADER-0455,EQUITY,BUY,275.08,116,0,FILLED,2025-01-16 21:52:35.0
BUY-1763965650528-006449,TRADER-0449,EQUITY,BUY,181.7,368,0,FILLED,2025-01-18 09:22:41.0
BUY-1763965650520-000820,TRADER-0320,EQUITY,BUY,320.77,164,0,FILLED,2025-01-15 13:54:39.0
BUY-1763965650529-006772,TRADER-0272,CRYPTO,BUY,582.78,84,0,FILLED,2025-01-18 13:06:09.0
BUY-1763965650518-000050,TRADER-0050,EQUITY,BUY,300.0,55,0,FILLED,2025-01-15 04:36:32.0
BUY-1763965650525-003962,TRADER-0462,CRYPTO,BUY,2546.35,8,0,FILLED,2025-01-17 03:12:29.0
BUY-1763965650526-004956,TRADER-0456,EQUITY,BUY,324.09,167,0,FILLED,2025-01-17 15:11:53.0
BUY-1763965650528-006490,TRADER-0490,EQUITY,BUY,265.16,67,0,FILLED,2025-01-18 09:38:20.0
BUY-1763965650528-005999,TRADER-0499,CRYPTO,BUY,1192.58,9,0,FILLED,2025-01-18 03:48:54.0
BUY-1763965650521-001217,TRADER-0217,EQUITY,BUY,333.05,274,0,FILLED,2025-01-15 18:27:29.0
BUY-1763965650520-000674,TRADER-0174,EQUITY,BUY,496.48,165,0,FILLED,2025-01-15 11:46:27.0
BUY-1763965650529-006699,TRADER-0199,CRYPTO,BUY,1708.92,23,0,FILLED,2025-01-18 12:51:20.0
BUY-1763965650524-003484,TRADER-0484,EQUITY,BUY,456.75,19,0,FILLED,2025-01-16 21:47:06.0
BUY-1763965650529-006782,TRADER-0282,CRYPTO,BUY,3796.7,8,0,FILLED,2025-01-18 13:36:29.0
BUY-1763965650527-005470,TRADER-0470,EQUITY,BUY,138.01,110,0,FILLED,2025-01-17 21:42:51.0
BUY-1763965650521-001171,TRADER-0171,CRYPTO,BUY,571.67,78,0,FILLED,2025-01-15 17:44:55.0
BUY-1763965650527-005425,TRADER-0425,CRYPTO,BUY,4825.24,4,0,FILLED,2025-01-17 21:23:32.0
BUY-1763965650528-005809,TRADER-0309,CRYPTO,BUY,4282.96,10,0,FILLED,2025-01-18 01:22:33.0
BUY-1763965650522-001992,TRADER-0492,FOREX,BUY,7.54,338,0,FILLED,2025-01-16 03:37:19.0
BUY-1763965650524-003171,TRADER-0171,CRYPTO,BUY,4613.07,5,0,FILLED,2025-01-16 18:19:30.0
BUY-1763965650527-005541,TRADER-0041,CRYPTO,BUY,4274.73,9,0,FILLED,2025-01-17 22:36:34.0
BUY-1763965650528-006063,TRADER-0063,CRYPTO,BUY,1344.23,22,0,FILLED,2025-01-18 04:20:39.0
BUY-1763965650527-005082,TRADER-0082,FOREX,BUY,9.22,281,0,FILLED,2025-01-17 17:16:35.0
BUY-1763965650525-004020,TRADER-0020,EQUITY,BUY,403.48,216,0,FILLED,2025-01-17 04:04:43.0
BUY-1763965650526-004702,TRADER-0202,EQUITY,BUY,305.46,58,0,FILLED,2025-01-17 12:33:08.0
BUY-1763965650521-001094,TRADER-0094,FOREX,BUY,4.45,847,0,FILLED,2025-01-15 17:26:40.0
BUY-1763965650527-005187,TRADER-0187,FOREX,BUY,6.91,948,0,FILLED,2025-01-17 18:15:49.0
BUY-1763965650520-001016,TRADER-0016,EQUITY,BUY,286.66,322,0,FILLED,2025-01-15 16:27:10.0
BUY-1763965650526-004505,TRADER-0005,EQUITY,BUY,372.65,160,0,FILLED,2025-01-17 10:10:33.0
BUY-1763965650528-006575,TRADER-0075,EQUITY,BUY,179.42,104,0,FILLED,2025-01-18 11:08:58.0
BUY-1763965650527-005784,TRADER-0284,EQUITY,BUY,230.81,352,0,FILLED,2025-01-18 01:39:21.0
BUY-1763965650527-005770,TRADER-0270,CRYPTO,BUY,2434.42,8,0,FILLED,2025-01-18 01:28:03.0
BUY-1763965650521-001546,TRADER-0046,CRYPTO,BUY,1863.16,26,0,FILLED,2025-01-15 22:33:08.0
BUY-1763965650524-003332,TRADER-0332,EQUITY,BUY,419.57,48,0,FILLED,2025-01-16 19:34:20.0
BUY-1763965650529-007260,TRADER-0260,CRYPTO,BUY,1999.03,10,0,FILLED,2025-01-18 19:17:39.0
BUY-1763965650528-006141,TRADER-0141,CRYPTO,BUY,4334.93,2,0,FILLED,2025-01-18 05:56:41.0
BUY-1763965650528-006604,TRADER-0104,FOREX,BUY,8.77,621,0,FILLED,2025-01-18 11:11:27.0
BUY-1763965650527-005645,TRADER-0145,EQUITY,BUY,433.29,200,0,FILLED,2025-01-17 23:28:26.0
BUY-1763965650523-002349,TRADER-0349,CRYPTO,BUY,1278.32,11,0,FILLED,2025-01-16 08:39:19.0
BUY-1763965650529-006723,TRADER-0223,CRYPTO,BUY,1393.18,7,0,FILLED,2025-01-18 12:55:10.0
BUY-1763965650522-001734,TRADER-0234,CRYPTO,BUY,3698.06,8,0,FILLED,2025-01-16 00:57:08.0
BUY-1763965650526-004935,TRADER-0435,CRYPTO,BUY,1733.62,8,0,FILLED,2025-01-17 15:31:20.0
BUY-1763965650527-005250,TRADER-0250,EQUITY,BUY,346.09,283,0,FILLED,2025-01-17 19:11:19.0
BUY-1763965650523-002484,TRADER-0484,CRYPTO,BUY,3761.29,4,0,FILLED,2025-01-16 09:28:09.0
BUY-1763965650525-004206,TRADER-0206,EQUITY,BUY,178.9,442,0,FILLED,2025-01-17 06:28:53.0
BUY-1763965650525-003865,TRADER-0365,CRYPTO,BUY,935.07,7,0,FILLED,2025-01-17 02:43:35.0
BUY-1763965650522-001726,TRADER-0226,EQUITY,BUY,318.43,102,0,FILLED,2025-01-16 00:28:58.0
BUY-1763965650526-004701,TRADER-0201,CRYPTO,BUY,610.24,11,0,FILLED,2025-01-17 11:58:22.0
BUY-1763965650521-001383,TRADER-0383,CRYPTO,BUY,3945.62,11,0,FILLED,2025-01-15 20:48:42.0
BUY-1763965650519-000552,TRADER-0052,EQUITY,BUY,213.63,322,0,FILLED,2025-01-15 10:29:34.0
BUY-1763965650523-002859,TRADER-0359,CRYPTO,BUY,1587.37,8,0,FILLED,2025-01-16 14:16:13.0
BUY-1763965650527-005686,TRADER-0186,CRYPTO,BUY,4132.4,4,0,FILLED,2025-01-18 00:13:13.0
BUY-1763965650529-006780,TRADER-0280,FOREX,BUY,4.99,523,0,FILLED,2025-01-18 13:14:33.0
BUY-1763965650519-000440,TRADER-0440,EQUITY,BUY,200.0,66,0,FILLED,2025-01-15 09:15:15.0
BUY-1763965650519-000586,TRADER-0086,FOREX,BUY,7.05,293,0,FILLED,2025-01-15 11:29:07.0
BUY-1763965650526-004516,TRADER-0016,CRYPTO,BUY,3846.91,1,0,FILLED,2025-01-17 10:10:34.0
BUY-1763965650529-006653,TRADER-0153,EQUITY,BUY,159.07,458,0,FILLED,2025-01-18 11:58:31.0
BUY-1763965650526-004570,TRADER-0070,EQUITY,BUY,483.06,53,0,FILLED,2025-01-17 10:27:59.0
BUY-1763965650526-004927,TRADER-0427,CRYPTO,BUY,3896.96,3,0,FILLED,2025-01-17 14:56:43.0
BUY-1763965650521-001207,TRADER-0207,CRYPTO,BUY,3430.99,8,0,FILLED,2025-01-15 18:39:34.0
BUY-1763965650529-007187,TRADER-0187,EQUITY,BUY,488.71,73,0,FILLED,2025-01-18 17:45:38.0
BUY-1763965650529-007146,TRADER-0146,EQUITY,BUY,149.72,94,0,FILLED,2025-01-18 18:09:30.0
BUY-1763965650524-003384,TRADER-0384,EQUITY,BUY,304.42,75,0,FILLED,2025-01-16 20:55:49.0
BUY-1763965650522-001748,TRADER-0248,FOREX,BUY,9.77,238,0,FILLED,2025-01-16 01:00:56.0
BUY-1763965650528-005861,TRADER-0361,FOREX,BUY,5.93,134,0,FILLED,2025-01-18 02:42:14.0
BUY-1763965650529-006930,TRADER-0430,FOREX,BUY,5.51,478,0,FILLED,2025-01-18 15:23:44.0
BUY-1763965650524-003126,TRADER-0126,FOREX,BUY,7.19,879,0,FILLED,2025-01-16 17:10:19.0
BUY-1763965650524-003173,TRADER-0173,CRYPTO,BUY,2845.23,9,0,FILLED,2025-01-16 17:48:07.0
BUY-1763965650525-003825,TRADER-0325,CRYPTO,BUY,2148.51,12,0,FILLED,2025-01-17 01:36:56.0
BUY-1763965650526-004680,TRADER-0180,CRYPTO,BUY,4846.5,5,0,FILLED,2025-01-17 12:34:18.0
BUY-1763965650526-004716,TRADER-0216,FOREX,BUY,5.36,314,0,FILLED,2025-01-17 12:52:15.0
BUY-1763965650524-003538,TRADER-0038,FOREX,BUY,9.81,354,0,FILLED,2025-01-16 22:28:54.0
BUY-1763965650524-003671,TRADER-0171,FOREX,BUY,6.46,253,0,FILLED,2025-01-16 23:43:29.0
BUY-1763965650528-006434,TRADER-0434,CRYPTO,BUY,1888.28,26,0,FILLED,2025-01-18 09:23:30.0
BUY-1763965650522-001711,TRADER-0211,CRYPTO,BUY,1798.62,17,0,FILLED,2025-01-16 00:55:59.0
BUY-1763965650519-000504,TRADER-0004,EQUITY,BUY,243.13,168,0,FILLED,2025-01-15 10:09:56.0
BUY-1763965650526-004785,TRADER-0285,CRYPTO,BUY,4467.37,5,0,FILLED,2025-01-17 13:30:32.0
BUY-1763965650523-002337,TRADER-0337,EQUITY,BUY,247.99,278,0,FILLED,2025-01-16 07:33:19.0
BUY-1763965650527-005495,TRADER-0495,FOREX,BUY,9.37,643,0,FILLED,2025-01-17 22:11:12.0
BUY-1763965650522-001677,TRADER-0177,EQUITY,BUY,365.56,77,0,FILLED,2025-01-16 00:14:59.0
BUY-1763965650528-006606,TRADER-0106,CRYPTO,BUY,610.01,9,0,FILLED,2025-01-18 11:35:09.0
BUY-1763965650526-004610,TRADER-0110,EQUITY,BUY,454.2,27,0,FILLED,2025-01-17 11:26:26.0
BUY-1763965650528-006183,TRADER-0183,EQUITY,BUY,433.95,169,0,FILLED,2025-01-18 06:16:01.0
BUY-1763965650523-002629,TRADER-0129,EQUITY,BUY,278.04,311,0,FILLED,2025-01-16 11:06:30.0
BUY-1763965650529-006877,TRADER-0377,EQUITY,BUY,295.36,290,0,FILLED,2025-01-18 14:39:29.0
BUY-1763965650522-001879,TRADER-0379,FOREX,BUY,6.58,636,0,FILLED,2025-01-16 02:41:49.0
BUY-1763965650529-007388,TRADER-0388,FOREX,BUY,6.58,546,0,FILLED,2025-01-18 20:35:12.0
BUY-1763965650523-002887,TRADER-0387,EQUITY,BUY,323.87,4,0,FILLED,2025-01-16 14:54:49.0
BUY-1763965650520-000837,TRADER-0337,CRYPTO,BUY,3557.05,11,0,FILLED,2025-01-15 14:15:14.0
BUY-1763965650528-005967,TRADER-0467,CRYPTO,BUY,1998.77,1,0,FILLED,2025-01-18 03:58:18.0
BUY-1763965650523-002878,TRADER-0378,EQUITY,BUY,494.67,200,0,FILLED,2025-01-16 14:25:34.0
BUY-1763965650525-003778,TRADER-0278,EQUITY,BUY,210.87,320,0,FILLED,2025-01-17 01:28:07.0
BUY-1763965650528-006144,TRADER-0144,CRYPTO,BUY,3350.69,11,0,FILLED,2025-01-18 05:26:14.0
BUY-1763965650527-005272,TRADER-0272,CRYPTO,BUY,1179.21,24,0,FILLED,2025-01-17 19:24:30.0
BUY-1763965650527-005148,TRADER-0148,CRYPTO,BUY,2799.53,2,0,FILLED,2025-01-17 17:59:46.0
BUY-1763965650527-005492,TRADER-0492,EQUITY,BUY,136.67,244,0,FILLED,2025-01-17 21:37:57.0
BUY-1763965650528-006189,TRADER-0189,EQUITY,BUY,347.9,38,0,FILLED,2025-01-18 06:03:48.0
BUY-1763965650524-003576,TRADER-0076,CRYPTO,BUY,1611.26,22,0,FILLED,2025-01-16 23:18:27.0
BUY-1763965650529-006682,TRADER-0182,EQUITY,BUY,225.73,216,0,FILLED,2025-01-18 12:31:33.0
BUY-1763965650520-000922,TRADER-0422,CRYPTO,BUY,3732.28,8,0,FILLED,2025-01-15 15:21:21.0
BUY-1763965650529-007010,TRADER-0010,CRYPTO,BUY,1664.05,2,0,FILLED,2025-01-18 16:32:24.0
BUY-1763965650518-000100,TRADER-0100,CRYPTO,BUY,1000.0,12,0,FILLED,2025-01-15 04:45:58.0
BUY-1763965650520-000749,TRADER-0249,EQUITY,BUY,440.43,87,0,FILLED,2025-01-15 13:01:03.0
BUY-1763965650526-004852,TRADER-0352,CRYPTO,BUY,4693.12,3,0,FILLED,2025-01-17 13:45:16.0
BUY-1763965650529-007378,TRADER-0378,EQUITY,BUY,231.56,260,0,FILLED,2025-01-18 20:14:01.0
BUY-1763965650526-005013,TRADER-0013,EQUITY,BUY,410.44,221,0,FILLED,2025-01-17 15:47:59.0
BUY-1763965650527-005682,TRADER-0182,EQUITY,BUY,420.54,26,0,FILLED,2025-01-18 00:24:37.0
BUY-1763965650522-002152,TRADER-0152,CRYPTO,BUY,3569.36,13,0,FILLED,2025-01-16 05:56:20.0
BUY-1763965650522-001955,TRADER-0455,CRYPTO,BUY,978.77,36,0,FILLED,2025-01-16 03:51:57.0
BUY-1763965650526-004894,TRADER-0394,CRYPTO,BUY,3444.97,8,0,FILLED,2025-01-17 14:54:36.0
BUY-1763965650526-005014,TRADER-0014,FOREX,BUY,5.61,340,0,FILLED,2025-01-17 16:33:54.0
BUY-1763965650521-001203,TRADER-0203,FOREX,BUY,4.79,227,0,FILLED,2025-01-15 18:39:55.0
BUY-1763965650526-004769,TRADER-0269,CRYPTO,BUY,1059.89,16,0,FILLED,2025-01-17 13:16:52.0
BUY-1763965650522-001911,TRADER-0411,FOREX,BUY,4.77,968,0,FILLED,2025-01-16 03:05:13.0
BUY-1763965650522-001697,TRADER-0197,FOREX,BUY,8.99,692,0,FILLED,2025-01-16 00:22:26.0
BUY-1763965650527-005117,TRADER-0117,CRYPTO,BUY,864.34,36,0,FILLED,2025-01-17 16:59:21.0
BUY-1763965650523-002638,TRADER-0138,CRYPTO,BUY,2966.52,9,0,FILLED,2025-01-16 12:02:29.0
BUY-1763965650527-005657,TRADER-0157,FOREX,BUY,9.86,190,0,FILLED,2025-01-17 23:53:43.0
BUY-1763965650524-003348,TRADER-0348,CRYPTO,BUY,1476.95,30,0,FILLED,2025-01-16 20:15:34.0
BUY-1763965650529-006793,TRADER-0293,FOREX,BUY,9.54,638,0,FILLED,2025-01-18 13:05:11.0
BUY-1763965650526-004767,TRADER-0267,CRYPTO,BUY,506.84,70,0,FILLED,2025-01-17 12:54:46.0
BUY-1763965650528-006309,TRADER-0309,FOREX,BUY,6.23,526,0,FILLED,2025-01-18 07:41:02.0
BUY-1763965650528-006282,TRADER-0282,EQUITY,BUY,269.52,205,0,FILLED,2025-01-18 07:31:47.0
BUY-1763965650524-003426,TRADER-0426,FOREX,BUY,6.5,506,0,FILLED,2025-01-16 20:48:35.0
BUY-1763965650527-005424,TRADER-0424,CRYPTO,BUY,3789.66,12,0,FILLED,2025-01-17 20:45:05.0
BUY-1763965650529-006700,TRADER-0200,CRYPTO,BUY,930.57,27,0,FILLED,2025-01-18 11:57:01.0
BUY-1763965650529-006992,TRADER-0492,FOREX,BUY,7.41,52,0,FILLED,2025-01-18 15:33:19.0
BUY-1763965650522-001855,TRADER-0355,FOREX,BUY,4.33,329,0,FILLED,2025-01-16 02:45:01.0
BUY-1763965650526-004484,TRADER-0484,FOREX,BUY,5.52,379,0,FILLED,2025-01-17 10:16:39.0
BUY-1763965650524-003135,TRADER-0135,CRYPTO,BUY,3743.59,4,0,FILLED,2025-01-16 18:03:57.0
BUY-1763965650527-005199,TRADER-0199,FOREX,BUY,4.35,835,0,FILLED,2025-01-17 18:14:46.0
BUY-1763965650524-003555,TRADER-0055,EQUITY,BUY,273.48,341,0,FILLED,2025-01-16 22:24:41.0
BUY-1763965650527-005750,TRADER-0250,EQUITY,BUY,495.25,61,0,FILLED,2025-01-18 00:43:13.0
BUY-1763965650522-002212,TRADER-0212,CRYPTO,BUY,4048.31,9,0,FILLED,2025-01-16 06:18:02.0
BUY-1763965650520-001018,TRADER-0018,FOREX,BUY,6.38,473,0,FILLED,2025-01-15 15:45:01.0
BUY-1763965650526-004788,TRADER-0288,FOREX,BUY,6.99,194,0,FILLED,2025-01-17 13:47:48.0
BUY-1763965650521-001253,TRADER-0253,CRYPTO,BUY,4989.14,1,0,FILLED,2025-01-15 18:52:49.0
BUY-1763965650529-007336,TRADER-0336,CRYPTO,BUY,2704.18,10,0,FILLED,2025-01-18 20:00:01.0
BUY-1763965650526-005064,TRADER-0064,EQUITY,BUY,451.12,88,0,FILLED,2025-01-17 16:22:16.0
BUY-1763965650529-006903,TRADER-0403,CRYPTO,BUY,619.51,70,0,FILLED,2025-01-18 14:50:14.0
BUY-1763965650527-005594,TRADER-0094,EQUITY,BUY,391.68,27,0,FILLED,2025-01-17 23:33:24.0
BUY-1763965650521-001422,TRADER-0422,CRYPTO,BUY,2712.36,1,0,FILLED,2025-01-15 20:36:17.0
BUY-1763965650527-005764,TRADER-0264,FOREX,BUY,7.49,927,0,FILLED,2025-01-18 01:29:18.0
BUY-1763965650528-006377,TRADER-0377,CRYPTO,BUY,4917.82,5,0,FILLED,2025-01-18 08:28:09.0
BUY-1763965650524-003612,TRADER-0112,CRYPTO,BUY,1128.97,34,0,FILLED,2025-01-16 22:51:38.0
BUY-1763965650523-002784,TRADER-0284,CRYPTO,BUY,3994.71,8,0,FILLED,2025-01-16 13:15:28.0
BUY-1763965650529-007484,TRADER-0484,EQUITY,BUY,161.0,366,0,FILLED,2025-01-18 21:50:10.0
BUY-1763965650529-007495,TRADER-0495,EQUITY,BUY,185.37,369,0,FILLED,2025-01-18 21:43:50.0
BUY-1763965650520-000742,TRADER-0242,CRYPTO,BUY,1874.27,26,0,FILLED,2025-01-15 12:27:49.0
BUY-1763965650527-005301,TRADER-0301,CRYPTO,BUY,802.42,1,0,FILLED,2025-01-17 19:20:19.0
BUY-1763965650524-003111,TRADER-0111,EQUITY,BUY,395.51,66,0,FILLED,2025-01-16 17:38:36.0
BUY-1763965650525-003784,TRADER-0284,FOREX,BUY,9.16,994,0,FILLED,2025-01-17 01:53:59.0
BUY-1763965650523-002684,TRADER-0184,CRYPTO,BUY,1006.26,46,0,FILLED,2025-01-16 12:23:51.0
BUY-1763965650526-004646,TRADER-0146,FOREX,BUY,9.93,648,0,FILLED,2025-01-17 11:59:43.0
BUY-1763965650524-003074,TRADER-0074,CRYPTO,BUY,4002.3,11,0,FILLED,2025-01-16 16:42:43.0
BUY-1763965650521-001393,TRADER-0393,FOREX,BUY,9.64,852,0,FILLED,2025-01-15 20:28:12.0
BUY-1763965650528-006161,TRADER-0161,CRYPTO,BUY,558.98,57,0,FILLED,2025-01-18 05:32:31.0
BUY-1763965650521-001155,TRADER-0155,FOREX,BUY,6.09,206,0,FILLED,2025-01-15 17:43:01.0
BUY-1763965650528-006030,TRADER-0030,EQUITY,BUY,494.4,177,0,FILLED,2025-01-18 04:16:57.0
BUY-1763965650522-001666,TRADER-0166,EQUITY,BUY,135.27,5,0,FILLED,2025-01-15 23:47:31.0
BUY-1763965650525-003913,TRADER-0413,CRYPTO,BUY,3512.84,4,0,FILLED,2025-01-17 03:12:05.0
BUY-1763965650528-006593,TRADER-0093,FOREX,BUY,6.2,118,0,FILLED,2025-01-18 11:03:37.0
BUY-1763965650528-006126,TRADER-0126,EQUITY,BUY,359.4,115,0,FILLED,2025-01-18 05:15:58.0
BUY-1763965650528-006505,TRADER-0005,CRYPTO,BUY,4997.88,2,0,FILLED,2025-01-18 10:10:02.0
BUY-1763965650520-000931,TRADER-0431,CRYPTO,BUY,1585.33,2,0,FILLED,2025-01-15 15:01:52.0
BUY-1763965650523-002422,TRADER-0422,EQUITY,BUY,338.22,189,0,FILLED,2025-01-16 09:02:47.0
BUY-1763965650525-004281,TRADER-0281,FOREX,BUY,4.31,404,0,FILLED,2025-01-17 07:15:21.0
BUY-1763965650525-004344,TRADER-0344,CRYPTO,BUY,3243.92,9,0,FILLED,2025-01-17 08:24:02.0
BUY-1763965650521-001064,TRADER-0064,EQUITY,BUY,318.07,220,0,FILLED,2025-01-15 16:51:23.0
BUY-1763965650528-006180,TRADER-0180,FOREX,BUY,9.97,75,0,FILLED,2025-01-18 06:18:42.0
BUY-1763965650522-002049,TRADER-0049,FOREX,BUY,4.45,271,0,FILLED,2025-01-16 04:12:41.0
BUY-1763965650529-007110,TRADER-0110,CRYPTO,BUY,4537.54,3,0,FILLED,2025-01-18 17:25:55.0
BUY-1763965650521-001317,TRADER-0317,FOREX,BUY,8.0,533,0,FILLED,2025-01-15 20:17:52.0
BUY-1763965650523-002298,TRADER-0298,EQUITY,BUY,283.54,91,0,FILLED,2025-01-16 07:42:23.0
BUY-1763965650525-004046,TRADER-0046,CRYPTO,BUY,773.27,62,0,FILLED,2025-01-17 04:12:35.0
BUY-1763965650524-003593,TRADER-0093,CRYPTO,BUY,1572.57,13,0,FILLED,2025-01-16 23:07:14.0
BUY-1763965650528-006136,TRADER-0136,CRYPTO,BUY,3890.32,7,0,FILLED,2025-01-18 05:18:10.0
BUY-1763965650523-002281,TRADER-0281,FOREX,BUY,6.87,6,0,FILLED,2025-01-16 06:55:09.0
BUY-1763965650523-002448,TRADER-0448,EQUITY,BUY,459.55,20,0,FILLED,2025-01-16 09:04:33.0
BUY-1763965650526-004996,TRADER-0496,CRYPTO,BUY,1806.14,26,0,FILLED,2025-01-17 15:31:05.0
BUY-1763965650527-005394,TRADER-0394,CRYPTO,BUY,1458.93,7,0,FILLED,2025-01-17 20:20:27.0
BUY-1763965650523-002488,TRADER-0488,FOREX,BUY,6.77,480,0,FILLED,2025-01-16 10:11:30.0
BUY-1763965650528-005862,TRADER-0362,FOREX,BUY,8.34,988,0,FILLED,2025-01-18 02:12:08.0
BUY-1763965650521-001457,TRADER-0457,CRYPTO,BUY,1270.88,34,0,FILLED,2025-01-15 21:45:17.0
BUY-1763965650521-001057,TRADER-0057,CRYPTO,BUY,4881.87,10,0,FILLED,2025-01-15 16:55:19.0
BUY-1763965650518-000055,TRADER-0055,CRYPTO,BUY,1000.0,29,0,FILLED,2025-01-15 04:43:19.0
BUY-1763965650527-005711,TRADER-0211,EQUITY,BUY,497.29,47,0,FILLED,2025-01-18 00:36:09.0
BUY-1763965650522-001754,TRADER-0254,FOREX,BUY,9.96,41,0,FILLED,2025-01-16 00:35:13.0
BUY-1763965650523-002644,TRADER-0144,CRYPTO,BUY,3383.69,8,0,FILLED,2025-01-16 11:16:22.0
BUY-1763965650526-004477,TRADER-0477,CRYPTO,BUY,2738.45,15,0,FILLED,2025-01-17 09:54:05.0
BUY-1763965650529-006733,TRADER-0233,CRYPTO,BUY,1652.7,14,0,FILLED,2025-01-18 13:11:59.0
BUY-1763965650520-000750,TRADER-0250,CRYPTO,BUY,4423.31,2,0,FILLED,2025-01-15 13:27:34.0
BUY-1763965650529-006725,TRADER-0225,EQUITY,BUY,412.14,129,0,FILLED,2025-01-18 12:40:35.0
BUY-1763965650528-006081,TRADER-0081,CRYPTO,BUY,815.73,10,0,FILLED,2025-01-18 04:39:17.0
BUY-1763965650526-005072,TRADER-0072,FOREX,BUY,6.81,983,0,FILLED,2025-01-17 16:53:19.0
BUY-1763965650524-003369,TRADER-0369,CRYPTO,BUY,2887.19,10,0,FILLED,2025-01-16 20:09:07.0
BUY-1763965650519-000265,TRADER-0265,EQUITY,BUY,250.0,33,0,FILLED,2025-01-15 06:52:25.0
BUY-1763965650522-001718,TRADER-0218,CRYPTO,BUY,3067.19,7,0,FILLED,2025-01-16 00:36:26.0
BUY-1763965650522-001889,TRADER-0389,EQUITY,BUY,216.5,83,0,FILLED,2025-01-16 02:44:37.0
BUY-1763965650527-005310,TRADER-0310,FOREX,BUY,4.54,886,0,FILLED,2025-01-17 19:13:53.0
BUY-1763965650527-005340,TRADER-0340,CRYPTO,BUY,830.75,26,0,FILLED,2025-01-17 20:01:03.0
BUY-1763965650524-003047,TRADER-0047,EQUITY,BUY,303.01,179,0,FILLED,2025-01-16 16:10:11.0
BUY-1763965650520-000876,TRADER-0376,EQUITY,BUY,277.64,331,0,FILLED,2025-01-15 14:15:49.0
BUY-1763965650529-007310,TRADER-0310,CRYPTO,BUY,1153.28,34,0,FILLED,2025-01-18 19:57:31.0
BUY-1763965650525-003821,TRADER-0321,FOREX,BUY,4.85,505,0,FILLED,2025-01-17 01:27:39.0
BUY-1763965650524-003146,TRADER-0146,EQUITY,BUY,491.44,54,0,FILLED,2025-01-16 17:58:35.0
BUY-1763965650521-001474,TRADER-0474,EQUITY,BUY,172.11,381,0,FILLED,2025-01-15 22:10:09.0
BUY-1763965650522-002257,TRADER-0257,EQUITY,BUY,362.2,260,0,FILLED,2025-01-16 06:59:19.0
BUY-1763965650528-006403,TRADER-0403,CRYPTO,BUY,2912.84,8,0,FILLED,2025-01-18 08:53:36.0
BUY-1763965650526-004567,TRADER-0067,FOREX,BUY,6.92,946,0,FILLED,2025-01-17 11:09:28.0
BUY-1763965650525-004125,TRADER-0125,FOREX,BUY,6.4,487,0,FILLED,2025-01-17 05:48:20.0
BUY-1763965650522-001931,TRADER-0431,FOREX,BUY,4.86,515,0,FILLED,2025-01-16 03:16:29.0
BUY-1763965650525-004318,TRADER-0318,CRYPTO,BUY,4337.33,10,0,FILLED,2025-01-17 07:43:21.0
BUY-1763965650529-006910,TRADER-0410,EQUITY,BUY,198.93,333,0,FILLED,2025-01-18 14:47:13.0
BUY-1763965650520-000878,TRADER-0378,CRYPTO,BUY,2790.96,10,0,FILLED,2025-01-15 14:20:58.0
BUY-1763965650521-001095,TRADER-0095,CRYPTO,BUY,2436.85,2,0,FILLED,2025-01-15 17:19:22.0
BUY-1763965650523-002313,TRADER-0313,CRYPTO,BUY,4243.25,10,0,FILLED,2025-01-16 07:43:26.0
BUY-1763965650527-005596,TRADER-0096,EQUITY,BUY,266.33,119,0,FILLED,2025-01-17 22:50:39.0
BUY-1763965650529-006683,TRADER-0183,EQUITY,BUY,245.26,305,0,FILLED,2025-01-18 11:51:43.0
BUY-1763965650529-006982,TRADER-0482,CRYPTO,BUY,4318.04,9,0,FILLED,2025-01-18 15:36:58.0
BUY-1763965650529-007101,TRADER-0101,CRYPTO,BUY,4479.72,11,0,FILLED,2025-01-18 17:16:23.0
BUY-1763965650519-000233,TRADER-0233,EQUITY,BUY,200.0,63,0,FILLED,2025-01-15 06:47:17.0
BUY-1763965650522-001884,TRADER-0384,EQUITY,BUY,338.97,293,0,FILLED,2025-01-16 02:25:49.0
BUY-1763965650527-005153,TRADER-0153,EQUITY,BUY,321.67,128,0,FILLED,2025-01-17 18:15:50.0
BUY-1763965650520-000804,TRADER-0304,FOREX,BUY,5.17,685,0,FILLED,2025-01-15 13:13:31.0
BUY-1763965650520-001022,TRADER-0022,CRYPTO,BUY,4789.12,8,0,FILLED,2025-01-15 16:11:44.0
BUY-1763965650521-001202,TRADER-0202,EQUITY,BUY,462.06,83,0,FILLED,2025-01-15 18:18:14.0
BUY-1763965650522-001971,TRADER-0471,CRYPTO,BUY,4456.42,10,0,FILLED,2025-01-16 04:07:32.0
BUY-1763965650527-005408,TRADER-0408,EQUITY,BUY,309.82,132,0,FILLED,2025-01-17 20:33:15.0
BUY-1763965650521-001410,TRADER-0410,CRYPTO,BUY,1266.9,31,0,FILLED,2025-01-15 21:00:03.0
BUY-1763965650523-002292,TRADER-0292,EQUITY,BUY,292.49,279,0,FILLED,2025-01-16 07:47:53.0
BUY-1763965650522-002000,TRADER-0000,EQUITY,BUY,269.25,321,0,FILLED,2025-01-16 04:09:44.0
BUY-1763965650524-003004,TRADER-0004,EQUITY,BUY,217.23,224,0,FILLED,2025-01-16 16:28:00.0
BUY-1763965650527-005128,TRADER-0128,CRYPTO,BUY,4840.86,4,0,FILLED,2025-01-17 17:06:46.0
BUY-1763965650522-001976,TRADER-0476,CRYPTO,BUY,1228.74,17,0,FILLED,2025-01-16 03:40:46.0
BUY-1763965650525-004270,TRADER-0270,FOREX,BUY,4.91,408,0,FILLED,2025-01-17 06:47:20.0
BUY-1763965650523-002514,TRADER-0014,FOREX,BUY,9.16,714,0,FILLED,2025-01-16 09:42:46.0
BUY-1763965650522-001700,TRADER-0200,EQUITY,BUY,345.01,109,0,FILLED,2025-01-16 00:53:15.0
BUY-1763965650522-001869,TRADER-0369,EQUITY,BUY,487.05,101,0,FILLED,2025-01-16 02:29:54.0
BUY-1763965650523-002529,TRADER-0029,FOREX,BUY,8.06,961,0,FILLED,2025-01-16 09:57:40.0
BUY-1763965650529-006783,TRADER-0283,FOREX,BUY,7.76,196,0,FILLED,2025-01-18 13:00:17.0
BUY-1763965650525-004123,TRADER-0123,EQUITY,BUY,460.88,114,0,FILLED,2025-01-17 05:10:38.0
BUY-1763965650526-004824,TRADER-0324,CRYPTO,BUY,1048.9,27,0,FILLED,2025-01-17 14:21:15.0
BUY-1763965650524-003319,TRADER-0319,EQUITY,BUY,241.86,85,0,FILLED,2025-01-16 19:45:48.0
BUY-1763965650523-002426,TRADER-0426,FOREX,BUY,4.52,926,0,FILLED,2025-01-16 09:28:19.0
BUY-1763965650527-005555,TRADER-0055,EQUITY,BUY,449.45,63,0,FILLED,2025-01-17 22:34:51.0
BUY-1763965650525-003786,TRADER-0286,FOREX,BUY,4.42,496,0,FILLED,2025-01-17 01:53:27.0
BUY-1763965650521-001286,TRADER-0286,EQUITY,BUY,319.22,267,0,FILLED,2025-01-15 19:02:39.0
BUY-1763965650526-005029,TRADER-0029,CRYPTO,BUY,2840.54,13,0,FILLED,2025-01-17 16:31:03.0
BUY-1763965650528-005979,TRADER-0479,CRYPTO,BUY,2802.24,7,0,FILLED,2025-01-18 03:22:57.0
BUY-1763965650529-006799,TRADER-0299,FOREX,BUY,5.51,449,0,FILLED,2025-01-18 13:24:30.0
BUY-1763965650529-006876,TRADER-0376,CRYPTO,BUY,2573.4,3,0,FILLED,2025-01-18 14:21:18.0
BUY-1763965650527-005384,TRADER-0384,EQUITY,BUY,447.22,170,0,FILLED,2025-01-17 20:54:58.0
BUY-1763965650527-005118,TRADER-0118,FOREX,BUY,6.9,244,0,FILLED,2025-01-17 17:25:33.0
BUY-1763965650529-007344,TRADER-0344,CRYPTO,BUY,3968.73,6,0,FILLED,2025-01-18 19:41:52.0
BUY-1763965650528-006029,TRADER-0029,CRYPTO,BUY,3658.66,6,0,FILLED,2025-01-18 04:18:18.0
BUY-1763965650529-007164,TRADER-0164,FOREX,BUY,5.57,147,0,FILLED,2025-01-18 17:32:08.0
BUY-1763965650520-001049,TRADER-0049,EQUITY,BUY,487.03,13,0,FILLED,2025-01-15 16:08:20.0
BUY-1763965650523-002352,TRADER-0352,FOREX,BUY,7.64,104,0,FILLED,2025-01-16 07:58:33.0
BUY-1763965650522-001800,TRADER-0300,EQUITY,BUY,248.27,253,0,FILLED,2025-01-16 01:59:27.0
BUY-1763965650527-005284,TRADER-0284,CRYPTO,BUY,1351.69,5,0,FILLED,2025-01-17 19:16:39.0
BUY-1763965650524-003064,TRADER-0064,CRYPTO,BUY,435.28,35,0,FILLED,2025-01-16 16:44:28.0
BUY-1763965650529-007031,TRADER-0031,EQUITY,BUY,457.71,17,0,FILLED,2025-01-18 16:20:22.0
BUY-1763965650524-002977,TRADER-0477,CRYPTO,BUY,420.91,61,0,FILLED,2025-01-16 15:58:05.0
BUY-1763965650528-005810,TRADER-0310,CRYPTO,BUY,2235.38,16,0,FILLED,2025-01-18 01:24:46.0
BUY-1763965650527-005399,TRADER-0399,CRYPTO,BUY,1492.53,16,0,FILLED,2025-01-17 20:21:11.0
BUY-1763965650527-005539,TRADER-0039,CRYPTO,BUY,4698.76,4,0,FILLED,2025-01-17 22:35:47.0
BUY-1763965650524-003352,TRADER-0352,CRYPTO,BUY,3975.97,2,0,FILLED,2025-01-16 20:08:33.0
BUY-1763965650527-005524,TRADER-0024,EQUITY,BUY,368.39,166,0,FILLED,2025-01-17 22:11:01.0
BUY-1763965650521-001465,TRADER-0465,EQUITY,BUY,486.38,59,0,FILLED,2025-01-15 22:04:14.0
BUY-1763965650527-005457,TRADER-0457,CRYPTO,BUY,3303.63,11,0,FILLED,2025-01-17 21:18:40.0
BUY-1763965650528-006150,TRADER-0150,EQUITY,BUY,167.9,268,0,FILLED,2025-01-18 06:17:21.0
BUY-1763965650522-002118,TRADER-0118,FOREX,BUY,6.68,685,0,FILLED,2025-01-16 05:45:11.0
BUY-1763965650523-002338,TRADER-0338,CRYPTO,BUY,2704.94,7,0,FILLED,2025-01-16 08:05:41.0
BUY-1763965650526-004706,TRADER-0206,CRYPTO,BUY,3858.16,1,0,FILLED,2025-01-17 12:42:23.0
BUY-1763965650523-002272,TRADER-0272,CRYPTO,BUY,1642.86,19,0,FILLED,2025-01-16 07:06:24.0
BUY-1763965650529-007350,TRADER-0350,EQUITY,BUY,481.45,117,0,FILLED,2025-01-18 19:46:55.0
BUY-1763965650523-002823,TRADER-0323,CRYPTO,BUY,1856.56,2,0,FILLED,2025-01-16 13:38:33.0
BUY-1763965650528-005944,TRADER-0444,CRYPTO,BUY,1593.78,28,0,FILLED,2025-01-18 02:51:00.0
BUY-1763965650520-001008,TRADER-0008,FOREX,BUY,7.17,619,0,FILLED,2025-01-15 16:05:57.0
BUY-1763965650528-005811,TRADER-0311,FOREX,BUY,9.33,469,0,FILLED,2025-01-18 02:06:25.0
BUY-1763965650524-003470,TRADER-0470,EQUITY,BUY,265.54,72,0,FILLED,2025-01-16 21:41:55.0
BUY-1763965650522-001670,TRADER-0170,FOREX,BUY,6.04,284,0,FILLED,2025-01-15 23:58:59.0
BUY-1763965650525-003943,TRADER-0443,FOREX,BUY,9.92,90,0,FILLED,2025-01-17 03:25:49.0
BUY-1763965650528-006408,TRADER-0408,EQUITY,BUY,423.45,30,0,FILLED,2025-01-18 08:35:33.0
BUY-1763965650527-005098,TRADER-0098,EQUITY,BUY,432.69,210,0,FILLED,2025-01-17 17:38:39.0
BUY-1763965650528-006132,TRADER-0132,CRYPTO,BUY,3857.94,2,0,FILLED,2025-01-18 05:53:32.0
BUY-1763965650527-005700,TRADER-0200,FOREX,BUY,8.91,60,0,FILLED,2025-01-18 00:44:01.0
BUY-1763965650521-001125,TRADER-0125,CRYPTO,BUY,1505.63,32,0,FILLED,2025-01-15 17:12:49.0
BUY-1763965650529-006836,TRADER-0336,EQUITY,BUY,431.99,11,0,FILLED,2025-01-18 14:13:55.0
BUY-1763965650522-001701,TRADER-0201,FOREX,BUY,8.83,376,0,FILLED,2025-01-16 00:52:16.0
BUY-1763965650528-006493,TRADER-0493,EQUITY,BUY,382.36,125,0,FILLED,2025-01-18 09:26:38.0
BUY-1763965650525-004255,TRADER-0255,FOREX,BUY,6.88,339,0,FILLED,2025-01-17 06:55:33.0
BUY-1763965650524-003591,TRADER-0091,EQUITY,BUY,220.38,86,0,FILLED,2025-01-16 23:20:39.0
BUY-1763965650523-002788,TRADER-0288,CRYPTO,BUY,3109.89,16,0,FILLED,2025-01-16 13:50:56.0
BUY-1763965650519-000267,TRADER-0267,EQUITY,BUY,250.0,88,0,FILLED,2025-01-15 07:21:14.0
BUY-1763965650529-007303,TRADER-0303,CRYPTO,BUY,1122.92,43,0,FILLED,2025-01-18 19:45:44.0
BUY-1763965650523-002816,TRADER-0316,FOREX,BUY,7.65,92,0,FILLED,2025-01-16 13:18:02.0
BUY-1763965650524-003458,TRADER-0458,EQUITY,BUY,225.37,332,0,FILLED,2025-01-16 21:17:58.0
BUY-1763965650528-006333,TRADER-0333,EQUITY,BUY,148.85,206,0,FILLED,2025-01-18 07:41:42.0
BUY-1763965650521-001444,TRADER-0444,EQUITY,BUY,202.37,237,0,FILLED,2025-01-15 21:06:30.0
BUY-1763965650527-005406,TRADER-0406,EQUITY,BUY,396.84,168,0,FILLED,2025-01-17 20:30:29.0
BUY-1763965650520-000712,TRADER-0212,EQUITY,BUY,190.09,58,0,FILLED,2025-01-15 12:20:59.0
BUY-1763965650521-001107,TRADER-0107,FOREX,BUY,7.71,750,0,FILLED,2025-01-15 16:56:27.0
BUY-1763965650528-006312,TRADER-0312,FOREX,BUY,4.49,295,0,FILLED,2025-01-18 07:16:08.0
BUY-1763965650522-001987,TRADER-0487,CRYPTO,BUY,1680.07,21,0,FILLED,2025-01-16 03:25:38.0
BUY-1763965650521-001378,TRADER-0378,CRYPTO,BUY,3336.12,6,0,FILLED,2025-01-15 20:08:56.0
BUY-1763965650521-001150,TRADER-0150,CRYPTO,BUY,4228.52,10,0,FILLED,2025-01-15 17:53:08.0
BUY-1763965650522-001685,TRADER-0185,CRYPTO,BUY,2065.96,20,0,FILLED,2025-01-15 23:47:30.0
BUY-1763965650528-006467,TRADER-0467,FOREX,BUY,5.55,107,0,FILLED,2025-01-18 09:11:02.0
BUY-1763965650529-006667,TRADER-0167,EQUITY,BUY,167.12,538,0,FILLED,2025-01-18 12:25:38.0
BUY-1763965650521-001399,TRADER-0399,CRYPTO,BUY,3765.01,7,0,FILLED,2025-01-15 21:01:30.0
BUY-1763965650524-003459,TRADER-0459,FOREX,BUY,6.92,64,0,FILLED,2025-01-16 21:45:01.0
BUY-1763965650520-000696,TRADER-0196,EQUITY,BUY,242.37,208,0,FILLED,2025-01-15 11:59:41.0
BUY-1763965650528-005995,TRADER-0495,FOREX,BUY,9.96,396,0,FILLED,2025-01-18 03:29:41.0
BUY-1763965650527-005532,TRADER-0032,CRYPTO,BUY,1695.36,2,0,FILLED,2025-01-17 22:50:14.0
BUY-1763965650527-005531,TRADER-0031,CRYPTO,BUY,1569.08,3,0,FILLED,2025-01-17 22:12:31.0
BUY-1763965650528-006510,TRADER-0010,EQUITY,BUY,495.39,90,0,FILLED,2025-01-18 10:12:31.0
BUY-1763965650527-005693,TRADER-0193,CRYPTO,BUY,732.0,40,0,FILLED,2025-01-18 00:39:18.0
BUY-1763965650529-006730,TRADER-0230,FOREX,BUY,6.48,122,0,FILLED,2025-01-18 12:18:57.0
BUY-1763965650520-000975,TRADER-0475,EQUITY,BUY,354.21,76,0,FILLED,2025-01-15 15:35:21.0
BUY-1763965650524-003529,TRADER-0029,EQUITY,BUY,209.95,241,0,FILLED,2025-01-16 22:03:53.0
BUY-1763965650520-001003,TRADER-0003,FOREX,BUY,5.53,31,0,FILLED,2025-01-15 15:38:04.0
BUY-1763965650528-006478,TRADER-0478,EQUITY,BUY,166.54,247,0,FILLED,2025-01-18 09:29:49.0
BUY-1763965650527-005333,TRADER-0333,FOREX,BUY,5.58,642,0,FILLED,2025-01-17 20:12:22.0
BUY-1763965650521-001181,TRADER-0181,CRYPTO,BUY,1235.48,33,0,FILLED,2025-01-15 17:51:11.0
BUY-1763965650529-007249,TRADER-0249,CRYPTO,BUY,3081.55,15,0,FILLED,2025-01-18 19:22:21.0
BUY-1763965650528-006526,TRADER-0026,EQUITY,BUY,260.79,339,0,FILLED,2025-01-18 09:50:35.0
BUY-1763965650527-005759,TRADER-0259,FOREX,BUY,4.23,599,0,FILLED,2025-01-18 01:24:06.0
BUY-1763965650523-002322,TRADER-0322,CRYPTO,BUY,3586.09,3,0,FILLED,2025-01-16 08:03:58.0
BUY-1763965650528-005893,TRADER-0393,FOREX,BUY,4.89,33,0,FILLED,2025-01-18 02:46:15.0
BUY-1763965650524-003676,TRADER-0176,EQUITY,BUY,495.14,148,0,FILLED,2025-01-16 23:54:18.0
BUY-1763965650529-007057,TRADER-0057,CRYPTO,BUY,3341.7,7,0,FILLED,2025-01-18 16:57:20.0
BUY-1763965650529-006728,TRADER-0228,FOREX,BUY,8.96,281,0,FILLED,2025-01-18 12:53:06.0
BUY-1763965650529-007267,TRADER-0267,CRYPTO,BUY,1691.54,27,0,FILLED,2025-01-18 18:54:13.0
BUY-1763965650522-002167,TRADER-0167,CRYPTO,BUY,2345.6,14,0,FILLED,2025-01-16 06:03:37.0
BUY-1763965650528-005812,TRADER-0312,EQUITY,BUY,274.38,329,0,FILLED,2025-01-18 01:22:17.0
BUY-1763965650529-007433,TRADER-0433,FOREX,BUY,8.43,397,0,FILLED,2025-01-18 21:03:07.0
BUY-1763965650523-002699,TRADER-0199,CRYPTO,BUY,700.36,46,0,FILLED,2025-01-16 12:42:44.0
BUY-1763965650528-006437,TRADER-0437,EQUITY,BUY,327.23,195,0,FILLED,2025-01-18 09:00:09.0
BUY-1763965650522-001649,TRADER-0149,CRYPTO,BUY,2512.72,9,0,FILLED,2025-01-15 23:36:34.0
BUY-1763965650525-004006,TRADER-0006,CRYPTO,BUY,1257.56,35,0,FILLED,2025-01-17 04:21:12.0
BUY-1763965650520-000942,TRADER-0442,EQUITY,BUY,498.42,193,0,FILLED,2025-01-15 15:14:12.0
BUY-1763965650528-006154,TRADER-0154,FOREX,BUY,9.3,12,0,FILLED,2025-01-18 06:05:35.0
BUY-1763965650524-003359,TRADER-0359,CRYPTO,BUY,4927.97,10,0,FILLED,2025-01-16 20:22:32.0
BUY-1763965650529-007244,TRADER-0244,EQUITY,BUY,344.84,70,0,FILLED,2025-01-18 18:57:07.0
BUY-1763965650524-003181,TRADER-0181,CRYPTO,BUY,2840.17,15,0,FILLED,2025-01-16 18:31:27.0
BUY-1763965650529-007278,TRADER-0278,EQUITY,BUY,312.91,23,0,FILLED,2025-01-18 18:51:53.0
BUY-1763965650524-003477,TRADER-0477,FOREX,BUY,7.14,404,0,FILLED,2025-01-16 21:52:54.0
BUY-1763965650521-001581,TRADER-0081,CRYPTO,BUY,3479.5,8,0,FILLED,2025-01-15 22:53:35.0
BUY-1763965650520-000670,TRADER-0170,EQUITY,BUY,486.5,184,0,FILLED,2025-01-15 11:57:55.0
BUY-1763965650520-001002,TRADER-0002,CRYPTO,BUY,1024.24,44,0,FILLED,2025-01-15 16:01:47.0
BUY-1763965650525-003799,TRADER-0299,CRYPTO,BUY,764.4,3,0,FILLED,2025-01-17 01:59:57.0
BUY-1763965650521-001135,TRADER-0135,FOREX,BUY,9.19,595,0,FILLED,2025-01-15 17:47:13.0
BUY-1763965650529-007330,TRADER-0330,EQUITY,BUY,327.86,152,0,FILLED,2025-01-18 20:07:45.0
BUY-1763965650522-001659,TRADER-0159,CRYPTO,BUY,2591.61,3,0,FILLED,2025-01-15 23:45:30.0
BUY-1763965650528-006540,TRADER-0040,CRYPTO,BUY,4128.02,1,0,FILLED,2025-01-18 10:07:43.0
BUY-1763965650529-007427,TRADER-0427,CRYPTO,BUY,3346.13,4,0,FILLED,2025-01-18 20:53:02.0
BUY-1763965650526-004981,TRADER-0481,EQUITY,BUY,150.18,272,0,FILLED,2025-01-17 15:30:26.0
BUY-1763965650529-007047,TRADER-0047,EQUITY,BUY,216.59,350,0,FILLED,2025-01-18 16:56:09.0
BUY-1763965650522-002159,TRADER-0159,EQUITY,BUY,444.01,106,0,FILLED,2025-01-16 05:34:02.0
BUY-1763965650528-006535,TRADER-0035,FOREX,BUY,8.96,773,0,FILLED,2025-01-18 10:18:44.0
BUY-1763965650529-007192,TRADER-0192,EQUITY,BUY,369.31,172,0,FILLED,2025-01-18 17:49:00.0
BUY-1763965650525-003954,TRADER-0454,FOREX,BUY,8.37,145,0,FILLED,2025-01-17 03:01:51.0
BUY-1763965650522-001953,TRADER-0453,EQUITY,BUY,486.72,181,0,FILLED,2025-01-16 03:54:00.0
BUY-1763965650525-004199,TRADER-0199,EQUITY,BUY,214.47,418,0,FILLED,2025-01-17 06:17:49.0
BUY-1763965650529-007087,TRADER-0087,EQUITY,BUY,205.02,253,0,FILLED,2025-01-18 16:53:44.0
BUY-1763965650522-001656,TRADER-0156,FOREX,BUY,6.13,37,0,FILLED,2025-01-15 23:35:41.0
BUY-1763965650521-001455,TRADER-0455,CRYPTO,BUY,4479.69,11,0,FILLED,2025-01-15 21:50:54.0
BUY-1763965650527-005535,TRADER-0035,EQUITY,BUY,162.47,461,0,FILLED,2025-01-17 22:09:28.0
BUY-1763965650528-006204,TRADER-0204,EQUITY,BUY,221.93,125,0,FILLED,2025-01-18 06:47:18.0
BUY-1763965650520-000964,TRADER-0464,FOREX,BUY,7.55,36,0,FILLED,2025-01-15 15:33:47.0
BUY-1763965650520-000943,TRADER-0443,EQUITY,BUY,277.06,84,0,FILLED,2025-01-15 15:32:24.0
BUY-1763965650522-001919,TRADER-0419,EQUITY,BUY,290.38,87,0,FILLED,2025-01-16 02:50:33.0
BUY-1763965650522-001892,TRADER-0392,EQUITY,BUY,334.95,217,0,FILLED,2025-01-16 02:25:57.0
BUY-1763965650524-003376,TRADER-0376,CRYPTO,BUY,2756.98,3,0,FILLED,2025-01-16 20:58:44.0
BUY-1763965650528-006308,TRADER-0308,FOREX,BUY,9.88,591,0,FILLED,2025-01-18 08:02:14.0
BUY-1763965650529-006908,TRADER-0408,FOREX,BUY,4.84,241,0,FILLED,2025-01-18 14:24:48.0
BUY-1763965650527-005386,TRADER-0386,FOREX,BUY,9.83,56,0,FILLED,2025-01-17 20:46:49.0
BUY-1763965650525-004262,TRADER-0262,EQUITY,BUY,375.03,139,0,FILLED,2025-01-17 07:34:20.0
BUY-1763965650522-002135,TRADER-0135,FOREX,BUY,9.69,150,0,FILLED,2025-01-16 05:52:56.0
BUY-1763965650524-003356,TRADER-0356,CRYPTO,BUY,2827.69,8,0,FILLED,2025-01-16 20:29:48.0
BUY-1763965650529-007178,TRADER-0178,CRYPTO,BUY,1062.54,35,0,FILLED,2025-01-18 18:36:56.0
BUY-1763965650527-005498,TRADER-0498,FOREX,BUY,5.03,256,0,FILLED,2025-01-17 22:15:37.0
BUY-1763965650520-001021,TRADER-0021,FOREX,BUY,4.42,664,0,FILLED,2025-01-15 15:48:49.0
BUY-1763965650527-005459,TRADER-0459,FOREX,BUY,9.09,241,0,FILLED,2025-01-17 21:37:41.0
BUY-1763965650525-003741,TRADER-0241,FOREX,BUY,6.82,596,0,FILLED,2025-01-17 01:02:46.0
BUY-1763965650522-002256,TRADER-0256,EQUITY,BUY,240.32,396,0,FILLED,2025-01-16 07:30:35.0
BUY-1763965650522-002081,TRADER-0081,CRYPTO,BUY,2471.95,19,0,FILLED,2025-01-16 04:47:40.0
BUY-1763965650522-002098,TRADER-0098,EQUITY,BUY,252.85,376,0,FILLED,2025-01-16 05:07:49.0
BUY-1763965650526-004515,TRADER-0015,FOREX,BUY,5.35,547,0,FILLED,2025-01-17 10:29:41.0
BUY-1763965650523-002530,TRADER-0030,EQUITY,BUY,295.31,109,0,FILLED,2025-01-16 10:32:17.0
BUY-1763965650523-002918,TRADER-0418,FOREX,BUY,8.98,357,0,FILLED,2025-01-16 15:14:46.0
BUY-1763965650523-002799,TRADER-0299,EQUITY,BUY,156.31,58,0,FILLED,2025-01-16 13:51:45.0
BUY-1763965650520-001044,TRADER-0044,FOREX,BUY,8.52,252,0,FILLED,2025-01-15 16:01:52.0
BUY-1763965650528-005832,TRADER-0332,CRYPTO,BUY,4011.62,9,0,FILLED,2025-01-18 02:00:12.0
BUY-1763965650521-001245,TRADER-0245,EQUITY,BUY,409.24,239,0,FILLED,2025-01-15 18:52:24.0
BUY-1763965650523-002407,TRADER-0407,FOREX,BUY,5.19,31,0,FILLED,2025-01-16 09:04:54.0
BUY-1763965650520-000654,TRADER-0154,CRYPTO,BUY,2984.1,5,0,FILLED,2025-01-15 12:11:44.0
BUY-1763965650528-005836,TRADER-0336,EQUITY,BUY,388.58,147,0,FILLED,2025-01-18 02:26:59.0
BUY-1763965650523-002430,TRADER-0430,EQUITY,BUY,291.97,297,0,FILLED,2025-01-16 08:51:28.0
BUY-1763965650520-001053,TRADER-0053,EQUITY,BUY,172.25,119,0,FILLED,2025-01-15 16:40:13.0
BUY-1763965650526-004717,TRADER-0217,EQUITY,BUY,475.22,200,0,FILLED,2025-01-17 12:36:44.0
BUY-1763965650527-005126,TRADER-0126,FOREX,BUY,5.59,241,0,FILLED,2025-01-17 17:43:28.0
BUY-1763965650522-002033,TRADER-0033,CRYPTO,BUY,3036.09,1,0,FILLED,2025-01-16 04:43:12.0
BUY-1763965650525-004292,TRADER-0292,EQUITY,BUY,393.85,55,0,FILLED,2025-01-17 07:05:08.0
BUY-1763965650527-005097,TRADER-0097,FOREX,BUY,4.75,723,0,FILLED,2025-01-17 17:30:57.0
BUY-1763965650526-004624,TRADER-0124,CRYPTO,BUY,669.17,21,0,FILLED,2025-01-17 11:01:48.0
BUY-1763965650527-005751,TRADER-0251,CRYPTO,BUY,741.95,23,0,FILLED,2025-01-18 01:28:38.0
BUY-1763965650522-002099,TRADER-0099,EQUITY,BUY,159.55,557,0,FILLED,2025-01-16 05:00:09.0
BUY-1763965650526-004850,TRADER-0350,CRYPTO,BUY,3006.97,8,0,FILLED,2025-01-17 14:04:53.0
BUY-1763965650522-001823,TRADER-0323,CRYPTO,BUY,2270.41,10,0,FILLED,2025-01-16 01:27:52.0
BUY-1763965650520-000842,TRADER-0342,FOREX,BUY,6.51,206,0,FILLED,2025-01-15 13:41:57.0
BUY-1763965650523-002333,TRADER-0333,CRYPTO,BUY,2048.6,6,0,FILLED,2025-01-16 08:19:42.0
BUY-1763965650528-006539,TRADER-0039,CRYPTO,BUY,2405.1,7,0,FILLED,2025-01-18 10:06:46.0
BUY-1763965650521-001379,TRADER-0379,FOREX,BUY,7.1,819,0,FILLED,2025-01-15 20:26:13.0
BUY-1763965650521-001102,TRADER-0102,CRYPTO,BUY,1550.47,19,0,FILLED,2025-01-15 17:18:50.0
BUY-1763965650526-004534,TRADER-0034,CRYPTO,BUY,3043.28,10,0,FILLED,2025-01-17 10:31:49.0
BUY-1763965650529-006881,TRADER-0381,EQUITY,BUY,403.37,120,0,FILLED,2025-01-18 14:41:43.0
BUY-1763965650520-000927,TRADER-0427,CRYPTO,BUY,1959.34,23,0,FILLED,2025-01-15 14:58:41.0
BUY-1763965650526-005005,TRADER-0005,FOREX,BUY,7.8,584,0,FILLED,2025-01-17 15:36:24.0
BUY-1763965650523-002574,TRADER-0074,EQUITY,BUY,285.12,147,0,FILLED,2025-01-16 11:11:16.0
BUY-1763965650523-002815,TRADER-0315,EQUITY,BUY,222.15,203,0,FILLED,2025-01-16 13:43:52.0
BUY-1763965650529-006894,TRADER-0394,CRYPTO,BUY,1414.24,8,0,FILLED,2025-01-18 15:13:01.0
BUY-1763965650526-004741,TRADER-0241,EQUITY,BUY,207.04,350,0,FILLED,2025-01-17 12:27:30.0
BUY-1763965650520-000635,TRADER-0135,CRYPTO,BUY,4583.56,10,0,FILLED,2025-01-15 11:30:31.0
BUY-1763965650522-001643,TRADER-0143,EQUITY,BUY,184.74,380,0,FILLED,2025-01-15 23:25:57.0
BUY-1763965650529-007325,TRADER-0325,EQUITY,BUY,248.52,315,0,FILLED,2025-01-18 19:24:27.0
BUY-1763965650524-003259,TRADER-0259,EQUITY,BUY,254.22,320,0,FILLED,2025-01-16 18:49:35.0
BUY-1763965650519-000515,TRADER-0015,EQUITY,BUY,341.81,81,0,FILLED,2025-01-15 10:23:05.0
BUY-1763965650524-003243,TRADER-0243,FOREX,BUY,8.77,436,0,FILLED,2025-01-16 18:55:11.0
BUY-1763965650526-004826,TRADER-0326,CRYPTO,BUY,1808.54,16,0,FILLED,2025-01-17 13:52:37.0
BUY-1763965650528-006519,TRADER-0019,FOREX,BUY,6.68,934,0,FILLED,2025-01-18 09:49:09.0
BUY-1763965650527-005705,TRADER-0205,CRYPTO,BUY,2915.96,9,0,FILLED,2025-01-18 00:20:01.0
BUY-1763965650528-005845,TRADER-0345,FOREX,BUY,8.79,312,0,FILLED,2025-01-18 02:05:48.0
BUY-1763965650524-003044,TRADER-0044,CRYPTO,BUY,2506.09,2,0,FILLED,2025-01-16 16:38:02.0
BUY-1763965650525-003910,TRADER-0410,CRYPTO,BUY,3772.91,3,0,FILLED,2025-01-17 02:40:48.0
BUY-1763965650519-000466,TRADER-0466,EQUITY,BUY,200.0,43,0,FILLED,2025-01-15 09:49:15.0
BUY-1763965650522-001914,TRADER-0414,EQUITY,BUY,156.13,26,0,FILLED,2025-01-16 02:49:23.0
BUY-1763965650527-005342,TRADER-0342,EQUITY,BUY,154.36,13,0,FILLED,2025-01-17 20:24:28.0
BUY-1763965650524-003614,TRADER-0114,CRYPTO,BUY,1619.38,16,0,FILLED,2025-01-16 23:19:45.0
BUY-1763965650526-004795,TRADER-0295,CRYPTO,BUY,1435.63,30,0,FILLED,2025-01-17 13:29:43.0
BUY-1763965650526-004638,TRADER-0138,CRYPTO,BUY,3317.0,10,0,FILLED,2025-01-17 11:31:35.0
BUY-1763965650521-001159,TRADER-0159,EQUITY,BUY,259.05,369,0,FILLED,2025-01-15 17:59:27.0
BUY-1763965650520-000978,TRADER-0478,EQUITY,BUY,460.9,206,0,FILLED,2025-01-15 15:28:22.0
BUY-1763965650524-003130,TRADER-0130,EQUITY,BUY,238.29,309,0,FILLED,2025-01-16 17:08:17.0
BUY-1763965650528-006586,TRADER-0086,FOREX,BUY,8.91,900,0,FILLED,2025-01-18 11:04:09.0
BUY-1763965650528-006427,TRADER-0427,CRYPTO,BUY,2105.53,15,0,FILLED,2025-01-18 08:57:22.0
BUY-1763965650521-001461,TRADER-0461,FOREX,BUY,7.19,549,0,FILLED,2025-01-15 21:03:33.0
BUY-1763965650523-002308,TRADER-0308,EQUITY,BUY,248.26,318,0,FILLED,2025-01-16 07:32:43.0
BUY-1763965650529-007157,TRADER-0157,CRYPTO,BUY,3511.62,5,0,FILLED,2025-01-18 17:31:40.0
BUY-1763965650523-002475,TRADER-0475,CRYPTO,BUY,4752.99,10,0,FILLED,2025-01-16 10:00:00.0
BUY-1763965650522-002093,TRADER-0093,FOREX,BUY,8.27,347,0,FILLED,2025-01-16 05:17:48.0
BUY-1763965650523-002576,TRADER-0076,EQUITY,BUY,314.87,243,0,FILLED,2025-01-16 10:33:40.0
BUY-1763965650527-005715,TRADER-0215,EQUITY,BUY,350.89,40,0,FILLED,2025-01-18 00:24:23.0
BUY-1763965650526-004974,TRADER-0474,EQUITY,BUY,190.62,48,0,FILLED,2025-01-17 15:43:20.0
BUY-1763965650529-007066,TRADER-0066,CRYPTO,BUY,2715.95,15,0,FILLED,2025-01-18 16:58:08.0
BUY-1763965650528-006078,TRADER-0078,FOREX,BUY,9.02,236,0,FILLED,2025-01-18 05:25:39.0
BUY-1763965650526-004699,TRADER-0199,FOREX,BUY,4.33,390,0,FILLED,2025-01-17 12:36:36.0
BUY-1763965650523-002822,TRADER-0322,FOREX,BUY,5.98,408,0,FILLED,2025-01-16 13:26:36.0
BUY-1763965650528-006253,TRADER-0253,FOREX,BUY,8.76,825,0,FILLED,2025-01-18 07:22:12.0
BUY-1763965650522-002067,TRADER-0067,FOREX,BUY,8.59,988,0,FILLED,2025-01-16 04:45:49.0
BUY-1763965650529-006779,TRADER-0279,FOREX,BUY,9.67,508,0,FILLED,2025-01-18 13:20:01.0
BUY-1763965650523-002463,TRADER-0463,CRYPTO,BUY,843.58,33,0,FILLED,2025-01-16 09:09:07.0
BUY-1763965650520-000699,TRADER-0199,FOREX,BUY,7.89,19,0,FILLED,2025-01-15 12:05:52.0
BUY-1763965650522-002044,TRADER-0044,FOREX,BUY,8.48,986,0,FILLED,2025-01-16 04:28:46.0
BUY-1763965650521-001336,TRADER-0336,EQUITY,BUY,208.76,255,0,FILLED,2025-01-15 20:20:26.0
BUY-1763965650523-002617,TRADER-0117,CRYPTO,BUY,917.21,7,0,FILLED,2025-01-16 11:52:21.0
BUY-1763965650528-005824,TRADER-0324,CRYPTO,BUY,4311.32,7,0,FILLED,2025-01-18 02:07:07.0
BUY-1763965650520-001009,TRADER-0009,FOREX,BUY,7.23,369,0,FILLED,2025-01-15 16:17:48.0
BUY-1763965650525-004031,TRADER-0031,CRYPTO,BUY,2717.31,9,0,FILLED,2025-01-17 04:38:41.0
BUY-1763965650522-002139,TRADER-0139,EQUITY,BUY,423.07,222,0,FILLED,2025-01-16 05:12:08.0
BUY-1763965650524-003149,TRADER-0149,CRYPTO,BUY,3507.27,9,0,FILLED,2025-01-16 17:31:03.0
BUY-1763965650525-003917,TRADER-0417,CRYPTO,BUY,1635.28,25,0,FILLED,2025-01-17 02:51:50.0
BUY-1763965650523-002802,TRADER-0302,FOREX,BUY,6.6,926,0,FILLED,2025-01-16 13:50:34.0
BUY-1763965650520-000686,TRADER-0186,CRYPTO,BUY,431.77,113,0,FILLED,2025-01-15 12:13:15.0
BUY-1763965650525-003783,TRADER-0283,EQUITY,BUY,342.45,252,0,FILLED,2025-01-17 01:36:11.0
BUY-1763965650524-003141,TRADER-0141,EQUITY,BUY,245.58,296,0,FILLED,2025-01-16 17:22:09.0
BUY-1763965650525-003718,TRADER-0218,EQUITY,BUY,344.28,277,0,FILLED,2025-01-17 00:09:34.0
BUY-1763965650521-001471,TRADER-0471,CRYPTO,BUY,3691.07,10,0,FILLED,2025-01-15 21:20:19.0
BUY-1763965650521-001326,TRADER-0326,CRYPTO,BUY,2992.23,10,0,FILLED,2025-01-15 20:08:15.0
BUY-1763965650529-007431,TRADER-0431,FOREX,BUY,5.13,665,0,FILLED,2025-01-18 21:06:55.0
BUY-1763965650523-002369,TRADER-0369,CRYPTO,BUY,2232.61,6,0,FILLED,2025-01-16 08:49:03.0
BUY-1763965650521-001243,TRADER-0243,EQUITY,BUY,223.87,332,0,FILLED,2025-01-15 18:42:47.0
BUY-1763965650528-005971,TRADER-0471,FOREX,BUY,8.53,801,0,FILLED,2025-01-18 03:38:19.0
BUY-1763965650526-004463,TRADER-0463,EQUITY,BUY,259.33,297,0,FILLED,2025-01-17 09:30:01.0
BUY-1763965650527-005547,TRADER-0047,FOREX,BUY,6.93,963,0,FILLED,2025-01-17 22:18:05.0
BUY-1763965650526-004744,TRADER-0244,EQUITY,BUY,313.04,203,0,FILLED,2025-01-17 13:12:43.0
BUY-1763965650524-003037,TRADER-0037,FOREX,BUY,6.15,219,0,FILLED,2025-01-16 16:20:02.0
BUY-1763965650522-001945,TRADER-0445,EQUITY,BUY,368.77,195,0,FILLED,2025-01-16 03:29:12.0
BUY-1763965650525-004233,TRADER-0233,CRYPTO,BUY,3784.82,6,0,FILLED,2025-01-17 06:43:01.0
BUY-1763965650523-002605,TRADER-0105,CRYPTO,BUY,1758.87,8,0,FILLED,2025-01-16 10:52:20.0
BUY-1763965650528-005815,TRADER-0315,CRYPTO,BUY,2188.89,15,0,FILLED,2025-01-18 01:53:36.0
BUY-1763965650529-006899,TRADER-0399,FOREX,BUY,9.44,541,0,FILLED,2025-01-18 15:01:15.0
BUY-1763965650519-000271,TRADER-0271,EQUITY,BUY,300.0,33,0,FILLED,2025-01-15 07:06:12.0
BUY-1763965650519-000506,TRADER-0006,CRYPTO,BUY,842.49,12,0,FILLED,2025-01-15 10:08:31.0
BUY-1763965650527-005533,TRADER-0033,EQUITY,BUY,245.26,112,0,FILLED,2025-01-17 22:18:22.0
BUY-1763965650521-001221,TRADER-0221,CRYPTO,BUY,3009.13,13,0,FILLED,2025-01-15 18:56:43.0
BUY-1763965650526-004882,TRADER-0382,EQUITY,BUY,210.22,309,0,FILLED,2025-01-17 14:57:00.0
BUY-1763965650525-003710,TRADER-0210,CRYPTO,BUY,3292.76,12,0,FILLED,2025-01-17 00:58:07.0
BUY-1763965650528-006509,TRADER-0009,EQUITY,BUY,439.83,202,0,FILLED,2025-01-18 10:24:12.0
BUY-1763965650525-003733,TRADER-0233,FOREX,BUY,7.72,920,0,FILLED,2025-01-17 00:27:38.0
BUY-1763965650521-001425,TRADER-0425,FOREX,BUY,9.22,7,0,FILLED,2025-01-15 21:16:38.0
BUY-1763965650527-005316,TRADER-0316,EQUITY,BUY,376.6,60,0,FILLED,2025-01-17 19:48:48.0
BUY-1763965650529-007144,TRADER-0144,FOREX,BUY,7.96,946,0,FILLED,2025-01-18 17:55:01.0
BUY-1763965650529-006756,TRADER-0256,EQUITY,BUY,376.2,82,0,FILLED,2025-01-18 13:27:47.0
BUY-1763965650519-000400,TRADER-0400,EQUITY,BUY,150.0,60,0,FILLED,2025-01-15 09:13:15.0
BUY-1763965650527-005527,TRADER-0027,CRYPTO,BUY,723.64,58,0,FILLED,2025-01-17 21:52:11.0
BUY-1763965650526-004435,TRADER-0435,CRYPTO,BUY,606.13,30,0,FILLED,2025-01-17 09:10:46.0
BUY-1763965650522-002229,TRADER-0229,EQUITY,BUY,174.19,437,0,FILLED,2025-01-16 06:40:02.0
BUY-1763965650529-007438,TRADER-0438,CRYPTO,BUY,2524.99,13,0,FILLED,2025-01-18 21:29:38.0
BUY-1763965650525-003909,TRADER-0409,CRYPTO,BUY,4935.13,1,0,FILLED,2025-01-17 02:57:56.0
BUY-1763965650525-003933,TRADER-0433,CRYPTO,BUY,1585.48,25,0,FILLED,2025-01-17 03:22:39.0
BUY-1763965650523-002344,TRADER-0344,EQUITY,BUY,191.49,507,0,FILLED,2025-01-16 07:54:39.0
BUY-1763965650523-002901,TRADER-0401,FOREX,BUY,5.8,397,0,FILLED,2025-01-16 14:33:46.0
BUY-1763965650526-004427,TRADER-0427,FOREX,BUY,5.33,166,0,FILLED,2025-01-17 09:03:51.0
BUY-1763965650525-004348,TRADER-0348,FOREX,BUY,6.59,627,0,FILLED,2025-01-17 08:27:30.0
BUY-1763965650528-006055,TRADER-0055,CRYPTO,BUY,833.88,53,0,FILLED,2025-01-18 04:53:09.0
BUY-1763965650527-005452,TRADER-0452,EQUITY,BUY,183.25,240,0,FILLED,2025-01-17 20:57:56.0
BUY-1763965650528-006475,TRADER-0475,EQUITY,BUY,210.85,260,0,FILLED,2025-01-18 10:01:45.0
BUY-1763965650521-001090,TRADER-0090,CRYPTO,BUY,2752.61,10,0,FILLED,2025-01-15 16:58:36.0
BUY-1763965650526-004391,TRADER-0391,FOREX,BUY,7.99,245,0,FILLED,2025-01-17 09:10:24.0
BUY-1763965650523-002703,TRADER-0203,FOREX,BUY,9.84,433,0,FILLED,2025-01-16 12:09:10.0
BUY-1763965650527-005780,TRADER-0280,CRYPTO,BUY,1304.72,29,0,FILLED,2025-01-18 00:59:30.0
BUY-1763965650529-007199,TRADER-0199,EQUITY,BUY,418.15,24,0,FILLED,2025-01-18 17:53:56.0
BUY-1763965650523-002398,TRADER-0398,EQUITY,BUY,467.92,98,0,FILLED,2025-01-16 08:19:34.0
BUY-1763965650524-003640,TRADER-0140,EQUITY,BUY,316.55,79,0,FILLED,2025-01-16 23:54:12.0
BUY-1763965650526-004953,TRADER-0453,CRYPTO,BUY,1753.48,17,0,FILLED,2025-01-17 15:55:04.0
BUY-1763965650523-002936,TRADER-0436,EQUITY,BUY,218.54,57,0,FILLED,2025-01-16 14:49:47.0
BUY-1763965650522-002209,TRADER-0209,EQUITY,BUY,496.82,137,0,FILLED,2025-01-16 06:29:38.0
BUY-1763965650520-000937,TRADER-0437,FOREX,BUY,8.26,970,0,FILLED,2025-01-15 15:10:37.0
BUY-1763965650526-004423,TRADER-0423,EQUITY,BUY,430.34,35,0,FILLED,2025-01-17 09:19:20.0
BUY-1763965650524-003672,TRADER-0172,CRYPTO,BUY,3780.35,3,0,FILLED,2025-01-16 23:37:27.0
BUY-1763965650522-002050,TRADER-0050,EQUITY,BUY,229.5,87,0,FILLED,2025-01-16 04:52:12.0
BUY-1763965650527-005114,TRADER-0114,FOREX,BUY,5.4,5,0,FILLED,2025-01-17 16:58:53.0
BUY-1763965650529-007159,TRADER-0159,EQUITY,BUY,433.83,38,0,FILLED,2025-01-18 17:44:33.0
BUY-1763965650528-006365,TRADER-0365,CRYPTO,BUY,3540.63,4,0,FILLED,2025-01-18 07:57:27.0
BUY-1763965650524-003285,TRADER-0285,EQUITY,BUY,425.13,120,0,FILLED,2025-01-16 19:43:11.0
BUY-1763965650518-000147,TRADER-0147,EQUITY,BUY,200.0,22,0,FILLED,2025-01-15 05:47:34.0
BUY-1763965650528-006028,TRADER-0028,FOREX,BUY,7.98,367,0,FILLED,2025-01-18 04:18:40.0
BUY-1763965650525-004335,TRADER-0335,CRYPTO,BUY,2444.78,15,0,FILLED,2025-01-17 07:44:51.0
BUY-1763965650525-004047,TRADER-0047,CRYPTO,BUY,3175.21,8,0,FILLED,2025-01-17 04:47:25.0
BUY-1763965650526-004914,TRADER-0414,FOREX,BUY,5.1,911,0,FILLED,2025-01-17 14:56:01.0
BUY-1763965650520-000685,TRADER-0185,FOREX,BUY,5.28,198,0,FILLED,2025-01-15 11:48:13.0
BUY-1763965650522-002234,TRADER-0234,EQUITY,BUY,447.1,136,0,FILLED,2025-01-16 07:06:40.0
BUY-1763965650521-001138,TRADER-0138,FOREX,BUY,5.33,933,0,FILLED,2025-01-15 18:04:54.0
BUY-1763965650523-002306,TRADER-0306,EQUITY,BUY,475.91,13,0,FILLED,2025-01-16 07:47:42.0
BUY-1763965650528-006234,TRADER-0234,CRYPTO,BUY,2461.98,6,0,FILLED,2025-01-18 06:26:24.0
BUY-1763965650528-006522,TRADER-0022,FOREX,BUY,7.98,554,0,FILLED,2025-01-18 10:20:27.0
BUY-1763965650524-003392,TRADER-0392,EQUITY,BUY,411.33,128,0,FILLED,2025-01-16 20:54:16.0
BUY-1763965650527-005303,TRADER-0303,FOREX,BUY,8.4,60,0,FILLED,2025-01-17 19:10:59.0
BUY-1763965650523-002383,TRADER-0383,CRYPTO,BUY,2219.27,11,0,FILLED,2025-01-16 08:07:46.0
BUY-1763965650525-004141,TRADER-0141,CRYPTO,BUY,4859.38,9,0,FILLED,2025-01-17 05:16:02.0
BUY-1763965650527-005115,TRADER-0115,FOREX,BUY,7.06,958,0,FILLED,2025-01-17 16:56:29.0
BUY-1763965650524-003104,TRADER-0104,CRYPTO,BUY,3189.92,15,0,FILLED,2025-01-16 17:35:28.0
BUY-1763965650524-003527,TRADER-0027,CRYPTO,BUY,3099.49,9,0,FILLED,2025-01-16 22:32:35.0
BUY-1763965650526-004792,TRADER-0292,CRYPTO,BUY,4797.09,9,0,FILLED,2025-01-17 13:59:52.0
BUY-1763965650522-002201,TRADER-0201,FOREX,BUY,6.98,471,0,FILLED,2025-01-16 06:09:26.0
BUY-1763965650529-006979,TRADER-0479,CRYPTO,BUY,4434.75,8,0,FILLED,2025-01-18 15:15:35.0
BUY-1763965650524-003300,TRADER-0300,EQUITY,BUY,402.48,185,0,FILLED,2025-01-16 19:31:30.0
BUY-1763965650522-002211,TRADER-0211,EQUITY,BUY,179.82,267,0,FILLED,2025-01-16 06:38:25.0
BUY-1763965650524-003607,TRADER-0107,EQUITY,BUY,288.88,289,0,FILLED,2025-01-16 23:03:20.0
BUY-1763965650523-002573,TRADER-0073,CRYPTO,BUY,3432.54,10,0,FILLED,2025-01-16 10:45:02.0
BUY-1763965650524-003099,TRADER-0099,CRYPTO,BUY,3734.18,4,0,FILLED,2025-01-16 16:53:04.0
BUY-1763965650521-001145,TRADER-0145,FOREX,BUY,9.24,14,0,FILLED,2025-01-15 18:12:17.0
BUY-1763965650525-004252,TRADER-0252,CRYPTO,BUY,3597.29,2,0,FILLED,2025-01-17 06:47:21.0
BUY-1763965650528-006216,TRADER-0216,EQUITY,BUY,303.41,233,0,FILLED,2025-01-18 06:16:26.0
BUY-1763965650522-002232,TRADER-0232,EQUITY,BUY,343.96,19,0,FILLED,2025-01-16 06:42:19.0
BUY-1763965650524-003021,TRADER-0021,FOREX,BUY,5.8,862,0,FILLED,2025-01-16 16:37:57.0
BUY-1763965650529-006864,TRADER-0364,CRYPTO,BUY,4661.19,5,0,FILLED,2025-01-18 14:08:22.0
BUY-1763965650525-003794,TRADER-0294,EQUITY,BUY,377.28,99,0,FILLED,2025-01-17 01:29:53.0
BUY-1763965650526-004552,TRADER-0052,CRYPTO,BUY,2254.15,19,0,FILLED,2025-01-17 10:33:59.0
BUY-1763965650527-005431,TRADER-0431,CRYPTO,BUY,3286.1,12,0,FILLED,2025-01-17 21:23:59.0
BUY-1763965650525-003770,TRADER-0270,FOREX,BUY,8.36,933,0,FILLED,2025-01-17 01:42:48.0
BUY-1763965650526-004494,TRADER-0494,FOREX,BUY,7.2,705,0,FILLED,2025-01-17 10:24:45.0
BUY-1763965650520-000972,TRADER-0472,FOREX,BUY,7.86,549,0,FILLED,2025-01-15 15:55:29.0
BUY-1763965650520-000738,TRADER-0238,EQUITY,BUY,256.45,129,0,FILLED,2025-01-15 12:31:44.0
BUY-1763965650529-006873,TRADER-0373,FOREX,BUY,4.39,358,0,FILLED,2025-01-18 14:35:20.0
BUY-1763965650520-000663,TRADER-0163,FOREX,BUY,5.12,165,0,FILLED,2025-01-15 12:01:11.0
BUY-1763965650527-005748,TRADER-0248,EQUITY,BUY,472.07,208,0,FILLED,2025-01-18 01:14:13.0
BUY-1763965650525-004280,TRADER-0280,CRYPTO,BUY,1703.12,17,0,FILLED,2025-01-17 07:33:22.0
BUY-1763965650522-002222,TRADER-0222,FOREX,BUY,9.15,256,0,FILLED,2025-01-16 06:15:40.0
BUY-1763965650527-005721,TRADER-0221,EQUITY,BUY,249.35,306,0,FILLED,2025-01-18 00:16:05.0
BUY-1763965650522-002126,TRADER-0126,CRYPTO,BUY,4019.67,1,0,FILLED,2025-01-16 05:41:39.0
BUY-1763965650522-002035,TRADER-0035,CRYPTO,BUY,4321.47,5,0,FILLED,2025-01-16 04:25:26.0
BUY-1763965650523-002778,TRADER-0278,EQUITY,BUY,218.41,25,0,FILLED,2025-01-16 13:36:42.0
BUY-1763965650527-005534,TRADER-0034,CRYPTO,BUY,3701.64,5,0,FILLED,2025-01-17 22:44:20.0
BUY-1763965650525-004181,TRADER-0181,CRYPTO,BUY,974.87,21,0,FILLED,2025-01-17 05:50:35.0
BUY-1763965650525-003739,TRADER-0239,EQUITY,BUY,217.22,146,0,FILLED,2025-01-17 01:14:47.0
BUY-1763965650525-003899,TRADER-0399,EQUITY,BUY,346.58,177,0,FILLED,2025-01-17 03:08:56.0
BUY-1763965650525-003895,TRADER-0395,CRYPTO,BUY,3366.19,12,0,FILLED,2025-01-17 02:55:08.0
BUY-1763965650524-003019,TRADER-0019,EQUITY,BUY,190.89,452,0,FILLED,2025-01-16 16:14:11.0
BUY-1763965650526-005017,TRADER-0017,CRYPTO,BUY,1681.8,2,0,FILLED,2025-01-17 15:52:04.0
BUY-1763965650523-002446,TRADER-0446,CRYPTO,BUY,2739.84,16,0,FILLED,2025-01-16 09:34:05.0
BUY-1763965650527-005717,TRADER-0217,FOREX,BUY,7.3,723,0,FILLED,2025-01-18 00:38:35.0
BUY-1763965650520-000926,TRADER-0426,EQUITY,BUY,418.61,76,0,FILLED,2025-01-15 14:48:30.0
BUY-1763965650520-001029,TRADER-0029,FOREX,BUY,6.4,524,0,FILLED,2025-01-15 16:20:23.0
BUY-1763965650528-006193,TRADER-0193,CRYPTO,BUY,2972.42,9,0,FILLED,2025-01-18 06:37:20.0
BUY-1763965650525-004229,TRADER-0229,CRYPTO,BUY,3463.39,6,0,FILLED,2025-01-17 07:12:59.0
BUY-1763965650522-001913,TRADER-0413,EQUITY,BUY,441.18,217,0,FILLED,2025-01-16 02:52:50.0
BUY-1763965650529-007002,TRADER-0002,EQUITY,BUY,277.87,96,0,FILLED,2025-01-18 15:44:05.0
BUY-1763965650528-005986,TRADER-0486,EQUITY,BUY,498.56,129,0,FILLED,2025-01-18 04:06:39.0
BUY-1763965650522-002030,TRADER-0030,EQUITY,BUY,287.24,280,0,FILLED,2025-01-16 03:56:59.0
BUY-1763965650522-002011,TRADER-0011,FOREX,BUY,9.86,116,0,FILLED,2025-01-16 04:31:25.0
BUY-1763965650528-005887,TRADER-0387,EQUITY,BUY,371.3,99,0,FILLED,2025-01-18 02:17:49.0
BUY-1763965650522-001628,TRADER-0128,EQUITY,BUY,379.21,143,0,FILLED,2025-01-16 00:00:34.0
BUY-1763965650528-006392,TRADER-0392,FOREX,BUY,9.92,110,0,FILLED,2025-01-18 09:08:12.0
BUY-1763965650528-006618,TRADER-0118,CRYPTO,BUY,4875.32,8,0,FILLED,2025-01-18 11:19:24.0
BUY-1763965650525-004290,TRADER-0290,EQUITY,BUY,262.68,55,0,FILLED,2025-01-17 07:09:23.0
BUY-1763965650527-005304,TRADER-0304,CRYPTO,BUY,4710.86,3,0,FILLED,2025-01-17 19:41:15.0
BUY-1763965650519-000404,TRADER-0404,EQUITY,BUY,150.0,76,0,FILLED,2025-01-15 08:40:18.0
BUY-1763965650527-005233,TRADER-0233,CRYPTO,BUY,927.19,36,0,FILLED,2025-01-17 18:39:47.0
BUY-1763965650527-005099,TRADER-0099,FOREX,BUY,5.9,729,0,FILLED,2025-01-17 16:59:08.0
BUY-1763965650527-005771,TRADER-0271,FOREX,BUY,7.97,761,0,FILLED,2025-01-18 01:24:18.0
BUY-1763965650520-000752,TRADER-0252,FOREX,BUY,5.24,911,0,FILLED,2025-01-15 12:43:35.0
BUY-1763965650528-005847,TRADER-0347,CRYPTO,BUY,3274.42,8,0,FILLED,2025-01-18 01:59:59.0
BUY-1763965650529-006798,TRADER-0298,CRYPTO,BUY,4785.51,1,0,FILLED,2025-01-18 13:25:17.0
BUY-1763965650520-000841,TRADER-0341,FOREX,BUY,8.3,964,0,FILLED,2025-01-15 14:12:06.0
BUY-1763965650523-002342,TRADER-0342,FOREX,BUY,8.01,956,0,FILLED,2025-01-16 08:00:18.0
BUY-1763965650519-000503,TRADER-0003,EQUITY,BUY,284.85,200,0,FILLED,2025-01-15 10:11:07.0
BUY-1763965650521-001463,TRADER-0463,EQUITY,BUY,290.18,296,0,FILLED,2025-01-15 21:45:38.0
BUY-1763965650523-002646,TRADER-0146,EQUITY,BUY,377.67,246,0,FILLED,2025-01-16 11:37:37.0
BUY-1763965650523-002765,TRADER-0265,CRYPTO,BUY,4712.4,8,0,FILLED,2025-01-16 13:30:52.0
BUY-1763965650529-007265,TRADER-0265,CRYPTO,BUY,1000.33,43,0,FILLED,2025-01-18 19:20:32.0
BUY-1763965650529-007195,TRADER-0195,EQUITY,BUY,460.98,41,0,FILLED,2025-01-18 18:15:59.0
BUY-1763965650525-003939,TRADER-0439,EQUITY,BUY,410.11,128,0,FILLED,2025-01-17 03:13:38.0
BUY-1763965650525-004227,TRADER-0227,CRYPTO,BUY,2969.35,16,0,FILLED,2025-01-17 06:59:22.0
BUY-1763965650529-006646,TRADER-0146,CRYPTO,BUY,4320.93,2,0,FILLED,2025-01-18 11:53:59.0
BUY-1763965650527-005593,TRADER-0093,EQUITY,BUY,411.55,72,0,FILLED,2025-01-17 23:13:03.0
BUY-1763965650526-004457,TRADER-0457,CRYPTO,BUY,1036.24,26,0,FILLED,2025-01-17 09:58:20.0
BUY-1763965650526-004596,TRADER-0096,FOREX,BUY,9.84,772,0,FILLED,2025-01-17 10:39:09.0
BUY-1763965650529-007424,TRADER-0424,EQUITY,BUY,486.42,153,0,FILLED,2025-01-18 20:52:21.0
BUY-1763965650529-007383,TRADER-0383,CRYPTO,BUY,3515.34,6,0,FILLED,2025-01-18 20:43:51.0
BUY-1763965650527-005758,TRADER-0258,EQUITY,BUY,166.42,586,0,FILLED,2025-01-18 01:19:11.0
BUY-1763965650521-001312,TRADER-0312,CRYPTO,BUY,4397.96,4,0,FILLED,2025-01-15 19:49:09.0
BUY-1763965650525-003905,TRADER-0405,FOREX,BUY,8.97,822,0,FILLED,2025-01-17 03:04:32.0
BUY-1763965650527-005706,TRADER-0206,CRYPTO,BUY,3703.36,7,0,FILLED,2025-01-18 00:42:42.0
BUY-1763965650529-006856,TRADER-0356,FOREX,BUY,5.89,688,0,FILLED,2025-01-18 14:26:11.0
BUY-1763965650529-007053,TRADER-0053,FOREX,BUY,4.51,42,0,FILLED,2025-01-18 16:43:35.0
BUY-1763965650527-005743,TRADER-0243,EQUITY,BUY,353.76,12,0,FILLED,2025-01-18 01:13:03.0
BUY-1763965650525-003788,TRADER-0288,CRYPTO,BUY,1673.35,19,0,FILLED,2025-01-17 01:46:51.0
BUY-1763965650526-004966,TRADER-0466,FOREX,BUY,7.05,110,0,FILLED,2025-01-17 15:32:47.0
BUY-1763965650529-007327,TRADER-0327,FOREX,BUY,8.27,464,0,FILLED,2025-01-18 20:15:59.0
BUY-1763965650522-001948,TRADER-0448,CRYPTO,BUY,2761.43,2,0,FILLED,2025-01-16 03:05:54.0
BUY-1763965650522-001951,TRADER-0451,FOREX,BUY,5.31,367,0,FILLED,2025-01-16 03:28:55.0
BUY-1763965650522-002248,TRADER-0248,EQUITY,BUY,261.17,143,0,FILLED,2025-01-16 06:43:56.0
BUY-1763965650528-005949,TRADER-0449,FOREX,BUY,7.83,623,0,FILLED,2025-01-18 03:03:28.0
BUY-1763965650523-002522,TRADER-0022,CRYPTO,BUY,1133.44,6,0,FILLED,2025-01-16 10:31:55.0
BUY-1763965650526-004948,TRADER-0448,FOREX,BUY,7.47,265,0,FILLED,2025-01-17 15:09:32.0
BUY-1763965650519-000538,TRADER-0038,CRYPTO,BUY,4217.15,3,0,FILLED,2025-01-15 10:41:06.0
BUY-1763965650529-007307,TRADER-0307,EQUITY,BUY,465.22,44,0,FILLED,2025-01-18 19:32:23.0
BUY-1763965650528-005983,TRADER-0483,CRYPTO,BUY,3274.06,13,0,FILLED,2025-01-18 03:55:13.0
BUY-1763965650527-005460,TRADER-0460,EQUITY,BUY,136.08,721,0,FILLED,2025-01-17 21:40:29.0
BUY-1763965650523-002315,TRADER-0315,CRYPTO,BUY,3219.37,7,0,FILLED,2025-01-16 07:23:49.0
BUY-1763965650526-004545,TRADER-0045,CRYPTO,BUY,4873.7,8,0,FILLED,2025-01-17 10:50:07.0
BUY-1763965650526-004952,TRADER-0452,EQUITY,BUY,386.7,62,0,FILLED,2025-01-17 15:42:48.0
BUY-1763965650526-004893,TRADER-0393,EQUITY,BUY,247.08,163,0,FILLED,2025-01-17 14:16:02.0
BUY-1763965650519-000387,TRADER-0387,EQUITY,BUY,200.0,98,0,FILLED,2025-01-15 08:45:57.0
BUY-1763965650529-006879,TRADER-0379,CRYPTO,BUY,3151.84,7,0,FILLED,2025-01-18 14:30:39.0
BUY-1763965650528-006445,TRADER-0445,EQUITY,BUY,194.16,417,0,FILLED,2025-01-18 08:53:40.0
BUY-1763965650522-001832,TRADER-0332,CRYPTO,BUY,2266.76,10,0,FILLED,2025-01-16 01:52:10.0
BUY-1763965650524-003622,TRADER-0122,EQUITY,BUY,438.48,37,0,FILLED,2025-01-16 23:32:47.0
BUY-1763965650526-005002,TRADER-0002,EQUITY,BUY,370.2,196,0,FILLED,2025-01-17 16:25:27.0
BUY-1763965650526-005010,TRADER-0010,EQUITY,BUY,471.56,126,0,FILLED,2025-01-17 15:51:44.0
BUY-1763965650529-007469,TRADER-0469,EQUITY,BUY,411.87,131,0,FILLED,2025-01-18 21:41:09.0
BUY-1763965650520-000640,TRADER-0140,EQUITY,BUY,306.56,313,0,FILLED,2025-01-15 11:45:44.0
BUY-1763965650525-003925,TRADER-0425,CRYPTO,BUY,2295.66,5,0,FILLED,2025-01-17 03:05:57.0
BUY-1763965650527-005768,TRADER-0268,CRYPTO,BUY,4672.82,8,0,FILLED,2025-01-18 00:46:53.0
BUY-1763965650523-002649,TRADER-0149,EQUITY,BUY,159.02,578,0,FILLED,2025-01-16 11:31:13.0
BUY-1763965650523-002790,TRADER-0290,EQUITY,BUY,177.59,430,0,FILLED,2025-01-16 13:18:38.0
BUY-1763965650522-002045,TRADER-0045,CRYPTO,BUY,1165.6,4,0,FILLED,2025-01-16 04:31:09.0
BUY-1763965650523-002462,TRADER-0462,FOREX,BUY,7.44,162,0,FILLED,2025-01-16 09:45:09.0
BUY-1763965650522-001730,TRADER-0230,EQUITY,BUY,439.14,190,0,FILLED,2025-01-16 00:58:12.0
BUY-1763965650523-002708,TRADER-0208,CRYPTO,BUY,3003.39,10,0,FILLED,2025-01-16 12:34:32.0
BUY-1763965650528-005884,TRADER-0384,CRYPTO,BUY,4781.61,6,0,FILLED,2025-01-18 02:24:44.0
BUY-1763965650524-003395,TRADER-0395,CRYPTO,BUY,590.65,78,0,FILLED,2025-01-16 20:22:43.0
BUY-1763965650525-004138,TRADER-0138,CRYPTO,BUY,2420.47,5,0,FILLED,2025-01-17 05:19:40.0
BUY-1763965650527-005132,TRADER-0132,FOREX,BUY,9.95,412,0,FILLED,2025-01-17 17:57:24.0
BUY-1763965650523-002672,TRADER-0172,EQUITY,BUY,267.21,275,0,FILLED,2025-01-16 11:36:47.0
BUY-1763965650519-000464,TRADER-0464,EQUITY,BUY,200.0,79,0,FILLED,2025-01-15 10:00:00.0
BUY-1763965650526-004447,TRADER-0447,EQUITY,BUY,332.4,284,0,FILLED,2025-01-17 09:33:49.0
BUY-1763965650521-001574,TRADER-0074,FOREX,BUY,4.51,377,0,FILLED,2025-01-15 22:37:13.0
BUY-1763965650522-001627,TRADER-0127,FOREX,BUY,6.89,728,0,FILLED,2025-01-16 00:01:10.0
BUY-1763965650529-007189,TRADER-0189,EQUITY,BUY,490.81,48,0,FILLED,2025-01-18 18:45:26.0
BUY-1763965650527-005365,TRADER-0365,CRYPTO,BUY,2882.97,17,0,FILLED,2025-01-17 20:00:47.0
BUY-1763965650518-000134,TRADER-0134,EQUITY,BUY,200.0,55,0,FILLED,2025-01-15 05:20:43.0
BUY-1763965650527-005720,TRADER-0220,CRYPTO,BUY,1181.6,4,0,FILLED,2025-01-18 00:38:53.0
BUY-1763965650521-001228,TRADER-0228,CRYPTO,BUY,1658.03,23,0,FILLED,2025-01-15 18:25:29.0
BUY-1763965650523-002894,TRADER-0394,CRYPTO,BUY,4879.64,8,0,FILLED,2025-01-16 15:10:14.0
BUY-1763965650524-003245,TRADER-0245,FOREX,BUY,8.03,251,0,FILLED,2025-01-16 19:09:12.0
BUY-1763965650525-004114,TRADER-0114,EQUITY,BUY,349.16,86,0,FILLED,2025-01-17 05:22:57.0
BUY-1763965650520-000924,TRADER-0424,FOREX,BUY,4.25,238,0,FILLED,2025-01-15 15:08:39.0
BUY-1763965650526-004945,TRADER-0445,FOREX,BUY,6.31,641,0,FILLED,2025-01-17 15:13:44.0
BUY-1763965650527-005182,TRADER-0182,CRYPTO,BUY,1258.26,30,0,FILLED,2025-01-17 17:55:28.0
BUY-1763965650524-003063,TRADER-0063,CRYPTO,BUY,562.41,13,0,FILLED,2025-01-16 17:08:53.0
BUY-1763965650520-000970,TRADER-0470,EQUITY,BUY,434.32,159,0,FILLED,2025-01-15 15:56:43.0
BUY-1763965650528-006001,TRADER-0001,CRYPTO,BUY,4920.77,2,0,FILLED,2025-01-18 04:28:02.0
BUY-1763965650522-002083,TRADER-0083,CRYPTO,BUY,436.44,50,0,FILLED,2025-01-16 04:48:11.0
BUY-1763965650527-005185,TRADER-0185,CRYPTO,BUY,1507.8,9,0,FILLED,2025-01-17 18:04:54.0
BUY-1763965650526-004421,TRADER-0421,CRYPTO,BUY,1640.38,3,0,FILLED,2025-01-17 09:19:20.0
BUY-1763965650528-006014,TRADER-0014,EQUITY,BUY,237.83,150,0,FILLED,2025-01-18 03:41:11.0
BUY-1763965650528-006269,TRADER-0269,CRYPTO,BUY,3118.4,5,0,FILLED,2025-01-18 07:36:46.0
BUY-1763965650522-002220,TRADER-0220,FOREX,BUY,7.61,958,0,FILLED,2025-01-16 06:24:15.0
BUY-1763965650528-006207,TRADER-0207,CRYPTO,BUY,1327.01,30,0,FILLED,2025-01-18 06:41:01.0
BUY-1763965650521-001115,TRADER-0115,CRYPTO,BUY,2045.17,12,0,FILLED,2025-01-15 17:32:04.0
BUY-1763965650529-007065,TRADER-0065,EQUITY,BUY,384.83,71,0,FILLED,2025-01-18 16:17:28.0
BUY-1763965650519-000591,TRADER-0091,CRYPTO,BUY,1491.04,16,0,FILLED,2025-01-15 11:14:56.0
BUY-1763965650520-000756,TRADER-0256,FOREX,BUY,6.58,914,0,FILLED,2025-01-15 13:15:43.0
BUY-1763965650529-007064,TRADER-0064,CRYPTO,BUY,3222.94,4,0,FILLED,2025-01-18 16:36:35.0
BUY-1763965650527-005420,TRADER-0420,CRYPTO,BUY,2465.12,5,0,FILLED,2025-01-17 20:53:59.0
BUY-1763965650522-001605,TRADER-0105,FOREX,BUY,8.62,582,0,FILLED,2025-01-15 23:29:37.0
BUY-1763965650525-003740,TRADER-0240,EQUITY,BUY,348.84,66,0,FILLED,2025-01-17 00:40:10.0
BUY-1763965650527-005306,TRADER-0306,EQUITY,BUY,334.2,156,0,FILLED,2025-01-17 19:53:55.0
BUY-1763965650522-002214,TRADER-0214,FOREX,BUY,9.55,195,0,FILLED,2025-01-16 06:14:10.0
BUY-1763965650529-007075,TRADER-0075,FOREX,BUY,9.26,342,0,FILLED,2025-01-18 16:45:26.0
BUY-1763965650529-006742,TRADER-0242,FOREX,BUY,8.41,555,0,FILLED,2025-01-18 12:56:21.0
BUY-1763965650528-006476,TRADER-0476,EQUITY,BUY,300.83,85,0,FILLED,2025-01-18 09:24:41.0
BUY-1763965650526-004913,TRADER-0413,CRYPTO,BUY,3642.36,12,0,FILLED,2025-01-17 15:09:28.0
BUY-1763965650525-003952,TRADER-0452,CRYPTO,BUY,2526.85,10,0,FILLED,2025-01-17 03:35:03.0
BUY-1763965650527-005280,TRADER-0280,EQUITY,BUY,322.77,193,0,FILLED,2025-01-17 18:56:45.0
BUY-1763965650528-006230,TRADER-0230,EQUITY,BUY,474.02,195,0,FILLED,2025-01-18 07:10:00.0
BUY-1763965650526-005003,TRADER-0003,CRYPTO,BUY,621.44,35,0,FILLED,2025-01-17 16:21:34.0
BUY-1763965650526-004817,TRADER-0317,CRYPTO,BUY,1187.09,31,0,FILLED,2025-01-17 13:58:54.0
BUY-1763965650522-002206,TRADER-0206,FOREX,BUY,9.76,97,0,FILLED,2025-01-16 06:17:13.0
BUY-1763965650523-002334,TRADER-0334,CRYPTO,BUY,2691.27,5,0,FILLED,2025-01-16 08:15:00.0
BUY-1763965650528-006541,TRADER-0041,FOREX,BUY,7.41,353,0,FILLED,2025-01-18 10:27:23.0
BUY-1763965650520-000945,TRADER-0445,CRYPTO,BUY,628.18,52,0,FILLED,2025-01-15 15:25:20.0
BUY-1763965650528-005877,TRADER-0377,EQUITY,BUY,468.26,175,0,FILLED,2025-01-18 02:09:27.0
BUY-1763965650529-006990,TRADER-0490,CRYPTO,BUY,986.26,10,0,FILLED,2025-01-18 15:42:21.0
BUY-1763965650521-001246,TRADER-0246,EQUITY,BUY,337.66,148,0,FILLED,2025-01-15 18:32:07.0
BUY-1763965650529-006972,TRADER-0472,FOREX,BUY,6.39,19,0,FILLED,2025-01-18 15:34:13.0
BUY-1763965650518-000004,TRADER-0004,EQUITY,BUY,150.0,52,0,FILLED,2025-01-15 04:11:05.0
BUY-1763965650523-002824,TRADER-0324,CRYPTO,BUY,3750.96,6,0,FILLED,2025-01-16 13:50:33.0
BUY-1763965650526-004527,TRADER-0027,EQUITY,BUY,316.55,235,0,FILLED,2025-01-17 10:41:35.0
BUY-1763965650528-006538,TRADER-0038,EQUITY,BUY,168.38,31,0,FILLED,2025-01-18 10:25:15.0
BUY-1763965650525-004083,TRADER-0083,FOREX,BUY,6.62,170,0,FILLED,2025-01-17 04:44:59.0
BUY-1763965650522-001935,TRADER-0435,EQUITY,BUY,305.46,29,0,FILLED,2025-01-16 02:59:06.0
BUY-1763965650520-000629,TRADER-0129,EQUITY,BUY,306.16,88,0,FILLED,2025-01-15 11:26:35.0
BUY-1763965650528-005894,TRADER-0394,EQUITY,BUY,239.58,93,0,FILLED,2025-01-18 02:29:01.0
BUY-1763965650520-000984,TRADER-0484,CRYPTO,BUY,3593.56,11,0,FILLED,2025-01-15 15:40:41.0
BUY-1763965650522-001932,TRADER-0432,EQUITY,BUY,312.07,246,0,FILLED,2025-01-16 03:27:15.0
BUY-1763965650525-004247,TRADER-0247,EQUITY,BUY,316.6,110,0,FILLED,2025-01-17 07:11:25.0
BUY-1763965650521-001305,TRADER-0305,EQUITY,BUY,335.56,92,0,FILLED,2025-01-15 19:56:36.0
BUY-1763965650527-005274,TRADER-0274,FOREX,BUY,4.45,451,0,FILLED,2025-01-17 19:25:56.0
BUY-1763965650529-007370,TRADER-0370,EQUITY,BUY,368.85,29,0,FILLED,2025-01-18 20:55:03.0
BUY-1763965650527-005244,TRADER-0244,FOREX,BUY,7.86,719,0,FILLED,2025-01-17 18:51:14.0
BUY-1763965650527-005738,TRADER-0238,EQUITY,BUY,165.13,577,0,FILLED,2025-01-18 00:25:17.0
BUY-1763965650529-007329,TRADER-0329,FOREX,BUY,9.83,789,0,FILLED,2025-01-18 19:51:32.0
BUY-1763965650523-002771,TRADER-0271,FOREX,BUY,9.75,297,0,FILLED,2025-01-16 12:57:30.0
BUY-1763965650523-002710,TRADER-0210,EQUITY,BUY,176.72,226,0,FILLED,2025-01-16 12:15:44.0
BUY-1763965650525-003990,TRADER-0490,FOREX,BUY,9.37,546,0,FILLED,2025-01-17 04:03:36.0
BUY-1763965650526-004618,TRADER-0118,EQUITY,BUY,408.15,102,0,FILLED,2025-01-17 11:15:30.0
BUY-1763965650526-004724,TRADER-0224,CRYPTO,BUY,4072.51,12,0,FILLED,2025-01-17 12:25:47.0
BUY-1763965650522-002230,TRADER-0230,EQUITY,BUY,247.71,188,0,FILLED,2025-01-16 07:05:09.0
BUY-1763965650529-007044,TRADER-0044,CRYPTO,BUY,4777.01,4,0,FILLED,2025-01-18 16:18:10.0
BUY-1763965650528-006273,TRADER-0273,CRYPTO,BUY,1803.01,1,0,FILLED,2025-01-18 07:37:29.0
BUY-1763965650524-002969,TRADER-0469,FOREX,BUY,8.09,978,0,FILLED,2025-01-16 16:00:30.0
BUY-1763965650528-006176,TRADER-0176,EQUITY,BUY,274.52,234,0,FILLED,2025-01-18 06:24:59.0
BUY-1763965650524-003344,TRADER-0344,EQUITY,BUY,235.34,211,0,FILLED,2025-01-16 20:25:35.0
BUY-1763965650520-000928,TRADER-0428,CRYPTO,BUY,1123.87,22,0,FILLED,2025-01-15 14:49:02.0
BUY-1763965650522-001999,TRADER-0499,FOREX,BUY,9.14,351,0,FILLED,2025-01-16 03:29:30.0
BUY-1763965650526-004605,TRADER-0105,FOREX,BUY,8.58,803,0,FILLED,2025-01-17 10:50:17.0
BUY-1763965650523-002596,TRADER-0096,CRYPTO,BUY,3242.14,9,0,FILLED,2025-01-16 11:17:01.0
BUY-1763965650528-005930,TRADER-0430,CRYPTO,BUY,3272.78,3,0,FILLED,2025-01-18 02:45:05.0
BUY-1763965650527-005560,TRADER-0060,CRYPTO,BUY,1647.21,9,0,FILLED,2025-01-17 22:50:43.0
BUY-1763965650523-002384,TRADER-0384,FOREX,BUY,5.08,421,0,FILLED,2025-01-16 08:45:02.0
BUY-1763965650527-005317,TRADER-0317,FOREX,BUY,7.23,1000,0,FILLED,2025-01-17 20:14:09.0
BUY-1763965650529-006994,TRADER-0494,CRYPTO,BUY,1053.81,1,0,FILLED,2025-01-18 15:32:57.0
BUY-1763965650523-002391,TRADER-0391,FOREX,BUY,8.83,105,0,FILLED,2025-01-16 08:14:51.0
BUY-1763965650523-002654,TRADER-0154,FOREX,BUY,5.6,793,0,FILLED,2025-01-16 11:53:55.0
BUY-1763965650521-001509,TRADER-0009,EQUITY,BUY,426.17,65,0,FILLED,2025-01-15 22:13:50.0
BUY-1763965650518-000054,TRADER-0054,CRYPTO,BUY,1000.0,48,0,FILLED,2025-01-15 04:13:03.0
BUY-1763965650524-003157,TRADER-0157,FOREX,BUY,4.47,391,0,FILLED,2025-01-16 18:22:38.0
BUY-1763965650524-003107,TRADER-0107,CRYPTO,BUY,1170.08,21,0,FILLED,2025-01-16 17:28:37.0
BUY-1763965650527-005516,TRADER-0016,CRYPTO,BUY,1940.86,3,0,FILLED,2025-01-17 21:50:01.0
BUY-1763965650528-006534,TRADER-0034,FOREX,BUY,5.21,39,0,FILLED,2025-01-18 09:58:23.0
BUY-1763965650528-006585,TRADER-0085,EQUITY,BUY,428.21,53,0,FILLED,2025-01-18 10:43:18.0
BUY-1763965650525-003723,TRADER-0223,EQUITY,BUY,194.07,170,0,FILLED,2025-01-17 00:55:00.0
BUY-1763965650522-001604,TRADER-0104,FOREX,BUY,7.88,364,0,FILLED,2025-01-15 23:32:41.0
BUY-1763965650525-003690,TRADER-0190,CRYPTO,BUY,1868.78,12,0,FILLED,2025-01-16 23:49:09.0
BUY-1763965650527-005588,TRADER-0088,CRYPTO,BUY,1602.55,23,0,FILLED,2025-01-17 22:38:17.0
BUY-1763965650525-003804,TRADER-0304,EQUITY,BUY,314.6,57,0,FILLED,2025-01-17 01:46:49.0
BUY-1763965650527-005260,TRADER-0260,CRYPTO,BUY,1675.47,3,0,FILLED,2025-01-17 19:33:22.0
BUY-1763965650527-005744,TRADER-0244,CRYPTO,BUY,4374.93,6,0,FILLED,2025-01-18 01:17:52.0
BUY-1763965650524-003110,TRADER-0110,EQUITY,BUY,262.84,109,0,FILLED,2025-01-16 17:11:18.0
BUY-1763965650525-004023,TRADER-0023,EQUITY,BUY,344.87,153,0,FILLED,2025-01-17 04:10:53.0
BUY-1763965650522-002204,TRADER-0204,CRYPTO,BUY,586.46,52,0,FILLED,2025-01-16 06:09:08.0
BUY-1763965650523-002760,TRADER-0260,EQUITY,BUY,477.19,26,0,FILLED,2025-01-16 12:50:41.0
BUY-1763965650525-004235,TRADER-0235,CRYPTO,BUY,3986.38,8,0,FILLED,2025-01-17 06:23:19.0
BUY-1763965650528-006314,TRADER-0314,CRYPTO,BUY,588.34,48,0,FILLED,2025-01-18 07:57:14.0
BUY-1763965650529-007132,TRADER-0132,CRYPTO,BUY,4656.8,1,0,FILLED,2025-01-18 17:07:37.0
BUY-1763965650527-005109,TRADER-0109,CRYPTO,BUY,4059.11,10,0,FILLED,2025-01-17 17:13:04.0
BUY-1763965650528-005828,TRADER-0328,FOREX,BUY,5.88,250,0,FILLED,2025-01-18 01:57:15.0
BUY-1763965650524-003012,TRADER-0012,EQUITY,BUY,440.81,28,0,FILLED,2025-01-16 16:17:49.0
BUY-1763965650525-003797,TRADER-0297,EQUITY,BUY,221.38,52,0,FILLED,2025-01-17 01:55:35.0
BUY-1763965650526-004492,TRADER-0492,CRYPTO,BUY,3418.36,5,0,FILLED,2025-01-17 09:51:01.0
BUY-1763965650527-005105,TRADER-0105,CRYPTO,BUY,1838.09,8,0,FILLED,2025-01-17 16:56:26.0
BUY-1763965650521-001058,TRADER-0058,FOREX,BUY,6.32,739,0,FILLED,2025-01-15 16:38:29.0
BUY-1763965650526-004415,TRADER-0415,EQUITY,BUY,396.01,28,0,FILLED,2025-01-17 08:33:49.0
BUY-1763965650521-001266,TRADER-0266,EQUITY,BUY,223.08,366,0,FILLED,2025-01-15 19:05:22.0
BUY-1763965650527-005081,TRADER-0081,FOREX,BUY,7.09,284,0,FILLED,2025-01-17 16:38:49.0
BUY-1763965650528-006232,TRADER-0232,EQUITY,BUY,445.36,54,0,FILLED,2025-01-18 06:31:23.0
BUY-1763965650529-007160,TRADER-0160,EQUITY,BUY,176.49,311,0,FILLED,2025-01-18 18:13:11.0
BUY-1763965650528-006057,TRADER-0057,CRYPTO,BUY,2082.01,14,0,FILLED,2025-01-18 04:49:52.0
BUY-1763965650521-001380,TRADER-0380,EQUITY,BUY,298.7,145,0,FILLED,2025-01-15 20:05:54.0
BUY-1763965650525-003972,TRADER-0472,FOREX,BUY,6.33,91,0,FILLED,2025-01-17 04:00:04.0
BUY-1763965650526-005027,TRADER-0027,CRYPTO,BUY,1238.0,18,0,FILLED,2025-01-17 16:16:57.0
BUY-1763965650529-007126,TRADER-0126,CRYPTO,BUY,4111.64,12,0,FILLED,2025-01-18 17:24:54.0
BUY-1763965650525-003976,TRADER-0476,CRYPTO,BUY,1165.11,41,0,FILLED,2025-01-17 03:18:35.0
BUY-1763965650526-004521,TRADER-0021,CRYPTO,BUY,2368.69,1,0,FILLED,2025-01-17 10:16:24.0
BUY-1763965650525-004110,TRADER-0110,EQUITY,BUY,181.64,312,0,FILLED,2025-01-17 04:52:53.0
BUY-1763965650524-003563,TRADER-0063,CRYPTO,BUY,4516.0,8,0,FILLED,2025-01-16 22:39:04.0
BUY-1763965650519-000188,TRADER-0188,EQUITY,BUY,200.0,89,0,FILLED,2025-01-15 06:06:23.0
BUY-1763965650529-006986,TRADER-0486,EQUITY,BUY,141.53,225,0,FILLED,2025-01-18 16:03:24.0
BUY-1763965650525-003768,TRADER-0268,CRYPTO,BUY,1426.09,3,0,FILLED,2025-01-17 01:00:38.0
BUY-1763965650518-000037,TRADER-0037,EQUITY,BUY,300.0,56,0,FILLED,2025-01-15 03:56:39.0
BUY-1763965650528-006386,TRADER-0386,FOREX,BUY,9.33,935,0,FILLED,2025-01-18 09:07:19.0
BUY-1763965650522-002117,TRADER-0117,CRYPTO,BUY,1263.49,28,0,FILLED,2025-01-16 05:07:25.0
BUY-1763965650528-006302,TRADER-0302,EQUITY,BUY,351.15,94,0,FILLED,2025-01-18 07:57:02.0
BUY-1763965650521-001437,TRADER-0437,FOREX,BUY,9.96,561,0,FILLED,2025-01-15 21:16:38.0
BUY-1763965650519-000385,TRADER-0385,CRYPTO,BUY,1500.0,24,0,FILLED,2025-01-15 08:32:10.0
BUY-1763965650527-005167,TRADER-0167,EQUITY,BUY,415.41,143,0,FILLED,2025-01-17 17:56:11.0
BUY-1763965650521-001265,TRADER-0265,CRYPTO,BUY,4534.69,8,0,FILLED,2025-01-15 19:16:34.0
BUY-1763965650520-000929,TRADER-0429,CRYPTO,BUY,2886.51,8,0,FILLED,2025-01-15 14:56:40.0
BUY-1763965650527-005742,TRADER-0242,EQUITY,BUY,365.67,232,0,FILLED,2025-01-18 00:54:12.0
BUY-1763965650529-007105,TRADER-0105,FOREX,BUY,5.48,265,0,FILLED,2025-01-18 17:19:20.0
BUY-1763965650528-006358,TRADER-0358,FOREX,BUY,6.68,945,0,FILLED,2025-01-18 08:26:56.0
BUY-1763965650529-007476,TRADER-0476,FOREX,BUY,5.48,938,0,FILLED,2025-01-18 21:13:41.0
BUY-1763965650523-002922,TRADER-0422,EQUITY,BUY,263.13,227,0,FILLED,2025-01-16 15:02:18.0
BUY-1763965650528-006223,TRADER-0223,CRYPTO,BUY,3778.08,10,0,FILLED,2025-01-18 06:41:40.0
BUY-1763965650528-006077,TRADER-0077,EQUITY,BUY,411.05,211,0,FILLED,2025-01-18 04:46:45.0
BUY-1763965650528-006340,TRADER-0340,CRYPTO,BUY,4310.16,11,0,FILLED,2025-01-18 07:39:40.0
BUY-1763965650525-004021,TRADER-0021,EQUITY,BUY,488.65,17,0,FILLED,2025-01-17 04:15:36.0
BUY-1763965650529-007494,TRADER-0494,EQUITY,BUY,182.55,40,0,FILLED,2025-01-18 21:55:02.0
BUY-1763965650525-004009,TRADER-0009,CRYPTO,BUY,4393.22,6,0,FILLED,2025-01-17 03:37:01.0
BUY-1763965650525-004101,TRADER-0101,CRYPTO,BUY,3077.27,4,0,FILLED,2025-01-17 05:14:20.0
BUY-1763965650523-002397,TRADER-0397,CRYPTO,BUY,2506.82,2,0,FILLED,2025-01-16 09:12:24.0
BUY-1763965650525-003903,TRADER-0403,FOREX,BUY,8.86,564,0,FILLED,2025-01-17 03:13:24.0
BUY-1763965650529-006958,TRADER-0458,EQUITY,BUY,262.26,282,0,FILLED,2025-01-18 15:20:39.0
BUY-1763965650522-002119,TRADER-0119,FOREX,BUY,6.47,595,0,FILLED,2025-01-16 05:33:29.0
BUY-1763965650525-004236,TRADER-0236,FOREX,BUY,6.33,213,0,FILLED,2025-01-17 07:17:31.0
BUY-1763965650527-005104,TRADER-0104,FOREX,BUY,7.48,175,0,FILLED,2025-01-17 16:52:18.0
BUY-1763965650526-004694,TRADER-0194,EQUITY,BUY,348.06,187,0,FILLED,2025-01-17 12:15:01.0
BUY-1763965650525-004305,TRADER-0305,FOREX,BUY,4.66,843,0,FILLED,2025-01-17 07:51:58.0
BUY-1763965650528-006213,TRADER-0213,FOREX,BUY,6.08,967,0,FILLED,2025-01-18 06:35:48.0
BUY-1763965650524-003180,TRADER-0180,EQUITY,BUY,344.15,137,0,FILLED,2025-01-16 18:22:54.0
BUY-1763965650529-007461,TRADER-0461,CRYPTO,BUY,1734.01,14,0,FILLED,2025-01-18 21:18:02.0
BUY-1763965650523-002673,TRADER-0173,EQUITY,BUY,160.12,21,0,FILLED,2025-01-16 11:36:56.0
BUY-1763965650527-005707,TRADER-0207,FOREX,BUY,5.93,606,0,FILLED,2025-01-18 00:48:59.0
BUY-1763965650524-003609,TRADER-0109,CRYPTO,BUY,2659.51,11,0,FILLED,2025-01-16 22:55:15.0
BUY-1763965650520-000852,TRADER-0352,EQUITY,BUY,149.22,224,0,FILLED,2025-01-15 14:37:54.0
BUY-1763965650528-006008,TRADER-0008,CRYPTO,BUY,1436.32,23,0,FILLED,2025-01-18 04:15:33.0
BUY-1763965650522-001938,TRADER-0438,CRYPTO,BUY,4063.22,4,0,FILLED,2025-01-16 03:31:09.0
BUY-1763965650529-007489,TRADER-0489,CRYPTO,BUY,823.04,26,0,FILLED,2025-01-18 21:37:31.0
BUY-1763965650520-000648,TRADER-0148,EQUITY,BUY,365.22,78,0,FILLED,2025-01-15 11:48:08.0
BUY-1763965650524-003041,TRADER-0041,EQUITY,BUY,257.87,139,0,FILLED,2025-01-16 16:40:19.0
BUY-1763965650527-005209,TRADER-0209,FOREX,BUY,5.95,947,0,FILLED,2025-01-17 18:10:36.0
BUY-1763965650519-000543,TRADER-0043,EQUITY,BUY,454.21,128,0,FILLED,2025-01-15 10:54:26.0
BUY-1763965650521-001157,TRADER-0157,CRYPTO,BUY,2650.28,17,0,FILLED,2025-01-15 17:36:05.0
BUY-1763965650529-007240,TRADER-0240,FOREX,BUY,8.95,935,0,FILLED,2025-01-18 19:07:01.0
BUY-1763965650524-003403,TRADER-0403,EQUITY,BUY,482.21,12,0,FILLED,2025-01-16 20:48:49.0
BUY-1763965650525-003809,TRADER-0309,CRYPTO,BUY,1605.22,21,0,FILLED,2025-01-17 01:57:19.0
BUY-1763965650526-004897,TRADER-0397,CRYPTO,BUY,4293.46,3,0,FILLED,2025-01-17 14:47:09.0
BUY-1763965650528-006557,TRADER-0057,CRYPTO,BUY,2840.3,5,0,FILLED,2025-01-18 10:42:27.0
BUY-1763965650520-000819,TRADER-0319,CRYPTO,BUY,3490.28,13,0,FILLED,2025-01-15 14:02:24.0
BUY-1763965650519-000303,TRADER-0303,EQUITY,BUY,300.0,63,0,FILLED,2025-01-15 08:04:13.0
BUY-1763965650528-005898,TRADER-0398,EQUITY,BUY,369.69,171,0,FILLED,2025-01-18 03:13:25.0
BUY-1763965650524-003427,TRADER-0427,CRYPTO,BUY,2839.44,14,0,FILLED,2025-01-16 21:15:06.0
BUY-1763965650518-000016,TRADER-0016,EQUITY,BUY,200.0,34,0,FILLED,2025-01-15 04:30:51.0
BUY-1763965650526-004426,TRADER-0426,CRYPTO,BUY,3116.97,15,0,FILLED,2025-01-17 09:32:45.0
BUY-1763965650523-002346,TRADER-0346,EQUITY,BUY,351.82,273,0,FILLED,2025-01-16 08:26:20.0
BUY-1763965650520-000641,TRADER-0141,FOREX,BUY,6.16,129,0,FILLED,2025-01-15 12:03:23.0
BUY-1763965650522-001882,TRADER-0382,CRYPTO,BUY,912.81,5,0,FILLED,2025-01-16 02:56:39.0
BUY-1763965650528-006067,TRADER-0067,FOREX,BUY,7.61,245,0,FILLED,2025-01-18 04:57:53.0
BUY-1763965650526-004573,TRADER-0073,EQUITY,BUY,474.35,49,0,FILLED,2025-01-17 10:31:27.0
BUY-1763965650521-001427,TRADER-0427,EQUITY,BUY,193.77,397,0,FILLED,2025-01-15 21:14:39.0
BUY-1763965650525-003779,TRADER-0279,CRYPTO,BUY,627.23,38,0,FILLED,2025-01-17 00:55:42.0
BUY-1763965650519-000564,TRADER-0064,FOREX,BUY,5.89,71,0,FILLED,2025-01-15 10:39:51.0
BUY-1763965650524-003490,TRADER-0490,CRYPTO,BUY,2771.88,7,0,FILLED,2025-01-16 21:41:31.0
BUY-1763965650529-006857,TRADER-0357,EQUITY,BUY,499.13,182,0,FILLED,2025-01-18 14:21:43.0
BUY-1763965650529-007276,TRADER-0276,EQUITY,BUY,267.43,174,0,FILLED,2025-01-18 19:21:24.0
BUY-1763965650527-005289,TRADER-0289,FOREX,BUY,8.88,279,0,FILLED,2025-01-17 19:03:02.0
BUY-1763965650520-000676,TRADER-0176,CRYPTO,BUY,2328.6,18,0,FILLED,2025-01-15 11:39:30.0
BUY-1763965650527-005332,TRADER-0332,FOREX,BUY,5.69,5,0,FILLED,2025-01-17 20:23:02.0
BUY-1763965650519-000541,TRADER-0041,CRYPTO,BUY,4923.82,9,0,FILLED,2025-01-15 10:09:02.0
BUY-1763965650521-001088,TRADER-0088,EQUITY,BUY,443.4,210,0,FILLED,2025-01-15 16:59:04.0
BUY-1763965650522-002108,TRADER-0108,CRYPTO,BUY,4937.33,8,0,FILLED,2025-01-16 05:38:52.0
BUY-1763965650524-003325,TRADER-0325,EQUITY,BUY,477.67,156,0,FILLED,2025-01-16 19:51:36.0
BUY-1763965650522-001814,TRADER-0314,CRYPTO,BUY,2455.97,9,0,FILLED,2025-01-16 01:25:34.0
BUY-1763965650528-006235,TRADER-0235,CRYPTO,BUY,2447.46,5,0,FILLED,2025-01-18 06:20:39.0
BUY-1763965650520-000687,TRADER-0187,EQUITY,BUY,259.52,73,0,FILLED,2025-01-15 12:27:12.0
BUY-1763965650519-000581,TRADER-0081,EQUITY,BUY,271.39,250,0,FILLED,2025-01-15 11:18:02.0
BUY-1763965650519-000250,TRADER-0250,EQUITY,BUY,150.0,104,0,FILLED,2025-01-15 06:43:02.0
BUY-1763965650528-005950,TRADER-0450,EQUITY,BUY,310.83,296,0,FILLED,2025-01-18 03:16:49.0
BUY-1763965650523-002766,TRADER-0266,EQUITY,BUY,258.42,92,0,FILLED,2025-01-16 13:03:39.0
BUY-1763965650527-005567,TRADER-0067,FOREX,BUY,9.24,969,0,FILLED,2025-01-17 22:40:48.0
BUY-1763965650524-003495,TRADER-0495,FOREX,BUY,6.02,673,0,FILLED,2025-01-16 21:58:12.0
BUY-1763965650525-004196,TRADER-0196,FOREX,BUY,5.52,639,0,FILLED,2025-01-17 06:24:54.0
BUY-1763965650525-003900,TRADER-0400,FOREX,BUY,9.45,795,0,FILLED,2025-01-17 02:22:38.0
BUY-1763965650521-001351,TRADER-0351,FOREX,BUY,8.91,998,0,FILLED,2025-01-15 20:30:40.0
BUY-1763965650525-004057,TRADER-0057,CRYPTO,BUY,4253.19,8,0,FILLED,2025-01-17 05:05:31.0
BUY-1763965650521-001131,TRADER-0131,CRYPTO,BUY,2764.46,7,0,FILLED,2025-01-15 17:43:15.0
BUY-1763965650529-007352,TRADER-0352,EQUITY,BUY,237.12,354,0,FILLED,2025-01-18 19:46:09.0
BUY-1763965650522-002128,TRADER-0128,EQUITY,BUY,138.14,437,0,FILLED,2025-01-16 05:14:04.0
BUY-1763965650519-000524,TRADER-0024,CRYPTO,BUY,1449.09,8,0,FILLED,2025-01-15 09:53:58.0
BUY-1763965650519-000531,TRADER-0031,EQUITY,BUY,287.49,109,0,FILLED,2025-01-15 09:54:56.0
BUY-1763965650529-007320,TRADER-0320,EQUITY,BUY,433.5,164,0,FILLED,2025-01-18 20:18:10.0
BUY-1763965650524-003627,TRADER-0127,EQUITY,BUY,436.61,79,0,FILLED,2025-01-17 00:00:35.0
BUY-1763965650529-007407,TRADER-0407,FOREX,BUY,4.96,188,0,FILLED,2025-01-18 21:22:45.0
BUY-1763965650522-002122,TRADER-0122,CRYPTO,BUY,2967.38,15,0,FILLED,2025-01-16 05:26:53.0
BUY-1763965650528-006361,TRADER-0361,CRYPTO,BUY,4225.05,6,0,FILLED,2025-01-18 08:16:14.0
BUY-1763965650519-000212,TRADER-0212,EQUITY,BUY,300.0,21,0,FILLED,2025-01-15 06:47:41.0
BUY-1763965650522-001806,TRADER-0306,CRYPTO,BUY,2346.6,17,0,FILLED,2025-01-16 02:01:48.0
BUY-1763965650522-001717,TRADER-0217,FOREX,BUY,10.0,361,0,FILLED,2025-01-16 01:03:07.0
BUY-1763965650522-002068,TRADER-0068,CRYPTO,BUY,1538.81,32,0,FILLED,2025-01-16 05:00:10.0
BUY-1763965650521-001126,TRADER-0126,EQUITY,BUY,400.13,83,0,FILLED,2025-01-15 17:29:59.0
BUY-1763965650524-003679,TRADER-0179,EQUITY,BUY,295.61,157,0,FILLED,2025-01-16 23:48:05.0
BUY-1763965650522-001828,TRADER-0328,EQUITY,BUY,475.6,159,0,FILLED,2025-01-16 02:12:59.0
BUY-1763965650519-000555,TRADER-0055,EQUITY,BUY,261.95,318,0,FILLED,2025-01-15 10:44:55.0
BUY-1763965650529-006687,TRADER-0187,CRYPTO,BUY,2403.32,14,0,FILLED,2025-01-18 11:54:31.0
BUY-1763965650525-004015,TRADER-0015,EQUITY,BUY,371.13,244,0,FILLED,2025-01-17 04:32:39.0
BUY-1763965650525-004099,TRADER-0099,FOREX,BUY,5.92,169,0,FILLED,2025-01-17 05:15:33.0
BUY-1763965650524-003517,TRADER-0017,CRYPTO,BUY,992.83,22,0,FILLED,2025-01-16 22:17:50.0
BUY-1763965650529-006880,TRADER-0380,FOREX,BUY,4.73,186,0,FILLED,2025-01-18 14:58:38.0
BUY-1763965650528-005900,TRADER-0400,CRYPTO,BUY,4287.42,3,0,FILLED,2025-01-18 02:33:00.0
BUY-1763965650522-002154,TRADER-0154,EQUITY,BUY,384.55,143,0,FILLED,2025-01-16 05:32:30.0
BUY-1763965650519-000344,TRADER-0344,EQUITY,BUY,300.0,103,0,FILLED,2025-01-15 08:11:14.0
BUY-1763965650520-000823,TRADER-0323,EQUITY,BUY,178.86,314,0,FILLED,2025-01-15 13:25:02.0
BUY-1763965650520-000840,TRADER-0340,EQUITY,BUY,245.15,386,0,FILLED,2025-01-15 13:51:45.0
BUY-1763965650523-002453,TRADER-0453,EQUITY,BUY,137.89,682,0,FILLED,2025-01-16 09:54:11.0
BUY-1763965650523-002468,TRADER-0468,CRYPTO,BUY,3385.63,14,0,FILLED,2025-01-16 09:27:17.0
BUY-1763965650522-001902,TRADER-0402,FOREX,BUY,9.62,30,0,FILLED,2025-01-16 03:03:12.0
BUY-1763965650529-006834,TRADER-0334,FOREX,BUY,9.57,428,0,FILLED,2025-01-18 13:52:38.0
BUY-1763965650527-005465,TRADER-0465,FOREX,BUY,4.95,650,0,FILLED,2025-01-17 22:03:43.0
BUY-1763965650523-002953,TRADER-0453,CRYPTO,BUY,1713.75,12,0,FILLED,2025-01-16 14:58:38.0
BUY-1763965650529-007338,TRADER-0338,EQUITY,BUY,205.86,380,0,FILLED,2025-01-18 19:55:04.0
BUY-1763965650527-005352,TRADER-0352,EQUITY,BUY,392.7,112,0,FILLED,2025-01-17 20:30:18.0
BUY-1763965650520-000932,TRADER-0432,CRYPTO,BUY,2290.05,12,0,FILLED,2025-01-15 15:25:53.0
BUY-1763965650521-001275,TRADER-0275,FOREX,BUY,5.96,994,0,FILLED,2025-01-15 19:23:56.0
BUY-1763965650528-006184,TRADER-0184,FOREX,BUY,9.0,148,0,FILLED,2025-01-18 06:05:01.0
BUY-1763965650520-000851,TRADER-0351,CRYPTO,BUY,2452.09,7,0,FILLED,2025-01-15 14:14:16.0
BUY-1763965650525-003907,TRADER-0407,CRYPTO,BUY,3931.78,6,0,FILLED,2025-01-17 03:16:17.0
BUY-1763965650524-003003,TRADER-0003,CRYPTO,BUY,2464.37,17,0,FILLED,2025-01-16 15:55:23.0
BUY-1763965650525-004251,TRADER-0251,CRYPTO,BUY,467.69,65,0,FILLED,2025-01-17 06:56:43.0
BUY-1763965650524-003580,TRADER-0080,CRYPTO,BUY,1863.62,24,0,FILLED,2025-01-16 23:10:11.0
BUY-1763965650526-004874,TRADER-0374,FOREX,BUY,7.33,741,0,FILLED,2025-01-17 14:14:23.0
BUY-1763965650527-005450,TRADER-0450,FOREX,BUY,9.31,735,0,FILLED,2025-01-17 21:49:57.0
BUY-1763965650523-002386,TRADER-0386,CRYPTO,BUY,672.8,20,0,FILLED,2025-01-16 09:03:06.0
BUY-1763965650521-001575,TRADER-0075,CRYPTO,BUY,2582.91,9,0,FILLED,2025-01-15 22:29:27.0
BUY-1763965650522-001985,TRADER-0485,EQUITY,BUY,151.71,131,0,FILLED,2025-01-16 03:41:59.0
BUY-1763965650529-007098,TRADER-0098,FOREX,BUY,5.59,664,0,FILLED,2025-01-18 16:42:20.0
BUY-1763965650529-007241,TRADER-0241,EQUITY,BUY,382.59,237,0,FILLED,2025-01-18 18:43:46.0
BUY-1763965650525-003737,TRADER-0237,FOREX,BUY,4.32,477,0,FILLED,2025-01-17 00:36:35.0
BUY-1763965650525-003782,TRADER-0282,FOREX,BUY,8.13,775,0,FILLED,2025-01-17 01:48:47.0
BUY-1763965650520-000869,TRADER-0369,CRYPTO,BUY,4182.22,5,0,FILLED,2025-01-15 14:27:36.0
BUY-1763965650522-002141,TRADER-0141,CRYPTO,BUY,3908.95,7,0,FILLED,2025-01-16 05:38:28.0
BUY-1763965650519-000359,TRADER-0359,EQUITY,BUY,150.0,65,0,FILLED,2025-01-15 08:25:10.0
BUY-1763965650529-007271,TRADER-0271,FOREX,BUY,6.96,547,0,FILLED,2025-01-18 19:18:11.0
BUY-1763965650528-005895,TRADER-0395,CRYPTO,BUY,3837.27,8,0,FILLED,2025-01-18 02:40:38.0
BUY-1763965650529-006825,TRADER-0325,CRYPTO,BUY,4985.66,7,0,FILLED,2025-01-18 13:48:43.0
BUY-1763965650523-002297,TRADER-0297,EQUITY,BUY,430.74,197,0,FILLED,2025-01-16 07:40:44.0
BUY-1763965650523-002319,TRADER-0319,EQUITY,BUY,172.51,391,0,FILLED,2025-01-16 08:14:15.0
BUY-1763965650526-004835,TRADER-0335,CRYPTO,BUY,704.14,11,0,FILLED,2025-01-17 14:02:55.0
BUY-1763965650519-000510,TRADER-0010,EQUITY,BUY,187.31,281,0,FILLED,2025-01-15 10:14:16.0
BUY-1763965650526-004496,TRADER-0496,FOREX,BUY,5.27,321,0,FILLED,2025-01-17 09:54:35.0
BUY-1763965650527-005275,TRADER-0275,EQUITY,BUY,147.49,486,0,FILLED,2025-01-17 19:44:26.0
BUY-1763965650519-000477,TRADER-0477,EQUITY,BUY,150.0,59,0,FILLED,2025-01-15 09:27:58.0
BUY-1763965650521-001268,TRADER-0268,CRYPTO,BUY,4083.37,9,0,FILLED,2025-01-15 19:26:49.0
BUY-1763965650529-006980,TRADER-0480,FOREX,BUY,5.09,161,0,FILLED,2025-01-18 16:04:30.0
BUY-1763965650519-000595,TRADER-0095,CRYPTO,BUY,4697.47,5,0,FILLED,2025-01-15 11:37:07.0
BUY-1763965650528-006046,TRADER-0046,CRYPTO,BUY,3725.89,12,0,FILLED,2025-01-18 04:11:57.0
BUY-1763965650525-004190,TRADER-0190,CRYPTO,BUY,817.23,7,0,FILLED,2025-01-17 06:45:37.0
BUY-1763965650524-003428,TRADER-0428,EQUITY,BUY,326.26,76,0,FILLED,2025-01-16 20:58:40.0
BUY-1763965650521-001250,TRADER-0250,CRYPTO,BUY,2327.71,12,0,FILLED,2025-01-15 18:33:59.0
BUY-1763965650528-006393,TRADER-0393,FOREX,BUY,9.9,889,0,FILLED,2025-01-18 08:39:21.0
BUY-1763965650520-000630,TRADER-0130,CRYPTO,BUY,2719.22,5,0,FILLED,2025-01-15 11:56:58.0
BUY-1763965650525-004311,TRADER-0311,CRYPTO,BUY,2808.69,16,0,FILLED,2025-01-17 07:47:30.0
BUY-1763965650524-003493,TRADER-0493,CRYPTO,BUY,896.33,35,0,FILLED,2025-01-16 22:01:21.0
BUY-1763965650528-006164,TRADER-0164,FOREX,BUY,9.59,7,0,FILLED,2025-01-18 06:02:19.0
BUY-1763965650522-001833,TRADER-0333,EQUITY,BUY,152.84,428,0,FILLED,2025-01-16 01:35:33.0
BUY-1763965650528-005865,TRADER-0365,CRYPTO,BUY,3957.07,11,0,FILLED,2025-01-18 02:26:07.0
BUY-1763965650529-007078,TRADER-0078,EQUITY,BUY,329.2,226,0,FILLED,2025-01-18 17:18:48.0
BUY-1763965650529-007348,TRADER-0348,EQUITY,BUY,259.56,206,0,FILLED,2025-01-18 19:40:58.0
BUY-1763965650528-005974,TRADER-0474,CRYPTO,BUY,2211.83,13,0,FILLED,2025-01-18 03:34:56.0
BUY-1763965650526-004390,TRADER-0390,FOREX,BUY,8.29,655,0,FILLED,2025-01-17 08:54:42.0
BUY-1763965650520-000809,TRADER-0309,FOREX,BUY,6.89,34,0,FILLED,2025-01-15 13:24:57.0
BUY-1763965650527-005515,TRADER-0015,EQUITY,BUY,303.78,168,0,FILLED,2025-01-17 22:29:53.0
BUY-1763965650523-002958,TRADER-0458,CRYPTO,BUY,1898.39,11,0,FILLED,2025-01-16 15:54:22.0
BUY-1763965650523-002820,TRADER-0320,FOREX,BUY,4.72,154,0,FILLED,2025-01-16 13:35:06.0
BUY-1763965650528-006571,TRADER-0071,CRYPTO,BUY,4808.32,9,0,FILLED,2025-01-18 10:52:10.0
BUY-1763965650521-001349,TRADER-0349,EQUITY,BUY,466.2,35,0,FILLED,2025-01-15 20:16:57.0
BUY-1763965650520-001047,TRADER-0047,CRYPTO,BUY,3344.07,1,0,FILLED,2025-01-15 16:18:47.0
BUY-1763965650528-006236,TRADER-0236,CRYPTO,BUY,4894.91,5,0,FILLED,2025-01-18 06:34:55.0
BUY-1763965650525-003806,TRADER-0306,EQUITY,BUY,146.24,561,0,FILLED,2025-01-17 02:08:00.0
BUY-1763965650525-004029,TRADER-0029,CRYPTO,BUY,3694.83,1,0,FILLED,2025-01-17 04:35:38.0
BUY-1763965650523-002616,TRADER-0116,CRYPTO,BUY,2838.54,3,0,FILLED,2025-01-16 11:21:19.0
BUY-1763965650522-002217,TRADER-0217,CRYPTO,BUY,1075.93,23,0,FILLED,2025-01-16 06:34:10.0
BUY-1763965650528-006017,TRADER-0017,EQUITY,BUY,343.06,21,0,FILLED,2025-01-18 03:56:26.0
BUY-1763965650521-001139,TRADER-0139,CRYPTO,BUY,4195.95,10,0,FILLED,2025-01-15 17:33:40.0
BUY-1763965650525-003951,TRADER-0451,EQUITY,BUY,449.33,8,0,FILLED,2025-01-17 03:36:10.0
BUY-1763965650525-004358,TRADER-0358,CRYPTO,BUY,1064.05,33,0,FILLED,2025-01-17 08:11:55.0
BUY-1763965650528-005907,TRADER-0407,CRYPTO,BUY,4814.46,5,0,FILLED,2025-01-18 02:38:14.0
BUY-1763965650529-007368,TRADER-0368,EQUITY,BUY,347.34,242,0,FILLED,2025-01-18 20:30:19.0
BUY-1763965650523-002832,TRADER-0332,CRYPTO,BUY,3405.96,5,0,FILLED,2025-01-16 13:41:59.0
BUY-1763965650524-003353,TRADER-0353,EQUITY,BUY,443.11,29,0,FILLED,2025-01-16 19:53:24.0
BUY-1763965650524-003649,TRADER-0149,EQUITY,BUY,362.12,12,0,FILLED,2025-01-16 23:57:56.0
BUY-1763965650526-004918,TRADER-0418,FOREX,BUY,5.65,990,0,FILLED,2025-01-17 14:35:28.0
BUY-1763965650523-002303,TRADER-0303,CRYPTO,BUY,3067.65,7,0,FILLED,2025-01-16 07:53:50.0
BUY-1763965650528-006549,TRADER-0049,EQUITY,BUY,499.92,124,0,FILLED,2025-01-18 10:58:32.0
BUY-1763965650521-001072,TRADER-0072,EQUITY,BUY,232.56,267,0,FILLED,2025-01-15 16:24:29.0
BUY-1763965650527-005257,TRADER-0257,EQUITY,BUY,434.93,206,0,FILLED,2025-01-17 19:28:20.0
BUY-1763965650525-003912,TRADER-0412,EQUITY,BUY,329.45,43,0,FILLED,2025-01-17 03:02:06.0
BUY-1763965650528-006582,TRADER-0082,EQUITY,BUY,238.61,343,0,FILLED,2025-01-18 11:02:48.0
BUY-1763965650523-002452,TRADER-0452,EQUITY,BUY,208.23,328,0,FILLED,2025-01-16 09:51:14.0
BUY-1763965650518-000022,TRADER-0022,EQUITY,BUY,250.0,37,0,FILLED,2025-01-15 03:59:00.0
BUY-1763965650520-000867,TRADER-0367,CRYPTO,BUY,3535.04,9,0,FILLED,2025-01-15 14:47:14.0
BUY-1763965650528-005953,TRADER-0453,CRYPTO,BUY,3946.34,9,0,FILLED,2025-01-18 03:30:08.0
BUY-1763965650528-006209,TRADER-0209,EQUITY,BUY,240.78,240,0,FILLED,2025-01-18 06:56:34.0
BUY-1763965650524-003349,TRADER-0349,CRYPTO,BUY,2413.67,18,0,FILLED,2025-01-16 19:44:59.0
BUY-1763965650522-001816,TRADER-0316,CRYPTO,BUY,4278.08,3,0,FILLED,2025-01-16 02:09:29.0
BUY-1763965650528-006266,TRADER-0266,EQUITY,BUY,135.52,319,0,FILLED,2025-01-18 07:36:10.0
BUY-1763965650522-001900,TRADER-0400,FOREX,BUY,9.15,750,0,FILLED,2025-01-16 02:46:15.0
BUY-1763965650525-004325,TRADER-0325,FOREX,BUY,8.25,538,0,FILLED,2025-01-17 07:49:18.0
BUY-1763965650529-007193,TRADER-0193,CRYPTO,BUY,787.75,43,0,FILLED,2025-01-18 18:23:29.0
BUY-1763965650528-006058,TRADER-0058,FOREX,BUY,9.92,579,0,FILLED,2025-01-18 05:00:36.0
BUY-1763965650526-004896,TRADER-0396,CRYPTO,BUY,537.74,21,0,FILLED,2025-01-17 15:02:33.0
BUY-1763965650524-003354,TRADER-0354,CRYPTO,BUY,805.02,48,0,FILLED,2025-01-16 20:21:41.0
BUY-1763965650519-000418,TRADER-0418,EQUITY,BUY,150.0,84,0,FILLED,2025-01-15 08:53:04.0
BUY-1763965650527-005176,TRADER-0176,EQUITY,BUY,422.77,71,0,FILLED,2025-01-17 18:15:51.0
BUY-1763965650527-005093,TRADER-0093,EQUITY,BUY,256.32,336,0,FILLED,2025-01-17 16:59:33.0
BUY-1763965650526-004745,TRADER-0245,CRYPTO,BUY,1239.63,32,0,FILLED,2025-01-17 12:44:50.0
BUY-1763965650520-000660,TRADER-0160,EQUITY,BUY,153.16,533,0,FILLED,2025-01-15 12:02:20.0
BUY-1763965650528-006206,TRADER-0206,EQUITY,BUY,218.65,333,0,FILLED,2025-01-18 06:55:25.0
BUY-1763965650526-004698,TRADER-0198,CRYPTO,BUY,2522.79,19,0,FILLED,2025-01-17 12:50:27.0
BUY-1763965650522-001777,TRADER-0277,EQUITY,BUY,346.51,95,0,FILLED,2025-01-16 01:14:30.0
BUY-1763965650521-001109,TRADER-0109,CRYPTO,BUY,3637.9,2,0,FILLED,2025-01-15 16:56:46.0
BUY-1763965650525-003827,TRADER-0327,CRYPTO,BUY,3739.72,5,0,FILLED,2025-01-17 01:34:39.0
BUY-1763965650527-005466,TRADER-0466,FOREX,BUY,8.96,920,0,FILLED,2025-01-17 21:14:20.0
BUY-1763965650527-005195,TRADER-0195,FOREX,BUY,7.06,189,0,FILLED,2025-01-17 18:02:31.0
BUY-1763965650523-002665,TRADER-0165,CRYPTO,BUY,2234.26,7,0,FILLED,2025-01-16 12:12:13.0
BUY-1763965650529-006870,TRADER-0370,FOREX,BUY,7.54,394,0,FILLED,2025-01-18 14:19:38.0
BUY-1763965650523-002666,TRADER-0166,CRYPTO,BUY,2794.47,7,0,FILLED,2025-01-16 11:31:09.0
BUY-1763965650526-004606,TRADER-0106,FOREX,BUY,8.78,799,0,FILLED,2025-01-17 11:40:57.0
BUY-1763965650526-004498,TRADER-0498,CRYPTO,BUY,3554.11,9,0,FILLED,2025-01-17 10:17:47.0
BUY-1763965650524-003085,TRADER-0085,FOREX,BUY,9.91,750,0,FILLED,2025-01-16 17:14:45.0
BUY-1763965650526-004906,TRADER-0406,EQUITY,BUY,444.61,74,0,FILLED,2025-01-17 14:54:16.0
BUY-1763965650524-003599,TRADER-0099,EQUITY,BUY,248.48,167,0,FILLED,2025-01-16 23:33:17.0
BUY-1763965650527-005554,TRADER-0054,FOREX,BUY,7.28,551,0,FILLED,2025-01-17 22:23:42.0
BUY-1763965650528-006203,TRADER-0203,FOREX,BUY,7.69,36,0,FILLED,2025-01-18 06:49:11.0
BUY-1763965650529-007357,TRADER-0357,CRYPTO,BUY,4795.27,6,0,FILLED,2025-01-18 20:02:50.0
BUY-1763965650529-006967,TRADER-0467,EQUITY,BUY,211.35,257,0,FILLED,2025-01-18 15:52:05.0
BUY-1763965650523-002450,TRADER-0450,EQUITY,BUY,172.01,157,0,FILLED,2025-01-16 09:48:13.0
BUY-1763965650525-004109,TRADER-0109,EQUITY,BUY,229.89,70,0,FILLED,2025-01-17 05:07:32.0
BUY-1763965650528-006178,TRADER-0178,CRYPTO,BUY,2874.25,1,0,FILLED,2025-01-18 06:04:53.0
BUY-1763965650520-000935,TRADER-0435,CRYPTO,BUY,3425.64,5,0,FILLED,2025-01-15 15:15:17.0
BUY-1763965650529-007356,TRADER-0356,EQUITY,BUY,180.21,65,0,FILLED,2025-01-18 20:00:09.0
BUY-1763965650522-001691,TRADER-0191,EQUITY,BUY,166.19,180,0,FILLED,2025-01-16 00:42:35.0
BUY-1763965650519-000544,TRADER-0044,CRYPTO,BUY,594.73,76,0,FILLED,2025-01-15 10:29:39.0
BUY-1763965650521-001297,TRADER-0297,CRYPTO,BUY,3691.55,7,0,FILLED,2025-01-15 19:14:45.0
BUY-1763965650529-006901,TRADER-0401,FOREX,BUY,7.27,391,0,FILLED,2025-01-18 14:21:07.0
BUY-1763965650522-002086,TRADER-0086,FOREX,BUY,8.07,716,0,FILLED,2025-01-16 05:21:58.0
BUY-1763965650527-005296,TRADER-0296,FOREX,BUY,8.7,566,0,FILLED,2025-01-17 19:24:41.0
BUY-1763965650522-001746,TRADER-0246,EQUITY,BUY,177.06,483,0,FILLED,2025-01-16 01:12:42.0
BUY-1763965650529-006826,TRADER-0326,EQUITY,BUY,454.93,145,0,FILLED,2025-01-18 14:14:51.0
BUY-1763965650528-006598,TRADER-0098,FOREX,BUY,5.55,584,0,FILLED,2025-01-18 11:10:45.0
BUY-1763965650521-001260,TRADER-0260,CRYPTO,BUY,3667.35,13,0,FILLED,2025-01-15 18:59:47.0
BUY-1763965650529-006975,TRADER-0475,FOREX,BUY,7.21,651,0,FILLED,2025-01-18 15:59:31.0
BUY-1763965650523-002474,TRADER-0474,CRYPTO,BUY,1011.83,34,0,FILLED,2025-01-16 09:51:35.0
BUY-1763965650528-006523,TRADER-0023,FOREX,BUY,5.66,104,0,FILLED,2025-01-18 10:12:49.0
BUY-1763965650525-004167,TRADER-0167,CRYPTO,BUY,607.13,14,0,FILLED,2025-01-17 05:52:53.0
BUY-1763965650529-007119,TRADER-0119,CRYPTO,BUY,3732.56,10,0,FILLED,2025-01-18 17:22:12.0
BUY-1763965650521-001100,TRADER-0100,EQUITY,BUY,495.79,19,0,FILLED,2025-01-15 17:22:38.0
BUY-1763965650529-007198,TRADER-0198,EQUITY,BUY,411.44,164,0,FILLED,2025-01-18 18:24:53.0
BUY-1763965650527-005461,TRADER-0461,FOREX,BUY,9.75,208,0,FILLED,2025-01-17 21:38:36.0
BUY-1763965650524-003526,TRADER-0026,FOREX,BUY,8.76,599,0,FILLED,2025-01-16 21:55:40.0
BUY-1763965650524-003518,TRADER-0018,FOREX,BUY,6.97,937,0,FILLED,2025-01-16 22:20:19.0
BUY-1763965650528-006222,TRADER-0222,CRYPTO,BUY,4235.83,10,0,FILLED,2025-01-18 06:44:18.0
BUY-1763965650523-002920,TRADER-0420,CRYPTO,BUY,1435.88,9,0,FILLED,2025-01-16 15:27:52.0
BUY-1763965650529-006827,TRADER-0327,FOREX,BUY,9.09,636,0,FILLED,2025-01-18 13:43:35.0
BUY-1763965650527-005276,TRADER-0276,EQUITY,BUY,294.6,208,0,FILLED,2025-01-17 18:59:33.0
BUY-1763965650523-002350,TRADER-0350,CRYPTO,BUY,1930.54,3,0,FILLED,2025-01-16 07:59:12.0
BUY-1763965650526-004687,TRADER-0187,EQUITY,BUY,440.73,31,0,FILLED,2025-01-17 12:44:34.0
BUY-1763965650522-001638,TRADER-0138,FOREX,BUY,6.4,301,0,FILLED,2025-01-15 23:13:34.0
BUY-1763965650523-002651,TRADER-0151,EQUITY,BUY,475.95,149,0,FILLED,2025-01-16 12:04:04.0
BUY-1763965650524-003516,TRADER-0016,CRYPTO,BUY,4703.8,4,0,FILLED,2025-01-16 22:16:13.0
BUY-1763965650526-004919,TRADER-0419,EQUITY,BUY,244.84,403,0,FILLED,2025-01-17 14:45:33.0
BUY-1763965650526-004856,TRADER-0356,FOREX,BUY,5.2,833,0,FILLED,2025-01-17 13:48:03.0
BUY-1763965650526-004938,TRADER-0438,FOREX,BUY,4.72,955,0,FILLED,2025-01-17 15:22:31.0
BUY-1763965650529-007099,TRADER-0099,EQUITY,BUY,446.93,89,0,FILLED,2025-01-18 17:18:32.0
BUY-1763965650523-002495,TRADER-0495,CRYPTO,BUY,2873.03,12,0,FILLED,2025-01-16 09:50:52.0
BUY-1763965650529-007436,TRADER-0436,EQUITY,BUY,373.23,18,0,FILLED,2025-01-18 21:32:17.0
BUY-1763965650520-000976,TRADER-0476,CRYPTO,BUY,2987.29,2,0,FILLED,2025-01-15 15:24:02.0
BUY-1763965650523-002456,TRADER-0456,EQUITY,BUY,292.03,21,0,FILLED,2025-01-16 09:27:04.0
BUY-1763965650527-005327,TRADER-0327,CRYPTO,BUY,3672.23,11,0,FILLED,2025-01-17 19:28:56.0
BUY-1763965650524-003191,TRADER-0191,FOREX,BUY,8.39,125,0,FILLED,2025-01-16 18:35:45.0
BUY-1763965650528-006597,TRADER-0097,FOREX,BUY,6.89,637,0,FILLED,2025-01-18 11:32:38.0
BUY-1763965650527-005196,TRADER-0196,CRYPTO,BUY,1778.08,25,0,FILLED,2025-01-17 18:42:30.0
BUY-1763965650525-004184,TRADER-0184,CRYPTO,BUY,4450.27,7,0,FILLED,2025-01-17 06:00:29.0
BUY-1763965650527-005110,TRADER-0110,EQUITY,BUY,408.69,89,0,FILLED,2025-01-17 17:16:50.0
BUY-1763965650522-001749,TRADER-0249,EQUITY,BUY,264.89,317,0,FILLED,2025-01-16 01:25:10.0
BUY-1763965650528-005984,TRADER-0484,FOREX,BUY,9.81,410,0,FILLED,2025-01-18 04:14:00.0
BUY-1763965650528-006489,TRADER-0489,EQUITY,BUY,250.39,192,0,FILLED,2025-01-18 09:39:47.0
BUY-1763965650523-002955,TRADER-0455,FOREX,BUY,4.27,30,0,FILLED,2025-01-16 15:51:15.0
BUY-1763965650527-005094,TRADER-0094,CRYPTO,BUY,2210.53,8,0,FILLED,2025-01-17 16:38:49.0
BUY-1763965650524-003419,TRADER-0419,CRYPTO,BUY,3065.02,12,0,FILLED,2025-01-16 20:57:16.0
BUY-1763965650520-000998,TRADER-0498,CRYPTO,BUY,764.08,56,0,FILLED,2025-01-15 16:25:38.0
BUY-1763965650524-003393,TRADER-0393,FOREX,BUY,4.39,750,0,FILLED,2025-01-16 21:01:50.0
BUY-1763965650525-004310,TRADER-0310,EQUITY,BUY,498.71,14,0,FILLED,2025-01-17 07:57:32.0
BUY-1763965650521-001117,TRADER-0117,EQUITY,BUY,284.16,295,0,FILLED,2025-01-15 17:20:27.0
BUY-1763965650525-003792,TRADER-0292,EQUITY,BUY,370.98,204,0,FILLED,2025-01-17 01:28:20.0
BUY-1763965650528-006227,TRADER-0227,EQUITY,BUY,147.07,247,0,FILLED,2025-01-18 06:16:25.0
BUY-1763965650526-004886,TRADER-0386,EQUITY,BUY,171.73,380,0,FILLED,2025-01-17 15:04:13.0
BUY-1763965650525-004261,TRADER-0261,CRYPTO,BUY,713.12,30,0,FILLED,2025-01-17 07:06:52.0
BUY-1763965650519-000454,TRADER-0454,EQUITY,BUY,150.0,96,0,FILLED,2025-01-15 09:07:10.0
BUY-1763965650520-000999,TRADER-0499,FOREX,BUY,7.58,610,0,FILLED,2025-01-15 16:25:50.0
BUY-1763965650527-005595,TRADER-0095,CRYPTO,BUY,1896.11,14,0,FILLED,2025-01-17 23:23:37.0
BUY-1763965650528-005920,TRADER-0420,CRYPTO,BUY,2765.92,14,0,FILLED,2025-01-18 02:43:31.0
BUY-1763965650528-006630,TRADER-0130,EQUITY,BUY,161.44,506,0,FILLED,2025-01-18 11:36:56.0
BUY-1763965650525-003764,TRADER-0264,FOREX,BUY,4.97,901,0,FILLED,2025-01-17 01:16:34.0
BUY-1763965650529-007334,TRADER-0334,EQUITY,BUY,194.09,50,0,FILLED,2025-01-18 19:56:10.0
BUY-1763965650523-002791,TRADER-0291,EQUITY,BUY,228.86,32,0,FILLED,2025-01-16 13:41:14.0
BUY-1763965650525-004258,TRADER-0258,EQUITY,BUY,158.75,233,0,FILLED,2025-01-17 07:11:15.0
BUY-1763965650523-002797,TRADER-0297,CRYPTO,BUY,2440.35,2,0,FILLED,2025-01-16 13:30:07.0
BUY-1763965650520-000649,TRADER-0149,EQUITY,BUY,335.33,240,0,FILLED,2025-01-15 11:51:15.0
BUY-1763965650529-007023,TRADER-0023,FOREX,BUY,5.81,944,0,FILLED,2025-01-18 16:18:29.0
BUY-1763965650521-001290,TRADER-0290,FOREX,BUY,5.61,472,0,FILLED,2025-01-15 19:55:28.0
BUY-1763965650523-002464,TRADER-0464,FOREX,BUY,7.58,469,0,FILLED,2025-01-16 09:29:12.0
BUY-1763965650526-004486,TRADER-0486,CRYPTO,BUY,1364.08,13,0,FILLED,2025-01-17 09:35:52.0
BUY-1763965650520-000839,TRADER-0339,EQUITY,BUY,452.13,209,0,FILLED,2025-01-15 13:54:56.0
BUY-1763965650528-006529,TRADER-0029,FOREX,BUY,9.62,954,0,FILLED,2025-01-18 10:38:07.0
BUY-1763965650519-000264,TRADER-0264,EQUITY,BUY,300.0,15,0,FILLED,2025-01-15 07:28:48.0
BUY-1763965650522-001890,TRADER-0390,CRYPTO,BUY,4621.35,2,0,FILLED,2025-01-16 03:02:04.0
BUY-1763965650529-007058,TRADER-0058,CRYPTO,BUY,1051.39,14,0,FILLED,2025-01-18 17:09:44.0
BUY-1763965650529-007337,TRADER-0337,EQUITY,BUY,294.58,196,0,FILLED,2025-01-18 20:29:13.0
BUY-1763965650528-006065,TRADER-0065,EQUITY,BUY,256.36,53,0,FILLED,2025-01-18 04:42:11.0
BUY-1763965650521-001062,TRADER-0062,CRYPTO,BUY,1310.44,23,0,FILLED,2025-01-15 17:03:14.0
BUY-1763965650520-000989,TRADER-0489,CRYPTO,BUY,4824.96,3,0,FILLED,2025-01-15 16:03:54.0
BUY-1763965650520-000668,TRADER-0168,CRYPTO,BUY,4791.93,2,0,FILLED,2025-01-15 12:10:04.0
BUY-1763965650520-001028,TRADER-0028,CRYPTO,BUY,666.21,74,0,FILLED,2025-01-15 16:10:59.0
BUY-1763965650526-004780,TRADER-0280,EQUITY,BUY,195.52,367,0,FILLED,2025-01-17 13:32:01.0
BUY-1763965650521-001244,TRADER-0244,FOREX,BUY,6.51,861,0,FILLED,2025-01-15 19:02:59.0
BUY-1763965650521-001257,TRADER-0257,FOREX,BUY,6.75,54,0,FILLED,2025-01-15 18:55:13.0
BUY-1763965650526-004678,TRADER-0178,CRYPTO,BUY,1046.97,1,0,FILLED,2025-01-17 11:38:32.0
BUY-1763965650522-001756,TRADER-0256,CRYPTO,BUY,3285.14,9,0,FILLED,2025-01-16 01:29:50.0
BUY-1763965650525-004062,TRADER-0062,CRYPTO,BUY,3490.08,12,0,FILLED,2025-01-17 05:03:07.0
BUY-1763965650521-001352,TRADER-0352,EQUITY,BUY,479.86,106,0,FILLED,2025-01-15 20:19:13.0
BUY-1763965650526-004794,TRADER-0294,EQUITY,BUY,261.58,210,0,FILLED,2025-01-17 13:59:57.0
BUY-1763965650525-003726,TRADER-0226,CRYPTO,BUY,3497.14,1,0,FILLED,2025-01-17 01:00:32.0
BUY-1763965650524-003654,TRADER-0154,CRYPTO,BUY,898.42,3,0,FILLED,2025-01-17 00:12:02.0
BUY-1763965650529-006647,TRADER-0147,CRYPTO,BUY,3985.34,12,0,FILLED,2025-01-18 12:11:29.0
BUY-1763965650529-007077,TRADER-0077,CRYPTO,BUY,628.47,79,0,FILLED,2025-01-18 16:52:55.0
BUY-1763965650524-003657,TRADER-0157,CRYPTO,BUY,4030.27,10,0,FILLED,2025-01-17 00:05:36.0
BUY-1763965650528-006552,TRADER-0052,EQUITY,BUY,406.09,103,0,FILLED,2025-01-18 10:29:03.0
BUY-1763965650529-007279,TRADER-0279,CRYPTO,BUY,554.09,60,0,FILLED,2025-01-18 19:24:54.0
BUY-1763965650523-002794,TRADER-0294,CRYPTO,BUY,2587.83,5,0,FILLED,2025-01-16 13:37:36.0
BUY-1763965650525-004053,TRADER-0053,FOREX,BUY,6.95,365,0,FILLED,2025-01-17 04:11:37.0
BUY-1763965650520-001025,TRADER-0025,CRYPTO,BUY,2661.96,11,0,FILLED,2025-01-15 16:17:55.0
BUY-1763965650521-001248,TRADER-0248,CRYPTO,BUY,2079.55,6,0,FILLED,2025-01-15 19:23:40.0
BUY-1763965650520-000960,TRADER-0460,EQUITY,BUY,169.87,124,0,FILLED,2025-01-15 15:04:53.0
BUY-1763965650529-006889,TRADER-0389,EQUITY,BUY,477.53,54,0,FILLED,2025-01-18 14:18:19.0
BUY-1763965650524-003414,TRADER-0414,FOREX,BUY,8.78,499,0,FILLED,2025-01-16 21:06:16.0
BUY-1763965650529-007353,TRADER-0353,EQUITY,BUY,366.14,243,0,FILLED,2025-01-18 20:10:44.0
BUY-1763965650522-002124,TRADER-0124,FOREX,BUY,7.73,184,0,FILLED,2025-01-16 05:03:24.0
BUY-1763965650524-003102,TRADER-0102,FOREX,BUY,5.05,476,0,FILLED,2025-01-16 17:00:53.0
BUY-1763965650528-006048,TRADER-0048,EQUITY,BUY,139.63,225,0,FILLED,2025-01-18 04:19:20.0
BUY-1763965650527-005577,TRADER-0077,CRYPTO,BUY,3059.77,14,0,FILLED,2025-01-17 23:11:42.0
BUY-1763965650524-003091,TRADER-0091,EQUITY,BUY,302.52,231,0,FILLED,2025-01-16 17:00:21.0
BUY-1763965650524-002989,TRADER-0489,CRYPTO,BUY,1107.19,4,0,FILLED,2025-01-16 15:37:09.0
BUY-1763965650527-005231,TRADER-0231,CRYPTO,BUY,3972.3,3,0,FILLED,2025-01-17 18:49:44.0
BUY-1763965650522-002027,TRADER-0027,EQUITY,BUY,344.63,114,0,FILLED,2025-01-16 04:11:29.0
BUY-1763965650527-005585,TRADER-0085,CRYPTO,BUY,742.43,34,0,FILLED,2025-01-17 23:22:29.0
BUY-1763965650524-003554,TRADER-0054,EQUITY,BUY,216.49,387,0,FILLED,2025-01-16 22:43:01.0
BUY-1763965650519-000302,TRADER-0302,EQUITY,BUY,250.0,62,0,FILLED,2025-01-15 07:10:26.0
BUY-1763965650527-005591,TRADER-0091,FOREX,BUY,7.24,87,0,FILLED,2025-01-17 23:09:46.0
BUY-1763965650525-003793,TRADER-0293,FOREX,BUY,8.98,723,0,FILLED,2025-01-17 01:37:01.0
BUY-1763965650526-004729,TRADER-0229,CRYPTO,BUY,2373.91,14,0,FILLED,2025-01-17 12:45:42.0
BUY-1763965650528-006544,TRADER-0044,CRYPTO,BUY,1259.15,8,0,FILLED,2025-01-18 10:24:28.0
BUY-1763965650529-007333,TRADER-0333,FOREX,BUY,7.18,932,0,FILLED,2025-01-18 20:05:26.0
BUY-1763965650523-002804,TRADER-0304,CRYPTO,BUY,4377.86,5,0,FILLED,2025-01-16 13:53:33.0
BUY-1763965650526-004862,TRADER-0362,FOREX,BUY,4.94,996,0,FILLED,2025-01-17 14:08:27.0
BUY-1763965650528-006555,TRADER-0055,CRYPTO,BUY,4059.7,3,0,FILLED,2025-01-18 11:05:45.0
BUY-1763965650526-004600,TRADER-0100,EQUITY,BUY,461.4,133,0,FILLED,2025-01-17 11:27:48.0
BUY-1763965650522-001965,TRADER-0465,CRYPTO,BUY,2880.2,1,0,FILLED,2025-01-16 03:31:50.0
BUY-1763965650522-002076,TRADER-0076,CRYPTO,BUY,2504.34,9,0,FILLED,2025-01-16 05:21:23.0
BUY-1763965650522-001695,TRADER-0195,CRYPTO,BUY,2052.7,10,0,FILLED,2025-01-15 23:58:00.0
BUY-1763965650529-007259,TRADER-0259,EQUITY,BUY,227.17,5,0,FILLED,2025-01-18 19:23:22.0
BUY-1763965650523-002780,TRADER-0280,EQUITY,BUY,219.33,290,0,FILLED,2025-01-16 12:55:47.0
BUY-1763965650526-004859,TRADER-0359,FOREX,BUY,8.87,98,0,FILLED,2025-01-17 14:27:56.0
BUY-1763965650520-000736,TRADER-0236,FOREX,BUY,5.17,564,0,FILLED,2025-01-15 12:50:16.0
BUY-1763965650526-004546,TRADER-0046,CRYPTO,BUY,734.01,41,0,FILLED,2025-01-17 11:01:14.0
BUY-1763965650523-002372,TRADER-0372,CRYPTO,BUY,4289.97,4,0,FILLED,2025-01-16 08:50:16.0
BUY-1763965650525-004024,TRADER-0024,EQUITY,BUY,161.24,223,0,FILLED,2025-01-17 03:52:44.0
BUY-1763965650527-005510,TRADER-0010,CRYPTO,BUY,450.69,29,0,FILLED,2025-01-17 21:57:29.0
BUY-1763965650525-004048,TRADER-0048,FOREX,BUY,9.06,773,0,FILLED,2025-01-17 04:50:59.0
BUY-1763965650528-006570,TRADER-0070,CRYPTO,BUY,3889.52,12,0,FILLED,2025-01-18 10:26:05.0
BUY-1763965650522-001809,TRADER-0309,CRYPTO,BUY,1671.44,17,0,FILLED,2025-01-16 01:12:33.0
BUY-1763965650522-001893,TRADER-0393,FOREX,BUY,8.11,829,0,FILLED,2025-01-16 02:57:47.0
BUY-1763965650524-003533,TRADER-0033,CRYPTO,BUY,1014.73,29,0,FILLED,2025-01-16 21:54:27.0
BUY-1763965650529-006710,TRADER-0210,FOREX,BUY,8.99,385,0,FILLED,2025-01-18 12:32:17.0
BUY-1763965650527-005369,TRADER-0369,EQUITY,BUY,400.29,228,0,FILLED,2025-01-17 20:17:53.0
BUY-1763965650527-005116,TRADER-0116,FOREX,BUY,6.91,519,0,FILLED,2025-01-17 17:18:35.0
BUY-1763965650528-006398,TRADER-0398,CRYPTO,BUY,4556.08,6,0,FILLED,2025-01-18 09:15:52.0
BUY-1763965650526-004860,TRADER-0360,FOREX,BUY,9.67,721,0,FILLED,2025-01-17 13:50:03.0
BUY-1763965650521-001386,TRADER-0386,EQUITY,BUY,412.18,205,0,FILLED,2025-01-15 20:31:11.0
BUY-1763965650527-005454,TRADER-0454,FOREX,BUY,7.65,780,0,FILLED,2025-01-17 21:54:18.0
BUY-1763965650522-001818,TRADER-0318,EQUITY,BUY,467.52,199,0,FILLED,2025-01-16 02:08:15.0
BUY-1763965650524-003519,TRADER-0019,EQUITY,BUY,296.69,246,0,FILLED,2025-01-16 22:40:19.0
BUY-1763965650525-004026,TRADER-0026,EQUITY,BUY,237.39,10,0,FILLED,2025-01-17 04:19:11.0
BUY-1763965650528-006259,TRADER-0259,CRYPTO,BUY,3784.88,3,0,FILLED,2025-01-18 07:19:22.0
BUY-1763965650529-007273,TRADER-0273,CRYPTO,BUY,904.65,36,0,FILLED,2025-01-18 18:52:19.0
BUY-1763965650527-005354,TRADER-0354,CRYPTO,BUY,509.7,19,0,FILLED,2025-01-17 20:15:44.0
BUY-1763965650527-005488,TRADER-0488,EQUITY,BUY,211.05,275,0,FILLED,2025-01-17 21:50:33.0
BUY-1763965650525-003771,TRADER-0271,CRYPTO,BUY,4760.73,2,0,FILLED,2025-01-17 01:09:40.0
BUY-1763965650525-004045,TRADER-0045,CRYPTO,BUY,4312.38,3,0,FILLED,2025-01-17 04:27:00.0
BUY-1763965650522-001608,TRADER-0108,FOREX,BUY,9.49,183,0,FILLED,2025-01-15 22:58:24.0
BUY-1763965650520-000961,TRADER-0461,FOREX,BUY,7.11,845,0,FILLED,2025-01-15 15:02:02.0
BUY-1763965650519-000563,TRADER-0063,EQUITY,BUY,341.04,86,0,FILLED,2025-01-15 11:14:17.0
BUY-1763965650524-003539,TRADER-0039,FOREX,BUY,5.2,378,0,FILLED,2025-01-16 22:20:08.0
BUY-1763965650529-006840,TRADER-0340,CRYPTO,BUY,1962.55,10,0,FILLED,2025-01-18 14:05:36.0
BUY-1763965650522-001969,TRADER-0469,CRYPTO,BUY,3438.86,1,0,FILLED,2025-01-16 03:24:28.0
BUY-1763965650521-001388,TRADER-0388,EQUITY,BUY,312.72,56,0,FILLED,2025-01-15 20:13:30.0
BUY-1763965650521-001272,TRADER-0272,EQUITY,BUY,357.83,216,0,FILLED,2025-01-15 19:37:22.0
BUY-1763965650525-003795,TRADER-0295,CRYPTO,BUY,3837.52,13,0,FILLED,2025-01-17 01:57:34.0
BUY-1763965650528-006599,TRADER-0099,EQUITY,BUY,207.53,25,0,FILLED,2025-01-18 11:03:27.0
BUY-1763965650528-005866,TRADER-0366,CRYPTO,BUY,3287.96,15,0,FILLED,2025-01-18 02:18:12.0
BUY-1763965650529-006830,TRADER-0330,FOREX,BUY,8.25,523,0,FILLED,2025-01-18 14:02:07.0
BUY-1763965650525-004278,TRADER-0278,FOREX,BUY,4.85,415,0,FILLED,2025-01-17 07:20:29.0
BUY-1763965650529-007068,TRADER-0068,CRYPTO,BUY,1303.22,31,0,FILLED,2025-01-18 16:46:38.0
BUY-1763965650524-003437,TRADER-0437,CRYPTO,BUY,1243.13,10,0,FILLED,2025-01-16 21:42:27.0
BUY-1763965650524-003034,TRADER-0034,FOREX,BUY,6.81,259,0,FILLED,2025-01-16 16:32:30.0
BUY-1763965650529-006937,TRADER-0437,EQUITY,BUY,332.68,44,0,FILLED,2025-01-18 14:57:38.0
BUY-1763965650520-000994,TRADER-0494,FOREX,BUY,9.59,735,0,FILLED,2025-01-15 15:41:10.0
BUY-1763965650528-005855,TRADER-0355,FOREX,BUY,6.61,856,0,FILLED,2025-01-18 02:39:33.0
BUY-1763965650520-000996,TRADER-0496,EQUITY,BUY,179.97,485,0,FILLED,2025-01-15 16:02:24.0
BUY-1763965650524-003504,TRADER-0004,FOREX,BUY,5.94,686,0,FILLED,2025-01-16 21:36:19.0
BUY-1763965650522-001894,TRADER-0394,CRYPTO,BUY,2013.42,17,0,FILLED,2025-01-16 02:42:05.0
BUY-1763965650526-004740,TRADER-0240,CRYPTO,BUY,457.45,14,0,FILLED,2025-01-17 12:37:16.0
BUY-1763965650523-002625,TRADER-0125,FOREX,BUY,9.34,869,0,FILLED,2025-01-16 11:18:26.0
BUY-1763965650525-003760,TRADER-0260,EQUITY,BUY,188.04,402,0,FILLED,2025-01-17 01:23:48.0
BUY-1763965650525-004327,TRADER-0327,FOREX,BUY,5.87,418,0,FILLED,2025-01-17 07:26:05.0
BUY-1763965650520-000734,TRADER-0234,CRYPTO,BUY,4326.6,2,0,FILLED,2025-01-15 12:47:13.0
BUY-1763965650522-001915,TRADER-0415,EQUITY,BUY,353.93,229,0,FILLED,2025-01-16 02:36:57.0
BUY-1763965650520-000930,TRADER-0430,CRYPTO,BUY,1722.69,11,0,FILLED,2025-01-15 15:17:10.0
BUY-1763965650528-005913,TRADER-0413,FOREX,BUY,9.75,570,0,FILLED,2025-01-18 02:55:03.0
BUY-1763965650528-006066,TRADER-0066,EQUITY,BUY,453.79,154,0,FILLED,2025-01-18 05:05:46.0
BUY-1763965650525-003932,TRADER-0432,CRYPTO,BUY,2232.4,13,0,FILLED,2025-01-17 03:36:15.0
BUY-1763965650529-007166,TRADER-0166,CRYPTO,BUY,4510.89,2,0,FILLED,2025-01-18 17:52:06.0
BUY-1763965650529-006926,TRADER-0426,CRYPTO,BUY,1287.55,22,0,FILLED,2025-01-18 14:42:29.0
BUY-1763965650527-005315,TRADER-0315,EQUITY,BUY,490.43,153,0,FILLED,2025-01-17 19:23:41.0
BUY-1763965650523-002657,TRADER-0157,CRYPTO,BUY,2778.07,12,0,FILLED,2025-01-16 11:30:32.0
BUY-1763965650522-001899,TRADER-0399,EQUITY,BUY,154.18,290,0,FILLED,2025-01-16 02:24:30.0
BUY-1763965650520-000643,TRADER-0143,EQUITY,BUY,410.27,144,0,FILLED,2025-01-15 11:39:14.0
BUY-1763965650525-003998,TRADER-0498,CRYPTO,BUY,2850.33,8,0,FILLED,2025-01-17 04:01:04.0
BUY-1763965650528-006076,TRADER-0076,CRYPTO,BUY,1518.57,3,0,FILLED,2025-01-18 05:06:20.0
BUY-1763965650525-003970,TRADER-0470,CRYPTO,BUY,4413.41,8,0,FILLED,2025-01-17 04:04:43.0
BUY-1763965650525-004272,TRADER-0272,FOREX,BUY,4.48,25,0,FILLED,2025-01-17 07:39:52.0
BUY-1763965650521-001417,TRADER-0417,FOREX,BUY,5.5,827,0,FILLED,2025-01-15 20:55:29.0
BUY-1763965650523-002373,TRADER-0373,EQUITY,BUY,444.64,185,0,FILLED,2025-01-16 08:44:11.0
BUY-1763965650519-000238,TRADER-0238,EQUITY,BUY,150.0,17,0,FILLED,2025-01-15 06:55:48.0
BUY-1763965650528-006217,TRADER-0217,CRYPTO,BUY,2850.9,17,0,FILLED,2025-01-18 06:45:37.0
BUY-1763965650524-003557,TRADER-0057,CRYPTO,BUY,3688.19,7,0,FILLED,2025-01-16 23:04:51.0
BUY-1763965650519-000582,TRADER-0082,FOREX,BUY,5.81,335,0,FILLED,2025-01-15 11:26:26.0
BUY-1763965650519-000185,TRADER-0185,EQUITY,BUY,150.0,93,0,FILLED,2025-01-15 05:53:32.0
BUY-1763965650523-002659,TRADER-0159,FOREX,BUY,9.73,746,0,FILLED,2025-01-16 12:12:53.0
BUY-1763965650527-005597,TRADER-0097,CRYPTO,BUY,4639.59,9,0,FILLED,2025-01-17 23:14:40.0
BUY-1763965650523-002454,TRADER-0454,CRYPTO,BUY,1172.05,12,0,FILLED,2025-01-16 09:44:28.0
BUY-1763965650528-005839,TRADER-0339,FOREX,BUY,5.3,843,0,FILLED,2025-01-18 02:01:58.0
BUY-1763965650529-007432,TRADER-0432,FOREX,BUY,6.83,593,0,FILLED,2025-01-18 21:40:17.0
BUY-1763965650529-007342,TRADER-0342,CRYPTO,BUY,1210.29,33,0,FILLED,2025-01-18 19:59:46.0
BUY-1763965650526-004476,TRADER-0476,FOREX,BUY,9.43,928,0,FILLED,2025-01-17 10:07:48.0
BUY-1763965650529-006671,TRADER-0171,CRYPTO,BUY,1611.54,19,0,FILLED,2025-01-18 11:57:39.0
BUY-1763965650520-000625,TRADER-0125,CRYPTO,BUY,653.01,11,0,FILLED,2025-01-15 11:43:39.0
BUY-1763965650523-002941,TRADER-0441,CRYPTO,BUY,2447.3,8,0,FILLED,2025-01-16 14:56:45.0
BUY-1763965650526-004622,TRADER-0122,CRYPTO,BUY,3246.53,11,0,FILLED,2025-01-17 11:50:50.0
BUY-1763965650527-005787,TRADER-0287,EQUITY,BUY,319.67,153,0,FILLED,2025-01-18 01:04:32.0
BUY-1763965650525-004202,TRADER-0202,CRYPTO,BUY,2136.09,20,0,FILLED,2025-01-17 06:49:58.0
BUY-1763965650524-003069,TRADER-0069,CRYPTO,BUY,771.14,5,0,FILLED,2025-01-16 16:28:49.0
BUY-1763965650523-002786,TRADER-0286,CRYPTO,BUY,3331.19,14,0,FILLED,2025-01-16 13:28:49.0
BUY-1763965650522-002203,TRADER-0203,EQUITY,BUY,339.7,126,0,FILLED,2025-01-16 06:17:20.0
BUY-1763965650521-001405,TRADER-0405,FOREX,BUY,9.92,746,0,FILLED,2025-01-15 21:12:10.0
BUY-1763965650523-002656,TRADER-0156,FOREX,BUY,7.21,847,0,FILLED,2025-01-16 11:39:54.0
BUY-1763965650522-002090,TRADER-0090,FOREX,BUY,6.28,324,0,FILLED,2025-01-16 04:37:59.0
BUY-1763965650528-006262,TRADER-0262,CRYPTO,BUY,2135.38,3,0,FILLED,2025-01-18 07:16:41.0
BUY-1763965650524-003386,TRADER-0386,FOREX,BUY,4.27,966,0,FILLED,2025-01-16 20:14:58.0
BUY-1763965650522-001708,TRADER-0208,EQUITY,BUY,466.09,210,0,FILLED,2025-01-16 00:46:01.0
BUY-1763965650529-006802,TRADER-0302,FOREX,BUY,4.77,178,0,FILLED,2025-01-18 13:30:00.0
BUY-1763965650529-007458,TRADER-0458,CRYPTO,BUY,3131.55,10,0,FILLED,2025-01-18 21:01:38.0
BUY-1763965650522-001983,TRADER-0483,EQUITY,BUY,220.1,34,0,FILLED,2025-01-16 03:19:30.0
BUY-1763965650523-002279,TRADER-0279,FOREX,BUY,4.37,740,0,FILLED,2025-01-16 07:45:29.0
BUY-1763965650524-002987,TRADER-0487,CRYPTO,BUY,4951.34,6,0,FILLED,2025-01-16 15:43:28.0
BUY-1763965650527-005129,TRADER-0129,FOREX,BUY,8.28,739,0,FILLED,2025-01-17 17:36:36.0
BUY-1763965650524-003039,TRADER-0039,CRYPTO,BUY,1910.12,2,0,FILLED,2025-01-16 16:38:04.0
BUY-1763965650519-000457,TRADER-0457,EQUITY,BUY,150.0,67,0,FILLED,2025-01-15 09:00:45.0
BUY-1763965650529-007121,TRADER-0121,FOREX,BUY,5.05,665,0,FILLED,2025-01-18 17:22:55.0
BUY-1763965650529-007349,TRADER-0349,EQUITY,BUY,349.83,265,0,FILLED,2025-01-18 19:45:06.0
BUY-1763965650524-003148,TRADER-0148,EQUITY,BUY,281.65,130,0,FILLED,2025-01-16 18:05:50.0
BUY-1763965650521-001281,TRADER-0281,EQUITY,BUY,137.35,559,0,FILLED,2025-01-15 18:58:38.0
BUY-1763965650519-000603,TRADER-0103,FOREX,BUY,8.99,285,0,FILLED,2025-01-15 11:31:04.0
BUY-1763965650527-005458,TRADER-0458,CRYPTO,BUY,1989.62,13,0,FILLED,2025-01-17 21:38:48.0
BUY-1763965650526-004838,TRADER-0338,EQUITY,BUY,355.56,212,0,FILLED,2025-01-17 13:51:22.0
BUY-1763965650521-001436,TRADER-0436,EQUITY,BUY,256.8,233,0,FILLED,2025-01-15 21:13:58.0
BUY-1763965650527-005294,TRADER-0294,CRYPTO,BUY,4967.43,4,0,FILLED,2025-01-17 19:47:08.0
BUY-1763965650525-003700,TRADER-0200,EQUITY,BUY,330.66,44,0,FILLED,2025-01-17 00:51:08.0
BUY-1763965650529-007245,TRADER-0245,EQUITY,BUY,230.03,99,0,FILLED,2025-01-18 19:23:09.0
BUY-1763965650529-006962,TRADER-0462,CRYPTO,BUY,2289.0,1,0,FILLED,2025-01-18 15:27:39.0
BUY-1763965650522-001755,TRADER-0255,CRYPTO,BUY,1745.86,16,0,FILLED,2025-01-16 00:58:27.0
BUY-1763965650524-003549,TRADER-0049,CRYPTO,BUY,3780.4,7,0,FILLED,2025-01-16 22:45:42.0
BUY-1763965650528-006070,TRADER-0070,EQUITY,BUY,319.36,203,0,FILLED,2025-01-18 05:12:34.0
BUY-1763965650523-002750,TRADER-0250,CRYPTO,BUY,4150.22,9,0,FILLED,2025-01-16 13:05:17.0
BUY-1763965650525-004271,TRADER-0271,EQUITY,BUY,224.65,52,0,FILLED,2025-01-17 06:56:07.0
BUY-1763965650528-005923,TRADER-0423,CRYPTO,BUY,3903.02,4,0,FILLED,2025-01-18 03:29:27.0
BUY-1763965650529-006695,TRADER-0195,FOREX,BUY,5.91,231,0,FILLED,2025-01-18 12:24:58.0
BUY-1763965650522-001986,TRADER-0486,CRYPTO,BUY,4209.48,3,0,FILLED,2025-01-16 03:32:07.0
BUY-1763965650524-003132,TRADER-0132,EQUITY,BUY,205.05,425,0,FILLED,2025-01-16 17:17:26.0
BUY-1763965650527-005147,TRADER-0147,EQUITY,BUY,427.91,119,0,FILLED,2025-01-17 17:27:48.0
BUY-1763965650527-005558,TRADER-0058,EQUITY,BUY,353.55,93,0,FILLED,2025-01-17 23:04:13.0
BUY-1763965650524-003382,TRADER-0382,CRYPTO,BUY,2549.55,16,0,FILLED,2025-01-16 20:20:27.0
BUY-1763965650525-004182,TRADER-0182,EQUITY,BUY,353.47,210,0,FILLED,2025-01-17 06:22:14.0
BUY-1763965650518-000030,TRADER-0030,EQUITY,BUY,300.0,37,0,FILLED,2025-01-15 04:45:09.0
BUY-1763965650522-002144,TRADER-0144,EQUITY,BUY,389.83,170,0,FILLED,2025-01-16 06:01:00.0
BUY-1763965650520-000657,TRADER-0157,EQUITY,BUY,298.27,157,0,FILLED,2025-01-15 11:29:22.0
BUY-1763965650525-004269,TRADER-0269,FOREX,BUY,4.44,684,0,FILLED,2025-01-17 07:13:04.0
BUY-1763965650524-003025,TRADER-0025,FOREX,BUY,9.74,264,0,FILLED,2025-01-16 15:56:44.0
BUY-1763965650529-007152,TRADER-0152,EQUITY,BUY,325.52,17,0,FILLED,2025-01-18 18:15:27.0
BUY-1763965650526-004517,TRADER-0017,CRYPTO,BUY,612.59,36,0,FILLED,2025-01-17 10:21:30.0
BUY-1763965650523-002394,TRADER-0394,CRYPTO,BUY,1484.24,29,0,FILLED,2025-01-16 08:20:46.0
BUY-1763965650521-001419,TRADER-0419,FOREX,BUY,7.59,926,0,FILLED,2025-01-15 21:05:17.0
BUY-1763965650527-005568,TRADER-0068,EQUITY,BUY,171.87,196,0,FILLED,2025-01-17 23:14:02.0
BUY-1763965650524-003532,TRADER-0032,CRYPTO,BUY,3260.06,12,0,FILLED,2025-01-16 21:58:12.0
BUY-1763965650521-001254,TRADER-0254,EQUITY,BUY,317.66,102,0,FILLED,2025-01-15 19:26:08.0
BUY-1763965650522-002094,TRADER-0094,CRYPTO,BUY,4170.02,3,0,FILLED,2025-01-16 05:03:47.0
BUY-1763965650522-001994,TRADER-0494,EQUITY,BUY,283.73,264,0,FILLED,2025-01-16 04:17:16.0
BUY-1763965650518-000085,TRADER-0085,EQUITY,BUY,250.0,72,0,FILLED,2025-01-15 05:14:47.0
BUY-1763965650527-005672,TRADER-0172,CRYPTO,BUY,3410.15,7,0,FILLED,2025-01-17 23:47:03.0
BUY-1763965650524-003413,TRADER-0413,FOREX,BUY,4.75,970,0,FILLED,2025-01-16 20:31:42.0
BUY-1763965650523-002965,TRADER-0465,EQUITY,BUY,428.42,205,0,FILLED,2025-01-16 15:56:35.0
BUY-1763965650524-003378,TRADER-0378,CRYPTO,BUY,1374.37,32,0,FILLED,2025-01-16 20:37:19.0
BUY-1763965650528-006565,TRADER-0065,CRYPTO,BUY,837.52,54,0,FILLED,2025-01-18 11:08:16.0
BUY-1763965650527-005337,TRADER-0337,EQUITY,BUY,369.24,168,0,FILLED,2025-01-17 20:01:42.0
BUY-1763965650525-004352,TRADER-0352,CRYPTO,BUY,1153.47,34,0,FILLED,2025-01-17 08:03:13.0
BUY-1763965650522-002056,TRADER-0056,CRYPTO,BUY,4369.18,7,0,FILLED,2025-01-16 04:35:48.0
BUY-1763965650527-005150,TRADER-0150,EQUITY,BUY,154.66,1,0,FILLED,2025-01-17 17:39:02.0
BUY-1763965650528-006260,TRADER-0260,CRYPTO,BUY,3605.36,11,0,FILLED,2025-01-18 06:38:51.0
BUY-1763965650523-002803,TRADER-0303,EQUITY,BUY,254.14,220,0,FILLED,2025-01-16 13:23:10.0
BUY-1763965650525-003999,TRADER-0499,EQUITY,BUY,164.94,426,0,FILLED,2025-01-17 04:18:13.0
BUY-1763965650522-001797,TRADER-0297,EQUITY,BUY,382.76,158,0,FILLED,2025-01-16 01:56:38.0
BUY-1763965650522-001736,TRADER-0236,CRYPTO,BUY,4392.07,7,0,FILLED,2025-01-16 00:24:50.0
BUY-1763965650526-004830,TRADER-0330,CRYPTO,BUY,3163.33,1,0,FILLED,2025-01-17 13:36:54.0
BUY-1763965650523-002553,TRADER-0053,FOREX,BUY,4.87,961,0,FILLED,2025-01-16 10:51:19.0
BUY-1763965650520-001030,TRADER-0030,CRYPTO,BUY,3970.96,10,0,FILLED,2025-01-15 16:20:23.0
BUY-1763965650522-001895,TRADER-0395,CRYPTO,BUY,2357.91,15,0,FILLED,2025-01-16 02:45:02.0
BUY-1763965650523-002812,TRADER-0312,CRYPTO,BUY,2450.98,7,0,FILLED,2025-01-16 13:35:04.0
BUY-1763965650524-003075,TRADER-0075,CRYPTO,BUY,4308.41,2,0,FILLED,2025-01-16 16:37:18.0
BUY-1763965650521-001423,TRADER-0423,CRYPTO,BUY,2568.13,8,0,FILLED,2025-01-15 21:07:03.0
BUY-1763965650526-004615,TRADER-0115,EQUITY,BUY,174.97,71,0,FILLED,2025-01-17 11:40:29.0
BUY-1763965650529-007242,TRADER-0242,FOREX,BUY,5.94,298,0,FILLED,2025-01-18 19:06:29.0
BUY-1763965650528-006542,TRADER-0042,EQUITY,BUY,376.05,32,0,FILLED,2025-01-18 10:15:27.0
BUY-1763965650525-004244,TRADER-0244,FOREX,BUY,9.48,276,0,FILLED,2025-01-17 07:07:37.0
BUY-1763965650520-000982,TRADER-0482,EQUITY,BUY,300.38,288,0,FILLED,2025-01-15 16:16:11.0
BUY-1763965650524-003114,TRADER-0114,EQUITY,BUY,424.0,161,0,FILLED,2025-01-16 17:26:51.0
BUY-1763965650525-003720,TRADER-0220,CRYPTO,BUY,3611.4,13,0,FILLED,2025-01-17 00:32:29.0
BUY-1763965650529-007125,TRADER-0125,EQUITY,BUY,405.2,166,0,FILLED,2025-01-18 17:53:50.0
BUY-1763965650523-002660,TRADER-0160,EQUITY,BUY,230.72,144,0,FILLED,2025-01-16 11:53:44.0
BUY-1763965650523-002285,TRADER-0285,CRYPTO,BUY,3836.01,10,0,FILLED,2025-01-16 07:54:08.0
BUY-1763965650518-000036,TRADER-0036,CRYPTO,BUY,1500.0,32,0,FILLED,2025-01-15 04:30:13.0
BUY-1763965650527-005428,TRADER-0428,FOREX,BUY,7.22,94,0,FILLED,2025-01-17 21:22:16.0
BUY-1763965650529-007174,TRADER-0174,FOREX,BUY,9.06,23,0,FILLED,2025-01-18 17:49:54.0
BUY-1763965650523-002957,TRADER-0457,FOREX,BUY,9.77,64,0,FILLED,2025-01-16 15:23:40.0
BUY-1763965650524-003673,TRADER-0173,EQUITY,BUY,216.4,216,0,FILLED,2025-01-17 00:05:10.0
BUY-1763965650525-004276,TRADER-0276,CRYPTO,BUY,1484.65,14,0,FILLED,2025-01-17 06:55:06.0
BUY-1763965650521-001396,TRADER-0396,CRYPTO,BUY,4298.33,1,0,FILLED,2025-01-15 20:49:59.0
BUY-1763965650525-003813,TRADER-0313,EQUITY,BUY,350.48,207,0,FILLED,2025-01-17 01:23:09.0
BUY-1763965650520-000812,TRADER-0312,EQUITY,BUY,353.35,234,0,FILLED,2025-01-15 13:16:23.0
BUY-1763965650527-005429,TRADER-0429,EQUITY,BUY,179.83,511,0,FILLED,2025-01-17 20:59:18.0
BUY-1763965650525-003967,TRADER-0467,CRYPTO,BUY,2185.09,21,0,FILLED,2025-01-17 03:34:25.0
BUY-1763965650526-004707,TRADER-0207,EQUITY,BUY,302.88,272,0,FILLED,2025-01-17 12:50:29.0
BUY-1763965650527-005381,TRADER-0381,FOREX,BUY,4.32,359,0,FILLED,2025-01-17 20:30:51.0
BUY-1763965650520-000940,TRADER-0440,EQUITY,BUY,222.05,217,0,FILLED,2025-01-15 14:57:10.0
BUY-1763965650528-006208,TRADER-0208,CRYPTO,BUY,3694.71,10,0,FILLED,2025-01-18 06:59:14.0
BUY-1763965650527-005191,TRADER-0191,CRYPTO,BUY,2813.98,8,0,FILLED,2025-01-17 18:45:26.0
BUY-1763965650525-003963,TRADER-0463,CRYPTO,BUY,1114.02,32,0,FILLED,2025-01-17 03:15:49.0
BUY-1763965650522-001906,TRADER-0406,FOREX,BUY,7.7,734,0,FILLED,2025-01-16 03:20:25.0
BUY-1763965650528-005860,TRADER-0360,EQUITY,BUY,137.96,142,0,FILLED,2025-01-18 02:17:47.0
BUY-1763965650527-005223,TRADER-0223,CRYPTO,BUY,3536.07,14,0,FILLED,2025-01-17 18:12:44.0
BUY-1763965650529-007468,TRADER-0468,EQUITY,BUY,370.54,9,0,FILLED,2025-01-18 21:14:37.0
BUY-1763965650527-005248,TRADER-0248,CRYPTO,BUY,1256.72,21,0,FILLED,2025-01-17 19:25:16.0
BUY-1763965650525-004329,TRADER-0329,CRYPTO,BUY,3307.59,9,0,FILLED,2025-01-17 08:23:00.0
BUY-1763965650521-001310,TRADER-0310,EQUITY,BUY,390.94,4,0,FILLED,2025-01-15 19:46:53.0
BUY-1763965650523-002381,TRADER-0381,EQUITY,BUY,292.6,268,0,FILLED,2025-01-16 08:24:07.0
BUY-1763965650523-002565,TRADER-0065,CRYPTO,BUY,3870.99,4,0,FILLED,2025-01-16 10:48:37.0
BUY-1763965650524-003646,TRADER-0146,FOREX,BUY,6.21,344,0,FILLED,2025-01-17 00:03:08.0
BUY-1763965650519-000609,TRADER-0109,FOREX,BUY,6.79,315,0,FILLED,2025-01-15 11:19:34.0
BUY-1763965650524-003026,TRADER-0026,CRYPTO,BUY,1780.8,10,0,FILLED,2025-01-16 16:00:23.0
BUY-1763965650519-000291,TRADER-0291,EQUITY,BUY,150.0,94,0,FILLED,2025-01-15 07:43:19.0
BUY-1763965650526-004750,TRADER-0250,CRYPTO,BUY,3753.91,8,0,FILLED,2025-01-17 12:42:17.0
BUY-1763965650528-006316,TRADER-0316,FOREX,BUY,9.36,404,0,FILLED,2025-01-18 07:45:07.0
BUY-1763965650521-001346,TRADER-0346,CRYPTO,BUY,4675.13,1,0,FILLED,2025-01-15 20:38:52.0
BUY-1763965650518-000029,TRADER-0029,EQUITY,BUY,200.0,31,0,FILLED,2025-01-15 04:03:16.0
BUY-1763965650529-006852,TRADER-0352,FOREX,BUY,8.53,476,0,FILLED,2025-01-18 14:02:46.0
BUY-1763965650529-007277,TRADER-0277,CRYPTO,BUY,1810.3,22,0,FILLED,2025-01-18 19:04:32.0
BUY-1763965650525-003985,TRADER-0485,CRYPTO,BUY,2679.94,4,0,FILLED,2025-01-17 04:13:04.0
BUY-1763965650523-002837,TRADER-0337,EQUITY,BUY,220.31,199,0,FILLED,2025-01-16 14:05:10.0
BUY-1763965650522-001898,TRADER-0398,FOREX,BUY,6.72,311,0,FILLED,2025-01-16 03:02:16.0
BUY-1763965650520-000644,TRADER-0144,CRYPTO,BUY,3497.28,10,0,FILLED,2025-01-15 11:52:36.0
BUY-1763965650523-002944,TRADER-0444,CRYPTO,BUY,3731.34,10,0,FILLED,2025-01-16 15:25:51.0
BUY-1763965650522-001737,TRADER-0237,EQUITY,BUY,420.5,82,0,FILLED,2025-01-16 01:16:48.0
BUY-1763965650529-007416,TRADER-0416,CRYPTO,BUY,1724.98,4,0,FILLED,2025-01-18 21:08:51.0
BUY-1763965650520-000814,TRADER-0314,FOREX,BUY,9.11,864,0,FILLED,2025-01-15 13:20:11.0
BUY-1763965650526-004528,TRADER-0028,EQUITY,BUY,226.98,227,0,FILLED,2025-01-17 10:06:07.0
BUY-1763965650529-007261,TRADER-0261,FOREX,BUY,5.2,984,0,FILLED,2025-01-18 18:52:27.0
BUY-1763965650519-000350,TRADER-0350,EQUITY,BUY,300.0,70,0,FILLED,2025-01-15 08:16:56.0
BUY-1763965650525-003702,TRADER-0202,EQUITY,BUY,161.55,309,0,FILLED,2025-01-17 00:07:36.0
BUY-1763965650523-002582,TRADER-0082,CRYPTO,BUY,1459.51,16,0,FILLED,2025-01-16 10:56:56.0
BUY-1763965650520-000832,TRADER-0332,EQUITY,BUY,193.69,248,0,FILLED,2025-01-15 13:54:57.0
BUY-1763965650526-004553,TRADER-0053,CRYPTO,BUY,3265.73,2,0,FILLED,2025-01-17 10:37:37.0
BUY-1763965650519-000590,TRADER-0090,EQUITY,BUY,224.89,118,0,FILLED,2025-01-15 11:10:07.0
BUY-1763965650527-005254,TRADER-0254,EQUITY,BUY,419.3,61,0,FILLED,2025-01-17 19:32:27.0
BUY-1763965650526-004754,TRADER-0254,EQUITY,BUY,333.41,122,0,FILLED,2025-01-17 13:00:22.0
BUY-1763965650529-007264,TRADER-0264,CRYPTO,BUY,990.1,19,0,FILLED,2025-01-18 19:16:51.0
BUY-1763965650527-005225,TRADER-0225,CRYPTO,BUY,4188.48,3,0,FILLED,2025-01-17 18:51:52.0
BUY-1763965650528-006068,TRADER-0068,EQUITY,BUY,170.02,191,0,FILLED,2025-01-18 04:40:43.0
BUY-1763965650527-005205,TRADER-0205,EQUITY,BUY,378.4,186,0,FILLED,2025-01-17 18:48:50.0
BUY-1763965650523-002577,TRADER-0077,CRYPTO,BUY,2073.86,6,0,FILLED,2025-01-16 10:35:01.0
BUY-1763965650528-006487,TRADER-0487,FOREX,BUY,8.12,502,0,FILLED,2025-01-18 09:51:41.0
BUY-1763965650529-007135,TRADER-0135,FOREX,BUY,9.53,619,0,FILLED,2025-01-18 17:22:19.0
BUY-1763965650525-003975,TRADER-0475,CRYPTO,BUY,743.42,40,0,FILLED,2025-01-17 03:51:01.0
BUY-1763965650526-004398,TRADER-0398,CRYPTO,BUY,2111.22,22,0,FILLED,2025-01-17 09:01:51.0
BUY-1763965650526-004791,TRADER-0291,CRYPTO,BUY,1310.21,9,0,FILLED,2025-01-17 13:30:34.0
BUY-1763965650527-005242,TRADER-0242,CRYPTO,BUY,2893.75,2,0,FILLED,2025-01-17 18:44:00.0
BUY-1763965650521-001264,TRADER-0264,FOREX,BUY,8.46,662,0,FILLED,2025-01-15 19:20:13.0
BUY-1763965650525-004249,TRADER-0249,FOREX,BUY,9.01,206,0,FILLED,2025-01-17 07:12:47.0
BUY-1763965650521-001284,TRADER-0284,FOREX,BUY,5.74,700,0,FILLED,2025-01-15 19:35:14.0
BUY-1763965650525-004375,TRADER-0375,EQUITY,BUY,340.89,213,0,FILLED,2025-01-17 08:31:13.0
BUY-1763965650520-000638,TRADER-0138,CRYPTO,BUY,2843.99,15,0,FILLED,2025-01-15 11:33:26.0
BUY-1763965650524-003662,TRADER-0162,EQUITY,BUY,489.25,62,0,FILLED,2025-01-16 23:53:03.0
BUY-1763965650527-005246,TRADER-0246,CRYPTO,BUY,489.57,70,0,FILLED,2025-01-17 19:19:35.0
BUY-1763965650526-004540,TRADER-0040,EQUITY,BUY,155.48,601,0,FILLED,2025-01-17 10:10:05.0
BUY-1763965650527-005265,TRADER-0265,EQUITY,BUY,472.59,52,0,FILLED,2025-01-17 18:53:52.0
BUY-1763965650525-003683,TRADER-0183,EQUITY,BUY,455.66,85,0,FILLED,2025-01-17 00:28:13.0
BUY-1763965650528-005882,TRADER-0382,FOREX,BUY,6.87,913,0,FILLED,2025-01-18 02:46:43.0
BUY-1763965650529-007448,TRADER-0448,CRYPTO,BUY,4627.66,6,0,FILLED,2025-01-18 21:13:46.0
BUY-1763965650529-007351,TRADER-0351,CRYPTO,BUY,679.46,5,0,FILLED,2025-01-18 19:44:40.0
BUY-1763965650524-003071,TRADER-0071,FOREX,BUY,8.01,890,0,FILLED,2025-01-16 17:10:20.0
BUY-1763965650520-000939,TRADER-0439,CRYPTO,BUY,1349.56,7,0,FILLED,2025-01-15 15:23:58.0
BUY-1763965650522-002082,TRADER-0082,FOREX,BUY,6.94,327,0,FILLED,2025-01-16 05:12:12.0
BUY-1763965650526-004602,TRADER-0102,FOREX,BUY,5.84,706,0,FILLED,2025-01-17 11:38:10.0
BUY-1763965650523-002572,TRADER-0072,FOREX,BUY,5.05,594,0,FILLED,2025-01-16 11:00:29.0
BUY-1763965650523-002597,TRADER-0097,EQUITY,BUY,372.87,172,0,FILLED,2025-01-16 11:04:19.0
BUY-1763965650520-000673,TRADER-0173,EQUITY,BUY,270.99,184,0,FILLED,2025-01-15 11:40:54.0
BUY-1763965650529-006911,TRADER-0411,EQUITY,BUY,325.62,128,0,FILLED,2025-01-18 14:56:54.0
BUY-1763965650520-000665,TRADER-0165,EQUITY,BUY,310.68,70,0,FILLED,2025-01-15 11:41:30.0
BUY-1763965650529-006858,TRADER-0358,FOREX,BUY,9.52,655,0,FILLED,2025-01-18 13:47:50.0
BUY-1763965650519-000605,TRADER-0105,CRYPTO,BUY,2486.01,15,0,FILLED,2025-01-15 11:16:15.0
BUY-1763965650525-003997,TRADER-0497,CRYPTO,BUY,4387.48,1,0,FILLED,2025-01-17 04:13:56.0
BUY-1763965650522-001909,TRADER-0409,FOREX,BUY,6.5,632,0,FILLED,2025-01-16 02:36:49.0
BUY-1763965650523-002564,TRADER-0064,CRYPTO,BUY,2499.22,6,0,FILLED,2025-01-16 10:54:09.0
BUY-1763965650524-003423,TRADER-0423,FOREX,BUY,9.99,758,0,FILLED,2025-01-16 21:22:42.0
BUY-1763965650524-003010,TRADER-0010,FOREX,BUY,5.89,434,0,FILLED,2025-01-16 15:50:39.0
BUY-1763965650527-005380,TRADER-0380,FOREX,BUY,7.21,467,0,FILLED,2025-01-17 20:35:20.0
BUY-1763965650527-005338,TRADER-0338,CRYPTO,BUY,4454.34,2,0,FILLED,2025-01-17 20:08:46.0
BUY-1763965650520-000622,TRADER-0122,EQUITY,BUY,146.89,390,0,FILLED,2025-01-15 11:25:14.0
BUY-1763965650526-004876,TRADER-0376,FOREX,BUY,7.78,556,0,FILLED,2025-01-17 14:53:07.0
BUY-1763965650526-004773,TRADER-0273,FOREX,BUY,6.75,579,0,FILLED,2025-01-17 12:49:52.0
BUY-1763965650520-000633,TRADER-0133,CRYPTO,BUY,423.27,79,0,FILLED,2025-01-15 11:50:44.0
BUY-1763965650522-001762,TRADER-0262,EQUITY,BUY,205.16,440,0,FILLED,2025-01-16 01:23:55.0
BUY-1763965650523-002481,TRADER-0481,FOREX,BUY,8.26,518,0,FILLED,2025-01-16 09:38:57.0
BUY-1763965650520-000934,TRADER-0434,EQUITY,BUY,476.87,185,0,FILLED,2025-01-15 15:33:11.0
BUY-1763965650524-003006,TRADER-0006,FOREX,BUY,4.47,206,0,FILLED,2025-01-16 15:53:48.0
BUY-1763965650528-006175,TRADER-0175,CRYPTO,BUY,1610.99,18,0,FILLED,2025-01-18 06:30:32.0
BUY-1763965650527-005179,TRADER-0179,EQUITY,BUY,224.38,244,0,FILLED,2025-01-17 17:46:07.0
BUY-1763965650526-004994,TRADER-0494,EQUITY,BUY,261.22,366,0,FILLED,2025-01-17 16:03:29.0
BUY-1763965650520-000857,TRADER-0357,CRYPTO,BUY,1815.64,10,0,FILLED,2025-01-15 14:18:17.0
BUY-1763965650522-001768,TRADER-0268,CRYPTO,BUY,4273.73,5,0,FILLED,2025-01-16 01:25:09.0
BUY-1763965650528-006291,TRADER-0291,CRYPTO,BUY,880.47,8,0,FILLED,2025-01-18 07:38:01.0
BUY-1763965650520-000624,TRADER-0124,CRYPTO,BUY,3260.65,4,0,FILLED,2025-01-15 11:21:32.0
BUY-1763965650528-006071,TRADER-0071,EQUITY,BUY,150.63,242,0,FILLED,2025-01-18 04:46:41.0
BUY-1763965650529-006648,TRADER-0148,CRYPTO,BUY,1031.57,1,0,FILLED,2025-01-18 12:10:31.0
BUY-1763965650529-006788,TRADER-0288,CRYPTO,BUY,4417.31,1,0,FILLED,2025-01-18 12:57:42.0
BUY-1763965650522-001611,TRADER-0111,FOREX,BUY,8.71,744,0,FILLED,2025-01-15 23:30:14.0
BUY-1763965650523-002282,TRADER-0282,EQUITY,BUY,280.72,291,0,FILLED,2025-01-16 07:52:14.0
BUY-1763965650520-000704,TRADER-0204,EQUITY,BUY,273.22,324,0,FILLED,2025-01-15 12:26:12.0
BUY-1763965650522-001929,TRADER-0429,EQUITY,BUY,458.83,173,0,FILLED,2025-01-16 03:01:34.0
BUY-1763965650520-000805,TRADER-0305,FOREX,BUY,5.73,964,0,FILLED,2025-01-15 13:12:42.0
BUY-1763965650528-006318,TRADER-0318,FOREX,BUY,9.71,253,0,FILLED,2025-01-18 07:40:37.0
BUY-1763965650526-004550,TRADER-0050,CRYPTO,BUY,4480.73,3,0,FILLED,2025-01-17 10:13:13.0
BUY-1763965650524-003117,TRADER-0117,EQUITY,BUY,394.63,10,0,FILLED,2025-01-16 17:25:54.0
BUY-1763965650527-005341,TRADER-0341,EQUITY,BUY,264.17,327,0,FILLED,2025-01-17 20:33:28.0
BUY-1763965650524-002970,TRADER-0470,CRYPTO,BUY,831.8,39,0,FILLED,2025-01-16 15:09:21.0
BUY-1763965650525-004263,TRADER-0263,CRYPTO,BUY,472.05,39,0,FILLED,2025-01-17 07:25:26.0
BUY-1763965650523-002921,TRADER-0421,FOREX,BUY,5.58,530,0,FILLED,2025-01-16 15:00:32.0
BUY-1763965650528-006163,TRADER-0163,CRYPTO,BUY,3117.66,1,0,FILLED,2025-01-18 05:28:28.0
BUY-1763965650527-005357,TRADER-0357,EQUITY,BUY,461.34,145,0,FILLED,2025-01-17 19:49:23.0
BUY-1763965650522-001692,TRADER-0192,CRYPTO,BUY,3679.44,2,0,FILLED,2025-01-16 00:27:53.0
BUY-1763965650529-006907,TRADER-0407,FOREX,BUY,6.39,476,0,FILLED,2025-01-18 15:12:11.0
BUY-1763965650521-001303,TRADER-0303,EQUITY,BUY,340.46,29,0,FILLED,2025-01-15 19:58:49.0
BUY-1763965650528-006507,TRADER-0007,CRYPTO,BUY,862.81,7,0,FILLED,2025-01-18 09:52:28.0
BUY-1763965650527-005111,TRADER-0111,EQUITY,BUY,175.63,111,0,FILLED,2025-01-17 17:15:07.0
BUY-1763965650526-005039,TRADER-0039,EQUITY,BUY,442.32,126,0,FILLED,2025-01-17 16:54:17.0
BUY-1763965650520-000627,TRADER-0127,CRYPTO,BUY,2886.77,9,0,FILLED,2025-01-15 12:00:06.0
BUY-1763965650528-005929,TRADER-0429,CRYPTO,BUY,4202.42,5,0,FILLED,2025-01-18 03:26:29.0
BUY-1763965650529-007309,TRADER-0309,CRYPTO,BUY,3412.52,9,0,FILLED,2025-01-18 19:21:56.0
BUY-1763965650521-001319,TRADER-0319,CRYPTO,BUY,976.42,9,0,FILLED,2025-01-15 19:23:44.0
BUY-1763965650528-006238,TRADER-0238,CRYPTO,BUY,3453.87,4,0,FILLED,2025-01-18 07:03:11.0
BUY-1763965650526-004450,TRADER-0450,EQUITY,BUY,216.91,294,0,FILLED,2025-01-17 09:00:13.0
BUY-1763965650528-005941,TRADER-0441,CRYPTO,BUY,1710.62,21,0,FILLED,2025-01-18 02:59:08.0
BUY-1763965650522-002096,TRADER-0096,FOREX,BUY,9.0,889,0,FILLED,2025-01-16 05:00:55.0
BUY-1763965650526-004751,TRADER-0251,CRYPTO,BUY,4806.62,6,0,FILLED,2025-01-17 13:17:36.0
BUY-1763965650528-006229,TRADER-0229,FOREX,BUY,6.98,583,0,FILLED,2025-01-18 06:43:14.0
BUY-1763965650524-003674,TRADER-0174,CRYPTO,BUY,3570.57,7,0,FILLED,2025-01-16 23:35:26.0
BUY-1763965650528-005878,TRADER-0378,CRYPTO,BUY,3969.9,8,0,FILLED,2025-01-18 02:41:40.0
BUY-1763965650524-003408,TRADER-0408,FOREX,BUY,9.09,984,0,FILLED,2025-01-16 20:45:48.0
BUY-1763965650528-005885,TRADER-0385,EQUITY,BUY,274.73,248,0,FILLED,2025-01-18 02:46:32.0
BUY-1763965650526-004910,TRADER-0410,CRYPTO,BUY,2910.85,8,0,FILLED,2025-01-17 15:04:00.0
BUY-1763965650525-004250,TRADER-0250,CRYPTO,BUY,3517.38,11,0,FILLED,2025-01-17 06:30:59.0
BUY-1763965650525-003789,TRADER-0289,CRYPTO,BUY,914.8,49,0,FILLED,2025-01-17 01:15:26.0
BUY-1763965650524-003639,TRADER-0139,FOREX,BUY,5.41,671,0,FILLED,2025-01-16 23:25:56.0
BUY-1763965650525-004347,TRADER-0347,CRYPTO,BUY,1811.33,16,0,FILLED,2025-01-17 08:01:37.0
BUY-1763965650520-000810,TRADER-0310,EQUITY,BUY,429.77,178,0,FILLED,2025-01-15 14:07:04.0
BUY-1763965650520-000909,TRADER-0409,EQUITY,BUY,219.92,278,0,FILLED,2025-01-15 14:24:50.0
BUY-1763965650526-004787,TRADER-0287,CRYPTO,BUY,583.42,23,0,FILLED,2025-01-17 13:47:51.0
BUY-1763965650524-003098,TRADER-0098,EQUITY,BUY,404.55,18,0,FILLED,2025-01-16 17:03:18.0
BUY-1763965650528-005936,TRADER-0436,FOREX,BUY,4.46,669,0,FILLED,2025-01-18 03:15:03.0
BUY-1763965650523-002387,TRADER-0387,CRYPTO,BUY,4117.2,3,0,FILLED,2025-01-16 08:45:17.0
BUY-1763965650519-000421,TRADER-0421,EQUITY,BUY,300.0,35,0,FILLED,2025-01-15 08:35:12.0
BUY-1763965650526-004633,TRADER-0133,EQUITY,BUY,395.47,245,0,FILLED,2025-01-17 11:36:49.0
BUY-1763965650525-004245,TRADER-0245,EQUITY,BUY,329.09,87,0,FILLED,2025-01-17 06:43:36.0
BUY-1763965650526-004628,TRADER-0128,CRYPTO,BUY,3493.43,1,0,FILLED,2025-01-17 11:18:20.0
BUY-1763965650520-000637,TRADER-0137,CRYPTO,BUY,4750.41,7,0,FILLED,2025-01-15 11:44:47.0
BUY-1763965650529-007221,TRADER-0221,CRYPTO,BUY,4779.7,1,0,FILLED,2025-01-18 18:50:09.0
BUY-1763965650528-006350,TRADER-0350,EQUITY,BUY,253.8,374,0,FILLED,2025-01-18 07:49:38.0
BUY-1763965650528-006060,TRADER-0060,CRYPTO,BUY,2244.21,16,0,FILLED,2025-01-18 04:52:50.0
BUY-1763965650528-006610,TRADER-0110,CRYPTO,BUY,4318.66,9,0,FILLED,2025-01-18 11:03:44.0
BUY-1763965650529-006675,TRADER-0175,EQUITY,BUY,411.93,73,0,FILLED,2025-01-18 12:35:34.0
BUY-1763965650526-004784,TRADER-0284,CRYPTO,BUY,2991.03,6,0,FILLED,2025-01-17 13:39:31.0
BUY-1763965650528-006594,TRADER-0094,EQUITY,BUY,273.4,151,0,FILLED,2025-01-18 11:27:07.0
BUY-1763965650527-005766,TRADER-0266,CRYPTO,BUY,2929.14,4,0,FILLED,2025-01-18 01:34:49.0
BUY-1763965650522-002069,TRADER-0069,CRYPTO,BUY,2965.78,11,0,FILLED,2025-01-16 04:31:19.0
BUY-1763965650521-001332,TRADER-0332,CRYPTO,BUY,3648.36,7,0,FILLED,2025-01-15 19:45:23.0
BUY-1763965650526-005016,TRADER-0016,EQUITY,BUY,447.0,10,0,FILLED,2025-01-17 15:46:32.0
BUY-1763965650522-002116,TRADER-0116,EQUITY,BUY,264.81,105,0,FILLED,2025-01-16 05:43:11.0
BUY-1763965650523-002931,TRADER-0431,EQUITY,BUY,327.5,4,0,FILLED,2025-01-16 15:38:01.0
BUY-1763965650522-001729,TRADER-0229,CRYPTO,BUY,2384.84,4,0,FILLED,2025-01-16 00:52:57.0
BUY-1763965650519-000594,TRADER-0094,EQUITY,BUY,229.11,183,0,FILLED,2025-01-15 11:18:15.0
BUY-1763965650529-006632,TRADER-0132,CRYPTO,BUY,1894.19,3,0,FILLED,2025-01-18 11:57:51.0
BUY-1763965650527-005776,TRADER-0276,EQUITY,BUY,223.39,155,0,FILLED,2025-01-18 00:57:05.0
BUY-1763965650528-006304,TRADER-0304,EQUITY,BUY,482.54,91,0,FILLED,2025-01-18 07:14:28.0
BUY-1763965650522-001757,TRADER-0257,FOREX,BUY,9.8,841,0,FILLED,2025-01-16 01:01:03.0
BUY-1763965650528-006533,TRADER-0033,CRYPTO,BUY,2920.98,5,0,FILLED,2025-01-18 10:36:50.0
BUY-1763965650526-004396,TRADER-0396,CRYPTO,BUY,1263.06,31,0,FILLED,2025-01-17 08:35:59.0
BUY-1763965650522-001636,TRADER-0136,CRYPTO,BUY,3331.11,13,0,FILLED,2025-01-15 23:51:51.0
BUY-1763965650529-007017,TRADER-0017,CRYPTO,BUY,1919.13,16,0,FILLED,2025-01-18 16:01:47.0
BUY-1763965650521-001341,TRADER-0341,CRYPTO,BUY,2769.67,9,0,FILLED,2025-01-15 20:20:54.0
BUY-1763965650526-004393,TRADER-0393,CRYPTO,BUY,1997.09,4,0,FILLED,2025-01-17 08:47:20.0
BUY-1763965650522-001614,TRADER-0114,EQUITY,BUY,456.78,104,0,FILLED,2025-01-15 23:11:46.0
BUY-1763965650526-004420,TRADER-0420,EQUITY,BUY,463.4,124,0,FILLED,2025-01-17 09:25:42.0
BUY-1763965650526-005006,TRADER-0006,FOREX,BUY,4.92,529,0,FILLED,2025-01-17 16:29:56.0
BUY-1763965650529-007490,TRADER-0490,EQUITY,BUY,140.14,170,0,FILLED,2025-01-18 21:44:23.0
BUY-1763965650524-003080,TRADER-0080,EQUITY,BUY,201.89,32,0,FILLED,2025-01-16 16:32:48.0
BUY-1763965650526-005080,TRADER-0080,CRYPTO,BUY,2990.08,8,0,FILLED,2025-01-17 17:12:23.0
BUY-1763965650527-005089,TRADER-0089,CRYPTO,BUY,4402.04,1,0,FILLED,2025-01-17 17:21:37.0
BUY-1763965650524-003090,TRADER-0090,CRYPTO,BUY,2462.05,11,0,FILLED,2025-01-16 16:52:22.0
BUY-1763965650526-004388,TRADER-0388,CRYPTO,BUY,2172.25,13,0,FILLED,2025-01-17 08:13:27.0
BUY-1763965650526-004459,TRADER-0459,EQUITY,BUY,207.06,84,0,FILLED,2025-01-17 09:11:16.0
BUY-1763965650526-004629,TRADER-0129,EQUITY,BUY,242.64,221,0,FILLED,2025-01-17 11:22:57.0
BUY-1763965650523-002318,TRADER-0318,CRYPTO,BUY,1916.59,2,0,FILLED,2025-01-16 07:29:57.0
BUY-1763965650523-002568,TRADER-0068,FOREX,BUY,8.16,45,0,FILLED,2025-01-16 11:01:35.0
BUY-1763965650519-000300,TRADER-0300,EQUITY,BUY,150.0,102,0,FILLED,2025-01-15 07:43:38.0
BUY-1763965650525-003814,TRADER-0314,CRYPTO,BUY,4544.05,10,0,FILLED,2025-01-17 01:36:29.0
BUY-1763965650529-007127,TRADER-0127,CRYPTO,BUY,3080.56,14,0,FILLED,2025-01-18 17:03:56.0
BUY-1763965650522-002091,TRADER-0091,FOREX,BUY,8.82,103,0,FILLED,2025-01-16 04:36:27.0
BUY-1763965650524-003087,TRADER-0087,EQUITY,BUY,361.54,116,0,FILLED,2025-01-16 17:29:56.0
BUY-1763965650520-000817,TRADER-0317,EQUITY,BUY,476.75,23,0,FILLED,2025-01-15 13:21:58.0
BUY-1763965650528-005911,TRADER-0411,CRYPTO,BUY,1636.42,25,0,FILLED,2025-01-18 02:33:30.0
BUY-1763965650527-005793,TRADER-0293,EQUITY,BUY,294.41,129,0,FILLED,2025-01-18 01:23:26.0
BUY-1763965650523-002382,TRADER-0382,FOREX,BUY,8.46,429,0,FILLED,2025-01-16 08:20:17.0
BUY-1763965650520-000828,TRADER-0328,FOREX,BUY,4.92,918,0,FILLED,2025-01-15 13:29:41.0
BUY-1763965650522-002089,TRADER-0089,EQUITY,BUY,192.27,47,0,FILLED,2025-01-16 05:04:04.0
BUY-1763965650529-006703,TRADER-0203,EQUITY,BUY,224.42,36,0,FILLED,2025-01-18 12:00:17.0
BUY-1763965650523-002509,TRADER-0009,EQUITY,BUY,182.24,282,0,FILLED,2025-01-16 09:57:03.0
BUY-1763965650525-003735,TRADER-0235,FOREX,BUY,6.34,332,0,FILLED,2025-01-17 00:37:54.0
BUY-1763965650524-003106,TRADER-0106,EQUITY,BUY,428.4,49,0,FILLED,2025-01-16 17:09:14.0
BUY-1763965650521-001602,TRADER-0102,EQUITY,BUY,359.41,61,0,FILLED,2025-01-15 23:32:00.0
BUY-1763965650520-000808,TRADER-0308,FOREX,BUY,5.41,627,0,FILLED,2025-01-15 13:27:01.0
BUY-1763965650521-001334,TRADER-0334,EQUITY,BUY,471.2,74,0,FILLED,2025-01-15 20:00:30.0
BUY-1763965650529-007035,TRADER-0035,FOREX,BUY,8.6,56,0,FILLED,2025-01-18 16:48:29.0
BUY-1763965650524-003373,TRADER-0373,EQUITY,BUY,275.64,24,0,FILLED,2025-01-16 19:59:25.0
BUY-1763965650525-003769,TRADER-0269,CRYPTO,BUY,3536.04,10,0,FILLED,2025-01-17 01:01:28.0
BUY-1763965650524-003541,TRADER-0041,CRYPTO,BUY,4861.77,3,0,FILLED,2025-01-16 22:17:51.0
BUY-1763965650529-006917,TRADER-0417,FOREX,BUY,7.9,814,0,FILLED,2025-01-18 15:24:48.0
BUY-1763965650524-003195,TRADER-0195,EQUITY,BUY,463.68,206,0,FILLED,2025-01-16 17:57:09.0
BUY-1763965650523-002518,TRADER-0018,EQUITY,BUY,417.9,135,0,FILLED,2025-01-16 10:20:21.0
BUY-1763965650526-004777,TRADER-0277,FOREX,BUY,8.73,115,0,FILLED,2025-01-17 13:38:21.0
BUY-1763965650523-002491,TRADER-0491,FOREX,BUY,5.54,212,0,FILLED,2025-01-16 10:12:36.0
BUY-1763965650528-006294,TRADER-0294,EQUITY,BUY,476.63,93,0,FILLED,2025-01-18 07:02:59.0
BUY-1763965650524-003023,TRADER-0023,EQUITY,BUY,417.24,76,0,FILLED,2025-01-16 15:55:44.0
BUY-1763965650522-001621,TRADER-0121,FOREX,BUY,5.04,623,0,FILLED,2025-01-15 22:57:32.0
BUY-1763965650525-004379,TRADER-0379,CRYPTO,BUY,1539.18,32,0,FILLED,2025-01-17 08:10:22.0
BUY-1763965650529-007074,TRADER-0074,EQUITY,BUY,278.78,246,0,FILLED,2025-01-18 16:57:10.0
BUY-1763965650526-004766,TRADER-0266,FOREX,BUY,5.06,651,0,FILLED,2025-01-17 13:30:02.0
BUY-1763965650521-001337,TRADER-0337,EQUITY,BUY,210.03,163,0,FILLED,2025-01-15 20:16:18.0
BUY-1763965650526-004386,TRADER-0386,CRYPTO,BUY,3962.53,4,0,FILLED,2025-01-17 08:42:23.0
BUY-1763965650526-004403,TRADER-0403,CRYPTO,BUY,3876.74,1,0,FILLED,2025-01-17 08:42:32.0
BUY-1763965650521-001285,TRADER-0285,CRYPTO,BUY,2207.59,7,0,FILLED,2025-01-15 19:10:59.0
BUY-1763965650526-005021,TRADER-0021,EQUITY,BUY,388.16,173,0,FILLED,2025-01-17 15:46:17.0
BUY-1763965650528-005889,TRADER-0389,FOREX,BUY,9.35,309,0,FILLED,2025-01-18 02:33:49.0
BUY-1763965650528-006584,TRADER-0084,FOREX,BUY,8.65,850,0,FILLED,2025-01-18 10:42:01.0
BUY-1763965650529-007439,TRADER-0439,FOREX,BUY,9.97,814,0,FILLED,2025-01-18 21:16:24.0
BUY-1763965650522-001769,TRADER-0269,FOREX,BUY,6.81,123,0,FILLED,2025-01-16 01:43:12.0
BUY-1763965650521-001316,TRADER-0316,CRYPTO,BUY,4266.26,2,0,FILLED,2025-01-15 19:32:49.0
BUY-1763965650524-002984,TRADER-0484,CRYPTO,BUY,1492.22,32,0,FILLED,2025-01-16 16:11:51.0
BUY-1763965650524-002993,TRADER-0493,CRYPTO,BUY,4555.17,2,0,FILLED,2025-01-16 16:03:30.0
BUY-1763965650526-004971,TRADER-0471,CRYPTO,BUY,3792.92,8,0,FILLED,2025-01-17 15:19:18.0
BUY-1763965650526-004909,TRADER-0409,FOREX,BUY,5.17,397,0,FILLED,2025-01-17 15:07:23.0
BUY-1763965650529-006948,TRADER-0448,FOREX,BUY,5.27,648,0,FILLED,2025-01-18 15:12:10.0
BUY-1763965650524-002975,TRADER-0475,FOREX,BUY,6.04,811,0,FILLED,2025-01-16 15:19:04.0
BUY-1763965650529-006941,TRADER-0441,CRYPTO,BUY,4795.98,6,0,FILLED,2025-01-18 15:02:06.0
BUY-1763965650528-006303,TRADER-0303,EQUITY,BUY,405.61,8,0,FILLED,2025-01-18 07:51:34.0
BUY-1763965650524-003471,TRADER-0471,EQUITY,BUY,382.85,42,0,FILLED,2025-01-16 22:05:03.0
BUY-1763965650526-004932,TRADER-0432,CRYPTO,BUY,4910.24,6,0,FILLED,2025-01-17 14:58:14.0
BUY-1763965650525-003732,TRADER-0232,CRYPTO,BUY,4688.68,3,0,FILLED,2025-01-17 01:16:47.0
BUY-1763965650526-004911,TRADER-0411,FOREX,BUY,8.92,254,0,FILLED,2025-01-17 15:20:07.0
BUY-1763965650526-004797,TRADER-0297,CRYPTO,BUY,3773.81,12,0,FILLED,2025-01-17 13:50:56.0
BUY-1763965650526-004711,TRADER-0211,CRYPTO,BUY,2105.1,14,0,FILLED,2025-01-17 12:53:19.0
BUY-1763965650529-007120,TRADER-0120,FOREX,BUY,8.46,196,0,FILLED,2025-01-18 17:30:47.0
BUY-1763965650528-006300,TRADER-0300,EQUITY,BUY,422.86,120,0,FILLED,2025-01-18 07:58:40.0
BUY-1763965650524-003394,TRADER-0394,EQUITY,BUY,454.55,85,0,FILLED,2025-01-16 21:03:45.0
BUY-1763965650527-005772,TRADER-0272,CRYPTO,BUY,2589.98,11,0,FILLED,2025-01-18 01:11:04.0
BUY-1763965650524-003514,TRADER-0014,CRYPTO,BUY,2759.62,10,0,FILLED,2025-01-16 21:51:18.0
BUY-1763965650520-000833,TRADER-0333,CRYPTO,BUY,3612.73,3,0,FILLED,2025-01-15 13:54:24.0
BUY-1763965650529-007498,TRADER-0498,EQUITY,BUY,243.87,159,0,FILLED,2025-01-18 22:26:25.0
BUY-1763965650520-000826,TRADER-0326,CRYPTO,BUY,3464.35,4,0,FILLED,2025-01-15 13:40:08.0
BUY-1763965650523-002393,TRADER-0393,FOREX,BUY,7.35,51,0,FILLED,2025-01-16 08:44:01.0
BUY-1763965650523-002496,TRADER-0496,EQUITY,BUY,279.75,157,0,FILLED,2025-01-16 10:20:53.0
BUY-1763965650528-006511,TRADER-0011,CRYPTO,BUY,435.59,58,0,FILLED,2025-01-18 10:03:49.0
BUY-1763965650523-002519,TRADER-0019,CRYPTO,BUY,1166.0,12,0,FILLED,2025-01-16 09:56:09.0
BUY-1763965650524-003436,TRADER-0436,FOREX,BUY,5.2,256,0,FILLED,2025-01-16 21:35:08.0
BUY-1763965650528-006335,TRADER-0335,CRYPTO,BUY,1533.07,22,0,FILLED,2025-01-18 07:59:45.0
BUY-1763965650529-007434,TRADER-0434,CRYPTO,BUY,1659.46,7,0,FILLED,2025-01-18 20:44:29.0
BUY-1763965650525-004378,TRADER-0378,CRYPTO,BUY,3716.14,4,0,FILLED,2025-01-17 08:49:21.0
BUY-1763965650526-004631,TRADER-0131,CRYPTO,BUY,442.53,15,0,FILLED,2025-01-17 11:49:47.0
BUY-1763965650523-002278,TRADER-0278,EQUITY,BUY,207.18,356,0,FILLED,2025-01-16 07:34:06.0
BUY-1763965650522-002088,TRADER-0088,CRYPTO,BUY,488.71,38,0,FILLED,2025-01-16 04:50:02.0
BUY-1763965650526-004799,TRADER-0299,CRYPTO,BUY,2833.05,5,0,FILLED,2025-01-17 14:04:18.0
BUY-1763965650529-007115,TRADER-0115,FOREX,BUY,8.77,668,0,FILLED,2025-01-18 17:23:18.0
BUY-1763965650528-006299,TRADER-0299,EQUITY,BUY,270.37,180,0,FILLED,2025-01-18 07:51:15.0
BUY-1763965650523-002366,TRADER-0366,CRYPTO,BUY,3383.58,13,0,FILLED,2025-01-16 08:39:55.0
BUY-1763965650521-001309,TRADER-0309,CRYPTO,BUY,1082.29,32,0,FILLED,2025-01-15 19:35:22.0
BUY-1763965650528-006319,TRADER-0319,EQUITY,BUY,461.54,145,0,FILLED,2025-01-18 07:25:43.0
BUY-1763965650529-007406,TRADER-0406,FOREX,BUY,5.01,27,0,FILLED,2025-01-18 20:54:45.0
BUY-1763965650522-001861,TRADER-0361,EQUITY,BUY,318.28,65,0,FILLED,2025-01-16 02:23:53.0
BUY-1763965650528-006297,TRADER-0297,EQUITY,BUY,169.93,97,0,FILLED,2025-01-18 07:14:06.0
BUY-1763965650521-001311,TRADER-0311,EQUITY,BUY,360.42,45,0,FILLED,2025-01-15 20:03:39.0
BUY-1763965650523-002890,TRADER-0390,FOREX,BUY,7.1,283,0,FILLED,2025-01-16 14:49:11.0
BUY-1763965650528-005912,TRADER-0412,FOREX,BUY,9.06,44,0,FILLED,2025-01-18 03:24:43.0
BUY-1763965650529-006931,TRADER-0431,FOREX,BUY,7.35,766,0,FILLED,2025-01-18 15:08:31.0
BUY-1763965650521-001340,TRADER-0340,CRYPTO,BUY,1456.8,9,0,FILLED,2025-01-15 19:51:41.0
BUY-1763965650523-002584,TRADER-0084,CRYPTO,BUY,3303.48,5,0,FILLED,2025-01-16 11:08:07.0
BUY-1763965650525-003791,TRADER-0291,EQUITY,BUY,137.55,105,0,FILLED,2025-01-17 01:46:51.0
BUY-1763965650522-002064,TRADER-0064,EQUITY,BUY,265.96,195,0,FILLED,2025-01-16 04:33:52.0
BUY-1763965650524-002982,TRADER-0482,EQUITY,BUY,402.2,83,0,FILLED,2025-01-16 15:33:11.0
BUY-1763965650529-006932,TRADER-0432,FOREX,BUY,8.36,365,0,FILLED,2025-01-18 15:05:20.0
BUY-1763965650528-005852,TRADER-0352,FOREX,BUY,4.8,465,0,FILLED,2025-01-18 02:02:46.0
BUY-1763965650520-000845,TRADER-0345,FOREX,BUY,9.3,717,0,FILLED,2025-01-15 14:00:04.0
BUY-1763965650527-005797,TRADER-0297,EQUITY,BUY,398.43,121,0,FILLED,2025-01-18 01:48:19.0
BUY-1763965650526-004405,TRADER-0405,FOREX,BUY,5.1,508,0,FILLED,2025-01-17 09:13:29.0
BUY-1763965650522-001719,TRADER-0219,CRYPTO,BUY,4433.42,2,0,FILLED,2025-01-16 01:03:48.0
BUY-1763965650528-006240,TRADER-0240,FOREX,BUY,4.84,599,0,FILLED,2025-01-18 06:54:18.0
BUY-1763965650526-004922,TRADER-0422,EQUITY,BUY,406.27,163,0,FILLED,2025-01-17 14:48:02.0
BUY-1763965650528-006356,TRADER-0356,EQUITY,BUY,410.1,41,0,FILLED,2025-01-18 08:18:23.0
BUY-1763965650526-004522,TRADER-0022,EQUITY,BUY,468.6,128,0,FILLED,2025-01-17 10:06:13.0
BUY-1763965650529-006953,TRADER-0453,FOREX,BUY,6.79,559,0,FILLED,2025-01-18 15:34:58.0
BUY-1763965650529-006954,TRADER-0454,FOREX,BUY,6.32,593,0,FILLED,2025-01-18 15:52:34.0
BUY-1763965650522-002148,TRADER-0148,CRYPTO,BUY,1334.15,12,0,FILLED,2025-01-16 05:27:40.0
BUY-1763965650529-007140,TRADER-0140,EQUITY,BUY,445.66,158,0,FILLED,2025-01-18 17:46:44.0
BUY-1763965650528-006484,TRADER-0484,FOREX,BUY,4.98,788,0,FILLED,2025-01-18 09:32:25.0
BUY-1763965650520-000944,TRADER-0444,CRYPTO,BUY,3562.44,8,0,FILLED,2025-01-15 15:44:46.0
BUY-1763965650526-004467,TRADER-0467,CRYPTO,BUY,2861.78,14,0,FILLED,2025-01-17 09:39:26.0
BUY-1763965650528-006474,TRADER-0474,CRYPTO,BUY,3048.8,1,0,FILLED,2025-01-18 10:00:18.0
BUY-1763965650528-006388,TRADER-0388,CRYPTO,BUY,4887.18,2,0,FILLED,2025-01-18 08:23:34.0
BUY-1763965650526-004413,TRADER-0413,CRYPTO,BUY,3251.8,7,0,FILLED,2025-01-17 08:41:59.0
BUY-1763965650526-005012,TRADER-0012,FOREX,BUY,6.04,726,0,FILLED,2025-01-17 15:47:19.0
BUY-1763965650529-007122,TRADER-0122,EQUITY,BUY,317.69,251,0,FILLED,2025-01-18 17:11:32.0
BUY-1763965650528-006315,TRADER-0315,CRYPTO,BUY,4244.95,7,0,FILLED,2025-01-18 07:47:20.0
BUY-1763965650526-004595,TRADER-0095,FOREX,BUY,7.1,856,0,FILLED,2025-01-17 11:22:26.0
BUY-1763965650528-006064,TRADER-0064,CRYPTO,BUY,4985.58,6,0,FILLED,2025-01-18 04:48:26.0
BUY-1763965650525-003748,TRADER-0248,CRYPTO,BUY,4282.25,9,0,FILLED,2025-01-17 00:58:35.0
BUY-1763965650525-003773,TRADER-0273,CRYPTO,BUY,2252.31,18,0,FILLED,2025-01-17 01:12:27.0
BUY-1763965650526-004771,TRADER-0271,CRYPTO,BUY,1323.51,14,0,FILLED,2025-01-17 13:21:59.0
BUY-1763965650522-002023,TRADER-0023,FOREX,BUY,9.75,478,0,FILLED,2025-01-16 04:28:13.0
BUY-1763965650522-002213,TRADER-0213,CRYPTO,BUY,1751.28,24,0,FILLED,2025-01-16 06:48:03.0
BUY-1763965650523-002267,TRADER-0267,CRYPTO,BUY,1687.13,14,0,FILLED,2025-01-16 06:50:04.0
BUY-1763965650526-004958,TRADER-0458,EQUITY,BUY,236.0,199,0,FILLED,2025-01-17 15:56:25.0
BUY-1763965650519-000154,TRADER-0154,CRYPTO,BUY,1000.0,10,0,FILLED,2025-01-15 05:56:48.0
BUY-1763965650526-005042,TRADER-0042,FOREX,BUY,5.83,872,0,FILLED,2025-01-17 16:46:31.0
BUY-1763965650528-006614,TRADER-0114,FOREX,BUY,5.98,331,0,FILLED,2025-01-18 11:15:04.0
BUY-1763965650526-004440,TRADER-0440,FOREX,BUY,7.21,435,0,FILLED,2025-01-17 09:46:01.0
BUY-1763965650528-006558,TRADER-0058,FOREX,BUY,6.47,394,0,FILLED,2025-01-18 10:36:21.0
BUY-1763965650526-004419,TRADER-0419,FOREX,BUY,6.98,678,0,FILLED,2025-01-17 08:53:50.0
BUY-1763965650527-005366,TRADER-0366,FOREX,BUY,8.56,674,0,FILLED,2025-01-17 20:07:29.0
BUY-1763965650529-007496,TRADER-0496,CRYPTO,BUY,4166.38,2,0,FILLED,2025-01-18 22:04:56.0
BUY-1763965650523-002347,TRADER-0347,FOREX,BUY,7.01,746,0,FILLED,2025-01-16 08:15:28.0
BUY-1763965650529-006689,TRADER-0189,FOREX,BUY,9.5,142,0,FILLED,2025-01-18 12:46:00.0
BUY-1763965650525-004333,TRADER-0333,EQUITY,BUY,467.11,117,0,FILLED,2025-01-17 08:12:06.0
BUY-1763965650523-002500,TRADER-0000,CRYPTO,BUY,1124.35,19,0,FILLED,2025-01-16 09:49:56.0
BUY-1763965650525-004230,TRADER-0230,FOREX,BUY,6.28,8,0,FILLED,2025-01-17 06:47:53.0
BUY-1763965650528-006167,TRADER-0167,EQUITY,BUY,295.0,38,0,FILLED,2025-01-18 05:34:38.0
BUY-1763965650529-007372,TRADER-0372,CRYPTO,BUY,3147.45,8,0,FILLED,2025-01-18 20:05:59.0
BUY-1763965650525-003863,TRADER-0363,CRYPTO,BUY,1844.43,8,0,FILLED,2025-01-17 02:33:54.0
BUY-1763965650519-000268,TRADER-0268,EQUITY,BUY,300.0,13,0,FILLED,2025-01-15 07:19:59.0
BUY-1763965650520-000680,TRADER-0180,EQUITY,BUY,230.67,219,0,FILLED,2025-01-15 12:19:45.0
BUY-1763965650525-003828,TRADER-0328,CRYPTO,BUY,2139.23,12,0,FILLED,2025-01-17 01:32:39.0
