OrderId,TraderId,TradeType,OrderType,Price,Quantity,RemainingQuantity,Status,Timestamp
BUY-1763965650526-004688,TRADER-0188,FOREX,BUY,1.42,844,844,PENDING,2025-01-17 12:29:13.0
BUY-1763965650521-001453,TRADER-0453,FOREX,BUY,4.16,892,892,PENDING,2025-01-15 21:06:12.0
BUY-1763965650522-002037,TRADER-0037,CRYPTO,BUY,337.34,131,131,PENDING,2025-01-16 04:10:04.0
BUY-1763965650519-000269,TRADER-0269,FOREX,BUY,3.5,61,61,PENDING,2025-01-15 07:03:37.0
BUY-1763965650519-000521,TRADER-0021,FOREX,BUY,2.67,18,18,PENDING,2025-01-15 10:28:56.0
BUY-1763965650518-000149,TRADER-0149,FOREX,BUY,3.5,13,13,PENDING,2025-01-15 05:25:10.0
BUY-1763965650520-000894,TRADER-0394,FOREX,BUY,1.71,986,986,PENDING,2025-01-15 14:23:19.0
BUY-1763965650519-000417,TRADER-0417,FOREX,BUY,3.0,87,87,PENDING,2025-01-15 09:03:47.0
BUY-1763965650522-001846,TRADER-0346,FOREX,BUY,1.5,269,269,PENDING,2025-01-16 01:51:28.0
BUY-1763965650523-002621,TRADER-0121,FOREX,BUY,1.85,570,570,PENDING,2025-01-16 11:23:46.0
BUY-1763965650526-004653,TRADER-0153,CRYPTO,BUY,266.36,168,168,PENDING,2025-01-17 12:01:31.0
BUY-1763965650520-000896,TRADER-0396,EQUITY,BUY,87.28,796,796,PENDING,2025-01-15 14:40:41.0
BUY-1763965650522-001831,TRADER-0331,EQUITY,BUY,64.7,477,477,PENDING,2025-01-16 02:11:02.0
BUY-1763965650526-004670,TRADER-0170,EQUITY,BUY,54.74,124,124,PENDING,2025-01-17 12:20:16.0
BUY-1763965650522-001771,TRADER-0271,EQUITY,BUY,107.45,637,637,PENDING,2025-01-16 01:08:49.0
BUY-1763965650521-001466,TRADER-0466,CRYPTO,BUY,180.93,175,175,PENDING,2025-01-15 21:10:19.0
BUY-1763965650522-001630,TRADER-0130,EQUITY,BUY,126.33,342,342,PENDING,2025-01-15 23:39:09.0
BUY-1763965650523-002847,TRADER-0347,FOREX,BUY,3.58,883,883,PENDING,2025-01-16 13:46:50.0
BUY-1763965650524-003100,TRADER-0100,FOREX,BUY,1.84,285,285,PENDING,2025-01-16 17:23:25.0
BUY-1763965650519-000282,TRADER-0282,FOREX,BUY,1.5,33,33,PENDING,2025-01-15 06:58:25.0
BUY-1763965650521-001361,TRADER-0361,FOREX,BUY,1.71,367,367,PENDING,2025-01-15 20:09:08.0
BUY-1763965650519-000439,TRADER-0439,FOREX,BUY,2.0,91,91,PENDING,2025-01-15 08:53:17.0
BUY-1763965650526-004715,TRADER-0215,FOREX,BUY,2.11,398,398,PENDING,2025-01-17 12:22:06.0
BUY-1763965650523-002751,TRADER-0251,FOREX,BUY,2.75,216,216,PENDING,2025-01-16 13:06:58.0
BUY-1763965650518-000141,TRADER-0141,FOREX,BUY,3.0,35,35,PENDING,2025-01-15 05:53:50.0
BUY-1763965650525-004040,TRADER-0040,EQUITY,BUY,86.69,701,701,PENDING,2025-01-17 04:51:52.0
BUY-1763965650518-000076,TRADER-0076,FOREX,BUY,2.5,12,12,PENDING,2025-01-15 05:22:56.0
BUY-1763965650523-002806,TRADER-0306,CRYPTO,BUY,115.61,184,184,PENDING,2025-01-16 14:09:57.0
BUY-1763965650522-001790,TRADER-0290,FOREX,BUY,2.14,820,820,PENDING,2025-01-16 01:55:38.0
BUY-1763965650525-004144,TRADER-0144,EQUITY,BUY,106.74,925,925,PENDING,2025-01-17 05:37:09.0
BUY-1763965650518-000145,TRADER-0145,FOREX,BUY,3.5,25,25,PENDING,2025-01-15 05:29:18.0
BUY-1763965650526-004823,TRADER-0323,FOREX,BUY,2.41,774,774,PENDING,2025-01-17 13:24:53.0
BUY-1763965650524-003421,TRADER-0421,EQUITY,BUY,67.16,732,732,PENDING,2025-01-16 21:16:19.0
BUY-1763965650524-003194,TRADER-0194,FOREX,BUY,3.94,875,875,PENDING,2025-01-16 18:38:37.0
BUY-1763965650525-003966,TRADER-0466,EQUITY,BUY,79.22,444,444,PENDING,2025-01-17 03:42:43.0
BUY-1763965650521-001343,TRADER-0343,FOREX,BUY,3.84,975,975,PENDING,2025-01-15 20:33:19.0
BUY-1763965650526-004987,TRADER-0487,EQUITY,BUY,70.79,143,143,PENDING,2025-01-17 16:00:40.0
BUY-1763965650522-001654,TRADER-0154,EQUITY,BUY,86.39,237,237,PENDING,2025-01-15 23:22:37.0
BUY-1763965650520-000762,TRADER-0262,CRYPTO,BUY,408.78,81,81,PENDING,2025-01-15 13:22:16.0
BUY-1763965650521-001323,TRADER-0323,FOREX,BUY,1.67,638,638,PENDING,2025-01-15 19:58:56.0
BUY-1763965650519-000412,TRADER-0412,FOREX,BUY,3.5,27,27,PENDING,2025-01-15 09:17:10.0
BUY-1763965650524-003211,TRADER-0211,FOREX,BUY,1.06,753,753,PENDING,2025-01-16 19:01:42.0
BUY-1763965650521-001534,TRADER-0034,FOREX,BUY,2.88,381,381,PENDING,2025-01-15 22:02:10.0
BUY-1763965650519-000384,TRADER-0384,EQUITY,BUY,100.0,42,42,PENDING,2025-01-15 08:47:50.0
BUY-1763965650521-001164,TRADER-0164,FOREX,BUY,1.3,814,814,PENDING,2025-01-15 18:05:42.0
BUY-1763965650521-001400,TRADER-0400,FOREX,BUY,3.28,29,29,PENDING,2025-01-15 21:15:19.0
BUY-1763965650519-000323,TRADER-0323,FOREX,BUY,2.0,28,28,PENDING,2025-01-15 07:42:19.0
BUY-1763965650523-002860,TRADER-0360,EQUITY,BUY,83.59,289,289,PENDING,2025-01-16 14:37:20.0
BUY-1763965650526-004563,TRADER-0063,EQUITY,BUY,56.24,294,294,PENDING,2025-01-17 11:09:16.0
BUY-1763965650522-001844,TRADER-0344,FOREX,BUY,1.97,91,91,PENDING,2025-01-16 02:36:48.0
BUY-1763965650524-003156,TRADER-0156,CRYPTO,BUY,287.48,71,71,PENDING,2025-01-16 17:36:51.0
BUY-1763965650519-000334,TRADER-0334,FOREX,BUY,3.5,62,62,PENDING,2025-01-15 08:18:40.0
BUY-1763965650524-003456,TRADER-0456,EQUITY,BUY,87.55,41,41,PENDING,2025-01-16 21:06:39.0
BUY-1763965650523-002631,TRADER-0131,EQUITY,BUY,70.94,307,307,PENDING,2025-01-16 11:38:53.0
BUY-1763965650521-001543,TRADER-0043,FOREX,BUY,1.02,865,865,PENDING,2025-01-15 22:42:31.0
BUY-1763965650525-003926,TRADER-0426,FOREX,BUY,3.56,626,626,PENDING,2025-01-17 03:02:27.0
BUY-1763965650521-001375,TRADER-0375,FOREX,BUY,2.45,93,93,PENDING,2025-01-15 20:16:58.0
BUY-1763965650524-003367,TRADER-0367,FOREX,BUY,3.39,236,236,PENDING,2025-01-16 20:41:11.0
BUY-1763965650519-000285,TRADER-0285,EQUITY,BUY,100.0,98,98,PENDING,2025-01-15 07:16:26.0
BUY-1763965650524-003215,TRADER-0215,FOREX,BUY,3.43,591,591,PENDING,2025-01-16 18:56:48.0
BUY-1763965650526-004562,TRADER-0062,EQUITY,BUY,65.64,732,732,PENDING,2025-01-17 11:05:36.0
BUY-1763965650521-001200,TRADER-0200,EQUITY,BUY,112.28,711,711,PENDING,2025-01-15 18:11:20.0
BUY-1763965650521-001182,TRADER-0182,FOREX,BUY,3.42,495,495,PENDING,2025-01-15 18:30:28.0
BUY-1763965650524-003209,TRADER-0209,FOREX,BUY,3.55,966,966,PENDING,2025-01-16 18:03:41.0
BUY-1763965650518-000080,TRADER-0080,FOREX,BUY,3.0,77,77,PENDING,2025-01-15 05:01:39.0
BUY-1763965650525-004211,TRADER-0211,FOREX,BUY,3.06,59,59,PENDING,2025-01-17 06:03:49.0
BUY-1763965650525-003949,TRADER-0449,EQUITY,BUY,59.24,778,778,PENDING,2025-01-17 03:29:27.0
BUY-1763965650524-003371,TRADER-0371,FOREX,BUY,3.79,261,261,PENDING,2025-01-16 20:52:26.0
BUY-1763965650522-001848,TRADER-0348,FOREX,BUY,1.47,558,558,PENDING,2025-01-16 02:20:34.0
BUY-1763965650521-001530,TRADER-0030,EQUITY,BUY,56.9,955,955,PENDING,2025-01-15 22:18:47.0
BUY-1763965650525-004218,TRADER-0218,EQUITY,BUY,85.77,825,825,PENDING,2025-01-17 06:13:20.0
BUY-1763965650521-001500,TRADER-0000,EQUITY,BUY,104.43,792,792,PENDING,2025-01-15 22:22:40.0
BUY-1763965650523-002674,TRADER-0174,FOREX,BUY,2.83,642,642,PENDING,2025-01-16 12:27:12.0
BUY-1763965650521-001218,TRADER-0218,EQUITY,BUY,97.8,388,388,PENDING,2025-01-15 19:01:07.0
BUY-1763965650526-005051,TRADER-0051,FOREX,BUY,3.78,666,666,PENDING,2025-01-17 16:42:08.0
BUY-1763965650524-003448,TRADER-0448,EQUITY,BUY,69.69,63,63,PENDING,2025-01-16 21:24:26.0
BUY-1763965650524-003271,TRADER-0271,EQUITY,BUY,102.43,370,370,PENDING,2025-01-16 18:55:52.0
BUY-1763965650526-004677,TRADER-0177,EQUITY,BUY,88.45,383,383,PENDING,2025-01-17 11:45:59.0
BUY-1763965650526-004697,TRADER-0197,EQUITY,BUY,59.38,902,902,PENDING,2025-01-17 12:50:01.0
BUY-1763965650521-001143,TRADER-0143,FOREX,BUY,2.43,804,804,PENDING,2025-01-15 17:52:32.0
BUY-1763965650519-000463,TRADER-0463,FOREX,BUY,3.0,54,54,PENDING,2025-01-15 09:53:42.0
BUY-1763965650525-004266,TRADER-0266,EQUITY,BUY,63.42,760,760,PENDING,2025-01-17 06:51:46.0
BUY-1763965650526-004655,TRADER-0155,EQUITY,BUY,110.78,227,227,PENDING,2025-01-17 11:58:20.0
BUY-1763965650521-001333,TRADER-0333,FOREX,BUY,2.67,583,583,PENDING,2025-01-15 20:09:34.0
BUY-1763965650526-005061,TRADER-0061,EQUITY,BUY,125.48,482,482,PENDING,2025-01-17 16:26:54.0
BUY-1763965650524-003365,TRADER-0365,FOREX,BUY,3.75,507,507,PENDING,2025-01-16 19:57:10.0
BUY-1763965650519-000336,TRADER-0336,FOREX,BUY,1.5,90,90,PENDING,2025-01-15 07:56:06.0
BUY-1763965650523-002377,TRADER-0377,EQUITY,BUY,84.45,150,150,PENDING,2025-01-16 08:14:55.0
BUY-1763965650523-002417,TRADER-0417,FOREX,BUY,1.24,10,10,PENDING,2025-01-16 08:31:12.0
BUY-1763965650524-003176,TRADER-0176,FOREX,BUY,2.68,124,124,PENDING,2025-01-16 17:42:13.0
BUY-1763965650525-004100,TRADER-0100,FOREX,BUY,3.13,763,763,PENDING,2025-01-17 04:57:31.0
BUY-1763965650522-001644,TRADER-0144,FOREX,BUY,1.98,973,973,PENDING,2025-01-15 23:31:34.0
BUY-1763965650526-004977,TRADER-0477,FOREX,BUY,3.14,354,354,PENDING,2025-01-17 15:46:54.0
BUY-1763965650524-003247,TRADER-0247,FOREX,BUY,2.72,290,290,PENDING,2025-01-16 18:56:47.0
BUY-1763965650524-003466,TRADER-0466,EQUITY,BUY,87.98,546,546,PENDING,2025-01-16 21:49:42.0
BUY-1763965650521-001222,TRADER-0222,EQUITY,BUY,108.81,514,514,PENDING,2025-01-15 18:48:35.0
BUY-1763965650525-004293,TRADER-0293,FOREX,BUY,1.21,468,468,PENDING,2025-01-17 07:46:50.0
BUY-1763965650525-003872,TRADER-0372,EQUITY,BUY,67.45,437,437,PENDING,2025-01-17 02:45:22.0
BUY-1763965650527-005133,TRADER-0133,EQUITY,BUY,73.81,104,104,PENDING,2025-01-17 17:21:36.0
BUY-1763965650522-002006,TRADER-0006,EQUITY,BUY,63.25,970,970,PENDING,2025-01-16 03:56:17.0
BUY-1763965650519-000394,TRADER-0394,FOREX,BUY,2.0,65,65,PENDING,2025-01-15 08:48:05.0
BUY-1763965650528-006360,TRADER-0360,FOREX,BUY,2.12,864,864,PENDING,2025-01-18 08:24:14.0
BUY-1763965650527-005557,TRADER-0057,FOREX,BUY,1.45,306,306,PENDING,2025-01-17 22:40:23.0
BUY-1763965650522-002246,TRADER-0246,CRYPTO,BUY,353.35,116,116,PENDING,2025-01-16 06:38:27.0
BUY-1763965650527-005640,TRADER-0140,EQUITY,BUY,78.51,90,90,PENDING,2025-01-18 00:08:11.0
BUY-1763965650527-005664,TRADER-0164,CRYPTO,BUY,105.91,61,61,PENDING,2025-01-17 23:44:27.0
BUY-1763965650527-005330,TRADER-0330,FOREX,BUY,1.77,1000,1000,PENDING,2025-01-17 20:19:30.0
BUY-1763965650523-002262,TRADER-0262,EQUITY,BUY,67.61,760,760,PENDING,2025-01-16 06:48:11.0
BUY-1763965650526-004482,TRADER-0482,EQUITY,BUY,78.21,45,45,PENDING,2025-01-17 09:29:11.0
BUY-1763965650523-002420,TRADER-0420,FOREX,BUY,1.16,273,273,PENDING,2025-01-16 08:59:45.0
BUY-1763965650524-003254,TRADER-0254,CRYPTO,BUY,282.29,171,171,PENDING,2025-01-16 19:30:34.0
BUY-1763965650522-001970,TRADER-0470,FOREX,BUY,3.05,346,346,PENDING,2025-01-16 03:35:09.0
BUY-1763965650521-001278,TRADER-0278,FOREX,BUY,1.15,109,109,PENDING,2025-01-15 19:00:10.0
BUY-1763965650527-005611,TRADER-0111,EQUITY,BUY,101.13,856,856,PENDING,2025-01-17 23:49:50.0
BUY-1763965650526-004627,TRADER-0127,FOREX,BUY,3.52,108,108,PENDING,2025-01-17 11:36:51.0
BUY-1763965650519-000465,TRADER-0465,FOREX,BUY,3.5,36,36,PENDING,2025-01-15 09:47:45.0
BUY-1763965650523-002541,TRADER-0041,FOREX,BUY,3.63,724,724,PENDING,2025-01-16 10:24:51.0
BUY-1763965650525-003908,TRADER-0408,EQUITY,BUY,52.49,202,202,PENDING,2025-01-17 02:47:59.0
BUY-1763965650527-005359,TRADER-0359,FOREX,BUY,3.32,421,421,PENDING,2025-01-17 20:09:34.0
BUY-1763965650529-007402,TRADER-0402,FOREX,BUY,2.65,44,44,PENDING,2025-01-18 21:05:16.0
BUY-1763965650524-003446,TRADER-0446,FOREX,BUY,2.0,561,561,PENDING,2025-01-16 21:31:57.0
BUY-1763965650523-002828,TRADER-0328,FOREX,BUY,2.88,36,36,PENDING,2025-01-16 14:02:58.0
BUY-1763965650528-006082,TRADER-0082,EQUITY,BUY,72.44,87,87,PENDING,2025-01-18 04:49:38.0
BUY-1763965650529-007449,TRADER-0449,EQUITY,BUY,108.29,798,798,PENDING,2025-01-18 21:29:39.0
BUY-1763965650527-005446,TRADER-0446,FOREX,BUY,1.04,751,751,PENDING,2025-01-17 21:18:32.0
BUY-1763965650522-001922,TRADER-0422,EQUITY,BUY,110.23,11,11,PENDING,2025-01-16 03:19:14.0
BUY-1763965650526-004731,TRADER-0231,FOREX,BUY,1.59,950,950,PENDING,2025-01-17 12:57:22.0
BUY-1763965650528-006094,TRADER-0094,FOREX,BUY,3.04,27,27,PENDING,2025-01-18 05:14:12.0
BUY-1763965650524-003312,TRADER-0312,EQUITY,BUY,121.27,501,501,PENDING,2025-01-16 19:18:35.0
BUY-1763965650528-006123,TRADER-0123,FOREX,BUY,2.33,271,271,PENDING,2025-01-18 05:55:28.0
BUY-1763965650529-007401,TRADER-0401,FOREX,BUY,2.33,252,252,PENDING,2025-01-18 20:56:42.0
BUY-1763965650527-005345,TRADER-0345,EQUITY,BUY,133.87,418,418,PENDING,2025-01-17 20:33:04.0
BUY-1763965650527-005448,TRADER-0448,EQUITY,BUY,53.23,365,365,PENDING,2025-01-17 20:58:20.0
BUY-1763965650529-007113,TRADER-0113,EQUITY,BUY,98.2,302,302,PENDING,2025-01-18 16:58:35.0
BUY-1763965650527-005504,TRADER-0004,EQUITY,BUY,60.19,126,126,PENDING,2025-01-17 22:17:47.0
BUY-1763965650529-007124,TRADER-0124,EQUITY,BUY,97.0,279,279,PENDING,2025-01-18 17:31:19.0
BUY-1763965650519-000436,TRADER-0436,FOREX,BUY,2.0,61,61,PENDING,2025-01-15 09:43:16.0
BUY-1763965650529-007460,TRADER-0460,FOREX,BUY,2.31,521,521,PENDING,2025-01-18 21:12:15.0
BUY-1763965650518-000125,TRADER-0125,FOREX,BUY,2.0,85,85,PENDING,2025-01-15 05:17:54.0
BUY-1763965650529-007223,TRADER-0223,FOREX,BUY,3.33,357,357,PENDING,2025-01-18 18:30:38.0
BUY-1763965650528-006140,TRADER-0140,FOREX,BUY,1.13,312,312,PENDING,2025-01-18 06:02:37.0
BUY-1763965650523-002907,TRADER-0407,FOREX,BUY,4.12,405,405,PENDING,2025-01-16 14:24:51.0
BUY-1763965650529-006656,TRADER-0156,FOREX,BUY,2.82,466,466,PENDING,2025-01-18 12:17:25.0
BUY-1763965650529-007109,TRADER-0109,EQUITY,BUY,71.42,231,231,PENDING,2025-01-18 17:25:40.0
BUY-1763965650522-001924,TRADER-0424,FOREX,BUY,3.0,324,324,PENDING,2025-01-16 03:32:10.0
BUY-1763965650519-000254,TRADER-0254,FOREX,BUY,2.0,93,93,PENDING,2025-01-15 07:06:35.0
BUY-1763965650529-006651,TRADER-0151,EQUITY,BUY,120.62,353,353,PENDING,2025-01-18 11:31:45.0
BUY-1763965650521-001083,TRADER-0083,FOREX,BUY,1.36,670,670,PENDING,2025-01-15 16:44:13.0
BUY-1763965650519-000304,TRADER-0304,FOREX,BUY,3.5,57,57,PENDING,2025-01-15 08:05:39.0
BUY-1763965650528-006244,TRADER-0244,FOREX,BUY,1.37,672,672,PENDING,2025-01-18 06:35:40.0
BUY-1763965650528-006095,TRADER-0095,FOREX,BUY,1.74,104,104,PENDING,2025-01-18 05:20:07.0
BUY-1763965650528-006274,TRADER-0274,FOREX,BUY,3.18,515,515,PENDING,2025-01-18 06:58:15.0
BUY-1763965650528-006394,TRADER-0394,FOREX,BUY,1.37,238,238,PENDING,2025-01-18 08:42:34.0
BUY-1763965650527-005328,TRADER-0328,FOREX,BUY,2.42,57,57,PENDING,2025-01-17 20:14:52.0
BUY-1763965650524-003287,TRADER-0287,FOREX,BUY,1.06,353,353,PENDING,2025-01-16 19:06:50.0
BUY-1763965650522-001950,TRADER-0450,FOREX,BUY,3.9,195,195,PENDING,2025-01-16 03:22:13.0
BUY-1763965650528-006336,TRADER-0336,CRYPTO,BUY,209.2,32,32,PENDING,2025-01-18 08:02:53.0
BUY-1763965650529-007305,TRADER-0305,FOREX,BUY,3.39,701,701,PENDING,2025-01-18 19:49:43.0
BUY-1763965650525-004152,TRADER-0152,EQUITY,BUY,57.24,492,492,PENDING,2025-01-17 05:39:46.0
BUY-1763965650524-003481,TRADER-0481,EQUITY,BUY,116.72,350,350,PENDING,2025-01-16 21:16:27.0
BUY-1763965650524-003105,TRADER-0105,FOREX,BUY,4.06,403,403,PENDING,2025-01-16 17:41:29.0
BUY-1763965650521-001489,TRADER-0489,EQUITY,BUY,76.29,254,254,PENDING,2025-01-15 21:23:48.0
BUY-1763965650528-006145,TRADER-0145,FOREX,BUY,3.84,307,307,PENDING,2025-01-18 05:36:37.0
BUY-1763965650524-003280,TRADER-0280,EQUITY,BUY,67.31,306,306,PENDING,2025-01-16 19:50:21.0
BUY-1763965650523-002512,TRADER-0012,EQUITY,BUY,100.11,466,466,PENDING,2025-01-16 10:04:13.0
BUY-1763965650524-003418,TRADER-0418,FOREX,BUY,1.67,491,491,PENDING,2025-01-16 20:54:40.0
BUY-1763965650529-006722,TRADER-0222,FOREX,BUY,3.46,729,729,PENDING,2025-01-18 12:56:00.0
BUY-1763965650521-001294,TRADER-0294,EQUITY,BUY,50.48,513,513,PENDING,2025-01-15 19:33:29.0
BUY-1763965650529-006731,TRADER-0231,FOREX,BUY,3.32,261,261,PENDING,2025-01-18 12:37:19.0
BUY-1763965650518-000098,TRADER-0098,FOREX,BUY,3.5,49,49,PENDING,2025-01-15 04:56:06.0
BUY-1763965650519-000326,TRADER-0326,FOREX,BUY,2.0,102,102,PENDING,2025-01-15 07:38:55.0
BUY-1763965650529-007128,TRADER-0128,FOREX,BUY,2.89,423,423,PENDING,2025-01-18 17:09:05.0
BUY-1763965650528-005891,TRADER-0391,FOREX,BUY,2.67,671,671,PENDING,2025-01-18 02:54:14.0
BUY-1763965650519-000366,TRADER-0366,FOREX,BUY,1.5,88,88,PENDING,2025-01-15 08:36:56.0
BUY-1763965650525-003881,TRADER-0381,FOREX,BUY,1.13,732,732,PENDING,2025-01-17 02:13:46.0
BUY-1763965650526-004509,TRADER-0009,EQUITY,BUY,105.44,146,146,PENDING,2025-01-17 10:32:26.0
BUY-1763965650519-000280,TRADER-0280,FOREX,BUY,3.0,92,92,PENDING,2025-01-15 07:26:48.0
BUY-1763965650526-004431,TRADER-0431,FOREX,BUY,3.37,298,298,PENDING,2025-01-17 09:39:02.0
BUY-1763965650523-002745,TRADER-0245,FOREX,BUY,1.62,531,531,PENDING,2025-01-16 12:28:59.0
BUY-1763965650528-006446,TRADER-0446,EQUITY,BUY,83.86,309,309,PENDING,2025-01-18 08:53:43.0
BUY-1763965650529-007385,TRADER-0385,FOREX,BUY,1.94,790,790,PENDING,2025-01-18 20:35:54.0
BUY-1763965650519-000486,TRADER-0486,FOREX,BUY,2.0,16,16,PENDING,2025-01-15 09:20:35.0
BUY-1763965650524-003007,TRADER-0007,FOREX,BUY,3.18,78,78,PENDING,2025-01-16 16:14:39.0
BUY-1763965650519-000391,TRADER-0391,FOREX,BUY,3.5,22,22,PENDING,2025-01-15 08:43:53.0
BUY-1763965650528-006382,TRADER-0382,FOREX,BUY,1.55,217,217,PENDING,2025-01-18 09:01:36.0
BUY-1763965650526-004650,TRADER-0150,EQUITY,BUY,126.3,540,540,PENDING,2025-01-17 11:37:48.0
BUY-1763965650528-006494,TRADER-0494,CRYPTO,BUY,333.0,87,87,PENDING,2025-01-18 09:34:33.0
BUY-1763965650526-004497,TRADER-0497,FOREX,BUY,3.48,690,690,PENDING,2025-01-17 10:09:52.0
BUY-1763965650529-006741,TRADER-0241,EQUITY,BUY,51.97,376,376,PENDING,2025-01-18 12:52:36.0
BUY-1763965650520-000893,TRADER-0393,EQUITY,BUY,126.53,281,281,PENDING,2025-01-15 14:49:28.0
BUY-1763965650529-007447,TRADER-0447,EQUITY,BUY,57.43,154,154,PENDING,2025-01-18 21:19:11.0
BUY-1763965650525-003919,TRADER-0419,FOREX,BUY,2.52,545,545,PENDING,2025-01-17 03:20:49.0
BUY-1763965650521-001508,TRADER-0008,FOREX,BUY,2.53,766,766,PENDING,2025-01-15 22:25:00.0
BUY-1763965650529-007464,TRADER-0464,FOREX,BUY,3.47,662,662,PENDING,2025-01-18 21:38:47.0
BUY-1763965650529-007399,TRADER-0399,FOREX,BUY,1.37,180,180,PENDING,2025-01-18 21:14:30.0
BUY-1763965650522-001952,TRADER-0452,FOREX,BUY,2.38,886,886,PENDING,2025-01-16 03:15:12.0
BUY-1763965650521-001070,TRADER-0070,FOREX,BUY,3.52,600,600,PENDING,2025-01-15 17:12:55.0
BUY-1763965650522-002243,TRADER-0243,CRYPTO,BUY,176.98,132,132,PENDING,2025-01-16 06:25:38.0
BUY-1763965650523-002867,TRADER-0367,FOREX,BUY,2.36,189,189,PENDING,2025-01-16 14:02:01.0
BUY-1763965650520-000963,TRADER-0463,EQUITY,BUY,77.96,602,602,PENDING,2025-01-15 15:21:31.0
BUY-1763965650526-004632,TRADER-0132,FOREX,BUY,1.32,300,300,PENDING,2025-01-17 11:17:02.0
BUY-1763965650523-002738,TRADER-0238,FOREX,BUY,2.33,295,295,PENDING,2025-01-16 12:22:29.0
BUY-1763965650525-003897,TRADER-0397,EQUITY,BUY,90.56,343,343,PENDING,2025-01-17 02:20:32.0
BUY-1763965650520-000913,TRADER-0413,CRYPTO,BUY,352.0,107,107,PENDING,2025-01-15 14:53:09.0
BUY-1763965650529-006680,TRADER-0180,FOREX,BUY,1.7,179,179,PENDING,2025-01-18 12:13:01.0
BUY-1763965650529-007218,TRADER-0218,EQUITY,BUY,97.28,468,468,PENDING,2025-01-18 18:52:02.0
BUY-1763965650528-006321,TRADER-0321,FOREX,BUY,3.83,141,141,PENDING,2025-01-18 08:00:35.0
BUY-1763965650528-006611,TRADER-0111,FOREX,BUY,4.12,692,692,PENDING,2025-01-18 11:07:59.0
BUY-1763965650524-003093,TRADER-0093,EQUITY,BUY,123.18,733,733,PENDING,2025-01-16 17:08:57.0
BUY-1763965650529-006792,TRADER-0292,FOREX,BUY,2.77,160,160,PENDING,2025-01-18 13:12:28.0
BUY-1763965650528-006231,TRADER-0231,EQUITY,BUY,78.26,541,541,PENDING,2025-01-18 06:56:55.0
BUY-1763965650519-000295,TRADER-0295,FOREX,BUY,2.5,16,16,PENDING,2025-01-15 07:16:12.0
BUY-1763965650529-007134,TRADER-0134,FOREX,BUY,4.04,748,748,PENDING,2025-01-18 17:28:40.0
BUY-1763965650522-001661,TRADER-0161,FOREX,BUY,2.69,225,225,PENDING,2025-01-15 23:56:25.0
BUY-1763965650529-007063,TRADER-0063,CRYPTO,BUY,280.81,25,25,PENDING,2025-01-18 16:54:00.0
BUY-1763965650528-006111,TRADER-0111,FOREX,BUY,2.54,31,31,PENDING,2025-01-18 05:20:00.0
BUY-1763965650526-004978,TRADER-0478,FOREX,BUY,4.12,709,709,PENDING,2025-01-17 16:03:49.0
BUY-1763965650519-000508,TRADER-0008,FOREX,BUY,4.05,170,170,PENDING,2025-01-15 10:17:35.0
BUY-1763965650528-005963,TRADER-0463,FOREX,BUY,1.15,448,448,PENDING,2025-01-18 03:42:29.0
BUY-1763965650522-002004,TRADER-0004,FOREX,BUY,2.87,167,167,PENDING,2025-01-16 04:23:29.0
BUY-1763965650527-005453,TRADER-0453,EQUITY,BUY,63.5,528,528,PENDING,2025-01-17 21:14:47.0
BUY-1763965650529-006657,TRADER-0157,CRYPTO,BUY,241.78,177,177,PENDING,2025-01-18 11:27:43.0
BUY-1763965650518-000097,TRADER-0097,FOREX,BUY,2.5,92,92,PENDING,2025-01-15 05:36:21.0
BUY-1763965650529-007302,TRADER-0302,FOREX,BUY,2.31,223,223,PENDING,2025-01-18 19:49:16.0
BUY-1763965650525-004082,TRADER-0082,FOREX,BUY,3.48,87,87,PENDING,2025-01-17 04:57:15.0
BUY-1763965650518-000126,TRADER-0126,FOREX,BUY,2.0,20,20,PENDING,2025-01-15 05:04:28.0
BUY-1763965650525-004111,TRADER-0111,EQUITY,BUY,54.29,942,942,PENDING,2025-01-17 05:05:02.0
BUY-1763965650529-007291,TRADER-0291,EQUITY,BUY,69.75,948,948,PENDING,2025-01-18 19:04:53.0
BUY-1763965650526-004903,TRADER-0403,FOREX,BUY,2.16,778,778,PENDING,2025-01-17 14:57:27.0
BUY-1763965650525-003937,TRADER-0437,FOREX,BUY,1.4,27,27,PENDING,2025-01-17 03:16:03.0
BUY-1763965650528-006472,TRADER-0472,CRYPTO,BUY,193.44,184,184,PENDING,2025-01-18 09:22:48.0
BUY-1763965650525-004225,TRADER-0225,EQUITY,BUY,126.59,334,334,PENDING,2025-01-17 06:23:19.0
BUY-1763965650527-005165,TRADER-0165,FOREX,BUY,3.95,601,601,PENDING,2025-01-17 17:34:31.0
BUY-1763965650525-004171,TRADER-0171,EQUITY,BUY,132.0,391,391,PENDING,2025-01-17 05:41:55.0
BUY-1763965650526-004921,TRADER-0421,FOREX,BUY,2.36,471,471,PENDING,2025-01-17 14:57:51.0
BUY-1763965650527-005646,TRADER-0146,FOREX,BUY,4.09,449,449,PENDING,2025-01-17 23:28:05.0
BUY-1763965650524-003656,TRADER-0156,FOREX,BUY,1.18,358,358,PENDING,2025-01-16 23:51:18.0
BUY-1763965650526-004663,TRADER-0163,FOREX,BUY,1.06,701,701,PENDING,2025-01-17 11:54:02.0
BUY-1763965650528-005902,TRADER-0402,EQUITY,BUY,58.05,462,462,PENDING,2025-01-18 02:50:03.0
BUY-1763965650527-005095,TRADER-0095,FOREX,BUY,4.2,364,364,PENDING,2025-01-17 17:09:58.0
BUY-1763965650527-005112,TRADER-0112,EQUITY,BUY,106.49,269,269,PENDING,2025-01-17 17:46:47.0
BUY-1763965650524-003396,TRADER-0396,FOREX,BUY,2.63,141,141,PENDING,2025-01-16 20:25:59.0
BUY-1763965650519-000570,TRADER-0070,FOREX,BUY,3.99,925,925,PENDING,2025-01-15 10:38:30.0
BUY-1763965650524-003238,TRADER-0238,FOREX,BUY,2.78,206,206,PENDING,2025-01-16 19:02:58.0
BUY-1763965650523-002727,TRADER-0227,FOREX,BUY,1.66,492,492,PENDING,2025-01-16 12:40:00.0
BUY-1763965650526-005070,TRADER-0070,FOREX,BUY,2.7,749,749,PENDING,2025-01-17 16:31:37.0
BUY-1763965650522-002170,TRADER-0170,CRYPTO,BUY,172.6,97,97,PENDING,2025-01-16 06:22:49.0
BUY-1763965650525-003859,TRADER-0359,EQUITY,BUY,109.35,740,740,PENDING,2025-01-17 02:00:46.0
BUY-1763965650518-000116,TRADER-0116,FOREX,BUY,3.5,14,14,PENDING,2025-01-15 04:55:21.0
BUY-1763965650525-003947,TRADER-0447,EQUITY,BUY,83.61,783,783,PENDING,2025-01-17 03:45:00.0
BUY-1763965650528-006466,TRADER-0466,EQUITY,BUY,60.01,275,275,PENDING,2025-01-18 10:03:32.0
BUY-1763965650529-007168,TRADER-0168,FOREX,BUY,2.26,127,127,PENDING,2025-01-18 18:03:17.0
BUY-1763965650520-000772,TRADER-0272,EQUITY,BUY,54.7,613,613,PENDING,2025-01-15 12:53:58.0
BUY-1763965650527-005654,TRADER-0154,FOREX,BUY,2.25,704,704,PENDING,2025-01-18 00:01:18.0
BUY-1763965650519-000444,TRADER-0444,EQUITY,BUY,100.0,57,57,PENDING,2025-01-15 09:26:30.0
BUY-1763965650522-002140,TRADER-0140,FOREX,BUY,3.16,816,816,PENDING,2025-01-16 06:08:32.0
BUY-1763965650524-003632,TRADER-0132,CRYPTO,BUY,309.12,106,106,PENDING,2025-01-16 23:09:46.0
BUY-1763965650524-003119,TRADER-0119,EQUITY,BUY,111.49,571,571,PENDING,2025-01-16 17:54:16.0
BUY-1763965650522-002072,TRADER-0072,EQUITY,BUY,109.49,817,817,PENDING,2025-01-16 04:46:40.0
BUY-1763965650523-002428,TRADER-0428,CRYPTO,BUY,308.28,112,112,PENDING,2025-01-16 08:41:35.0
BUY-1763965650526-004458,TRADER-0458,FOREX,BUY,3.39,442,442,PENDING,2025-01-17 09:08:01.0
BUY-1763965650523-002507,TRADER-0007,EQUITY,BUY,85.76,443,443,PENDING,2025-01-16 10:21:41.0
BUY-1763965650519-000492,TRADER-0492,EQUITY,BUY,100.0,21,21,PENDING,2025-01-15 09:48:29.0
BUY-1763965650526-004669,TRADER-0169,EQUITY,BUY,74.46,292,292,PENDING,2025-01-17 12:23:34.0
BUY-1763965650521-001089,TRADER-0089,EQUITY,BUY,69.71,710,710,PENDING,2025-01-15 16:37:33.0
BUY-1763965650519-000606,TRADER-0106,FOREX,BUY,1.34,400,400,PENDING,2025-01-15 11:12:17.0
BUY-1763965650519-000315,TRADER-0315,FOREX,BUY,3.5,17,17,PENDING,2025-01-15 07:23:04.0
BUY-1763965650529-006819,TRADER-0319,FOREX,BUY,2.28,358,358,PENDING,2025-01-18 13:35:00.0
BUY-1763965650526-004858,TRADER-0358,FOREX,BUY,4.06,650,650,PENDING,2025-01-17 14:31:22.0
BUY-1763965650521-001582,TRADER-0082,EQUITY,BUY,107.39,15,15,PENDING,2025-01-15 23:18:58.0
BUY-1763965650521-001277,TRADER-0277,FOREX,BUY,4.04,858,858,PENDING,2025-01-15 19:18:53.0
BUY-1763965650529-006771,TRADER-0271,FOREX,BUY,3.42,357,357,PENDING,2025-01-18 13:18:39.0
BUY-1763965650521-001147,TRADER-0147,EQUITY,BUY,88.3,456,456,PENDING,2025-01-15 17:36:32.0
BUY-1763965650522-002087,TRADER-0087,FOREX,BUY,3.55,419,419,PENDING,2025-01-16 05:26:29.0
BUY-1763965650529-006775,TRADER-0275,EQUITY,BUY,82.18,174,174,PENDING,2025-01-18 13:42:41.0
BUY-1763965650523-002893,TRADER-0393,FOREX,BUY,2.03,233,233,PENDING,2025-01-16 14:34:57.0
BUY-1763965650526-004617,TRADER-0117,EQUITY,BUY,113.17,507,507,PENDING,2025-01-17 11:53:31.0
BUY-1763965650526-004825,TRADER-0325,FOREX,BUY,1.03,367,367,PENDING,2025-01-17 13:46:04.0
BUY-1763965650525-003691,TRADER-0191,EQUITY,BUY,52.53,50,50,PENDING,2025-01-17 00:15:51.0
BUY-1763965650525-004241,TRADER-0241,FOREX,BUY,4.06,901,901,PENDING,2025-01-17 06:56:56.0
BUY-1763965650521-001511,TRADER-0011,EQUITY,BUY,125.25,561,561,PENDING,2025-01-15 22:08:58.0
BUY-1763965650521-001409,TRADER-0409,FOREX,BUY,1.02,521,521,PENDING,2025-01-15 21:15:05.0
BUY-1763965650527-005137,TRADER-0137,FOREX,BUY,1.93,518,518,PENDING,2025-01-17 17:20:01.0
BUY-1763965650528-006130,TRADER-0130,FOREX,BUY,3.08,283,283,PENDING,2025-01-18 05:11:54.0
BUY-1763965650528-005954,TRADER-0454,EQUITY,BUY,112.12,429,429,PENDING,2025-01-18 03:09:23.0
BUY-1763965650524-003136,TRADER-0136,EQUITY,BUY,88.89,228,228,PENDING,2025-01-16 17:11:31.0
BUY-1763965650525-004104,TRADER-0104,EQUITY,BUY,67.88,804,804,PENDING,2025-01-17 05:20:05.0
BUY-1763965650519-000474,TRADER-0474,FOREX,BUY,3.0,38,38,PENDING,2025-01-15 09:38:13.0
BUY-1763965650523-002916,TRADER-0416,FOREX,BUY,3.46,765,765,PENDING,2025-01-16 15:23:43.0
BUY-1763965650520-000731,TRADER-0231,FOREX,BUY,1.58,264,264,PENDING,2025-01-15 12:50:34.0
BUY-1763965650528-005946,TRADER-0446,FOREX,BUY,1.41,471,471,PENDING,2025-01-18 03:28:11.0
BUY-1763965650519-000162,TRADER-0162,FOREX,BUY,2.5,35,35,PENDING,2025-01-15 05:53:31.0
BUY-1763965650526-004760,TRADER-0260,EQUITY,BUY,71.83,40,40,PENDING,2025-01-17 12:41:04.0
BUY-1763965650519-000324,TRADER-0324,FOREX,BUY,3.5,69,69,PENDING,2025-01-15 07:45:38.0
BUY-1763965650519-000420,TRADER-0420,FOREX,BUY,2.5,66,66,PENDING,2025-01-15 08:35:26.0
BUY-1763965650519-000161,TRADER-0161,FOREX,BUY,2.0,42,42,PENDING,2025-01-15 05:53:56.0
BUY-1763965650525-003709,TRADER-0209,FOREX,BUY,1.03,558,558,PENDING,2025-01-17 00:10:31.0
BUY-1763965650526-004979,TRADER-0479,FOREX,BUY,4.1,953,953,PENDING,2025-01-17 15:58:12.0
BUY-1763965650522-002060,TRADER-0060,EQUITY,BUY,80.54,416,416,PENDING,2025-01-16 04:45:05.0
BUY-1763965650527-005601,TRADER-0101,EQUITY,BUY,79.91,407,407,PENDING,2025-01-17 22:58:59.0
BUY-1763965650519-000310,TRADER-0310,FOREX,BUY,3.0,61,61,PENDING,2025-01-15 07:28:07.0
BUY-1763965650522-001686,TRADER-0186,FOREX,BUY,2.39,235,235,PENDING,2025-01-15 23:44:20.0
BUY-1763965650519-000438,TRADER-0438,FOREX,BUY,3.0,63,63,PENDING,2025-01-15 09:39:56.0
BUY-1763965650521-001494,TRADER-0494,CRYPTO,BUY,159.68,16,16,PENDING,2025-01-15 21:49:06.0
BUY-1763965650521-001479,TRADER-0479,FOREX,BUY,2.29,924,924,PENDING,2025-01-15 22:13:15.0
BUY-1763965650527-005230,TRADER-0230,CRYPTO,BUY,266.72,104,104,PENDING,2025-01-17 19:11:49.0
BUY-1763965650525-003847,TRADER-0347,FOREX,BUY,1.34,889,889,PENDING,2025-01-17 01:55:11.0
BUY-1763965650520-001019,TRADER-0019,EQUITY,BUY,70.55,174,174,PENDING,2025-01-15 16:40:40.0
BUY-1763965650519-000360,TRADER-0360,FOREX,BUY,2.5,49,49,PENDING,2025-01-15 08:22:48.0
BUY-1763965650523-002538,TRADER-0038,FOREX,BUY,1.62,317,317,PENDING,2025-01-16 10:12:18.0
BUY-1763965650519-000194,TRADER-0194,FOREX,BUY,3.5,58,58,PENDING,2025-01-15 06:07:03.0
BUY-1763965650529-006749,TRADER-0249,EQUITY,BUY,61.09,154,154,PENDING,2025-01-18 13:24:16.0
BUY-1763965650520-001035,TRADER-0035,EQUITY,BUY,64.06,667,667,PENDING,2025-01-15 15:59:31.0
BUY-1763965650522-002085,TRADER-0085,FOREX,BUY,2.38,131,131,PENDING,2025-01-16 04:46:12.0
BUY-1763965650521-001086,TRADER-0086,FOREX,BUY,2.77,643,643,PENDING,2025-01-15 17:02:10.0
BUY-1763965650522-002025,TRADER-0025,EQUITY,BUY,53.68,929,929,PENDING,2025-01-16 03:58:18.0
BUY-1763965650519-000358,TRADER-0358,FOREX,BUY,3.0,20,20,PENDING,2025-01-15 07:55:28.0
BUY-1763965650529-007050,TRADER-0050,FOREX,BUY,3.36,284,284,PENDING,2025-01-18 16:31:31.0
BUY-1763965650528-006345,TRADER-0345,EQUITY,BUY,108.75,780,780,PENDING,2025-01-18 08:01:27.0
BUY-1763965650529-007292,TRADER-0292,FOREX,BUY,1.59,717,717,PENDING,2025-01-18 19:35:22.0
BUY-1763965650522-001888,TRADER-0388,FOREX,BUY,2.07,725,725,PENDING,2025-01-16 02:52:50.0
BUY-1763965650520-000888,TRADER-0388,FOREX,BUY,1.63,974,974,PENDING,2025-01-15 14:51:35.0
BUY-1763965650529-006696,TRADER-0196,FOREX,BUY,3.23,897,897,PENDING,2025-01-18 12:29:53.0
BUY-1763965650522-002048,TRADER-0048,FOREX,BUY,2.36,396,396,PENDING,2025-01-16 04:57:00.0
BUY-1763965650527-005374,TRADER-0374,EQUITY,BUY,64.92,881,881,PENDING,2025-01-17 20:33:47.0
BUY-1763965650523-002548,TRADER-0048,FOREX,BUY,3.58,330,330,PENDING,2025-01-16 10:12:58.0
BUY-1763965650523-002695,TRADER-0195,FOREX,BUY,2.06,324,324,PENDING,2025-01-16 11:54:43.0
BUY-1763965650528-006243,TRADER-0243,FOREX,BUY,1.13,815,815,PENDING,2025-01-18 06:36:58.0
BUY-1763965650519-000426,TRADER-0426,EQUITY,BUY,100.0,66,66,PENDING,2025-01-15 09:01:03.0
BUY-1763965650522-002001,TRADER-0001,FOREX,BUY,1.8,125,125,PENDING,2025-01-16 04:02:06.0
BUY-1763965650527-005175,TRADER-0175,FOREX,BUY,1.08,999,999,PENDING,2025-01-17 17:52:07.0
BUY-1763965650527-005376,TRADER-0376,FOREX,BUY,2.6,33,33,PENDING,2025-01-17 20:44:28.0
BUY-1763965650524-003214,TRADER-0214,FOREX,BUY,2.96,519,519,PENDING,2025-01-16 18:56:12.0
BUY-1763965650524-003512,TRADER-0012,FOREX,BUY,1.51,800,800,PENDING,2025-01-16 22:17:46.0
BUY-1763965650529-006716,TRADER-0216,FOREX,BUY,1.44,304,304,PENDING,2025-01-18 12:45:12.0
BUY-1763965650519-000573,TRADER-0073,FOREX,BUY,3.99,591,591,PENDING,2025-01-15 10:59:55.0
BUY-1763965650523-002359,TRADER-0359,EQUITY,BUY,55.81,418,418,PENDING,2025-01-16 08:20:01.0
BUY-1763965650524-003567,TRADER-0067,EQUITY,BUY,117.55,755,755,PENDING,2025-01-16 23:16:31.0
BUY-1763965650522-001944,TRADER-0444,FOREX,BUY,3.12,347,347,PENDING,2025-01-16 03:30:19.0
BUY-1763965650528-006366,TRADER-0366,FOREX,BUY,3.52,701,701,PENDING,2025-01-18 08:02:50.0
BUY-1763965650524-002979,TRADER-0479,EQUITY,BUY,59.37,78,78,PENDING,2025-01-16 15:40:44.0
BUY-1763965650528-005990,TRADER-0490,EQUITY,BUY,52.5,311,311,PENDING,2025-01-18 04:12:16.0
BUY-1763965650521-001477,TRADER-0477,EQUITY,BUY,66.47,521,521,PENDING,2025-01-15 21:47:45.0
BUY-1763965650526-004464,TRADER-0464,EQUITY,BUY,89.71,395,395,PENDING,2025-01-17 09:13:48.0
BUY-1763965650519-000223,TRADER-0223,FOREX,BUY,3.0,43,43,PENDING,2025-01-15 06:31:38.0
BUY-1763965650526-004840,TRADER-0340,EQUITY,BUY,134.11,12,12,PENDING,2025-01-17 14:13:31.0
BUY-1763965650527-005789,TRADER-0289,FOREX,BUY,3.73,171,171,PENDING,2025-01-18 01:02:37.0
BUY-1763965650523-002611,TRADER-0111,FOREX,BUY,3.83,206,206,PENDING,2025-01-16 11:32:37.0
BUY-1763965650521-001443,TRADER-0443,FOREX,BUY,3.42,712,712,PENDING,2025-01-15 21:02:22.0
BUY-1763965650525-003898,TRADER-0398,FOREX,BUY,2.75,295,295,PENDING,2025-01-17 02:36:25.0
BUY-1763965650525-004165,TRADER-0165,EQUITY,BUY,69.03,828,828,PENDING,2025-01-17 05:30:49.0
BUY-1763965650524-002992,TRADER-0492,EQUITY,BUY,111.14,197,197,PENDING,2025-01-16 16:19:48.0
BUY-1763965650525-004315,TRADER-0315,FOREX,BUY,3.73,64,64,PENDING,2025-01-17 07:40:19.0
BUY-1763965650527-005202,TRADER-0202,CRYPTO,BUY,256.38,193,193,PENDING,2025-01-17 18:52:20.0
BUY-1763965650522-001946,TRADER-0446,FOREX,BUY,3.48,367,367,PENDING,2025-01-16 03:18:27.0
BUY-1763965650525-003725,TRADER-0225,EQUITY,BUY,79.24,55,55,PENDING,2025-01-17 00:36:22.0
BUY-1763965650521-001373,TRADER-0373,FOREX,BUY,4.03,378,378,PENDING,2025-01-15 20:58:22.0
BUY-1763965650526-004641,TRADER-0141,FOREX,BUY,1.64,783,783,PENDING,2025-01-17 11:26:30.0
BUY-1763965650520-001045,TRADER-0045,FOREX,BUY,2.28,620,620,PENDING,2025-01-15 16:06:22.0
BUY-1763965650528-006543,TRADER-0043,EQUITY,BUY,109.61,818,818,PENDING,2025-01-18 10:02:27.0
BUY-1763965650527-005545,TRADER-0045,FOREX,BUY,2.02,804,804,PENDING,2025-01-17 23:00:01.0
BUY-1763965650521-001195,TRADER-0195,FOREX,BUY,3.23,544,544,PENDING,2025-01-15 17:55:40.0
BUY-1763965650520-000830,TRADER-0330,CRYPTO,BUY,216.82,132,132,PENDING,2025-01-15 14:19:42.0
BUY-1763965650523-002906,TRADER-0406,FOREX,BUY,1.98,651,651,PENDING,2025-01-16 15:00:23.0
BUY-1763965650524-003282,TRADER-0282,EQUITY,BUY,81.88,471,471,PENDING,2025-01-16 19:33:49.0
BUY-1763965650520-000620,TRADER-0120,FOREX,BUY,3.77,457,457,PENDING,2025-01-15 11:46:10.0
BUY-1763965650523-002919,TRADER-0419,EQUITY,BUY,73.61,711,711,PENDING,2025-01-16 14:53:22.0
BUY-1763965650525-004175,TRADER-0175,FOREX,BUY,2.15,658,658,PENDING,2025-01-17 06:27:39.0
BUY-1763965650523-002966,TRADER-0466,FOREX,BUY,2.55,150,150,PENDING,2025-01-16 15:59:12.0
BUY-1763965650529-007224,TRADER-0224,FOREX,BUY,2.17,967,967,PENDING,2025-01-18 18:55:42.0
BUY-1763965650519-000242,TRADER-0242,FOREX,BUY,2.0,66,66,PENDING,2025-01-15 06:42:27.0
BUY-1763965650522-001963,TRADER-0463,FOREX,BUY,3.83,218,218,PENDING,2025-01-16 03:56:46.0
BUY-1763965650521-001385,TRADER-0385,FOREX,BUY,4.11,758,758,PENDING,2025-01-15 21:05:20.0
BUY-1763965650520-000743,TRADER-0243,FOREX,BUY,1.19,579,579,PENDING,2025-01-15 12:42:38.0
BUY-1763965650528-005975,TRADER-0475,FOREX,BUY,1.28,779,779,PENDING,2025-01-18 03:56:05.0
BUY-1763965650522-001650,TRADER-0150,FOREX,BUY,2.03,365,365,PENDING,2025-01-15 23:57:11.0
BUY-1763965650521-001552,TRADER-0052,FOREX,BUY,3.53,834,834,PENDING,2025-01-15 22:54:47.0
BUY-1763965650529-007220,TRADER-0220,FOREX,BUY,3.22,206,206,PENDING,2025-01-18 18:16:20.0
BUY-1763965650524-003500,TRADER-0000,EQUITY,BUY,93.76,593,593,PENDING,2025-01-16 21:44:27.0
BUY-1763965650527-005319,TRADER-0319,FOREX,BUY,3.7,80,80,PENDING,2025-01-17 20:18:34.0
BUY-1763965650526-004473,TRADER-0473,FOREX,BUY,2.45,866,866,PENDING,2025-01-17 09:30:29.0
BUY-1763965650519-000549,TRADER-0049,EQUITY,BUY,125.35,289,289,PENDING,2025-01-15 10:58:13.0
BUY-1763965650525-003864,TRADER-0364,CRYPTO,BUY,404.48,77,77,PENDING,2025-01-17 01:59:35.0
BUY-1763965650528-006458,TRADER-0458,FOREX,BUY,3.92,469,469,PENDING,2025-01-18 09:38:57.0
BUY-1763965650527-005615,TRADER-0115,EQUITY,BUY,67.63,806,806,PENDING,2025-01-17 23:42:27.0
BUY-1763965650523-002721,TRADER-0221,EQUITY,BUY,134.57,577,577,PENDING,2025-01-16 12:11:46.0
BUY-1763965650523-002742,TRADER-0242,FOREX,BUY,3.42,226,226,PENDING,2025-01-16 12:53:03.0
BUY-1763965650521-001168,TRADER-0168,FOREX,BUY,3.18,653,653,PENDING,2025-01-15 17:31:37.0
BUY-1763965650528-006256,TRADER-0256,FOREX,BUY,2.4,808,808,PENDING,2025-01-18 06:48:10.0
BUY-1763965650525-004287,TRADER-0287,FOREX,BUY,3.71,443,443,PENDING,2025-01-17 07:37:05.0
BUY-1763965650528-006501,TRADER-0001,FOREX,BUY,3.09,163,163,PENDING,2025-01-18 09:36:16.0
BUY-1763965650527-005676,TRADER-0176,EQUITY,BUY,61.76,976,976,PENDING,2025-01-18 00:23:52.0
BUY-1763965650524-003022,TRADER-0022,EQUITY,BUY,53.75,504,504,PENDING,2025-01-16 16:25:14.0
BUY-1763965650527-005479,TRADER-0479,FOREX,BUY,4.02,575,575,PENDING,2025-01-17 21:28:49.0
BUY-1763965650519-000152,TRADER-0152,FOREX,BUY,3.0,72,72,PENDING,2025-01-15 05:36:53.0
BUY-1763965650519-000539,TRADER-0039,FOREX,BUY,1.3,649,649,PENDING,2025-01-15 10:42:49.0
BUY-1763965650527-005798,TRADER-0298,EQUITY,BUY,82.96,359,359,PENDING,2025-01-18 01:39:55.0
BUY-1763965650523-002633,TRADER-0133,EQUITY,BUY,127.91,358,358,PENDING,2025-01-16 11:21:59.0
BUY-1763965650521-001430,TRADER-0430,EQUITY,BUY,115.71,39,39,PENDING,2025-01-15 21:33:47.0
BUY-1763965650520-000667,TRADER-0167,FOREX,BUY,2.81,370,370,PENDING,2025-01-15 11:43:13.0
BUY-1763965650519-000218,TRADER-0218,FOREX,BUY,2.0,64,64,PENDING,2025-01-15 06:10:13.0
BUY-1763965650519-000514,TRADER-0014,FOREX,BUY,2.26,450,450,PENDING,2025-01-15 10:03:36.0
BUY-1763965650526-004892,TRADER-0392,FOREX,BUY,1.09,367,367,PENDING,2025-01-17 14:32:54.0
BUY-1763965650524-003668,TRADER-0168,CRYPTO,BUY,391.79,120,120,PENDING,2025-01-16 23:51:44.0
BUY-1763965650526-004778,TRADER-0278,FOREX,BUY,1.9,823,823,PENDING,2025-01-17 13:15:35.0
BUY-1763965650525-004116,TRADER-0116,FOREX,BUY,3.06,477,477,PENDING,2025-01-17 05:25:04.0
BUY-1763965650526-004642,TRADER-0142,FOREX,BUY,2.0,215,215,PENDING,2025-01-17 11:25:56.0
BUY-1763965650524-003313,TRADER-0313,FOREX,BUY,4.11,932,932,PENDING,2025-01-16 20:00:24.0
BUY-1763965650528-006325,TRADER-0325,FOREX,BUY,3.37,830,830,PENDING,2025-01-18 08:00:53.0
BUY-1763965650519-000313,TRADER-0313,FOREX,BUY,2.0,29,29,PENDING,2025-01-15 07:23:28.0
BUY-1763965650528-006416,TRADER-0416,EQUITY,BUY,91.29,5,5,PENDING,2025-01-18 08:53:22.0
BUY-1763965650521-001366,TRADER-0366,FOREX,BUY,1.58,211,211,PENDING,2025-01-15 20:38:15.0
BUY-1763965650521-001492,TRADER-0492,EQUITY,BUY,108.48,320,320,PENDING,2025-01-15 22:19:55.0
BUY-1763965650528-005816,TRADER-0316,EQUITY,BUY,86.15,975,975,PENDING,2025-01-18 01:50:23.0
BUY-1763965650527-005435,TRADER-0435,EQUITY,BUY,91.77,999,999,PENDING,2025-01-17 21:25:09.0
BUY-1763965650519-000341,TRADER-0341,FOREX,BUY,1.5,103,103,PENDING,2025-01-15 08:02:50.0
BUY-1763965650529-006672,TRADER-0172,FOREX,BUY,2.64,967,967,PENDING,2025-01-18 12:30:02.0
BUY-1763965650526-004598,TRADER-0098,EQUITY,BUY,95.65,949,949,PENDING,2025-01-17 11:40:06.0
BUY-1763965650524-003042,TRADER-0042,FOREX,BUY,2.0,21,21,PENDING,2025-01-16 16:24:53.0
BUY-1763965650528-006450,TRADER-0450,EQUITY,BUY,123.5,351,351,PENDING,2025-01-18 09:40:11.0
BUY-1763965650527-005663,TRADER-0163,FOREX,BUY,2.13,326,326,PENDING,2025-01-17 23:44:38.0
BUY-1763965650528-006550,TRADER-0050,EQUITY,BUY,116.04,646,646,PENDING,2025-01-18 10:23:30.0
BUY-1763965650529-007324,TRADER-0324,EQUITY,BUY,57.72,591,591,PENDING,2025-01-18 19:57:12.0
BUY-1763965650529-006744,TRADER-0244,EQUITY,BUY,66.9,115,115,PENDING,2025-01-18 12:51:05.0
BUY-1763965650520-000695,TRADER-0195,EQUITY,BUY,79.95,757,757,PENDING,2025-01-15 12:23:28.0
BUY-1763965650519-000173,TRADER-0173,EQUITY,BUY,100.0,19,19,PENDING,2025-01-15 05:46:16.0
BUY-1763965650528-006023,TRADER-0023,FOREX,BUY,2.0,850,850,PENDING,2025-01-18 04:40:15.0
BUY-1763965650527-005773,TRADER-0273,FOREX,BUY,2.66,252,252,PENDING,2025-01-18 00:50:25.0
BUY-1763965650529-006828,TRADER-0328,FOREX,BUY,1.85,678,678,PENDING,2025-01-18 13:44:52.0
BUY-1763965650521-001219,TRADER-0219,EQUITY,BUY,81.48,183,183,PENDING,2025-01-15 18:37:31.0
BUY-1763965650520-000838,TRADER-0338,FOREX,BUY,2.46,425,425,PENDING,2025-01-15 14:24:07.0
BUY-1763965650528-006233,TRADER-0233,FOREX,BUY,2.91,955,955,PENDING,2025-01-18 07:14:35.0
BUY-1763965650518-000143,TRADER-0143,EQUITY,BUY,100.0,57,57,PENDING,2025-01-15 06:07:06.0
BUY-1763965650525-003889,TRADER-0389,FOREX,BUY,3.77,883,883,PENDING,2025-01-17 02:35:54.0
BUY-1763965650526-005077,TRADER-0077,FOREX,BUY,3.38,225,225,PENDING,2025-01-17 17:18:39.0
BUY-1763965650520-000623,TRADER-0123,FOREX,BUY,2.95,75,75,PENDING,2025-01-15 11:30:43.0
BUY-1763965650529-006759,TRADER-0259,CRYPTO,BUY,268.9,141,141,PENDING,2025-01-18 12:46:24.0
BUY-1763965650523-002932,TRADER-0432,EQUITY,BUY,107.35,521,521,PENDING,2025-01-16 14:46:12.0
BUY-1763965650523-002276,TRADER-0276,EQUITY,BUY,113.56,455,455,PENDING,2025-01-16 07:46:38.0
BUY-1763965650518-000144,TRADER-0144,FOREX,BUY,3.0,106,106,PENDING,2025-01-15 05:55:29.0
BUY-1763965650525-003729,TRADER-0229,FOREX,BUY,3.33,294,294,PENDING,2025-01-17 00:14:57.0
BUY-1763965650523-002283,TRADER-0283,FOREX,BUY,2.35,845,845,PENDING,2025-01-16 07:12:03.0
BUY-1763965650522-001733,TRADER-0233,FOREX,BUY,3.22,348,348,PENDING,2025-01-16 00:33:14.0
BUY-1763965650521-001596,TRADER-0096,EQUITY,BUY,100.24,47,47,PENDING,2025-01-15 22:47:33.0
BUY-1763965650524-003056,TRADER-0056,FOREX,BUY,1.99,618,618,PENDING,2025-01-16 16:27:12.0
BUY-1763965650529-006833,TRADER-0333,FOREX,BUY,2.32,166,166,PENDING,2025-01-18 13:31:00.0
BUY-1763965650525-003753,TRADER-0253,EQUITY,BUY,113.07,582,582,PENDING,2025-01-17 01:17:15.0
BUY-1763965650528-005870,TRADER-0370,EQUITY,BUY,120.62,299,299,PENDING,2025-01-18 02:14:07.0
BUY-1763965650528-005814,TRADER-0314,FOREX,BUY,3.82,933,933,PENDING,2025-01-18 01:38:32.0
BUY-1763965650526-005035,TRADER-0035,FOREX,BUY,2.06,588,588,PENDING,2025-01-17 16:35:47.0
BUY-1763965650518-000000,TRADER-0000,FOREX,BUY,3.0,50,50,PENDING,2025-01-15 04:28:48.0
BUY-1763965650527-005553,TRADER-0053,EQUITY,BUY,55.3,909,909,PENDING,2025-01-17 22:23:42.0
BUY-1763965650528-006591,TRADER-0091,FOREX,BUY,1.96,61,61,PENDING,2025-01-18 11:16:45.0
BUY-1763965650522-001786,TRADER-0286,CRYPTO,BUY,309.94,46,46,PENDING,2025-01-16 01:17:48.0
BUY-1763965650519-000319,TRADER-0319,FOREX,BUY,2.0,54,54,PENDING,2025-01-15 08:06:09.0
BUY-1763965650527-005796,TRADER-0296,FOREX,BUY,3.1,527,527,PENDING,2025-01-18 01:11:36.0
BUY-1763965650521-001220,TRADER-0220,EQUITY,BUY,130.91,89,89,PENDING,2025-01-15 18:23:41.0
BUY-1763965650528-005821,TRADER-0321,FOREX,BUY,3.81,128,128,PENDING,2025-01-18 01:57:32.0
BUY-1763965650526-005034,TRADER-0034,FOREX,BUY,1.41,6,6,PENDING,2025-01-17 16:20:23.0
BUY-1763965650524-003461,TRADER-0461,EQUITY,BUY,108.9,812,812,PENDING,2025-01-16 21:50:59.0
BUY-1763965650524-003170,TRADER-0170,FOREX,BUY,3.94,481,481,PENDING,2025-01-16 18:24:18.0
BUY-1763965650526-004782,TRADER-0282,FOREX,BUY,2.94,510,510,PENDING,2025-01-17 13:43:41.0
BUY-1763965650526-004658,TRADER-0158,FOREX,BUY,2.36,780,780,PENDING,2025-01-17 11:54:56.0
BUY-1763965650519-000523,TRADER-0023,EQUITY,BUY,117.32,254,254,PENDING,2025-01-15 09:55:28.0
BUY-1763965650524-003592,TRADER-0092,EQUITY,BUY,119.15,689,689,PENDING,2025-01-16 22:58:32.0
BUY-1763965650525-004089,TRADER-0089,FOREX,BUY,3.9,23,23,PENDING,2025-01-17 05:27:47.0
BUY-1763965650529-007228,TRADER-0228,FOREX,BUY,1.11,67,67,PENDING,2025-01-18 18:23:39.0
BUY-1763965650529-006697,TRADER-0197,EQUITY,BUY,121.09,411,411,PENDING,2025-01-18 12:50:03.0
BUY-1763965650527-005712,TRADER-0212,FOREX,BUY,2.53,328,328,PENDING,2025-01-18 00:39:21.0
BUY-1763965650526-004951,TRADER-0451,EQUITY,BUY,54.88,997,997,PENDING,2025-01-17 15:42:42.0
BUY-1763965650519-000575,TRADER-0075,FOREX,BUY,1.27,890,890,PENDING,2025-01-15 11:00:24.0
BUY-1763965650526-004946,TRADER-0446,EQUITY,BUY,89.88,401,401,PENDING,2025-01-17 15:37:33.0
BUY-1763965650523-002960,TRADER-0460,EQUITY,BUY,98.73,924,924,PENDING,2025-01-16 15:54:02.0
BUY-1763965650519-000469,TRADER-0469,EQUITY,BUY,100.0,72,72,PENDING,2025-01-15 09:53:39.0
BUY-1763965650525-003855,TRADER-0355,CRYPTO,BUY,298.42,69,69,PENDING,2025-01-17 01:53:49.0
BUY-1763965650523-002288,TRADER-0288,FOREX,BUY,2.33,544,544,PENDING,2025-01-16 07:22:13.0
BUY-1763965650529-007213,TRADER-0213,FOREX,BUY,4.04,730,730,PENDING,2025-01-18 18:44:35.0
BUY-1763965650520-000765,TRADER-0265,FOREX,BUY,1.23,930,930,PENDING,2025-01-15 13:14:37.0
BUY-1763965650527-005731,TRADER-0231,CRYPTO,BUY,329.41,112,112,PENDING,2025-01-18 00:30:22.0
BUY-1763965650523-002950,TRADER-0450,FOREX,BUY,1.63,103,103,PENDING,2025-01-16 15:26:04.0
BUY-1763965650528-006160,TRADER-0160,FOREX,BUY,2.85,15,15,PENDING,2025-01-18 05:34:07.0
BUY-1763965650528-006448,TRADER-0448,CRYPTO,BUY,344.08,102,102,PENDING,2025-01-18 09:43:39.0
BUY-1763965650523-002868,TRADER-0368,FOREX,BUY,1.07,711,711,PENDING,2025-01-16 14:44:22.0
BUY-1763965650524-003082,TRADER-0082,FOREX,BUY,4.09,998,998,PENDING,2025-01-16 16:45:29.0
BUY-1763965650524-003445,TRADER-0445,FOREX,BUY,1.67,624,624,PENDING,2025-01-16 20:50:59.0
BUY-1763965650519-000475,TRADER-0475,EQUITY,BUY,100.0,46,46,PENDING,2025-01-15 09:39:27.0
BUY-1763965650529-007211,TRADER-0211,EQUITY,BUY,90.2,57,57,PENDING,2025-01-18 18:13:39.0
BUY-1763965650522-001679,TRADER-0179,FOREX,BUY,4.11,767,767,PENDING,2025-01-16 00:21:58.0
BUY-1763965650523-002630,TRADER-0130,EQUITY,BUY,105.14,564,564,PENDING,2025-01-16 12:03:25.0
BUY-1763965650520-001011,TRADER-0011,FOREX,BUY,3.96,588,588,PENDING,2025-01-15 16:01:30.0
BUY-1763965650529-006960,TRADER-0460,EQUITY,BUY,70.11,47,47,PENDING,2025-01-18 15:42:35.0
BUY-1763965650521-001105,TRADER-0105,EQUITY,BUY,75.43,675,675,PENDING,2025-01-15 17:24:40.0
BUY-1763965650520-000859,TRADER-0359,EQUITY,BUY,69.53,947,947,PENDING,2025-01-15 14:19:07.0
BUY-1763965650526-004582,TRADER-0082,FOREX,BUY,3.32,586,586,PENDING,2025-01-17 11:20:48.0
BUY-1763965650524-003610,TRADER-0110,FOREX,BUY,3.08,96,96,PENDING,2025-01-16 23:12:38.0
BUY-1763965650529-007001,TRADER-0001,EQUITY,BUY,72.64,66,66,PENDING,2025-01-18 15:40:36.0
BUY-1763965650528-006016,TRADER-0016,FOREX,BUY,2.99,22,22,PENDING,2025-01-18 04:34:01.0
BUY-1763965650526-004395,TRADER-0395,CRYPTO,BUY,199.29,112,112,PENDING,2025-01-17 08:56:41.0
BUY-1763965650524-003535,TRADER-0035,FOREX,BUY,3.17,369,369,PENDING,2025-01-16 22:03:29.0
BUY-1763965650524-003159,TRADER-0159,FOREX,BUY,2.42,144,144,PENDING,2025-01-16 17:50:02.0
BUY-1763965650520-000886,TRADER-0386,FOREX,BUY,2.89,684,684,PENDING,2025-01-15 15:03:08.0
BUY-1763965650519-000528,TRADER-0028,FOREX,BUY,2.88,472,472,PENDING,2025-01-15 10:43:17.0
BUY-1763965650519-000470,TRADER-0470,FOREX,BUY,2.0,81,81,PENDING,2025-01-15 09:33:03.0
BUY-1763965650519-000472,TRADER-0472,FOREX,BUY,2.5,48,48,PENDING,2025-01-15 10:09:22.0
BUY-1763965650519-000216,TRADER-0216,FOREX,BUY,3.5,17,17,PENDING,2025-01-15 06:26:58.0
BUY-1763965650519-000369,TRADER-0369,FOREX,BUY,3.5,23,23,PENDING,2025-01-15 07:57:13.0
BUY-1763965650527-005136,TRADER-0136,FOREX,BUY,4.09,80,80,PENDING,2025-01-17 17:52:32.0
BUY-1763965650528-006424,TRADER-0424,EQUITY,BUY,76.77,939,939,PENDING,2025-01-18 09:32:48.0
BUY-1763965650525-003738,TRADER-0238,FOREX,BUY,1.39,434,434,PENDING,2025-01-17 01:10:00.0
BUY-1763965650523-002317,TRADER-0317,FOREX,BUY,1.77,451,451,PENDING,2025-01-16 08:09:30.0
BUY-1763965650529-006757,TRADER-0257,FOREX,BUY,2.57,38,38,PENDING,2025-01-18 13:23:55.0
BUY-1763965650521-001079,TRADER-0079,EQUITY,BUY,55.46,590,590,PENDING,2025-01-15 17:05:12.0
BUY-1763965650523-002455,TRADER-0455,EQUITY,BUY,61.31,389,389,PENDING,2025-01-16 09:19:37.0
BUY-1763965650526-004683,TRADER-0183,FOREX,BUY,4.16,744,744,PENDING,2025-01-17 11:50:06.0
BUY-1763965650525-004302,TRADER-0302,FOREX,BUY,2.18,92,92,PENDING,2025-01-17 07:19:09.0
BUY-1763965650522-002188,TRADER-0188,CRYPTO,BUY,358.36,15,15,PENDING,2025-01-16 06:29:30.0
BUY-1763965650526-004648,TRADER-0148,EQUITY,BUY,50.85,845,845,PENDING,2025-01-17 11:28:01.0
BUY-1763965650528-006520,TRADER-0020,EQUITY,BUY,85.21,667,667,PENDING,2025-01-18 09:58:49.0
BUY-1763965650525-004188,TRADER-0188,FOREX,BUY,1.54,900,900,PENDING,2025-01-17 06:22:14.0
BUY-1763965650521-001283,TRADER-0283,FOREX,BUY,1.78,516,516,PENDING,2025-01-15 19:33:19.0
BUY-1763965650525-004340,TRADER-0340,FOREX,BUY,2.53,789,789,PENDING,2025-01-17 08:13:35.0
BUY-1763965650524-003595,TRADER-0095,FOREX,BUY,3.74,710,710,PENDING,2025-01-16 22:58:01.0
BUY-1763965650527-005662,TRADER-0162,FOREX,BUY,3.44,87,87,PENDING,2025-01-18 00:09:52.0
BUY-1763965650527-005556,TRADER-0056,FOREX,BUY,1.6,786,786,PENDING,2025-01-17 22:42:27.0
BUY-1763965650524-003561,TRADER-0061,FOREX,BUY,3.63,704,704,PENDING,2025-01-16 22:52:15.0
BUY-1763965650520-000773,TRADER-0273,FOREX,BUY,2.55,729,729,PENDING,2025-01-15 13:44:03.0
BUY-1763965650524-003103,TRADER-0103,CRYPTO,BUY,172.97,272,272,PENDING,2025-01-16 16:47:26.0
BUY-1763965650526-004891,TRADER-0391,EQUITY,BUY,61.93,468,468,PENDING,2025-01-17 14:39:44.0
BUY-1763965650529-007029,TRADER-0029,EQUITY,BUY,73.89,467,467,PENDING,2025-01-18 15:51:24.0
BUY-1763965650526-004593,TRADER-0093,EQUITY,BUY,118.24,798,798,PENDING,2025-01-17 11:24:33.0
BUY-1763965650519-000171,TRADER-0171,EQUITY,BUY,100.0,78,78,PENDING,2025-01-15 05:59:36.0
BUY-1763965650524-003050,TRADER-0050,EQUITY,BUY,118.07,27,27,PENDING,2025-01-16 17:01:00.0
BUY-1763965650522-001723,TRADER-0223,FOREX,BUY,2.72,409,409,PENDING,2025-01-16 00:56:33.0
BUY-1763965650524-003651,TRADER-0151,FOREX,BUY,2.86,494,494,PENDING,2025-01-16 23:50:30.0
BUY-1763965650523-002908,TRADER-0408,FOREX,BUY,2.77,702,702,PENDING,2025-01-16 14:50:23.0
BUY-1763965650529-006712,TRADER-0212,EQUITY,BUY,124.73,387,387,PENDING,2025-01-18 12:57:08.0
BUY-1763965650528-006013,TRADER-0013,EQUITY,BUY,130.62,295,295,PENDING,2025-01-18 04:38:57.0
BUY-1763965650527-005189,TRADER-0189,FOREX,BUY,2.37,501,501,PENDING,2025-01-17 18:33:21.0
BUY-1763965650518-000093,TRADER-0093,FOREX,BUY,2.5,27,27,PENDING,2025-01-15 04:43:26.0
BUY-1763965650521-001096,TRADER-0096,FOREX,BUY,1.07,115,115,PENDING,2025-01-15 17:19:55.0
BUY-1763965650529-006996,TRADER-0496,EQUITY,BUY,98.91,664,664,PENDING,2025-01-18 16:24:14.0
BUY-1763965650528-006110,TRADER-0110,EQUITY,BUY,111.42,478,478,PENDING,2025-01-18 05:04:11.0
BUY-1763965650519-000287,TRADER-0287,FOREX,BUY,2.5,70,70,PENDING,2025-01-15 07:24:17.0
BUY-1763965650527-005606,TRADER-0106,FOREX,BUY,1.22,162,162,PENDING,2025-01-17 23:06:16.0
BUY-1763965650522-002016,TRADER-0016,FOREX,BUY,2.29,220,220,PENDING,2025-01-16 04:05:11.0
BUY-1763965650529-006729,TRADER-0229,EQUITY,BUY,55.58,594,594,PENDING,2025-01-18 12:18:20.0
BUY-1763965650528-005842,TRADER-0342,FOREX,BUY,1.11,600,600,PENDING,2025-01-18 02:11:33.0
BUY-1763965650519-000597,TRADER-0097,EQUITY,BUY,61.87,367,367,PENDING,2025-01-15 11:16:29.0
BUY-1763965650528-006569,TRADER-0069,FOREX,BUY,3.61,280,280,PENDING,2025-01-18 10:25:46.0
BUY-1763965650523-002724,TRADER-0224,FOREX,BUY,3.55,961,961,PENDING,2025-01-16 13:02:59.0
BUY-1763965650524-003401,TRADER-0401,CRYPTO,BUY,307.33,121,121,PENDING,2025-01-16 21:09:55.0
BUY-1763965650520-000782,TRADER-0282,EQUITY,BUY,110.35,99,99,PENDING,2025-01-15 13:11:07.0
BUY-1763965650519-000357,TRADER-0357,EQUITY,BUY,100.0,68,68,PENDING,2025-01-15 08:22:38.0
BUY-1763965650527-005293,TRADER-0293,FOREX,BUY,2.03,440,440,PENDING,2025-01-17 19:23:57.0
BUY-1763965650520-001041,TRADER-0041,FOREX,BUY,1.78,199,199,PENDING,2025-01-15 16:03:51.0
BUY-1763965650522-001921,TRADER-0421,FOREX,BUY,4.19,473,473,PENDING,2025-01-16 02:51:09.0
BUY-1763965650524-003165,TRADER-0165,EQUITY,BUY,128.61,317,317,PENDING,2025-01-16 18:27:30.0
BUY-1763965650524-003134,TRADER-0134,FOREX,BUY,3.08,897,897,PENDING,2025-01-16 17:34:29.0
BUY-1763965650520-000721,TRADER-0221,EQUITY,BUY,102.85,362,362,PENDING,2025-01-15 13:00:58.0
BUY-1763965650529-007420,TRADER-0420,FOREX,BUY,3.37,385,385,PENDING,2025-01-18 21:11:14.0
BUY-1763965650521-001069,TRADER-0069,FOREX,BUY,3.3,178,178,PENDING,2025-01-15 17:16:17.0
BUY-1763965650524-003124,TRADER-0124,FOREX,BUY,3.35,732,732,PENDING,2025-01-16 17:55:19.0
BUY-1763965650527-005755,TRADER-0255,FOREX,BUY,2.21,994,994,PENDING,2025-01-18 01:02:05.0
BUY-1763965650525-003927,TRADER-0427,EQUITY,BUY,96.72,243,243,PENDING,2025-01-17 03:37:25.0
BUY-1763965650525-004016,TRADER-0016,FOREX,BUY,2.78,815,815,PENDING,2025-01-17 04:32:44.0
BUY-1763965650528-006169,TRADER-0169,CRYPTO,BUY,288.98,18,18,PENDING,2025-01-18 06:12:22.0
BUY-1763965650529-006885,TRADER-0385,CRYPTO,BUY,285.36,48,48,PENDING,2025-01-18 14:15:59.0
BUY-1763965650529-007030,TRADER-0030,EQUITY,BUY,63.07,725,725,PENDING,2025-01-18 16:49:40.0
BUY-1763965650520-000780,TRADER-0280,FOREX,BUY,3.15,216,216,PENDING,2025-01-15 13:36:43.0
BUY-1763965650521-001274,TRADER-0274,FOREX,BUY,2.11,151,151,PENDING,2025-01-15 19:26:13.0
BUY-1763965650527-005477,TRADER-0477,EQUITY,BUY,91.39,365,365,PENDING,2025-01-17 21:33:17.0
BUY-1763965650525-004143,TRADER-0143,EQUITY,BUY,106.46,839,839,PENDING,2025-01-17 05:27:19.0
BUY-1763965650519-000203,TRADER-0203,FOREX,BUY,3.5,93,93,PENDING,2025-01-15 06:01:02.0
BUY-1763965650528-006514,TRADER-0014,EQUITY,BUY,133.39,260,260,PENDING,2025-01-18 10:32:24.0
BUY-1763965650526-004656,TRADER-0156,CRYPTO,BUY,240.91,5,5,PENDING,2025-01-17 12:17:17.0
BUY-1763965650519-000169,TRADER-0169,FOREX,BUY,2.0,25,25,PENDING,2025-01-15 05:59:01.0
BUY-1763965650524-003129,TRADER-0129,FOREX,BUY,1.61,795,795,PENDING,2025-01-16 17:13:03.0
BUY-1763965650529-006690,TRADER-0190,EQUITY,BUY,73.32,273,273,PENDING,2025-01-18 12:15:00.0
BUY-1763965650526-004591,TRADER-0091,FOREX,BUY,3.06,882,882,PENDING,2025-01-17 10:49:12.0
BUY-1763965650526-004968,TRADER-0468,FOREX,BUY,2.1,98,98,PENDING,2025-01-17 15:29:07.0
BUY-1763965650520-000659,TRADER-0159,FOREX,BUY,3.91,215,215,PENDING,2025-01-15 12:15:24.0
BUY-1763965650526-004928,TRADER-0428,FOREX,BUY,2.25,58,58,PENDING,2025-01-17 14:46:58.0
BUY-1763965650521-001262,TRADER-0262,EQUITY,BUY,55.83,962,962,PENDING,2025-01-15 19:24:50.0
BUY-1763965650526-004742,TRADER-0242,FOREX,BUY,3.07,974,974,PENDING,2025-01-17 13:08:58.0
BUY-1763965650527-005258,TRADER-0258,FOREX,BUY,3.7,242,242,PENDING,2025-01-17 18:41:00.0
BUY-1763965650528-006212,TRADER-0212,EQUITY,BUY,103.01,475,475,PENDING,2025-01-18 07:00:49.0
BUY-1763965650523-002753,TRADER-0253,FOREX,BUY,3.98,192,192,PENDING,2025-01-16 12:50:08.0
BUY-1763965650525-004012,TRADER-0012,FOREX,BUY,2.07,481,481,PENDING,2025-01-17 04:19:50.0
BUY-1763965650520-000706,TRADER-0206,FOREX,BUY,4.1,468,468,PENDING,2025-01-15 12:10:15.0
BUY-1763965650525-004122,TRADER-0122,FOREX,BUY,3.58,50,50,PENDING,2025-01-17 05:20:54.0
BUY-1763965650524-003167,TRADER-0167,EQUITY,BUY,91.73,694,694,PENDING,2025-01-16 18:00:36.0
BUY-1763965650519-000178,TRADER-0178,FOREX,BUY,1.5,96,96,PENDING,2025-01-15 06:34:18.0
BUY-1763965650523-002838,TRADER-0338,CRYPTO,BUY,321.69,44,44,PENDING,2025-01-16 14:12:46.0
BUY-1763965650528-006447,TRADER-0447,CRYPTO,BUY,310.12,44,44,PENDING,2025-01-18 09:37:10.0
BUY-1763965650519-000318,TRADER-0318,FOREX,BUY,3.5,105,105,PENDING,2025-01-15 07:31:53.0
BUY-1763965650527-005158,TRADER-0158,EQUITY,BUY,118.86,501,501,PENDING,2025-01-17 17:25:18.0
BUY-1763965650520-001020,TRADER-0020,FOREX,BUY,1.56,171,171,PENDING,2025-01-15 16:08:26.0
BUY-1763965650519-000556,TRADER-0056,FOREX,BUY,1.88,729,729,PENDING,2025-01-15 10:16:29.0
BUY-1763965650522-001997,TRADER-0497,FOREX,BUY,2.66,199,199,PENDING,2025-01-16 03:59:50.0
BUY-1763965650526-004526,TRADER-0026,FOREX,BUY,4.22,568,568,PENDING,2025-01-17 10:22:54.0
BUY-1763965650519-000389,TRADER-0389,FOREX,BUY,2.0,52,52,PENDING,2025-01-15 08:50:25.0
BUY-1763965650528-006603,TRADER-0103,EQUITY,BUY,102.12,895,895,PENDING,2025-01-18 11:29:05.0
BUY-1763965650523-002591,TRADER-0091,CRYPTO,BUY,134.48,298,298,PENDING,2025-01-16 10:50:41.0
BUY-1763965650527-005119,TRADER-0119,FOREX,BUY,2.21,539,539,PENDING,2025-01-17 17:29:21.0
BUY-1763965650523-002340,TRADER-0340,FOREX,BUY,2.56,888,888,PENDING,2025-01-16 08:23:20.0
BUY-1763965650526-004576,TRADER-0076,FOREX,BUY,3.83,835,835,PENDING,2025-01-17 11:09:41.0
BUY-1763965650522-001842,TRADER-0342,EQUITY,BUY,122.88,534,534,PENDING,2025-01-16 02:26:12.0
BUY-1763965650528-006409,TRADER-0409,FOREX,BUY,1.23,458,458,PENDING,2025-01-18 08:41:26.0
BUY-1763965650525-004338,TRADER-0338,EQUITY,BUY,87.82,435,435,PENDING,2025-01-17 08:14:27.0
BUY-1763965650529-006693,TRADER-0193,CRYPTO,BUY,105.44,214,214,PENDING,2025-01-18 11:49:15.0
BUY-1763965650520-001027,TRADER-0027,FOREX,BUY,2.29,774,774,PENDING,2025-01-15 16:27:18.0
BUY-1763965650521-001231,TRADER-0231,FOREX,BUY,4.0,512,512,PENDING,2025-01-15 18:50:35.0
BUY-1763965650523-002268,TRADER-0268,FOREX,BUY,4.02,296,296,PENDING,2025-01-16 07:19:56.0
BUY-1763965650521-001490,TRADER-0490,EQUITY,BUY,122.19,193,193,PENDING,2025-01-15 21:38:57.0
BUY-1763965650525-003971,TRADER-0471,FOREX,BUY,4.06,186,186,PENDING,2025-01-17 03:31:30.0
BUY-1763965650529-006874,TRADER-0374,CRYPTO,BUY,375.52,72,72,PENDING,2025-01-18 14:20:20.0
BUY-1763965650528-006469,TRADER-0469,EQUITY,BUY,57.64,813,813,PENDING,2025-01-18 09:17:20.0
BUY-1763965650528-006451,TRADER-0451,FOREX,BUY,4.0,847,847,PENDING,2025-01-18 09:22:34.0
BUY-1763965650521-001578,TRADER-0078,FOREX,BUY,3.46,402,402,PENDING,2025-01-15 23:17:18.0
BUY-1763965650522-002021,TRADER-0021,FOREX,BUY,3.84,28,28,PENDING,2025-01-16 04:21:57.0
BUY-1763965650524-003482,TRADER-0482,FOREX,BUY,3.9,224,224,PENDING,2025-01-16 21:29:05.0
BUY-1763965650524-003054,TRADER-0054,FOREX,BUY,2.8,600,600,PENDING,2025-01-16 16:09:46.0
BUY-1763965650528-006105,TRADER-0105,FOREX,BUY,1.37,246,246,PENDING,2025-01-18 05:08:19.0
BUY-1763965650519-000569,TRADER-0069,FOREX,BUY,2.31,657,657,PENDING,2025-01-15 11:02:12.0
BUY-1763965650527-005264,TRADER-0264,EQUITY,BUY,123.08,402,402,PENDING,2025-01-17 18:45:21.0
BUY-1763965650528-005988,TRADER-0488,FOREX,BUY,1.07,787,787,PENDING,2025-01-18 03:34:26.0
BUY-1763965650522-001784,TRADER-0284,FOREX,BUY,1.42,128,128,PENDING,2025-01-16 00:54:54.0
BUY-1763965650527-005204,TRADER-0204,EQUITY,BUY,84.93,301,301,PENDING,2025-01-17 17:58:05.0
BUY-1763965650522-002146,TRADER-0146,FOREX,BUY,2.7,60,60,PENDING,2025-01-16 05:40:50.0
BUY-1763965650524-003659,TRADER-0159,CRYPTO,BUY,123.2,210,210,PENDING,2025-01-16 23:27:15.0
BUY-1763965650519-000493,TRADER-0493,FOREX,BUY,3.0,65,65,PENDING,2025-01-15 10:04:04.0
BUY-1763965650520-000950,TRADER-0450,FOREX,BUY,1.86,1,1,PENDING,2025-01-15 14:57:57.0
BUY-1763965650526-004433,TRADER-0433,FOREX,BUY,4.02,620,620,PENDING,2025-01-17 09:01:35.0
BUY-1763965650526-004992,TRADER-0492,FOREX,BUY,2.93,389,389,PENDING,2025-01-17 15:38:37.0
BUY-1763965650519-000244,TRADER-0244,FOREX,BUY,3.0,48,48,PENDING,2025-01-15 06:58:51.0
BUY-1763965650524-003655,TRADER-0155,EQUITY,BUY,77.36,306,306,PENDING,2025-01-17 00:10:40.0
BUY-1763965650520-000788,TRADER-0288,FOREX,BUY,2.28,751,751,PENDING,2025-01-15 13:45:56.0
BUY-1763965650521-001431,TRADER-0431,EQUITY,BUY,128.62,185,185,PENDING,2025-01-15 21:30:10.0
BUY-1763965650528-006027,TRADER-0027,FOREX,BUY,1.44,384,384,PENDING,2025-01-18 04:21:10.0
BUY-1763965650529-006747,TRADER-0247,FOREX,BUY,3.9,817,817,PENDING,2025-01-18 13:00:20.0
BUY-1763965650529-007437,TRADER-0437,FOREX,BUY,1.91,420,420,PENDING,2025-01-18 21:03:33.0
BUY-1763965650525-004331,TRADER-0331,FOREX,BUY,1.2,57,57,PENDING,2025-01-17 08:01:08.0
BUY-1763965650519-000363,TRADER-0363,FOREX,BUY,3.0,26,26,PENDING,2025-01-15 08:00:47.0
BUY-1763965650526-004672,TRADER-0172,CRYPTO,BUY,224.83,57,57,PENDING,2025-01-17 11:58:02.0
BUY-1763965650529-007377,TRADER-0377,FOREX,BUY,4.2,619,619,PENDING,2025-01-18 20:37:48.0
BUY-1763965650529-006884,TRADER-0384,EQUITY,BUY,50.88,487,487,PENDING,2025-01-18 14:28:05.0
BUY-1763965650518-000049,TRADER-0049,FOREX,BUY,2.5,48,48,PENDING,2025-01-15 05:02:14.0
BUY-1763965650526-004924,TRADER-0424,EQUITY,BUY,65.62,44,44,PENDING,2025-01-17 15:03:13.0
BUY-1763965650519-000608,TRADER-0108,EQUITY,BUY,53.42,859,859,PENDING,2025-01-15 10:59:26.0
BUY-1763965650524-003372,TRADER-0372,EQUITY,BUY,82.61,999,999,PENDING,2025-01-16 20:20:00.0
BUY-1763965650524-003638,TRADER-0138,FOREX,BUY,3.26,853,853,PENDING,2025-01-16 23:58:18.0
BUY-1763965650520-000702,TRADER-0202,FOREX,BUY,3.26,522,522,PENDING,2025-01-15 12:32:12.0
BUY-1763965650518-000115,TRADER-0115,FOREX,BUY,2.5,29,29,PENDING,2025-01-15 05:35:02.0
BUY-1763965650523-002467,TRADER-0467,FOREX,BUY,2.08,945,945,PENDING,2025-01-16 09:07:59.0
BUY-1763965650519-000495,TRADER-0495,FOREX,BUY,2.0,43,43,PENDING,2025-01-15 10:25:20.0
BUY-1763965650525-004332,TRADER-0332,FOREX,BUY,2.28,589,589,PENDING,2025-01-17 07:56:20.0
BUY-1763965650519-000536,TRADER-0036,EQUITY,BUY,60.51,107,107,PENDING,2025-01-15 10:30:41.0
BUY-1763965650525-003923,TRADER-0423,EQUITY,BUY,118.41,761,761,PENDING,2025-01-17 03:04:56.0
BUY-1763965650519-000596,TRADER-0096,FOREX,BUY,3.34,668,668,PENDING,2025-01-15 10:53:35.0
BUY-1763965650529-007028,TRADER-0028,EQUITY,BUY,86.39,915,915,PENDING,2025-01-18 15:50:14.0
BUY-1763965650521-001214,TRADER-0214,EQUITY,BUY,111.68,248,248,PENDING,2025-01-15 18:10:39.0
BUY-1763965650519-000526,TRADER-0026,FOREX,BUY,3.82,323,323,PENDING,2025-01-15 09:59:08.0
BUY-1763965650529-006640,TRADER-0140,CRYPTO,BUY,286.14,21,21,PENDING,2025-01-18 11:57:08.0
BUY-1763965650529-007379,TRADER-0379,EQUITY,BUY,69.14,907,907,PENDING,2025-01-18 20:43:52.0
BUY-1763965650526-004815,TRADER-0315,FOREX,BUY,3.89,749,749,PENDING,2025-01-17 13:46:20.0
BUY-1763965650519-000163,TRADER-0163,FOREX,BUY,3.5,56,56,PENDING,2025-01-15 05:34:37.0
BUY-1763965650520-000792,TRADER-0292,CRYPTO,BUY,318.67,130,130,PENDING,2025-01-15 13:43:09.0
BUY-1763965650521-001354,TRADER-0354,FOREX,BUY,2.93,477,477,PENDING,2025-01-15 20:35:43.0
BUY-1763965650521-001487,TRADER-0487,FOREX,BUY,2.02,61,61,PENDING,2025-01-15 21:44:35.0
BUY-1763965650524-003055,TRADER-0055,EQUITY,BUY,74.61,356,356,PENDING,2025-01-16 16:17:29.0
BUY-1763965650522-002254,TRADER-0254,EQUITY,BUY,118.45,291,291,PENDING,2025-01-16 07:05:03.0
BUY-1763965650521-001435,TRADER-0435,FOREX,BUY,3.06,419,419,PENDING,2025-01-15 21:30:35.0
BUY-1763965650520-000683,TRADER-0183,EQUITY,BUY,104.68,127,127,PENDING,2025-01-15 11:42:37.0
BUY-1763965650519-000167,TRADER-0167,FOREX,BUY,2.5,39,39,PENDING,2025-01-15 05:57:05.0
BUY-1763965650527-005396,TRADER-0396,FOREX,BUY,3.69,612,612,PENDING,2025-01-17 21:11:42.0
BUY-1763965650519-000176,TRADER-0176,FOREX,BUY,1.5,105,105,PENDING,2025-01-15 05:48:40.0
BUY-1763965650519-000306,TRADER-0306,FOREX,BUY,2.5,107,107,PENDING,2025-01-15 07:55:13.0
BUY-1763965650524-003496,TRADER-0496,EQUITY,BUY,126.61,278,278,PENDING,2025-01-16 21:37:53.0
BUY-1763965650523-002274,TRADER-0274,FOREX,BUY,4.17,797,797,PENDING,2025-01-16 07:20:03.0
BUY-1763965650527-005161,TRADER-0161,FOREX,BUY,1.45,908,908,PENDING,2025-01-17 17:28:23.0
BUY-1763965650526-004997,TRADER-0497,FOREX,BUY,2.38,114,114,PENDING,2025-01-17 15:43:57.0
BUY-1763965650528-006263,TRADER-0263,FOREX,BUY,2.05,158,158,PENDING,2025-01-18 06:41:57.0
BUY-1763965650525-004128,TRADER-0128,EQUITY,BUY,74.5,309,309,PENDING,2025-01-17 05:44:40.0
BUY-1763965650522-002195,TRADER-0195,FOREX,BUY,3.64,46,46,PENDING,2025-01-16 05:58:04.0
BUY-1763965650525-004090,TRADER-0090,EQUITY,BUY,88.85,520,520,PENDING,2025-01-17 05:02:19.0
BUY-1763965650523-002910,TRADER-0410,FOREX,BUY,1.11,348,348,PENDING,2025-01-16 14:48:43.0
BUY-1763965650521-001196,TRADER-0196,EQUITY,BUY,110.91,656,656,PENDING,2025-01-15 17:52:05.0
BUY-1763965650522-002176,TRADER-0176,FOREX,BUY,1.33,267,267,PENDING,2025-01-16 06:15:46.0
BUY-1763965650529-007315,TRADER-0315,FOREX,BUY,3.08,998,998,PENDING,2025-01-18 19:57:10.0
BUY-1763965650526-004821,TRADER-0321,EQUITY,BUY,93.8,360,360,PENDING,2025-01-17 14:06:43.0
BUY-1763965650526-005022,TRADER-0022,FOREX,BUY,2.35,9,9,PENDING,2025-01-17 16:12:55.0
BUY-1763965650523-002356,TRADER-0356,FOREX,BUY,1.79,671,671,PENDING,2025-01-16 08:21:26.0
BUY-1763965650528-006497,TRADER-0497,EQUITY,BUY,95.81,467,467,PENDING,2025-01-18 10:15:00.0
BUY-1763965650521-001172,TRADER-0172,EQUITY,BUY,55.6,60,60,PENDING,2025-01-15 18:13:31.0
BUY-1763965650526-004410,TRADER-0410,CRYPTO,BUY,356.4,59,59,PENDING,2025-01-17 09:14:20.0
BUY-1763965650519-000211,TRADER-0211,FOREX,BUY,3.5,39,39,PENDING,2025-01-15 06:19:41.0
BUY-1763965650524-003642,TRADER-0142,EQUITY,BUY,107.24,26,26,PENDING,2025-01-16 23:53:57.0
BUY-1763965650528-006003,TRADER-0003,EQUITY,BUY,89.49,814,814,PENDING,2025-01-18 04:22:27.0
BUY-1763965650529-007392,TRADER-0392,EQUITY,BUY,120.04,163,163,PENDING,2025-01-18 20:26:23.0
BUY-1763965650526-005025,TRADER-0025,EQUITY,BUY,115.94,309,309,PENDING,2025-01-17 16:13:51.0
BUY-1763965650519-000416,TRADER-0416,FOREX,BUY,2.5,84,84,PENDING,2025-01-15 09:27:58.0
BUY-1763965650528-006039,TRADER-0039,EQUITY,BUY,68.91,531,531,PENDING,2025-01-18 04:17:46.0
BUY-1763965650528-006115,TRADER-0115,EQUITY,BUY,98.0,36,36,PENDING,2025-01-18 05:32:47.0
BUY-1763965650522-002160,TRADER-0160,FOREX,BUY,2.97,276,276,PENDING,2025-01-16 06:01:23.0
BUY-1763965650526-004581,TRADER-0081,FOREX,BUY,1.95,25,25,PENDING,2025-01-17 10:54:12.0
BUY-1763965650529-006984,TRADER-0484,EQUITY,BUY,87.24,189,189,PENDING,2025-01-18 15:33:55.0
BUY-1763965650528-006372,TRADER-0372,FOREX,BUY,1.09,899,899,PENDING,2025-01-18 08:05:38.0
BUY-1763965650528-006355,TRADER-0355,FOREX,BUY,3.87,159,159,PENDING,2025-01-18 08:43:45.0
BUY-1763965650528-006438,TRADER-0438,FOREX,BUY,4.0,302,302,PENDING,2025-01-18 08:57:49.0
BUY-1763965650526-004734,TRADER-0234,FOREX,BUY,2.06,270,270,PENDING,2025-01-17 13:00:31.0
BUY-1763965650521-001528,TRADER-0028,FOREX,BUY,2.07,495,495,PENDING,2025-01-15 22:04:15.0
BUY-1763965650522-001635,TRADER-0135,FOREX,BUY,3.92,214,214,PENDING,2025-01-15 23:38:29.0
BUY-1763965650528-006215,TRADER-0215,FOREX,BUY,3.28,511,511,PENDING,2025-01-18 06:11:36.0
BUY-1763965650518-000009,TRADER-0009,FOREX,BUY,2.5,23,23,PENDING,2025-01-15 04:03:15.0
BUY-1763965650523-002648,TRADER-0148,FOREX,BUY,2.82,820,820,PENDING,2025-01-16 11:20:53.0
BUY-1763965650522-001712,TRADER-0212,FOREX,BUY,2.34,729,729,PENDING,2025-01-16 00:14:16.0
BUY-1763965650527-005683,TRADER-0183,FOREX,BUY,2.98,693,693,PENDING,2025-01-18 00:36:24.0
BUY-1763965650522-001836,TRADER-0336,CRYPTO,BUY,110.36,183,183,PENDING,2025-01-16 02:10:22.0
BUY-1763965650522-002197,TRADER-0197,FOREX,BUY,3.09,422,422,PENDING,2025-01-16 06:36:34.0
BUY-1763965650519-000371,TRADER-0371,FOREX,BUY,3.5,27,27,PENDING,2025-01-15 08:07:14.0
BUY-1763965650518-000079,TRADER-0079,FOREX,BUY,1.5,84,84,PENDING,2025-01-15 04:56:51.0
BUY-1763965650529-007405,TRADER-0405,FOREX,BUY,1.66,596,596,PENDING,2025-01-18 20:50:31.0
BUY-1763965650522-002190,TRADER-0190,EQUITY,BUY,89.73,230,230,PENDING,2025-01-16 06:07:25.0
BUY-1763965650524-003231,TRADER-0231,FOREX,BUY,1.21,439,439,PENDING,2025-01-16 18:43:18.0
BUY-1763965650524-003569,TRADER-0069,FOREX,BUY,4.18,448,448,PENDING,2025-01-16 23:15:30.0
BUY-1763965650519-000168,TRADER-0168,FOREX,BUY,3.0,29,29,PENDING,2025-01-15 05:35:29.0
BUY-1763965650521-001232,TRADER-0232,EQUITY,BUY,67.04,589,589,PENDING,2025-01-15 18:44:17.0
BUY-1763965650519-000273,TRADER-0273,FOREX,BUY,1.5,48,48,PENDING,2025-01-15 07:19:30.0
BUY-1763965650522-001864,TRADER-0364,FOREX,BUY,2.06,816,816,PENDING,2025-01-16 02:21:18.0
BUY-1763965650527-005307,TRADER-0307,FOREX,BUY,3.07,422,422,PENDING,2025-01-17 20:01:07.0
BUY-1763965650523-002754,TRADER-0254,EQUITY,BUY,54.46,521,521,PENDING,2025-01-16 13:32:21.0
BUY-1763965650522-001811,TRADER-0311,FOREX,BUY,3.02,734,734,PENDING,2025-01-16 02:12:59.0
BUY-1763965650523-002925,TRADER-0425,EQUITY,BUY,55.24,909,909,PENDING,2025-01-16 15:23:52.0
BUY-1763965650529-006694,TRADER-0194,FOREX,BUY,2.67,118,118,PENDING,2025-01-18 12:21:41.0
BUY-1763965650529-007306,TRADER-0306,FOREX,BUY,2.05,273,273,PENDING,2025-01-18 19:50:14.0
BUY-1763965650520-000917,TRADER-0417,FOREX,BUY,4.21,108,108,PENDING,2025-01-15 14:34:32.0
BUY-1763965650526-004510,TRADER-0010,FOREX,BUY,1.32,992,992,PENDING,2025-01-17 10:19:18.0
BUY-1763965650525-004372,TRADER-0372,CRYPTO,BUY,204.65,109,109,PENDING,2025-01-17 08:34:35.0
BUY-1763965650523-002411,TRADER-0411,FOREX,BUY,1.64,912,912,PENDING,2025-01-16 08:48:25.0
BUY-1763965650525-003906,TRADER-0406,EQUITY,BUY,70.43,384,384,PENDING,2025-01-17 02:54:07.0
BUY-1763965650523-002532,TRADER-0032,CRYPTO,BUY,157.54,69,69,PENDING,2025-01-16 10:51:56.0
BUY-1763965650529-007186,TRADER-0186,FOREX,BUY,2.09,985,985,PENDING,2025-01-18 18:41:10.0
BUY-1763965650526-004462,TRADER-0462,EQUITY,BUY,103.16,645,645,PENDING,2025-01-17 09:55:59.0
BUY-1763965650525-004357,TRADER-0357,EQUITY,BUY,69.43,944,944,PENDING,2025-01-17 08:45:59.0
BUY-1763965650518-000010,TRADER-0010,FOREX,BUY,3.5,53,53,PENDING,2025-01-15 04:30:06.0
BUY-1763965650523-002603,TRADER-0103,CRYPTO,BUY,259.0,148,148,PENDING,2025-01-16 10:44:38.0
BUY-1763965650519-000263,TRADER-0263,FOREX,BUY,3.5,16,16,PENDING,2025-01-15 06:54:54.0
BUY-1763965650524-003013,TRADER-0013,EQUITY,BUY,51.94,447,447,PENDING,2025-01-16 16:30:22.0
BUY-1763965650526-005026,TRADER-0026,FOREX,BUY,3.97,759,759,PENDING,2025-01-17 16:05:54.0
BUY-1763965650527-005220,TRADER-0220,FOREX,BUY,1.07,716,716,PENDING,2025-01-17 18:16:37.0
BUY-1763965650522-001857,TRADER-0357,EQUITY,BUY,112.32,183,183,PENDING,2025-01-16 01:49:50.0
BUY-1763965650529-007150,TRADER-0150,EQUITY,BUY,106.61,739,739,PENDING,2025-01-18 17:46:02.0
BUY-1763965650519-000288,TRADER-0288,FOREX,BUY,2.0,63,63,PENDING,2025-01-15 07:23:52.0
BUY-1763965650529-007139,TRADER-0139,EQUITY,BUY,103.32,765,765,PENDING,2025-01-18 17:37:59.0
BUY-1763965650523-002632,TRADER-0132,CRYPTO,BUY,290.25,120,120,PENDING,2025-01-16 11:27:20.0
BUY-1763965650529-007155,TRADER-0155,FOREX,BUY,2.53,651,651,PENDING,2025-01-18 17:42:34.0
BUY-1763965650525-004373,TRADER-0373,FOREX,BUY,3.46,415,415,PENDING,2025-01-17 08:18:58.0
BUY-1763965650527-005130,TRADER-0130,FOREX,BUY,3.7,794,794,PENDING,2025-01-17 17:57:22.0
BUY-1763965650529-006786,TRADER-0286,EQUITY,BUY,120.3,177,177,PENDING,2025-01-18 13:00:36.0
BUY-1763965650522-001687,TRADER-0187,EQUITY,BUY,58.93,481,481,PENDING,2025-01-16 00:03:31.0
BUY-1763965650525-004228,TRADER-0228,FOREX,BUY,3.88,962,962,PENDING,2025-01-17 06:32:08.0
BUY-1763965650524-003142,TRADER-0142,EQUITY,BUY,72.04,978,978,PENDING,2025-01-16 17:41:27.0
BUY-1763965650526-004481,TRADER-0481,FOREX,BUY,3.62,877,877,PENDING,2025-01-17 09:35:24.0
BUY-1763965650523-002399,TRADER-0399,FOREX,BUY,1.23,355,355,PENDING,2025-01-16 08:42:41.0
BUY-1763965650526-004652,TRADER-0152,CRYPTO,BUY,248.84,82,82,PENDING,2025-01-17 11:22:27.0
BUY-1763965650519-000489,TRADER-0489,FOREX,BUY,3.5,86,86,PENDING,2025-01-15 09:54:43.0
BUY-1763965650522-001739,TRADER-0239,EQUITY,BUY,131.32,160,160,PENDING,2025-01-16 01:00:50.0
BUY-1763965650526-004863,TRADER-0363,EQUITY,BUY,72.32,809,809,PENDING,2025-01-17 14:37:03.0
BUY-1763965650522-001989,TRADER-0489,FOREX,BUY,3.02,210,210,PENDING,2025-01-16 03:55:38.0
BUY-1763965650522-001917,TRADER-0417,EQUITY,BUY,91.16,239,239,PENDING,2025-01-16 03:12:48.0
BUY-1763965650527-005551,TRADER-0051,EQUITY,BUY,115.96,486,486,PENDING,2025-01-17 22:31:00.0
BUY-1763965650526-004599,TRADER-0099,FOREX,BUY,1.72,725,725,PENDING,2025-01-17 10:59:33.0
BUY-1763965650524-003590,TRADER-0090,CRYPTO,BUY,372.28,36,36,PENDING,2025-01-16 23:25:23.0
BUY-1763965650522-001960,TRADER-0460,FOREX,BUY,1.45,608,608,PENDING,2025-01-16 03:17:00.0
BUY-1763965650522-002054,TRADER-0054,CRYPTO,BUY,326.46,134,134,PENDING,2025-01-16 04:53:34.0
BUY-1763965650526-004837,TRADER-0337,FOREX,BUY,2.06,876,876,PENDING,2025-01-17 14:29:58.0
BUY-1763965650529-006711,TRADER-0211,EQUITY,BUY,97.25,678,678,PENDING,2025-01-18 13:00:37.0
BUY-1763965650527-005227,TRADER-0227,FOREX,BUY,3.79,322,322,PENDING,2025-01-17 19:11:57.0
BUY-1763965650518-000122,TRADER-0122,FOREX,BUY,2.0,52,52,PENDING,2025-01-15 05:40:53.0
BUY-1763965650522-002155,TRADER-0155,FOREX,BUY,3.39,103,103,PENDING,2025-01-16 05:47:30.0
BUY-1763965650522-001825,TRADER-0325,FOREX,BUY,2.73,105,105,PENDING,2025-01-16 02:15:57.0
BUY-1763965650527-005113,TRADER-0113,FOREX,BUY,2.19,547,547,PENDING,2025-01-17 17:20:10.0
BUY-1763965650523-002875,TRADER-0375,EQUITY,BUY,55.68,515,515,PENDING,2025-01-16 14:54:16.0
BUY-1763965650527-005674,TRADER-0174,CRYPTO,BUY,391.67,77,77,PENDING,2025-01-17 23:43:26.0
BUY-1763965650529-007314,TRADER-0314,CRYPTO,BUY,116.79,383,383,PENDING,2025-01-18 19:26:15.0
BUY-1763965650525-004044,TRADER-0044,FOREX,BUY,1.27,910,910,PENDING,2025-01-17 04:18:07.0
BUY-1763965650529-007147,TRADER-0147,FOREX,BUY,4.19,589,589,PENDING,2025-01-18 17:22:33.0
BUY-1763965650524-003274,TRADER-0274,FOREX,BUY,1.69,694,694,PENDING,2025-01-16 19:11:34.0
BUY-1763965650526-004869,TRADER-0369,EQUITY,BUY,59.68,582,582,PENDING,2025-01-17 14:47:05.0
BUY-1763965650526-004867,TRADER-0367,FOREX,BUY,3.44,363,363,PENDING,2025-01-17 14:07:37.0
BUY-1763965650519-000415,TRADER-0415,FOREX,BUY,2.5,50,50,PENDING,2025-01-15 08:39:22.0
BUY-1763965650527-005762,TRADER-0262,EQUITY,BUY,66.38,35,35,PENDING,2025-01-18 01:20:11.0
BUY-1763965650529-006999,TRADER-0499,EQUITY,BUY,115.29,412,412,PENDING,2025-01-18 16:13:48.0
BUY-1763965650529-006995,TRADER-0495,FOREX,BUY,2.42,706,706,PENDING,2025-01-18 16:01:57.0
BUY-1763965650527-005311,TRADER-0311,FOREX,BUY,3.6,864,864,PENDING,2025-01-17 19:15:22.0
BUY-1763965650523-002370,TRADER-0370,EQUITY,BUY,106.9,872,872,PENDING,2025-01-16 08:53:50.0
BUY-1763965650527-005592,TRADER-0092,EQUITY,BUY,95.87,89,89,PENDING,2025-01-17 22:40:53.0
BUY-1763965650527-005219,TRADER-0219,FOREX,BUY,3.47,148,148,PENDING,2025-01-17 18:34:27.0
BUY-1763965650525-004359,TRADER-0359,FOREX,BUY,2.56,260,260,PENDING,2025-01-17 08:15:41.0
BUY-1763965650525-004098,TRADER-0098,FOREX,BUY,1.23,269,269,PENDING,2025-01-17 05:23:17.0
BUY-1763965650529-007442,TRADER-0442,FOREX,BUY,3.98,828,828,PENDING,2025-01-18 21:08:15.0
BUY-1763965650524-003578,TRADER-0078,FOREX,BUY,3.21,184,184,PENDING,2025-01-16 22:39:20.0
BUY-1763965650523-002503,TRADER-0003,EQUITY,BUY,106.09,490,490,PENDING,2025-01-16 10:22:51.0
BUY-1763965650527-005239,TRADER-0239,FOREX,BUY,1.45,827,827,PENDING,2025-01-17 18:38:59.0
BUY-1763965650525-004237,TRADER-0237,FOREX,BUY,2.99,552,552,PENDING,2025-01-17 06:30:11.0
BUY-1763965650519-000403,TRADER-0403,FOREX,BUY,2.5,14,14,PENDING,2025-01-15 09:02:16.0
BUY-1763965650524-003081,TRADER-0081,CRYPTO,BUY,291.39,95,95,PENDING,2025-01-16 16:47:02.0
BUY-1763965650529-006732,TRADER-0232,EQUITY,BUY,61.04,977,977,PENDING,2025-01-18 12:42:02.0
BUY-1763965650519-000373,TRADER-0373,FOREX,BUY,2.0,42,42,PENDING,2025-01-15 08:39:14.0
BUY-1763965650522-001632,TRADER-0132,EQUITY,BUY,61.17,616,616,PENDING,2025-01-15 23:58:41.0
BUY-1763965650519-000547,TRADER-0047,FOREX,BUY,2.9,869,869,PENDING,2025-01-15 10:57:30.0
BUY-1763965650526-005047,TRADER-0047,FOREX,BUY,3.89,471,471,PENDING,2025-01-17 16:04:57.0
BUY-1763965650526-005030,TRADER-0030,EQUITY,BUY,120.49,203,203,PENDING,2025-01-17 16:51:04.0
BUY-1763965650527-005240,TRADER-0240,EQUITY,BUY,97.99,219,219,PENDING,2025-01-17 18:52:55.0
BUY-1763965650524-003678,TRADER-0178,FOREX,BUY,1.55,789,789,PENDING,2025-01-17 00:09:01.0
BUY-1763965650526-004454,TRADER-0454,FOREX,BUY,3.92,553,553,PENDING,2025-01-17 09:07:53.0
BUY-1763965650526-004692,TRADER-0192,FOREX,BUY,2.89,964,964,PENDING,2025-01-17 12:10:52.0
BUY-1763965650520-000703,TRADER-0203,FOREX,BUY,2.8,480,480,PENDING,2025-01-15 12:54:47.0
BUY-1763965650523-002709,TRADER-0209,FOREX,BUY,3.25,860,860,PENDING,2025-01-16 12:57:09.0
BUY-1763965650519-000455,TRADER-0455,FOREX,BUY,3.0,94,94,PENDING,2025-01-15 09:12:22.0
BUY-1763965650523-002707,TRADER-0207,FOREX,BUY,2.34,983,983,PENDING,2025-01-16 12:18:27.0
BUY-1763965650528-006334,TRADER-0334,EQUITY,BUY,63.24,883,883,PENDING,2025-01-18 08:18:13.0
BUY-1763965650525-003831,TRADER-0331,FOREX,BUY,2.4,883,883,PENDING,2025-01-17 01:55:08.0
BUY-1763965650525-004343,TRADER-0343,FOREX,BUY,2.93,387,387,PENDING,2025-01-17 07:53:13.0
BUY-1763965650526-004749,TRADER-0249,CRYPTO,BUY,312.05,6,6,PENDING,2025-01-17 12:49:41.0
BUY-1763965650529-007071,TRADER-0071,FOREX,BUY,1.59,955,955,PENDING,2025-01-18 17:15:41.0
BUY-1763965650521-001460,TRADER-0460,FOREX,BUY,1.0,378,378,PENDING,2025-01-15 21:42:42.0
BUY-1763965650528-005956,TRADER-0456,FOREX,BUY,1.4,574,574,PENDING,2025-01-18 03:32:00.0
BUY-1763965650528-006138,TRADER-0138,CRYPTO,BUY,294.2,157,157,PENDING,2025-01-18 05:44:48.0
BUY-1763965650526-004887,TRADER-0387,EQUITY,BUY,74.44,558,558,PENDING,2025-01-17 14:56:27.0
BUY-1763965650522-002059,TRADER-0059,FOREX,BUY,1.16,360,360,PENDING,2025-01-16 04:57:51.0
BUY-1763965650525-004081,TRADER-0081,CRYPTO,BUY,411.86,15,15,PENDING,2025-01-17 04:30:10.0
BUY-1763965650521-001106,TRADER-0106,FOREX,BUY,3.27,432,432,PENDING,2025-01-15 17:15:00.0
BUY-1763965650529-007343,TRADER-0343,EQUITY,BUY,115.46,561,561,PENDING,2025-01-18 20:08:58.0
BUY-1763965650523-002465,TRADER-0465,EQUITY,BUY,133.45,432,432,PENDING,2025-01-16 09:16:02.0
BUY-1763965650529-006915,TRADER-0415,CRYPTO,BUY,315.3,53,53,PENDING,2025-01-18 14:49:58.0
BUY-1763965650521-001459,TRADER-0459,EQUITY,BUY,89.86,813,813,PENDING,2025-01-15 21:21:53.0
BUY-1763965650523-002525,TRADER-0025,FOREX,BUY,2.06,326,326,PENDING,2025-01-16 09:57:38.0
BUY-1763965650527-005496,TRADER-0496,FOREX,BUY,3.69,620,620,PENDING,2025-01-17 22:06:11.0
BUY-1763965650528-006250,TRADER-0250,CRYPTO,BUY,378.61,31,31,PENDING,2025-01-18 07:21:32.0
BUY-1763965650520-000694,TRADER-0194,EQUITY,BUY,67.75,427,427,PENDING,2025-01-15 12:35:41.0
BUY-1763965650523-002645,TRADER-0145,FOREX,BUY,1.25,314,314,PENDING,2025-01-16 11:16:03.0
BUY-1763965650529-007296,TRADER-0296,EQUITY,BUY,124.8,55,55,PENDING,2025-01-18 19:31:33.0
BUY-1763965650520-000962,TRADER-0462,FOREX,BUY,3.2,23,23,PENDING,2025-01-15 15:28:01.0
BUY-1763965650526-004970,TRADER-0470,FOREX,BUY,2.55,698,698,PENDING,2025-01-17 15:57:58.0
BUY-1763965650521-001547,TRADER-0047,EQUITY,BUY,128.24,186,186,PENDING,2025-01-15 22:18:38.0
BUY-1763965650528-006249,TRADER-0249,EQUITY,BUY,54.56,873,873,PENDING,2025-01-18 06:39:51.0
BUY-1763965650529-006708,TRADER-0208,FOREX,BUY,3.59,794,794,PENDING,2025-01-18 12:25:07.0
BUY-1763965650521-001442,TRADER-0442,EQUITY,BUY,77.88,824,824,PENDING,2025-01-15 21:19:27.0
BUY-1763965650528-006373,TRADER-0373,FOREX,BUY,3.01,350,350,PENDING,2025-01-18 08:34:39.0
BUY-1763965650522-001927,TRADER-0427,FOREX,BUY,3.69,178,178,PENDING,2025-01-16 02:48:28.0
BUY-1763965650528-005874,TRADER-0374,FOREX,BUY,4.03,303,303,PENDING,2025-01-18 02:27:11.0
BUY-1763965650520-000956,TRADER-0456,FOREX,BUY,3.38,872,872,PENDING,2025-01-15 15:27:29.0
BUY-1763965650528-005881,TRADER-0381,FOREX,BUY,1.22,127,127,PENDING,2025-01-18 02:16:46.0
BUY-1763965650527-005761,TRADER-0261,EQUITY,BUY,82.37,468,468,PENDING,2025-01-18 01:31:57.0
BUY-1763965650529-006997,TRADER-0497,FOREX,BUY,3.89,119,119,PENDING,2025-01-18 15:43:22.0
BUY-1763965650523-002520,TRADER-0020,FOREX,BUY,3.47,225,225,PENDING,2025-01-16 10:05:32.0
BUY-1763965650525-004176,TRADER-0176,FOREX,BUY,2.95,532,532,PENDING,2025-01-17 05:42:48.0
BUY-1763965650527-005100,TRADER-0100,FOREX,BUY,1.1,303,303,PENDING,2025-01-17 17:24:13.0
BUY-1763965650527-005500,TRADER-0000,EQUITY,BUY,80.6,219,219,PENDING,2025-01-17 21:50:52.0
BUY-1763965650521-001392,TRADER-0392,FOREX,BUY,3.66,42,42,PENDING,2025-01-15 21:08:21.0
BUY-1763965650518-000024,TRADER-0024,FOREX,BUY,3.5,34,34,PENDING,2025-01-15 04:19:32.0
BUY-1763965650527-005529,TRADER-0029,CRYPTO,BUY,175.99,117,117,PENDING,2025-01-17 22:33:41.0
BUY-1763965650529-007282,TRADER-0282,FOREX,BUY,2.2,165,165,PENDING,2025-01-18 19:17:28.0
BUY-1763965650529-006673,TRADER-0173,FOREX,BUY,1.38,36,36,PENDING,2025-01-18 12:19:24.0
BUY-1763965650521-001520,TRADER-0020,EQUITY,BUY,64.5,547,547,PENDING,2025-01-15 22:19:28.0
BUY-1763965650523-002636,TRADER-0136,EQUITY,BUY,90.75,933,933,PENDING,2025-01-16 11:56:38.0
BUY-1763965650518-000121,TRADER-0121,FOREX,BUY,3.0,59,59,PENDING,2025-01-15 05:20:34.0
BUY-1763965650519-000175,TRADER-0175,EQUITY,BUY,100.0,60,60,PENDING,2025-01-15 06:16:57.0
BUY-1763965650525-004362,TRADER-0362,FOREX,BUY,4.22,384,384,PENDING,2025-01-17 08:45:39.0
BUY-1763965650529-006841,TRADER-0341,FOREX,BUY,2.66,298,298,PENDING,2025-01-18 14:01:49.0
BUY-1763965650528-006061,TRADER-0061,FOREX,BUY,3.28,969,969,PENDING,2025-01-18 04:37:56.0
BUY-1763965650519-000450,TRADER-0450,FOREX,BUY,3.5,50,50,PENDING,2025-01-15 09:05:52.0
BUY-1763965650523-002324,TRADER-0324,FOREX,BUY,2.56,450,450,PENDING,2025-01-16 08:09:52.0
BUY-1763965650527-005343,TRADER-0343,FOREX,BUY,1.1,246,246,PENDING,2025-01-17 19:59:06.0
BUY-1763965650526-004944,TRADER-0444,EQUITY,BUY,82.32,758,758,PENDING,2025-01-17 15:17:54.0
BUY-1763965650529-006882,TRADER-0382,FOREX,BUY,2.34,873,873,PENDING,2025-01-18 15:03:48.0
BUY-1763965650519-000488,TRADER-0488,FOREX,BUY,2.5,91,91,PENDING,2025-01-15 09:21:42.0
BUY-1763965650525-004168,TRADER-0168,FOREX,BUY,2.24,345,345,PENDING,2025-01-17 05:47:48.0
BUY-1763965650521-001099,TRADER-0099,EQUITY,BUY,52.3,562,562,PENDING,2025-01-15 17:33:23.0
BUY-1763965650523-002483,TRADER-0483,EQUITY,BUY,120.24,200,200,PENDING,2025-01-16 10:09:08.0
BUY-1763965650519-000309,TRADER-0309,FOREX,BUY,3.5,20,20,PENDING,2025-01-15 07:49:03.0
BUY-1763965650526-004577,TRADER-0077,FOREX,BUY,2.93,54,54,PENDING,2025-01-17 11:12:12.0
BUY-1763965650521-001191,TRADER-0191,EQUITY,BUY,83.45,374,374,PENDING,2025-01-15 18:29:14.0
BUY-1763965650527-005484,TRADER-0484,EQUITY,BUY,88.2,494,494,PENDING,2025-01-17 21:51:44.0
BUY-1763965650522-001724,TRADER-0224,CRYPTO,BUY,238.62,54,54,PENDING,2025-01-16 00:50:42.0
BUY-1763965650526-004406,TRADER-0406,FOREX,BUY,3.7,383,383,PENDING,2025-01-17 08:58:30.0
BUY-1763965650526-004834,TRADER-0334,FOREX,BUY,3.87,762,762,PENDING,2025-01-17 13:58:29.0
BUY-1763965650523-002789,TRADER-0289,FOREX,BUY,3.23,429,429,PENDING,2025-01-16 13:44:57.0
BUY-1763965650528-006422,TRADER-0422,EQUITY,BUY,113.42,780,780,PENDING,2025-01-18 08:39:14.0
BUY-1763965650520-000854,TRADER-0354,FOREX,BUY,2.55,494,494,PENDING,2025-01-15 14:30:55.0
BUY-1763965650526-004414,TRADER-0414,EQUITY,BUY,128.48,194,194,PENDING,2025-01-17 08:28:06.0
BUY-1763965650523-002909,TRADER-0409,FOREX,BUY,3.89,884,884,PENDING,2025-01-16 14:57:50.0
BUY-1763965650525-003765,TRADER-0265,FOREX,BUY,1.52,107,107,PENDING,2025-01-17 01:06:49.0
BUY-1763965650518-000120,TRADER-0120,FOREX,BUY,1.5,100,100,PENDING,2025-01-15 05:13:57.0
BUY-1763965650521-001082,TRADER-0082,FOREX,BUY,1.57,909,909,PENDING,2025-01-15 17:24:29.0
BUY-1763965650526-004480,TRADER-0480,EQUITY,BUY,88.86,519,519,PENDING,2025-01-17 09:55:26.0
BUY-1763965650521-001512,TRADER-0012,CRYPTO,BUY,224.56,215,215,PENDING,2025-01-15 22:15:35.0
BUY-1763965650525-004183,TRADER-0183,EQUITY,BUY,98.83,429,429,PENDING,2025-01-17 06:17:48.0
BUY-1763965650528-005813,TRADER-0313,FOREX,BUY,3.09,190,190,PENDING,2025-01-18 01:51:51.0
BUY-1763965650529-006928,TRADER-0428,FOREX,BUY,3.87,353,353,PENDING,2025-01-18 14:46:21.0
BUY-1763965650524-003304,TRADER-0304,EQUITY,BUY,52.87,766,766,PENDING,2025-01-16 19:46:57.0
BUY-1763965650519-000284,TRADER-0284,FOREX,BUY,2.0,42,42,PENDING,2025-01-15 07:01:24.0
BUY-1763965650525-004220,TRADER-0220,CRYPTO,BUY,342.96,56,56,PENDING,2025-01-17 06:18:57.0
BUY-1763965650522-001629,TRADER-0129,EQUITY,BUY,50.83,968,968,PENDING,2025-01-15 23:34:27.0
BUY-1763965650529-007205,TRADER-0205,FOREX,BUY,1.22,615,615,PENDING,2025-01-18 18:12:20.0
BUY-1763965650520-000957,TRADER-0457,EQUITY,BUY,132.37,289,289,PENDING,2025-01-15 15:32:43.0
BUY-1763965650521-001251,TRADER-0251,FOREX,BUY,1.44,942,942,PENDING,2025-01-15 18:31:47.0
BUY-1763965650529-006745,TRADER-0245,FOREX,BUY,4.14,354,354,PENDING,2025-01-18 12:39:28.0
BUY-1763965650529-006959,TRADER-0459,FOREX,BUY,3.25,181,181,PENDING,2025-01-18 15:43:45.0
BUY-1763965650519-000458,TRADER-0458,FOREX,BUY,3.5,99,99,PENDING,2025-01-15 09:03:42.0
BUY-1763965650522-001626,TRADER-0126,FOREX,BUY,3.67,294,294,PENDING,2025-01-15 23:08:23.0
BUY-1763965650526-004804,TRADER-0304,FOREX,BUY,1.05,79,79,PENDING,2025-01-17 13:44:13.0
BUY-1763965650528-006521,TRADER-0021,CRYPTO,BUY,376.86,123,123,PENDING,2025-01-18 10:44:14.0
BUY-1763965650523-002445,TRADER-0445,FOREX,BUY,3.93,476,476,PENDING,2025-01-16 09:08:03.0
BUY-1763965650521-001491,TRADER-0491,CRYPTO,BUY,123.88,252,252,PENDING,2025-01-15 22:11:01.0
BUY-1763965650522-001940,TRADER-0440,EQUITY,BUY,69.93,596,596,PENDING,2025-01-16 03:11:32.0
BUY-1763965650527-005549,TRADER-0049,EQUITY,BUY,92.81,51,51,PENDING,2025-01-17 22:25:45.0
BUY-1763965650519-000213,TRADER-0213,FOREX,BUY,3.0,80,80,PENDING,2025-01-15 06:37:02.0
BUY-1763965650527-005262,TRADER-0262,EQUITY,BUY,129.39,759,759,PENDING,2025-01-17 18:49:47.0
BUY-1763965650529-006946,TRADER-0446,FOREX,BUY,4.05,108,108,PENDING,2025-01-18 15:18:31.0
BUY-1763965650523-002593,TRADER-0093,EQUITY,BUY,75.79,357,357,PENDING,2025-01-16 11:15:38.0
BUY-1763965650521-001255,TRADER-0255,CRYPTO,BUY,349.42,48,48,PENDING,2025-01-15 19:07:22.0
BUY-1763965650527-005138,TRADER-0138,FOREX,BUY,2.46,415,415,PENDING,2025-01-17 18:06:37.0
BUY-1763965650527-005334,TRADER-0334,CRYPTO,BUY,258.06,18,18,PENDING,2025-01-17 20:23:40.0
BUY-1763965650520-000821,TRADER-0321,CRYPTO,BUY,217.64,229,229,PENDING,2025-01-15 13:23:52.0
BUY-1763965650523-002439,TRADER-0439,CRYPTO,BUY,266.96,159,159,PENDING,2025-01-16 09:24:28.0
BUY-1763965650523-002351,TRADER-0351,FOREX,BUY,3.73,324,324,PENDING,2025-01-16 08:05:14.0
BUY-1763965650525-003936,TRADER-0436,FOREX,BUY,1.99,978,978,PENDING,2025-01-17 03:34:19.0
BUY-1763965650518-000099,TRADER-0099,FOREX,BUY,2.5,72,72,PENDING,2025-01-15 05:40:31.0
BUY-1763965650523-002787,TRADER-0287,EQUITY,BUY,58.44,186,186,PENDING,2025-01-16 13:01:18.0
BUY-1763965650524-003315,TRADER-0315,FOREX,BUY,2.23,560,560,PENDING,2025-01-16 20:14:22.0
BUY-1763965650523-002544,TRADER-0044,EQUITY,BUY,80.55,414,414,PENDING,2025-01-16 10:41:00.0
BUY-1763965650522-002171,TRADER-0171,EQUITY,BUY,119.56,553,553,PENDING,2025-01-16 06:17:47.0
BUY-1763965650521-001517,TRADER-0017,EQUITY,BUY,92.35,422,422,PENDING,2025-01-15 22:19:24.0
BUY-1763965650523-002524,TRADER-0024,EQUITY,BUY,82.29,231,231,PENDING,2025-01-16 10:28:21.0
BUY-1763965650525-004042,TRADER-0042,CRYPTO,BUY,276.99,148,148,PENDING,2025-01-17 04:23:10.0
BUY-1763965650527-005416,TRADER-0416,EQUITY,BUY,83.38,358,358,PENDING,2025-01-17 21:07:20.0
BUY-1763965650525-004063,TRADER-0063,EQUITY,BUY,101.29,894,894,PENDING,2025-01-17 04:42:29.0
BUY-1763965650521-001148,TRADER-0148,FOREX,BUY,4.09,845,845,PENDING,2025-01-15 17:54:01.0
BUY-1763965650529-006843,TRADER-0343,FOREX,BUY,3.58,122,122,PENDING,2025-01-18 13:37:09.0
BUY-1763965650529-006838,TRADER-0338,FOREX,BUY,3.21,142,142,PENDING,2025-01-18 14:28:20.0
BUY-1763965650520-000753,TRADER-0253,FOREX,BUY,1.23,710,710,PENDING,2025-01-15 13:12:17.0
BUY-1763965650522-001968,TRADER-0468,EQUITY,BUY,54.61,790,790,PENDING,2025-01-16 03:27:11.0
BUY-1763965650523-002667,TRADER-0167,FOREX,BUY,3.17,396,396,PENDING,2025-01-16 11:39:01.0
BUY-1763965650529-007435,TRADER-0435,EQUITY,BUY,126.28,209,209,PENDING,2025-01-18 21:32:44.0
BUY-1763965650525-003721,TRADER-0221,EQUITY,BUY,119.18,765,765,PENDING,2025-01-17 00:32:41.0
BUY-1763965650528-006018,TRADER-0018,FOREX,BUY,1.45,169,169,PENDING,2025-01-18 04:28:35.0
BUY-1763965650523-002670,TRADER-0170,FOREX,BUY,2.78,912,912,PENDING,2025-01-16 12:09:41.0
BUY-1763965650526-004685,TRADER-0185,FOREX,BUY,1.83,76,76,PENDING,2025-01-17 11:52:49.0
BUY-1763965650525-004084,TRADER-0084,FOREX,BUY,4.05,855,855,PENDING,2025-01-17 04:43:19.0
BUY-1763965650528-006396,TRADER-0396,FOREX,BUY,1.65,510,510,PENDING,2025-01-18 08:49:18.0
BUY-1763965650523-002301,TRADER-0301,FOREX,BUY,1.72,153,153,PENDING,2025-01-16 07:32:37.0
BUY-1763965650525-004058,TRADER-0058,FOREX,BUY,3.01,313,313,PENDING,2025-01-17 04:25:50.0
BUY-1763965650525-003787,TRADER-0287,CRYPTO,BUY,341.11,32,32,PENDING,2025-01-17 01:39:16.0
BUY-1763965650525-004117,TRADER-0117,EQUITY,BUY,74.16,725,725,PENDING,2025-01-17 05:32:35.0
BUY-1763965650520-001037,TRADER-0037,FOREX,BUY,2.52,686,686,PENDING,2025-01-15 16:06:06.0
BUY-1763965650529-006752,TRADER-0252,FOREX,BUY,1.32,452,452,PENDING,2025-01-18 12:45:42.0
BUY-1763965650525-004224,TRADER-0224,FOREX,BUY,3.97,467,467,PENDING,2025-01-17 07:05:37.0
BUY-1763965650523-002558,TRADER-0058,FOREX,BUY,2.1,666,666,PENDING,2025-01-16 11:05:18.0
BUY-1763965650521-001523,TRADER-0023,EQUITY,BUY,57.77,17,17,PENDING,2025-01-15 22:41:48.0
BUY-1763965650527-005101,TRADER-0101,FOREX,BUY,1.9,490,490,PENDING,2025-01-17 17:26:50.0
BUY-1763965650526-004934,TRADER-0434,FOREX,BUY,2.26,460,460,PENDING,2025-01-17 14:52:05.0
BUY-1763965650524-003038,TRADER-0038,CRYPTO,BUY,405.95,103,103,PENDING,2025-01-16 16:55:37.0
BUY-1763965650528-005928,TRADER-0428,EQUITY,BUY,80.23,407,407,PENDING,2025-01-18 03:00:15.0
BUY-1763965650529-006978,TRADER-0478,FOREX,BUY,2.88,62,62,PENDING,2025-01-18 15:25:07.0
BUY-1763965650519-000378,TRADER-0378,FOREX,BUY,2.5,59,59,PENDING,2025-01-15 08:53:33.0
BUY-1763965650524-003581,TRADER-0081,EQUITY,BUY,132.18,61,61,PENDING,2025-01-16 22:41:23.0
BUY-1763965650525-003850,TRADER-0350,EQUITY,BUY,69.71,442,442,PENDING,2025-01-17 01:49:20.0
BUY-1763965650528-006119,TRADER-0119,FOREX,BUY,1.42,775,775,PENDING,2025-01-18 05:25:07.0
BUY-1763965650521-001074,TRADER-0074,FOREX,BUY,2.1,363,363,PENDING,2025-01-15 16:36:42.0
BUY-1763965650518-000096,TRADER-0096,FOREX,BUY,3.5,95,95,PENDING,2025-01-15 05:15:01.0
BUY-1763965650524-003507,TRADER-0007,FOREX,BUY,1.37,492,492,PENDING,2025-01-16 21:48:13.0
BUY-1763965650527-005476,TRADER-0476,FOREX,BUY,3.31,938,938,PENDING,2025-01-17 21:18:11.0
BUY-1763965650521-001263,TRADER-0263,FOREX,BUY,1.41,775,775,PENDING,2025-01-15 19:09:55.0
BUY-1763965650526-004560,TRADER-0060,EQUITY,BUY,50.81,623,623,PENDING,2025-01-17 10:23:45.0
BUY-1763965650522-001742,TRADER-0242,EQUITY,BUY,81.44,95,95,PENDING,2025-01-16 01:10:17.0
BUY-1763965650523-002886,TRADER-0386,FOREX,BUY,4.03,284,284,PENDING,2025-01-16 14:35:01.0
BUY-1763965650526-004941,TRADER-0441,FOREX,BUY,3.55,950,950,PENDING,2025-01-17 15:17:58.0
BUY-1763965650521-001416,TRADER-0416,FOREX,BUY,1.64,606,606,PENDING,2025-01-15 20:59:06.0
BUY-1763965650525-003953,TRADER-0453,CRYPTO,BUY,124.67,253,253,PENDING,2025-01-17 03:24:50.0
BUY-1763965650527-005703,TRADER-0203,CRYPTO,BUY,355.77,134,134,PENDING,2025-01-17 23:58:57.0
BUY-1763965650528-006011,TRADER-0011,FOREX,BUY,3.28,255,255,PENDING,2025-01-18 03:40:13.0
BUY-1763965650519-000339,TRADER-0339,FOREX,BUY,3.0,42,42,PENDING,2025-01-15 08:07:51.0
BUY-1763965650526-005063,TRADER-0063,EQUITY,BUY,102.87,403,403,PENDING,2025-01-17 17:11:42.0
BUY-1763965650520-000955,TRADER-0455,FOREX,BUY,3.43,764,764,PENDING,2025-01-15 15:49:34.0
BUY-1763965650522-001709,TRADER-0209,FOREX,BUY,3.14,160,160,PENDING,2025-01-16 00:33:11.0
BUY-1763965650526-004537,TRADER-0037,FOREX,BUY,1.1,572,572,PENDING,2025-01-17 10:02:06.0
BUY-1763965650524-003297,TRADER-0297,FOREX,BUY,2.45,40,40,PENDING,2025-01-16 19:38:09.0
BUY-1763965650519-000348,TRADER-0348,FOREX,BUY,1.5,74,74,PENDING,2025-01-15 08:17:54.0
BUY-1763965650529-006993,TRADER-0493,EQUITY,BUY,92.82,833,833,PENDING,2025-01-18 15:43:01.0
BUY-1763965650519-000379,TRADER-0379,FOREX,BUY,3.5,59,59,PENDING,2025-01-15 08:15:09.0
BUY-1763965650526-004690,TRADER-0190,EQUITY,BUY,88.98,648,648,PENDING,2025-01-17 12:23:29.0
BUY-1763965650523-002562,TRADER-0062,FOREX,BUY,1.9,484,484,PENDING,2025-01-16 11:06:09.0
BUY-1763965650519-000395,TRADER-0395,FOREX,BUY,2.0,43,43,PENDING,2025-01-15 08:27:31.0
BUY-1763965650518-000106,TRADER-0106,FOREX,BUY,2.0,39,39,PENDING,2025-01-15 04:47:32.0
BUY-1763965650525-004105,TRADER-0105,EQUITY,BUY,65.89,124,124,PENDING,2025-01-17 05:34:33.0
BUY-1763965650524-003326,TRADER-0326,FOREX,BUY,1.55,444,444,PENDING,2025-01-16 19:40:38.0
BUY-1763965650522-001607,TRADER-0107,EQUITY,BUY,103.81,140,140,PENDING,2025-01-15 22:58:38.0
BUY-1763965650521-001418,TRADER-0418,FOREX,BUY,3.13,478,478,PENDING,2025-01-15 20:41:46.0
BUY-1763965650524-003113,TRADER-0113,FOREX,BUY,3.44,401,401,PENDING,2025-01-16 16:58:25.0
BUY-1763965650529-006784,TRADER-0284,FOREX,BUY,1.86,960,960,PENDING,2025-01-18 12:58:58.0
BUY-1763965650527-005566,TRADER-0066,EQUITY,BUY,79.78,543,543,PENDING,2025-01-17 22:19:32.0
BUY-1763965650528-006589,TRADER-0089,CRYPTO,BUY,153.06,261,261,PENDING,2025-01-18 11:27:40.0
BUY-1763965650525-003692,TRADER-0192,FOREX,BUY,3.67,805,805,PENDING,2025-01-17 00:26:55.0
BUY-1763965650518-000001,TRADER-0001,EQUITY,BUY,100.0,79,79,PENDING,2025-01-15 04:29:20.0
BUY-1763965650527-005437,TRADER-0437,EQUITY,BUY,129.42,89,89,PENDING,2025-01-17 20:48:09.0
BUY-1763965650519-000399,TRADER-0399,FOREX,BUY,2.5,17,17,PENDING,2025-01-15 08:40:16.0
BUY-1763965650528-006010,TRADER-0010,FOREX,BUY,1.26,682,682,PENDING,2025-01-18 04:06:16.0
BUY-1763965650526-004972,TRADER-0472,FOREX,BUY,2.29,499,499,PENDING,2025-01-17 15:42:15.0
BUY-1763965650522-002205,TRADER-0205,FOREX,BUY,2.34,690,690,PENDING,2025-01-16 06:46:29.0
BUY-1763965650518-000067,TRADER-0067,FOREX,BUY,3.0,65,65,PENDING,2025-01-15 05:08:31.0
BUY-1763965650519-000253,TRADER-0253,FOREX,BUY,2.0,15,15,PENDING,2025-01-15 07:20:15.0
BUY-1763965650521-001210,TRADER-0210,FOREX,BUY,4.05,972,972,PENDING,2025-01-15 18:11:36.0
BUY-1763965650519-000225,TRADER-0225,FOREX,BUY,3.5,24,24,PENDING,2025-01-15 06:24:21.0
BUY-1763965650521-001142,TRADER-0142,FOREX,BUY,3.49,646,646,PENDING,2025-01-15 17:13:39.0
BUY-1763965650520-000848,TRADER-0348,FOREX,BUY,3.38,1000,1000,PENDING,2025-01-15 14:15:54.0
BUY-1763965650519-000208,TRADER-0208,FOREX,BUY,1.5,64,64,PENDING,2025-01-15 06:27:49.0
BUY-1763965650524-003387,TRADER-0387,FOREX,BUY,3.22,677,677,PENDING,2025-01-16 20:18:45.0
BUY-1763965650529-007478,TRADER-0478,CRYPTO,BUY,136.26,265,265,PENDING,2025-01-18 21:59:09.0
BUY-1763965650528-006152,TRADER-0152,FOREX,BUY,1.19,127,127,PENDING,2025-01-18 06:12:30.0
BUY-1763965650518-000046,TRADER-0046,FOREX,BUY,2.0,80,80,PENDING,2025-01-15 04:24:18.0
BUY-1763965650528-006041,TRADER-0041,EQUITY,BUY,52.83,183,183,PENDING,2025-01-18 04:10:06.0
BUY-1763965650529-006878,TRADER-0378,FOREX,BUY,1.03,625,625,PENDING,2025-01-18 14:54:47.0
BUY-1763965650522-002137,TRADER-0137,FOREX,BUY,1.79,776,776,PENDING,2025-01-16 05:27:39.0
BUY-1763965650522-001843,TRADER-0343,FOREX,BUY,2.46,576,576,PENDING,2025-01-16 02:00:36.0
BUY-1763965650521-001122,TRADER-0122,FOREX,BUY,3.1,610,610,PENDING,2025-01-15 17:17:13.0
BUY-1763965650521-001320,TRADER-0320,EQUITY,BUY,82.52,883,883,PENDING,2025-01-15 20:07:00.0
BUY-1763965650520-000865,TRADER-0365,FOREX,BUY,3.42,968,968,PENDING,2025-01-15 14:42:47.0
BUY-1763965650524-003340,TRADER-0340,FOREX,BUY,2.7,867,867,PENDING,2025-01-16 19:35:35.0
BUY-1763965650523-002284,TRADER-0284,FOREX,BUY,2.17,864,864,PENDING,2025-01-16 07:31:13.0
BUY-1763965650521-001342,TRADER-0342,EQUITY,BUY,112.06,620,620,PENDING,2025-01-15 20:26:14.0
BUY-1763965650526-004890,TRADER-0390,FOREX,BUY,3.6,776,776,PENDING,2025-01-17 14:49:35.0
BUY-1763965650523-002718,TRADER-0218,FOREX,BUY,2.38,725,725,PENDING,2025-01-16 12:19:34.0
BUY-1763965650518-000048,TRADER-0048,EQUITY,BUY,100.0,51,51,PENDING,2025-01-15 04:08:14.0
BUY-1763965650524-003619,TRADER-0119,EQUITY,BUY,101.52,80,80,PENDING,2025-01-16 23:03:27.0
BUY-1763965650525-003750,TRADER-0250,FOREX,BUY,1.79,716,716,PENDING,2025-01-17 00:38:59.0
BUY-1763965650523-002793,TRADER-0293,FOREX,BUY,1.82,405,405,PENDING,2025-01-16 13:21:33.0
BUY-1763965650524-003675,TRADER-0175,FOREX,BUY,1.47,946,946,PENDING,2025-01-17 00:02:47.0
BUY-1763965650529-007254,TRADER-0254,FOREX,BUY,2.32,923,923,PENDING,2025-01-18 18:50:42.0
BUY-1763965650521-001189,TRADER-0189,FOREX,BUY,2.71,479,479,PENDING,2025-01-15 18:04:50.0
BUY-1763965650523-002440,TRADER-0440,FOREX,BUY,4.09,686,686,PENDING,2025-01-16 08:58:33.0
BUY-1763965650525-004130,TRADER-0130,FOREX,BUY,2.14,658,658,PENDING,2025-01-17 05:14:42.0
BUY-1763965650528-006612,TRADER-0112,FOREX,BUY,1.24,476,476,PENDING,2025-01-18 10:56:54.0
BUY-1763965650525-003796,TRADER-0296,EQUITY,BUY,108.13,506,506,PENDING,2025-01-17 02:01:27.0
BUY-1763965650527-005778,TRADER-0278,FOREX,BUY,2.2,62,62,PENDING,2025-01-18 01:17:38.0
BUY-1763965650524-003575,TRADER-0075,FOREX,BUY,2.12,803,803,PENDING,2025-01-16 23:05:05.0
BUY-1763965650526-004434,TRADER-0434,FOREX,BUY,1.54,501,501,PENDING,2025-01-17 09:07:04.0
BUY-1763965650529-007043,TRADER-0043,FOREX,BUY,3.93,895,895,PENDING,2025-01-18 16:32:35.0
BUY-1763965650528-006349,TRADER-0349,FOREX,BUY,2.02,279,279,PENDING,2025-01-18 07:45:39.0
BUY-1763965650529-007005,TRADER-0005,FOREX,BUY,1.23,941,941,PENDING,2025-01-18 15:57:34.0
BUY-1763965650525-004172,TRADER-0172,FOREX,BUY,1.48,962,962,PENDING,2025-01-17 06:01:58.0
BUY-1763965650526-004594,TRADER-0094,EQUITY,BUY,52.23,190,190,PENDING,2025-01-17 10:56:24.0
BUY-1763965650523-002460,TRADER-0460,FOREX,BUY,4.09,4,4,PENDING,2025-01-16 09:37:04.0
BUY-1763965650524-003588,TRADER-0088,CRYPTO,BUY,355.61,30,30,PENDING,2025-01-16 22:55:22.0
BUY-1763965650524-003355,TRADER-0355,FOREX,BUY,2.39,68,68,PENDING,2025-01-16 19:51:47.0
BUY-1763965650525-003798,TRADER-0298,FOREX,BUY,4.1,228,228,PENDING,2025-01-17 01:50:43.0
BUY-1763965650527-005151,TRADER-0151,EQUITY,BUY,78.97,640,640,PENDING,2025-01-17 17:52:49.0
BUY-1763965650523-002459,TRADER-0459,FOREX,BUY,1.55,79,79,PENDING,2025-01-16 09:13:07.0
BUY-1763965650520-000968,TRADER-0468,FOREX,BUY,3.46,222,222,PENDING,2025-01-15 15:23:47.0
BUY-1763965650521-001130,TRADER-0130,EQUITY,BUY,104.08,488,488,PENDING,2025-01-15 17:28:30.0
BUY-1763965650529-007112,TRADER-0112,FOREX,BUY,3.12,546,546,PENDING,2025-01-18 17:05:47.0
BUY-1763965650525-004342,TRADER-0342,FOREX,BUY,2.66,680,680,PENDING,2025-01-17 08:23:13.0
BUY-1763965650524-003390,TRADER-0390,FOREX,BUY,2.44,804,804,PENDING,2025-01-16 20:46:01.0
BUY-1763965650519-000338,TRADER-0338,FOREX,BUY,2.0,86,86,PENDING,2025-01-15 08:17:10.0
BUY-1763965650522-002218,TRADER-0218,EQUITY,BUY,77.31,512,512,PENDING,2025-01-16 06:34:06.0
BUY-1763965650519-000588,TRADER-0088,EQUITY,BUY,88.42,119,119,PENDING,2025-01-15 11:08:14.0
BUY-1763965650528-005830,TRADER-0330,FOREX,BUY,3.24,250,250,PENDING,2025-01-18 02:17:31.0
BUY-1763965650528-006620,TRADER-0120,EQUITY,BUY,95.59,948,948,PENDING,2025-01-18 11:42:36.0
BUY-1763965650521-001583,TRADER-0083,FOREX,BUY,3.44,699,699,PENDING,2025-01-15 23:28:45.0
BUY-1763965650525-004163,TRADER-0163,EQUITY,BUY,55.79,901,901,PENDING,2025-01-17 06:10:42.0
BUY-1763965650522-001813,TRADER-0313,FOREX,BUY,2.22,553,553,PENDING,2025-01-16 02:02:42.0
BUY-1763965650526-004723,TRADER-0223,EQUITY,BUY,130.27,713,713,PENDING,2025-01-17 12:12:45.0
BUY-1763965650522-001845,TRADER-0345,EQUITY,BUY,128.55,565,565,PENDING,2025-01-16 02:15:42.0
BUY-1763965650518-000044,TRADER-0044,FOREX,BUY,2.5,95,95,PENDING,2025-01-15 04:22:22.0
BUY-1763965650525-004374,TRADER-0374,FOREX,BUY,2.89,507,507,PENDING,2025-01-17 08:43:10.0
BUY-1763965650519-000322,TRADER-0322,EQUITY,BUY,100.0,80,80,PENDING,2025-01-15 07:38:43.0
BUY-1763965650519-000572,TRADER-0072,FOREX,BUY,2.09,538,538,PENDING,2025-01-15 10:40:18.0
BUY-1763965650520-000758,TRADER-0258,FOREX,BUY,3.33,270,270,PENDING,2025-01-15 13:10:43.0
BUY-1763965650521-001362,TRADER-0362,EQUITY,BUY,51.1,164,164,PENDING,2025-01-15 20:30:32.0
BUY-1763965650525-004124,TRADER-0124,FOREX,BUY,2.87,400,400,PENDING,2025-01-17 05:03:55.0
BUY-1763965650525-003747,TRADER-0247,EQUITY,BUY,89.48,156,156,PENDING,2025-01-17 01:00:16.0
BUY-1763965650527-005607,TRADER-0107,FOREX,BUY,2.89,622,622,PENDING,2025-01-17 23:37:36.0
BUY-1763965650525-004041,TRADER-0041,FOREX,BUY,2.67,478,478,PENDING,2025-01-17 04:36:39.0
BUY-1763965650526-004474,TRADER-0474,FOREX,BUY,1.84,343,343,PENDING,2025-01-17 10:00:19.0
BUY-1763965650529-007251,TRADER-0251,FOREX,BUY,4.22,285,285,PENDING,2025-01-18 19:14:01.0
BUY-1763965650524-003506,TRADER-0006,EQUITY,BUY,53.13,905,905,PENDING,2025-01-16 22:13:01.0
BUY-1763965650525-003833,TRADER-0333,EQUITY,BUY,132.16,261,261,PENDING,2025-01-17 01:53:36.0
BUY-1763965650527-005754,TRADER-0254,EQUITY,BUY,130.12,706,706,PENDING,2025-01-18 00:47:26.0
BUY-1763965650529-006688,TRADER-0188,FOREX,BUY,4.14,559,559,PENDING,2025-01-18 12:07:40.0
BUY-1763965650520-000938,TRADER-0438,FOREX,BUY,1.6,295,295,PENDING,2025-01-15 15:37:54.0
BUY-1763965650528-006578,TRADER-0078,FOREX,BUY,3.21,424,424,PENDING,2025-01-18 10:40:15.0
BUY-1763965650526-004580,TRADER-0080,FOREX,BUY,3.23,431,431,PENDING,2025-01-17 11:18:57.0
BUY-1763965650525-003781,TRADER-0281,FOREX,BUY,2.47,323,323,PENDING,2025-01-17 01:01:35.0
BUY-1763965650529-006778,TRADER-0278,FOREX,BUY,2.81,945,945,PENDING,2025-01-18 13:32:53.0
BUY-1763965650526-005008,TRADER-0008,FOREX,BUY,3.69,822,822,PENDING,2025-01-17 16:15:15.0
BUY-1763965650518-000113,TRADER-0113,EQUITY,BUY,100.0,22,22,PENDING,2025-01-15 05:31:54.0
BUY-1763965650524-003379,TRADER-0379,EQUITY,BUY,100.79,937,937,PENDING,2025-01-16 20:12:08.0
BUY-1763965650526-004490,TRADER-0490,FOREX,BUY,3.37,143,143,PENDING,2025-01-17 10:11:22.0
BUY-1763965650525-004189,TRADER-0189,FOREX,BUY,3.83,164,164,PENDING,2025-01-17 06:25:30.0
BUY-1763965650522-001696,TRADER-0196,FOREX,BUY,1.54,648,648,PENDING,2025-01-16 00:43:16.0
BUY-1763965650519-000512,TRADER-0012,FOREX,BUY,1.04,211,211,PENDING,2025-01-15 10:03:33.0
BUY-1763965650527-005803,TRADER-0303,FOREX,BUY,3.94,256,256,PENDING,2025-01-18 01:38:32.0
BUY-1763965650519-000525,TRADER-0025,EQUITY,BUY,125.4,591,591,PENDING,2025-01-15 10:18:44.0
BUY-1763965650529-006797,TRADER-0297,EQUITY,BUY,93.09,475,475,PENDING,2025-01-18 13:22:27.0
BUY-1763965650523-002795,TRADER-0295,FOREX,BUY,1.7,358,358,PENDING,2025-01-16 13:53:27.0
BUY-1763965650519-000200,TRADER-0200,FOREX,BUY,1.5,100,100,PENDING,2025-01-15 06:07:47.0
BUY-1763965650520-000698,TRADER-0198,EQUITY,BUY,53.61,314,314,PENDING,2025-01-15 12:05:39.0
BUY-1763965650524-003475,TRADER-0475,EQUITY,BUY,126.1,434,434,PENDING,2025-01-16 21:23:46.0
BUY-1763965650526-004667,TRADER-0167,CRYPTO,BUY,331.0,142,142,PENDING,2025-01-17 12:19:46.0
BUY-1763965650524-003233,TRADER-0233,EQUITY,BUY,61.32,560,560,PENDING,2025-01-16 18:26:24.0
BUY-1763965650522-001856,TRADER-0356,FOREX,BUY,4.05,917,917,PENDING,2025-01-16 02:18:57.0
BUY-1763965650521-001473,TRADER-0473,EQUITY,BUY,92.62,179,179,PENDING,2025-01-15 21:35:14.0
BUY-1763965650525-003879,TRADER-0379,FOREX,BUY,3.22,100,100,PENDING,2025-01-17 02:57:40.0
BUY-1763965650522-001716,TRADER-0216,FOREX,BUY,2.79,511,511,PENDING,2025-01-16 00:12:02.0
BUY-1763965650526-004789,TRADER-0289,EQUITY,BUY,62.84,713,713,PENDING,2025-01-17 13:44:36.0
BUY-1763965650525-003705,TRADER-0205,FOREX,BUY,4.13,369,369,PENDING,2025-01-17 00:57:30.0
BUY-1763965650524-003197,TRADER-0197,FOREX,BUY,3.96,125,125,PENDING,2025-01-16 18:49:13.0
BUY-1763965650528-006264,TRADER-0264,FOREX,BUY,4.02,288,288,PENDING,2025-01-18 06:49:10.0
BUY-1763965650522-001830,TRADER-0330,FOREX,BUY,2.9,500,500,PENDING,2025-01-16 02:10:03.0
BUY-1763965650522-002065,TRADER-0065,CRYPTO,BUY,192.22,5,5,PENDING,2025-01-16 04:41:32.0
BUY-1763965650529-006637,TRADER-0137,EQUITY,BUY,112.22,552,552,PENDING,2025-01-18 11:27:00.0
BUY-1763965650526-004820,TRADER-0320,CRYPTO,BUY,212.41,202,202,PENDING,2025-01-17 14:14:22.0
BUY-1763965650522-002149,TRADER-0149,EQUITY,BUY,69.08,10,10,PENDING,2025-01-16 06:01:33.0
BUY-1763965650526-004543,TRADER-0043,FOREX,BUY,4.03,847,847,PENDING,2025-01-17 10:19:01.0
BUY-1763965650526-005060,TRADER-0060,FOREX,BUY,3.28,177,177,PENDING,2025-01-17 16:22:38.0
BUY-1763965650520-000737,TRADER-0237,FOREX,BUY,1.88,263,263,PENDING,2025-01-15 12:57:16.0
BUY-1763965650525-003829,TRADER-0329,EQUITY,BUY,96.14,713,713,PENDING,2025-01-17 01:46:55.0
BUY-1763965650527-005699,TRADER-0199,EQUITY,BUY,97.13,253,253,PENDING,2025-01-18 00:36:45.0
BUY-1763965650528-006053,TRADER-0053,CRYPTO,BUY,320.63,94,94,PENDING,2025-01-18 04:59:14.0
BUY-1763965650528-006158,TRADER-0158,EQUITY,BUY,99.54,6,6,PENDING,2025-01-18 05:29:18.0
BUY-1763965650526-004904,TRADER-0404,FOREX,BUY,2.49,26,26,PENDING,2025-01-17 15:06:43.0
BUY-1763965650524-003187,TRADER-0187,EQUITY,BUY,133.7,283,283,PENDING,2025-01-16 18:25:23.0
BUY-1763965650526-004623,TRADER-0123,FOREX,BUY,3.82,457,457,PENDING,2025-01-17 11:12:57.0
BUY-1763965650518-000012,TRADER-0012,FOREX,BUY,2.5,107,107,PENDING,2025-01-15 04:33:07.0
BUY-1763965650521-001288,TRADER-0288,FOREX,BUY,4.21,315,315,PENDING,2025-01-15 19:04:43.0
BUY-1763965650522-001839,TRADER-0339,FOREX,BUY,1.74,464,464,PENDING,2025-01-16 02:31:11.0
BUY-1763965650529-007414,TRADER-0414,EQUITY,BUY,129.4,538,538,PENDING,2025-01-18 20:58:26.0
BUY-1763965650526-004539,TRADER-0039,CRYPTO,BUY,120.79,196,196,PENDING,2025-01-17 10:16:16.0
BUY-1763965650525-003930,TRADER-0430,FOREX,BUY,1.7,342,342,PENDING,2025-01-17 03:05:14.0
BUY-1763965650521-001391,TRADER-0391,FOREX,BUY,3.98,880,880,PENDING,2025-01-15 20:29:04.0
BUY-1763965650521-001146,TRADER-0146,CRYPTO,BUY,349.0,35,35,PENDING,2025-01-15 17:39:22.0
BUY-1763965650525-004248,TRADER-0248,FOREX,BUY,1.99,959,959,PENDING,2025-01-17 06:33:41.0
BUY-1763965650523-002876,TRADER-0376,FOREX,BUY,3.78,843,843,PENDING,2025-01-16 14:27:23.0
BUY-1763965650528-005960,TRADER-0460,FOREX,BUY,1.64,114,114,PENDING,2025-01-18 03:45:30.0
BUY-1763965650527-005362,TRADER-0362,EQUITY,BUY,56.62,237,237,PENDING,2025-01-17 20:50:18.0
BUY-1763965650521-001152,TRADER-0152,FOREX,BUY,2.88,185,185,PENDING,2025-01-15 17:55:10.0
BUY-1763965650521-001132,TRADER-0132,EQUITY,BUY,125.96,782,782,PENDING,2025-01-15 17:06:44.0
BUY-1763965650522-001874,TRADER-0374,FOREX,BUY,4.17,236,236,PENDING,2025-01-16 02:49:09.0
BUY-1763965650527-005238,TRADER-0238,FOREX,BUY,2.26,748,748,PENDING,2025-01-17 18:43:51.0
BUY-1763965650528-006159,TRADER-0159,EQUITY,BUY,117.28,751,751,PENDING,2025-01-18 05:25:52.0
BUY-1763965650528-006026,TRADER-0026,EQUITY,BUY,66.71,733,733,PENDING,2025-01-18 04:03:02.0
BUY-1763965650527-005678,TRADER-0178,FOREX,BUY,2.33,270,270,PENDING,2025-01-18 00:27:52.0
BUY-1763965650524-003198,TRADER-0198,FOREX,BUY,2.27,91,91,PENDING,2025-01-16 18:40:26.0
BUY-1763965650526-004488,TRADER-0488,EQUITY,BUY,119.56,246,246,PENDING,2025-01-17 09:26:31.0
BUY-1763965650527-005268,TRADER-0268,FOREX,BUY,1.02,400,400,PENDING,2025-01-17 19:23:19.0
BUY-1763965650519-000460,TRADER-0460,FOREX,BUY,2.5,26,26,PENDING,2025-01-15 09:53:14.0
BUY-1763965650528-006298,TRADER-0298,EQUITY,BUY,63.96,873,873,PENDING,2025-01-18 07:55:23.0
BUY-1763965650518-000109,TRADER-0109,FOREX,BUY,2.5,47,47,PENDING,2025-01-15 05:29:26.0
BUY-1763965650527-005485,TRADER-0485,EQUITY,BUY,87.45,218,218,PENDING,2025-01-17 22:11:43.0
BUY-1763965650525-004087,TRADER-0087,FOREX,BUY,1.56,987,987,PENDING,2025-01-17 05:07:37.0
BUY-1763965650527-005228,TRADER-0228,FOREX,BUY,4.13,969,969,PENDING,2025-01-17 18:25:02.0
BUY-1763965650528-005805,TRADER-0305,FOREX,BUY,1.45,865,865,PENDING,2025-01-18 01:13:03.0
BUY-1763965650519-000434,TRADER-0434,EQUITY,BUY,100.0,18,18,PENDING,2025-01-15 09:36:29.0
BUY-1763965650521-001183,TRADER-0183,FOREX,BUY,2.49,137,137,PENDING,2025-01-15 18:36:50.0
BUY-1763965650518-000089,TRADER-0089,FOREX,BUY,3.5,26,26,PENDING,2025-01-15 04:56:25.0
BUY-1763965650526-004693,TRADER-0193,EQUITY,BUY,83.85,558,558,PENDING,2025-01-17 12:17:01.0
BUY-1763965650519-000490,TRADER-0490,FOREX,BUY,3.5,73,73,PENDING,2025-01-15 09:31:07.0
BUY-1763965650528-005849,TRADER-0349,EQUITY,BUY,98.93,238,238,PENDING,2025-01-18 02:31:20.0
BUY-1763965650524-003534,TRADER-0034,FOREX,BUY,2.68,733,733,PENDING,2025-01-16 22:22:18.0
BUY-1763965650525-003807,TRADER-0307,FOREX,BUY,1.34,319,319,PENDING,2025-01-17 01:35:43.0
BUY-1763965650524-003641,TRADER-0141,FOREX,BUY,3.6,503,503,PENDING,2025-01-16 23:58:08.0
BUY-1763965650529-007055,TRADER-0055,CRYPTO,BUY,284.96,10,10,PENDING,2025-01-18 16:16:46.0
BUY-1763965650519-000447,TRADER-0447,FOREX,BUY,3.5,72,72,PENDING,2025-01-15 09:18:00.0
BUY-1763965650529-007312,TRADER-0312,CRYPTO,BUY,131.17,249,249,PENDING,2025-01-18 19:28:47.0
BUY-1763965650522-002110,TRADER-0110,FOREX,BUY,2.92,956,956,PENDING,2025-01-16 04:52:38.0
BUY-1763965650521-001154,TRADER-0154,CRYPTO,BUY,162.13,263,263,PENDING,2025-01-15 17:55:58.0
BUY-1763965650526-005044,TRADER-0044,FOREX,BUY,1.76,813,813,PENDING,2025-01-17 16:06:55.0
BUY-1763965650523-002677,TRADER-0177,FOREX,BUY,1.3,583,583,PENDING,2025-01-16 12:17:53.0
BUY-1763965650529-007177,TRADER-0177,EQUITY,BUY,122.11,461,461,PENDING,2025-01-18 18:06:31.0
BUY-1763965650519-000593,TRADER-0093,EQUITY,BUY,99.86,427,427,PENDING,2025-01-15 11:06:09.0
BUY-1763965650524-003125,TRADER-0125,FOREX,BUY,3.12,956,956,PENDING,2025-01-16 17:41:59.0
BUY-1763965650520-000959,TRADER-0459,FOREX,BUY,3.45,152,152,PENDING,2025-01-15 15:44:37.0
BUY-1763965650528-006045,TRADER-0045,FOREX,BUY,1.67,944,944,PENDING,2025-01-18 04:38:10.0
BUY-1763965650525-004308,TRADER-0308,FOREX,BUY,1.12,79,79,PENDING,2025-01-17 07:36:48.0
BUY-1763965650524-003499,TRADER-0499,EQUITY,BUY,73.11,605,605,PENDING,2025-01-16 21:38:17.0
BUY-1763965650518-000006,TRADER-0006,FOREX,BUY,3.0,104,104,PENDING,2025-01-15 04:10:50.0
BUY-1763965650521-001276,TRADER-0276,EQUITY,BUY,115.83,557,557,PENDING,2025-01-15 19:06:49.0
BUY-1763965650522-002047,TRADER-0047,EQUITY,BUY,90.33,294,294,PENDING,2025-01-16 04:14:48.0
BUY-1763965650528-006009,TRADER-0009,CRYPTO,BUY,391.97,54,54,PENDING,2025-01-18 04:33:02.0
BUY-1763965650527-005159,TRADER-0159,FOREX,BUY,3.89,155,155,PENDING,2025-01-17 17:51:06.0
BUY-1763965650522-001862,TRADER-0362,FOREX,BUY,4.19,144,144,PENDING,2025-01-16 02:29:14.0
BUY-1763965650524-003303,TRADER-0303,FOREX,BUY,3.57,499,499,PENDING,2025-01-16 19:25:32.0
BUY-1763965650524-003277,TRADER-0277,CRYPTO,BUY,272.04,24,24,PENDING,2025-01-16 19:37:31.0
BUY-1763965650527-005679,TRADER-0179,EQUITY,BUY,96.53,382,382,PENDING,2025-01-18 00:29:33.0
BUY-1763965650526-004479,TRADER-0479,FOREX,BUY,2.53,37,37,PENDING,2025-01-17 09:28:18.0
BUY-1763965650523-002261,TRADER-0261,CRYPTO,BUY,273.22,131,131,PENDING,2025-01-16 06:48:31.0
BUY-1763965650523-002769,TRADER-0269,FOREX,BUY,2.13,537,537,PENDING,2025-01-16 12:59:43.0
BUY-1763965650523-002768,TRADER-0268,FOREX,BUY,1.25,42,42,PENDING,2025-01-16 13:42:27.0
BUY-1763965650519-000502,TRADER-0002,FOREX,BUY,3.0,849,849,PENDING,2025-01-15 10:12:59.0
BUY-1763965650520-000849,TRADER-0349,FOREX,BUY,2.31,766,766,PENDING,2025-01-15 13:53:11.0
BUY-1763965650518-000083,TRADER-0083,FOREX,BUY,2.5,80,80,PENDING,2025-01-15 04:34:54.0
BUY-1763965650518-000128,TRADER-0128,FOREX,BUY,2.0,54,54,PENDING,2025-01-15 05:15:38.0
BUY-1763965650524-002991,TRADER-0491,EQUITY,BUY,88.19,556,556,PENDING,2025-01-16 15:47:17.0
BUY-1763965650523-002779,TRADER-0279,FOREX,BUY,2.06,247,247,PENDING,2025-01-16 13:42:58.0
BUY-1763965650526-004429,TRADER-0429,FOREX,BUY,1.46,721,721,PENDING,2025-01-17 09:23:49.0
BUY-1763965650521-001073,TRADER-0073,CRYPTO,BUY,344.71,105,105,PENDING,2025-01-15 17:15:27.0
BUY-1763965650519-000257,TRADER-0257,FOREX,BUY,2.5,87,87,PENDING,2025-01-15 07:10:48.0
BUY-1763965650523-002523,TRADER-0023,FOREX,BUY,1.93,676,676,PENDING,2025-01-16 09:51:01.0
BUY-1763965650528-005969,TRADER-0469,FOREX,BUY,3.67,797,797,PENDING,2025-01-18 03:13:31.0
BUY-1763965650528-006034,TRADER-0034,CRYPTO,BUY,291.74,34,34,PENDING,2025-01-18 03:54:59.0
BUY-1763965650519-000232,TRADER-0232,FOREX,BUY,1.5,69,69,PENDING,2025-01-15 06:39:33.0
BUY-1763965650523-002335,TRADER-0335,EQUITY,BUY,71.91,775,775,PENDING,2025-01-16 07:46:42.0
BUY-1763965650525-003866,TRADER-0366,FOREX,BUY,4.18,888,888,PENDING,2025-01-17 02:48:53.0
BUY-1763965650520-000732,TRADER-0232,EQUITY,BUY,133.8,259,259,PENDING,2025-01-15 12:51:14.0
BUY-1763965650529-007094,TRADER-0094,FOREX,BUY,2.45,442,442,PENDING,2025-01-18 17:01:01.0
BUY-1763965650527-005464,TRADER-0464,EQUITY,BUY,92.37,110,110,PENDING,2025-01-17 21:41:53.0
BUY-1763965650526-004963,TRADER-0463,EQUITY,BUY,104.37,746,746,PENDING,2025-01-17 15:11:44.0
BUY-1763965650521-001186,TRADER-0186,FOREX,BUY,2.02,921,921,PENDING,2025-01-15 18:42:35.0
BUY-1763965650524-003317,TRADER-0317,EQUITY,BUY,114.16,87,87,PENDING,2025-01-16 19:34:22.0
BUY-1763965650524-003328,TRADER-0328,FOREX,BUY,1.42,179,179,PENDING,2025-01-16 20:01:56.0
BUY-1763965650528-006317,TRADER-0317,FOREX,BUY,3.86,6,6,PENDING,2025-01-18 08:09:45.0
BUY-1763965650528-006074,TRADER-0074,FOREX,BUY,2.76,178,178,PENDING,2025-01-18 05:21:40.0
BUY-1763965650523-002705,TRADER-0205,EQUITY,BUY,133.74,258,258,PENDING,2025-01-16 12:02:46.0
BUY-1763965650520-000873,TRADER-0373,EQUITY,BUY,55.18,508,508,PENDING,2025-01-15 14:56:13.0
BUY-1763965650521-001230,TRADER-0230,FOREX,BUY,1.63,181,181,PENDING,2025-01-15 18:39:58.0
BUY-1763965650522-002153,TRADER-0153,EQUITY,BUY,61.44,647,647,PENDING,2025-01-16 05:56:57.0
BUY-1763965650527-005451,TRADER-0451,FOREX,BUY,3.97,95,95,PENDING,2025-01-17 21:14:23.0
BUY-1763965650529-006726,TRADER-0226,CRYPTO,BUY,304.88,48,48,PENDING,2025-01-18 12:49:43.0
BUY-1763965650519-000499,TRADER-0499,EQUITY,BUY,100.0,65,65,PENDING,2025-01-15 10:18:49.0
BUY-1763965650518-000130,TRADER-0130,FOREX,BUY,3.0,61,61,PENDING,2025-01-15 05:33:48.0
BUY-1763965650525-003983,TRADER-0483,EQUITY,BUY,113.49,293,293,PENDING,2025-01-17 04:08:06.0
BUY-1763965650529-006904,TRADER-0404,FOREX,BUY,1.01,783,783,PENDING,2025-01-18 15:02:39.0
BUY-1763965650526-004739,TRADER-0239,FOREX,BUY,1.55,103,103,PENDING,2025-01-17 12:31:33.0
BUY-1763965650529-007386,TRADER-0386,FOREX,BUY,1.92,787,787,PENDING,2025-01-18 20:14:55.0
BUY-1763965650524-003660,TRADER-0160,EQUITY,BUY,127.86,256,256,PENDING,2025-01-16 23:50:49.0
BUY-1763965650525-003736,TRADER-0236,FOREX,BUY,2.82,127,127,PENDING,2025-01-17 00:35:46.0
BUY-1763965650526-004407,TRADER-0407,FOREX,BUY,3.81,155,155,PENDING,2025-01-17 08:40:46.0
BUY-1763965650528-006473,TRADER-0473,FOREX,BUY,1.94,573,573,PENDING,2025-01-18 09:55:17.0
BUY-1763965650527-005363,TRADER-0363,EQUITY,BUY,79.54,173,173,PENDING,2025-01-17 19:58:12.0
BUY-1763965650527-005729,TRADER-0229,FOREX,BUY,1.76,146,146,PENDING,2025-01-18 00:42:40.0
BUY-1763965650523-002620,TRADER-0120,FOREX,BUY,1.67,135,135,PENDING,2025-01-16 11:07:52.0
BUY-1763965650519-000277,TRADER-0277,FOREX,BUY,3.0,36,36,PENDING,2025-01-15 07:13:47.0
BUY-1763965650529-007366,TRADER-0366,CRYPTO,BUY,307.61,55,55,PENDING,2025-01-18 20:12:42.0
BUY-1763965650523-002805,TRADER-0305,CRYPTO,BUY,215.67,94,94,PENDING,2025-01-16 13:12:47.0
BUY-1763965650526-004500,TRADER-0000,FOREX,BUY,3.4,698,698,PENDING,2025-01-17 10:00:08.0
BUY-1763965650523-002498,TRADER-0498,FOREX,BUY,3.5,638,638,PENDING,2025-01-16 09:38:49.0
BUY-1763965650518-000045,TRADER-0045,EQUITY,BUY,100.0,15,15,PENDING,2025-01-15 04:20:48.0
BUY-1763965650520-001010,TRADER-0010,FOREX,BUY,1.55,742,742,PENDING,2025-01-15 16:23:49.0
BUY-1763965650529-006849,TRADER-0349,EQUITY,BUY,128.98,676,676,PENDING,2025-01-18 14:19:36.0
BUY-1763965650521-001369,TRADER-0369,EQUITY,BUY,97.49,365,365,PENDING,2025-01-15 20:12:23.0
BUY-1763965650527-005120,TRADER-0120,FOREX,BUY,2.0,684,684,PENDING,2025-01-17 17:45:36.0
BUY-1763965650523-002332,TRADER-0332,EQUITY,BUY,68.83,880,880,PENDING,2025-01-16 07:47:14.0
BUY-1763965650524-003205,TRADER-0205,EQUITY,BUY,57.64,485,485,PENDING,2025-01-16 18:17:26.0
BUY-1763965650524-003152,TRADER-0152,FOREX,BUY,4.06,709,709,PENDING,2025-01-16 18:06:58.0
BUY-1763965650523-002557,TRADER-0057,CRYPTO,BUY,321.55,30,30,PENDING,2025-01-16 10:31:17.0
BUY-1763965650523-002647,TRADER-0147,EQUITY,BUY,78.67,105,105,PENDING,2025-01-16 11:19:49.0
BUY-1763965650527-005785,TRADER-0285,FOREX,BUY,2.47,898,898,PENDING,2025-01-18 01:26:33.0
BUY-1763965650521-001451,TRADER-0451,FOREX,BUY,2.49,527,527,PENDING,2025-01-15 21:18:01.0
BUY-1763965650524-003491,TRADER-0491,FOREX,BUY,3.17,132,132,PENDING,2025-01-16 21:31:27.0
BUY-1763965650519-000279,TRADER-0279,FOREX,BUY,2.0,21,21,PENDING,2025-01-15 07:05:48.0
BUY-1763965650526-005009,TRADER-0009,FOREX,BUY,2.83,637,637,PENDING,2025-01-17 16:18:44.0
BUY-1763965650528-005873,TRADER-0373,CRYPTO,BUY,144.92,240,240,PENDING,2025-01-18 02:18:36.0
BUY-1763965650526-005020,TRADER-0020,FOREX,BUY,1.75,631,631,PENDING,2025-01-17 16:31:29.0
BUY-1763965650529-006861,TRADER-0361,EQUITY,BUY,92.59,765,765,PENDING,2025-01-18 14:25:20.0
BUY-1763965650519-000180,TRADER-0180,FOREX,BUY,2.0,62,62,PENDING,2025-01-15 06:13:18.0
BUY-1763965650528-006417,TRADER-0417,FOREX,BUY,2.26,561,561,PENDING,2025-01-18 08:43:30.0
BUY-1763965650524-002971,TRADER-0471,FOREX,BUY,1.45,908,908,PENDING,2025-01-16 15:32:19.0
BUY-1763965650529-006944,TRADER-0444,FOREX,BUY,3.62,379,379,PENDING,2025-01-18 15:48:26.0
BUY-1763965650518-000042,TRADER-0042,FOREX,BUY,3.0,90,90,PENDING,2025-01-15 04:29:16.0
BUY-1763965650525-004279,TRADER-0279,EQUITY,BUY,79.23,974,974,PENDING,2025-01-17 07:32:01.0
BUY-1763965650524-003221,TRADER-0221,FOREX,BUY,1.71,324,324,PENDING,2025-01-16 18:44:31.0
BUY-1763965650523-002848,TRADER-0348,FOREX,BUY,2.22,491,491,PENDING,2025-01-16 13:41:14.0
BUY-1763965650519-000398,TRADER-0398,FOREX,BUY,3.5,74,74,PENDING,2025-01-15 08:44:22.0
BUY-1763965650525-003696,TRADER-0196,CRYPTO,BUY,110.14,9,9,PENDING,2025-01-16 23:59:59.0
BUY-1763965650526-004578,TRADER-0078,FOREX,BUY,2.74,445,445,PENDING,2025-01-17 10:26:40.0
BUY-1763965650518-000021,TRADER-0021,EQUITY,BUY,100.0,67,67,PENDING,2025-01-15 04:29:08.0
BUY-1763965650525-004239,TRADER-0239,EQUITY,BUY,104.96,886,886,PENDING,2025-01-17 06:43:03.0
BUY-1763965650522-001603,TRADER-0103,FOREX,BUY,1.39,391,391,PENDING,2025-01-15 23:42:22.0
BUY-1763965650519-000542,TRADER-0042,FOREX,BUY,3.82,613,613,PENDING,2025-01-15 10:25:35.0
BUY-1763965650521-001348,TRADER-0348,EQUITY,BUY,91.31,394,394,PENDING,2025-01-15 19:54:27.0
BUY-1763965650524-003345,TRADER-0345,FOREX,BUY,2.39,935,935,PENDING,2025-01-16 19:56:26.0
BUY-1763965650523-002305,TRADER-0305,EQUITY,BUY,127.88,733,733,PENDING,2025-01-16 08:08:33.0
BUY-1763965650529-007247,TRADER-0247,FOREX,BUY,1.28,589,589,PENDING,2025-01-18 18:40:55.0
BUY-1763965650520-000871,TRADER-0371,EQUITY,BUY,127.56,215,215,PENDING,2025-01-15 14:30:54.0
BUY-1763965650529-007175,TRADER-0175,FOREX,BUY,1.4,45,45,PENDING,2025-01-18 17:59:41.0
BUY-1763965650526-005004,TRADER-0004,CRYPTO,BUY,381.5,63,63,PENDING,2025-01-17 16:06:34.0
BUY-1763965650529-007191,TRADER-0191,EQUITY,BUY,126.93,539,539,PENDING,2025-01-18 18:38:25.0
BUY-1763965650525-003981,TRADER-0481,EQUITY,BUY,106.12,708,708,PENDING,2025-01-17 03:45:16.0
BUY-1763965650521-001128,TRADER-0128,EQUITY,BUY,57.08,900,900,PENDING,2025-01-15 17:49:51.0
BUY-1763965650520-000969,TRADER-0469,CRYPTO,BUY,338.21,34,34,PENDING,2025-01-15 16:03:23.0
BUY-1763965650528-005955,TRADER-0455,FOREX,BUY,1.83,884,884,PENDING,2025-01-18 03:16:11.0
BUY-1763965650522-001954,TRADER-0454,FOREX,BUY,1.22,322,322,PENDING,2025-01-16 03:48:24.0
BUY-1763965650525-004294,TRADER-0294,FOREX,BUY,3.09,956,956,PENDING,2025-01-17 07:55:52.0
BUY-1763965650523-002761,TRADER-0261,FOREX,BUY,2.58,348,348,PENDING,2025-01-16 13:32:58.0
BUY-1763965650519-000337,TRADER-0337,FOREX,BUY,2.0,15,15,PENDING,2025-01-15 08:27:27.0
BUY-1763965650527-005411,TRADER-0411,FOREX,BUY,3.52,814,814,PENDING,2025-01-17 20:56:02.0
BUY-1763965650524-003434,TRADER-0434,FOREX,BUY,2.79,850,850,PENDING,2025-01-16 21:20:17.0
BUY-1763965650522-001891,TRADER-0391,FOREX,BUY,3.75,113,113,PENDING,2025-01-16 02:55:58.0
BUY-1763965650522-002221,TRADER-0221,EQUITY,BUY,125.06,274,274,PENDING,2025-01-16 06:24:32.0
BUY-1763965650526-004829,TRADER-0329,FOREX,BUY,2.1,593,593,PENDING,2025-01-17 14:06:50.0
BUY-1763965650525-004328,TRADER-0328,FOREX,BUY,1.24,852,852,PENDING,2025-01-17 08:21:23.0
BUY-1763965650519-000259,TRADER-0259,FOREX,BUY,1.5,42,42,PENDING,2025-01-15 07:16:06.0
BUY-1763965650525-003873,TRADER-0373,EQUITY,BUY,113.02,281,281,PENDING,2025-01-17 02:55:49.0
BUY-1763965650518-000064,TRADER-0064,FOREX,BUY,2.5,87,87,PENDING,2025-01-15 04:57:39.0
BUY-1763965650527-005269,TRADER-0269,FOREX,BUY,3.33,151,151,PENDING,2025-01-17 18:53:02.0
BUY-1763965650520-000863,TRADER-0363,FOREX,BUY,3.62,110,110,PENDING,2025-01-15 14:00:21.0
BUY-1763965650521-001240,TRADER-0240,CRYPTO,BUY,286.76,123,123,PENDING,2025-01-15 18:38:03.0
BUY-1763965650521-001585,TRADER-0085,EQUITY,BUY,70.32,301,301,PENDING,2025-01-15 23:24:46.0
BUY-1763965650525-003780,TRADER-0280,FOREX,BUY,4.07,657,657,PENDING,2025-01-17 00:56:09.0
BUY-1763965650519-000222,TRADER-0222,EQUITY,BUY,100.0,105,105,PENDING,2025-01-15 06:46:45.0
BUY-1763965650528-006453,TRADER-0453,FOREX,BUY,1.64,480,480,PENDING,2025-01-18 09:55:35.0
BUY-1763965650526-004643,TRADER-0143,CRYPTO,BUY,394.93,98,98,PENDING,2025-01-17 12:05:06.0
BUY-1763965650529-007246,TRADER-0246,FOREX,BUY,3.66,744,744,PENDING,2025-01-18 18:37:05.0
BUY-1763965650523-002627,TRADER-0127,FOREX,BUY,3.84,607,607,PENDING,2025-01-16 11:50:13.0
BUY-1763965650527-005253,TRADER-0253,EQUITY,BUY,64.1,727,727,PENDING,2025-01-17 19:03:32.0
BUY-1763965650525-003888,TRADER-0388,EQUITY,BUY,70.24,491,491,PENDING,2025-01-17 03:04:55.0
BUY-1763965650529-006631,TRADER-0131,FOREX,BUY,3.2,838,838,PENDING,2025-01-18 11:46:23.0
BUY-1763965650523-002639,TRADER-0139,FOREX,BUY,4.01,895,895,PENDING,2025-01-16 11:26:55.0
BUY-1763965650529-007275,TRADER-0275,FOREX,BUY,2.81,637,637,PENDING,2025-01-18 19:07:53.0
BUY-1763965650526-004466,TRADER-0466,FOREX,BUY,2.89,6,6,PENDING,2025-01-17 09:21:03.0
BUY-1763965650526-004668,TRADER-0168,CRYPTO,BUY,147.62,19,19,PENDING,2025-01-17 11:34:05.0
BUY-1763965650529-007111,TRADER-0111,FOREX,BUY,1.09,164,164,PENDING,2025-01-18 17:37:07.0
BUY-1763965650523-002588,TRADER-0088,EQUITY,BUY,93.1,42,42,PENDING,2025-01-16 11:26:43.0
BUY-1763965650522-001652,TRADER-0152,EQUITY,BUY,68.35,204,204,PENDING,2025-01-15 23:39:59.0
BUY-1763965650526-004541,TRADER-0041,FOREX,BUY,3.03,392,392,PENDING,2025-01-17 10:21:11.0
BUY-1763965650523-002905,TRADER-0405,FOREX,BUY,2.61,325,325,PENDING,2025-01-16 15:07:59.0
BUY-1763965650519-000217,TRADER-0217,FOREX,BUY,2.0,45,45,PENDING,2025-01-15 06:41:31.0
BUY-1763965650521-001365,TRADER-0365,CRYPTO,BUY,379.34,8,8,PENDING,2025-01-15 19:56:52.0
BUY-1763965650524-003351,TRADER-0351,CRYPTO,BUY,407.14,92,92,PENDING,2025-01-16 20:07:12.0
BUY-1763965650521-001445,TRADER-0445,CRYPTO,BUY,409.22,19,19,PENDING,2025-01-15 21:36:06.0
BUY-1763965650518-000082,TRADER-0082,EQUITY,BUY,100.0,27,27,PENDING,2025-01-15 05:03:20.0
BUY-1763965650518-000090,TRADER-0090,FOREX,BUY,1.5,103,103,PENDING,2025-01-15 04:49:25.0
BUY-1763965650528-006221,TRADER-0221,FOREX,BUY,2.28,395,395,PENDING,2025-01-18 06:40:39.0
BUY-1763965650519-000308,TRADER-0308,EQUITY,BUY,100.0,94,94,PENDING,2025-01-15 07:31:54.0
BUY-1763965650524-003579,TRADER-0079,EQUITY,BUY,108.46,817,817,PENDING,2025-01-16 22:42:31.0
BUY-1763965650524-003412,TRADER-0412,FOREX,BUY,1.14,449,449,PENDING,2025-01-16 20:32:49.0
BUY-1763965650519-000228,TRADER-0228,FOREX,BUY,3.5,90,90,PENDING,2025-01-15 06:36:00.0
BUY-1763965650523-002442,TRADER-0442,EQUITY,BUY,66.8,853,853,PENDING,2025-01-16 09:28:59.0
BUY-1763965650522-001664,TRADER-0164,FOREX,BUY,1.39,966,966,PENDING,2025-01-16 00:11:56.0
BUY-1763965650522-001613,TRADER-0113,FOREX,BUY,3.5,625,625,PENDING,2025-01-15 23:38:14.0
BUY-1763965650529-006964,TRADER-0464,FOREX,BUY,2.4,600,600,PENDING,2025-01-18 15:23:48.0
BUY-1763965650523-002472,TRADER-0472,CRYPTO,BUY,252.75,88,88,PENDING,2025-01-16 10:02:21.0
BUY-1763965650524-003005,TRADER-0005,FOREX,BUY,1.35,1000,1000,PENDING,2025-01-16 16:17:41.0
BUY-1763965650519-000611,TRADER-0111,FOREX,BUY,3.91,577,577,PENDING,2025-01-15 11:33:41.0
BUY-1763965650525-004140,TRADER-0140,FOREX,BUY,3.54,360,360,PENDING,2025-01-17 05:53:34.0
BUY-1763965650521-001093,TRADER-0093,FOREX,BUY,3.2,580,580,PENDING,2025-01-15 16:39:10.0
BUY-1763965650529-006969,TRADER-0469,FOREX,BUY,1.37,543,543,PENDING,2025-01-18 15:56:22.0
BUY-1763965650525-004151,TRADER-0151,FOREX,BUY,1.06,664,664,PENDING,2025-01-17 06:00:35.0
BUY-1763965650526-004425,TRADER-0425,FOREX,BUY,1.65,185,185,PENDING,2025-01-17 09:10:44.0
BUY-1763965650527-005482,TRADER-0482,FOREX,BUY,2.08,405,405,PENDING,2025-01-17 21:41:06.0
BUY-1763965650529-007456,TRADER-0456,FOREX,BUY,4.18,212,212,PENDING,2025-01-18 21:44:20.0
BUY-1763965650529-007252,TRADER-0252,FOREX,BUY,3.68,648,648,PENDING,2025-01-18 19:20:47.0
BUY-1763965650526-004619,TRADER-0119,FOREX,BUY,3.03,48,48,PENDING,2025-01-17 11:45:29.0
BUY-1763965650520-001054,TRADER-0054,FOREX,BUY,3.02,946,946,PENDING,2025-01-15 16:41:54.0
BUY-1763965650518-000129,TRADER-0129,EQUITY,BUY,100.0,29,29,PENDING,2025-01-15 05:50:19.0
BUY-1763965650519-000189,TRADER-0189,FOREX,BUY,2.0,80,80,PENDING,2025-01-15 06:31:50.0
BUY-1763965650522-002031,TRADER-0031,EQUITY,BUY,115.6,422,422,PENDING,2025-01-16 04:09:30.0
BUY-1763965650526-004775,TRADER-0275,FOREX,BUY,3.09,284,284,PENDING,2025-01-17 13:02:25.0
BUY-1763965650529-006909,TRADER-0409,CRYPTO,BUY,370.52,130,130,PENDING,2025-01-18 14:28:00.0
BUY-1763965650520-000847,TRADER-0347,FOREX,BUY,2.98,299,299,PENDING,2025-01-15 14:32:24.0
BUY-1763965650528-005820,TRADER-0320,FOREX,BUY,2.42,570,570,PENDING,2025-01-18 01:51:35.0
BUY-1763965650525-004222,TRADER-0222,CRYPTO,BUY,119.38,352,352,PENDING,2025-01-17 06:51:51.0
BUY-1763965650519-000246,TRADER-0246,FOREX,BUY,3.5,48,48,PENDING,2025-01-15 06:42:52.0
BUY-1763965650521-001258,TRADER-0258,EQUITY,BUY,93.72,42,42,PENDING,2025-01-15 18:57:36.0
BUY-1763965650522-002112,TRADER-0112,FOREX,BUY,3.01,436,436,PENDING,2025-01-16 05:12:41.0
BUY-1763965650525-003775,TRADER-0275,EQUITY,BUY,82.19,16,16,PENDING,2025-01-17 01:01:05.0
BUY-1763965650523-002550,TRADER-0050,FOREX,BUY,4.14,276,276,PENDING,2025-01-16 10:41:41.0
BUY-1763965650529-007100,TRADER-0100,FOREX,BUY,3.51,470,470,PENDING,2025-01-18 17:30:48.0
BUY-1763965650523-002556,TRADER-0056,CRYPTO,BUY,270.28,54,54,PENDING,2025-01-16 10:17:58.0
BUY-1763965650529-007274,TRADER-0274,EQUITY,BUY,125.4,340,340,PENDING,2025-01-18 19:10:47.0
BUY-1763965650525-003901,TRADER-0401,EQUITY,BUY,67.28,744,744,PENDING,2025-01-17 03:17:29.0
BUY-1763965650524-003320,TRADER-0320,EQUITY,BUY,115.47,349,349,PENDING,2025-01-16 19:49:20.0
BUY-1763965650527-005741,TRADER-0241,FOREX,BUY,3.88,403,403,PENDING,2025-01-18 01:00:20.0
BUY-1763965650522-002237,TRADER-0237,FOREX,BUY,2.12,828,828,PENDING,2025-01-16 06:45:28.0
BUY-1763965650526-004768,TRADER-0268,FOREX,BUY,2.95,789,789,PENDING,2025-01-17 13:39:39.0
BUY-1763965650528-005987,TRADER-0487,FOREX,BUY,2.92,779,779,PENDING,2025-01-18 03:46:57.0
BUY-1763965650529-007266,TRADER-0266,EQUITY,BUY,113.17,234,234,PENDING,2025-01-18 19:40:10.0
BUY-1763965650525-004037,TRADER-0037,FOREX,BUY,2.3,429,429,PENDING,2025-01-17 04:13:38.0
BUY-1763965650518-000031,TRADER-0031,FOREX,BUY,3.5,96,96,PENDING,2025-01-15 04:17:40.0
BUY-1763965650524-003443,TRADER-0443,FOREX,BUY,3.01,347,347,PENDING,2025-01-16 21:36:29.0
BUY-1763965650526-004926,TRADER-0426,FOREX,BUY,4.09,907,907,PENDING,2025-01-17 15:25:50.0
BUY-1763965650521-001249,TRADER-0249,FOREX,BUY,2.4,645,645,PENDING,2025-01-15 18:37:09.0
BUY-1763965650525-004088,TRADER-0088,CRYPTO,BUY,172.08,184,184,PENDING,2025-01-17 04:47:52.0
BUY-1763965650527-005139,TRADER-0139,EQUITY,BUY,96.36,12,12,PENDING,2025-01-17 17:16:26.0
BUY-1763965650519-000461,TRADER-0461,FOREX,BUY,2.5,39,39,PENDING,2025-01-15 09:03:03.0
BUY-1763965650518-000117,TRADER-0117,FOREX,BUY,2.0,104,104,PENDING,2025-01-15 05:02:16.0
BUY-1763965650522-002121,TRADER-0121,FOREX,BUY,3.67,751,751,PENDING,2025-01-16 05:42:46.0
BUY-1763965650526-004976,TRADER-0476,EQUITY,BUY,52.45,418,418,PENDING,2025-01-17 16:11:10.0
BUY-1763965650520-000751,TRADER-0251,FOREX,BUY,3.51,576,576,PENDING,2025-01-15 12:49:56.0
BUY-1763965650527-005791,TRADER-0291,EQUITY,BUY,91.03,325,325,PENDING,2025-01-18 01:44:36.0
BUY-1763965650525-004052,TRADER-0052,FOREX,BUY,2.77,654,654,PENDING,2025-01-17 04:56:57.0
BUY-1763965650523-002777,TRADER-0277,FOREX,BUY,2.08,442,442,PENDING,2025-01-16 13:46:05.0
BUY-1763965650529-006817,TRADER-0317,CRYPTO,BUY,170.16,30,30,PENDING,2025-01-18 13:43:15.0
BUY-1763965650519-000342,TRADER-0342,FOREX,BUY,3.0,105,105,PENDING,2025-01-15 08:09:24.0
BUY-1763965650524-003511,TRADER-0011,FOREX,BUY,2.87,89,89,PENDING,2025-01-16 21:38:03.0
BUY-1763965650528-006530,TRADER-0030,EQUITY,BUY,126.31,335,335,PENDING,2025-01-18 10:10:52.0
BUY-1763965650519-000156,TRADER-0156,EQUITY,BUY,100.0,53,53,PENDING,2025-01-15 05:35:22.0
BUY-1763965650528-006054,TRADER-0054,FOREX,BUY,2.46,220,220,PENDING,2025-01-18 04:54:08.0
BUY-1763965650527-005599,TRADER-0099,FOREX,BUY,1.14,839,839,PENDING,2025-01-17 23:22:01.0
BUY-1763965650522-001962,TRADER-0462,FOREX,BUY,2.07,340,340,PENDING,2025-01-16 03:05:43.0
BUY-1763965650529-007485,TRADER-0485,FOREX,BUY,1.9,854,854,PENDING,2025-01-18 21:46:51.0
BUY-1763965650519-000229,TRADER-0229,FOREX,BUY,3.5,85,85,PENDING,2025-01-15 06:26:36.0
BUY-1763965650528-006383,TRADER-0383,FOREX,BUY,2.12,766,766,PENDING,2025-01-18 08:09:45.0
BUY-1763965650527-005145,TRADER-0145,FOREX,BUY,2.23,579,579,PENDING,2025-01-17 17:53:55.0
BUY-1763965650522-002071,TRADER-0071,FOREX,BUY,1.58,88,88,PENDING,2025-01-16 04:39:05.0
BUY-1763965650522-001731,TRADER-0231,FOREX,BUY,2.17,605,605,PENDING,2025-01-16 00:17:54.0
BUY-1763965650529-007148,TRADER-0148,FOREX,BUY,4.21,423,423,PENDING,2025-01-18 17:30:38.0
BUY-1763965650520-000728,TRADER-0228,FOREX,BUY,1.47,333,333,PENDING,2025-01-15 12:26:32.0
BUY-1763965650528-006191,TRADER-0191,FOREX,BUY,3.19,534,534,PENDING,2025-01-18 06:06:08.0
BUY-1763965650528-006272,TRADER-0272,FOREX,BUY,3.41,210,210,PENDING,2025-01-18 07:37:40.0
BUY-1763965650526-004836,TRADER-0336,FOREX,BUY,3.9,112,112,PENDING,2025-01-17 14:14:56.0
BUY-1763965650525-004307,TRADER-0307,FOREX,BUY,2.05,230,230,PENDING,2025-01-17 08:06:36.0
BUY-1763965650519-000451,TRADER-0451,EQUITY,BUY,100.0,93,93,PENDING,2025-01-15 09:43:08.0
BUY-1763965650521-001573,TRADER-0073,FOREX,BUY,1.54,741,741,PENDING,2025-01-15 23:18:04.0
BUY-1763965650523-002501,TRADER-0001,FOREX,BUY,3.38,971,971,PENDING,2025-01-16 09:38:40.0
BUY-1763965650519-000214,TRADER-0214,FOREX,BUY,1.5,63,63,PENDING,2025-01-15 06:56:13.0
BUY-1763965650521-001137,TRADER-0137,EQUITY,BUY,82.86,560,560,PENDING,2025-01-15 18:07:12.0
BUY-1763965650529-007156,TRADER-0156,FOREX,BUY,1.01,1000,1000,PENDING,2025-01-18 18:04:30.0
BUY-1763965650528-006224,TRADER-0224,EQUITY,BUY,90.49,172,172,PENDING,2025-01-18 06:57:35.0
BUY-1763965650519-000195,TRADER-0195,FOREX,BUY,3.0,26,26,PENDING,2025-01-15 06:20:30.0
BUY-1763965650529-006681,TRADER-0181,FOREX,BUY,4.19,495,495,PENDING,2025-01-18 11:58:53.0
BUY-1763965650529-007151,TRADER-0151,FOREX,BUY,4.03,764,764,PENDING,2025-01-18 18:13:50.0
BUY-1763965650519-000298,TRADER-0298,FOREX,BUY,2.0,108,108,PENDING,2025-01-15 07:44:50.0
BUY-1763965650518-000112,TRADER-0112,FOREX,BUY,2.0,100,100,PENDING,2025-01-15 05:23:17.0
BUY-1763965650529-006970,TRADER-0470,EQUITY,BUY,74.2,816,816,PENDING,2025-01-18 15:50:39.0
BUY-1763965650526-004937,TRADER-0437,FOREX,BUY,2.14,965,965,PENDING,2025-01-17 14:58:10.0
BUY-1763965650529-007272,TRADER-0272,FOREX,BUY,3.96,314,314,PENDING,2025-01-18 19:04:13.0
BUY-1763965650523-002857,TRADER-0357,FOREX,BUY,3.22,32,32,PENDING,2025-01-16 14:10:51.0
BUY-1763965650518-000101,TRADER-0101,FOREX,BUY,2.5,105,105,PENDING,2025-01-15 05:11:52.0
BUY-1763965650528-006486,TRADER-0486,FOREX,BUY,3.4,196,196,PENDING,2025-01-18 09:28:06.0
BUY-1763965650521-001598,TRADER-0098,CRYPTO,BUY,322.61,103,103,PENDING,2025-01-15 23:01:26.0
BUY-1763965650519-000558,TRADER-0058,CRYPTO,BUY,290.51,164,164,PENDING,2025-01-15 10:53:10.0
BUY-1763965650520-000642,TRADER-0142,EQUITY,BUY,60.35,774,774,PENDING,2025-01-15 11:21:15.0
BUY-1763965650527-005483,TRADER-0483,FOREX,BUY,4.0,316,316,PENDING,2025-01-17 22:16:56.0
BUY-1763965650526-005019,TRADER-0019,EQUITY,BUY,85.66,305,305,PENDING,2025-01-17 16:17:45.0
BUY-1763965650525-004209,TRADER-0209,CRYPTO,BUY,321.99,1,1,PENDING,2025-01-17 06:00:54.0
BUY-1763965650523-002531,TRADER-0031,EQUITY,BUY,69.68,20,20,PENDING,2025-01-16 10:05:08.0
BUY-1763965650525-004173,TRADER-0173,FOREX,BUY,3.27,858,858,PENDING,2025-01-17 06:15:45.0
BUY-1763965650528-006002,TRADER-0002,FOREX,BUY,3.56,420,420,PENDING,2025-01-18 03:50:25.0
BUY-1763965650524-003486,TRADER-0486,FOREX,BUY,3.84,56,56,PENDING,2025-01-16 21:53:15.0
BUY-1763965650519-000406,TRADER-0406,FOREX,BUY,2.5,30,30,PENDING,2025-01-15 09:12:36.0
BUY-1763965650528-006491,TRADER-0491,FOREX,BUY,1.86,813,813,PENDING,2025-01-18 09:29:57.0
BUY-1763965650527-005579,TRADER-0079,FOREX,BUY,1.75,117,117,PENDING,2025-01-17 22:54:33.0
BUY-1763965650529-006677,TRADER-0177,FOREX,BUY,3.03,686,686,PENDING,2025-01-18 11:53:56.0
BUY-1763965650525-004368,TRADER-0368,EQUITY,BUY,120.05,536,536,PENDING,2025-01-17 08:28:35.0
BUY-1763965650525-003708,TRADER-0208,FOREX,BUY,3.4,382,382,PENDING,2025-01-17 00:31:44.0
BUY-1763965650523-002353,TRADER-0353,FOREX,BUY,1.14,480,480,PENDING,2025-01-16 08:12:51.0
BUY-1763965650527-005162,TRADER-0162,FOREX,BUY,1.52,103,103,PENDING,2025-01-17 17:48:32.0
BUY-1763965650526-004988,TRADER-0488,EQUITY,BUY,104.48,470,470,PENDING,2025-01-17 15:56:57.0
BUY-1763965650524-003480,TRADER-0480,FOREX,BUY,1.53,957,957,PENDING,2025-01-16 21:23:10.0
BUY-1763965650524-003520,TRADER-0020,FOREX,BUY,4.09,606,606,PENDING,2025-01-16 21:58:58.0
BUY-1763965650519-000443,TRADER-0443,FOREX,BUY,1.5,64,64,PENDING,2025-01-15 09:10:39.0
BUY-1763965650529-006989,TRADER-0489,FOREX,BUY,2.27,476,476,PENDING,2025-01-18 16:18:12.0
BUY-1763965650522-001796,TRADER-0296,FOREX,BUY,3.91,608,608,PENDING,2025-01-16 01:13:15.0
BUY-1763965650526-005033,TRADER-0033,EQUITY,BUY,64.39,379,379,PENDING,2025-01-17 16:11:18.0
BUY-1763965650520-000662,TRADER-0162,FOREX,BUY,2.59,504,504,PENDING,2025-01-15 12:13:01.0
BUY-1763965650521-001426,TRADER-0426,FOREX,BUY,3.64,640,640,PENDING,2025-01-15 21:09:55.0
BUY-1763965650519-000578,TRADER-0078,CRYPTO,BUY,172.64,149,149,PENDING,2025-01-15 10:36:00.0
BUY-1763965650520-000936,TRADER-0436,CRYPTO,BUY,327.39,151,151,PENDING,2025-01-15 15:21:35.0
BUY-1763965650525-003944,TRADER-0444,FOREX,BUY,2.8,35,35,PENDING,2025-01-17 03:22:01.0
BUY-1763965650521-001127,TRADER-0127,FOREX,BUY,1.07,67,67,PENDING,2025-01-15 17:29:55.0
BUY-1763965650526-004453,TRADER-0453,EQUITY,BUY,88.22,323,323,PENDING,2025-01-17 09:08:43.0
BUY-1763965650521-001439,TRADER-0439,EQUITY,BUY,125.15,690,690,PENDING,2025-01-15 21:42:51.0
BUY-1763965650523-002762,TRADER-0262,FOREX,BUY,2.56,834,834,PENDING,2025-01-16 13:18:20.0
BUY-1763965650527-005583,TRADER-0083,FOREX,BUY,1.48,805,805,PENDING,2025-01-17 23:14:38.0
BUY-1763965650524-003137,TRADER-0137,FOREX,BUY,3.88,425,425,PENDING,2025-01-16 17:34:04.0
BUY-1763965650525-003979,TRADER-0479,EQUITY,BUY,93.14,975,975,PENDING,2025-01-17 04:03:43.0
BUY-1763965650523-002763,TRADER-0263,EQUITY,BUY,91.27,72,72,PENDING,2025-01-16 13:09:29.0
BUY-1763965650522-001725,TRADER-0225,FOREX,BUY,1.51,573,573,PENDING,2025-01-16 00:26:46.0
BUY-1763965650522-001610,TRADER-0110,FOREX,BUY,3.41,588,588,PENDING,2025-01-15 23:17:49.0
BUY-1763965650519-000589,TRADER-0089,FOREX,BUY,3.03,372,372,PENDING,2025-01-15 10:47:40.0
BUY-1763965650525-003920,TRADER-0420,EQUITY,BUY,109.43,314,314,PENDING,2025-01-17 03:28:36.0
BUY-1763965650525-004268,TRADER-0268,EQUITY,BUY,58.84,197,197,PENDING,2025-01-17 06:53:53.0
BUY-1763965650519-000199,TRADER-0199,FOREX,BUY,2.0,47,47,PENDING,2025-01-15 06:29:01.0
BUY-1763965650529-007354,TRADER-0354,FOREX,BUY,1.31,451,451,PENDING,2025-01-18 20:24:39.0
BUY-1763965650523-002451,TRADER-0451,EQUITY,BUY,74.95,55,55,PENDING,2025-01-16 09:37:16.0
BUY-1763965650524-003489,TRADER-0489,EQUITY,BUY,81.37,865,865,PENDING,2025-01-16 22:00:42.0
BUY-1763965650519-000314,TRADER-0314,FOREX,BUY,2.5,17,17,PENDING,2025-01-15 07:16:05.0
BUY-1763965650523-002300,TRADER-0300,CRYPTO,BUY,195.22,12,12,PENDING,2025-01-16 07:17:44.0
BUY-1763965650529-006818,TRADER-0318,FOREX,BUY,2.81,769,769,PENDING,2025-01-18 13:48:20.0
BUY-1763965650520-000875,TRADER-0375,FOREX,BUY,3.16,430,430,PENDING,2025-01-15 14:30:48.0
BUY-1763965650523-002341,TRADER-0341,FOREX,BUY,3.42,457,457,PENDING,2025-01-16 07:41:42.0
BUY-1763965650526-004915,TRADER-0415,FOREX,BUY,3.52,389,389,PENDING,2025-01-17 14:50:51.0
BUY-1763965650528-006171,TRADER-0171,FOREX,BUY,1.52,668,668,PENDING,2025-01-18 05:36:41.0
BUY-1763965650519-000157,TRADER-0157,FOREX,BUY,3.5,45,45,PENDING,2025-01-15 05:47:17.0
BUY-1763965650518-000135,TRADER-0135,EQUITY,BUY,100.0,14,14,PENDING,2025-01-15 05:10:32.0
BUY-1763965650529-006812,TRADER-0312,FOREX,BUY,1.76,625,625,PENDING,2025-01-18 13:55:52.0
BUY-1763965650518-000056,TRADER-0056,FOREX,BUY,2.5,33,33,PENDING,2025-01-15 04:21:10.0
BUY-1763965650519-000411,TRADER-0411,EQUITY,BUY,100.0,40,40,PENDING,2025-01-15 08:53:16.0
BUY-1763965650525-004018,TRADER-0018,CRYPTO,BUY,122.65,207,207,PENDING,2025-01-17 04:20:57.0
BUY-1763965650521-001308,TRADER-0308,FOREX,BUY,2.43,624,624,PENDING,2025-01-15 19:51:22.0
BUY-1763965650522-002109,TRADER-0109,FOREX,BUY,3.48,69,69,PENDING,2025-01-16 05:18:58.0
BUY-1763965650526-004877,TRADER-0377,FOREX,BUY,2.16,579,579,PENDING,2025-01-17 14:41:27.0
BUY-1763965650529-006868,TRADER-0368,FOREX,BUY,1.48,484,484,PENDING,2025-01-18 14:03:38.0
BUY-1763965650529-007258,TRADER-0258,EQUITY,BUY,78.32,819,819,PENDING,2025-01-18 19:32:47.0
BUY-1763965650525-004004,TRADER-0004,EQUITY,BUY,74.74,120,120,PENDING,2025-01-17 03:49:46.0
BUY-1763965650524-003510,TRADER-0010,FOREX,BUY,3.27,600,600,PENDING,2025-01-16 22:09:36.0
BUY-1763965650524-003503,TRADER-0003,FOREX,BUY,2.93,859,859,PENDING,2025-01-16 22:22:40.0
BUY-1763965650524-003067,TRADER-0067,FOREX,BUY,2.58,728,728,PENDING,2025-01-16 16:38:15.0
BUY-1763965650522-001741,TRADER-0241,FOREX,BUY,3.82,270,270,PENDING,2025-01-16 01:07:25.0
BUY-1763965650520-001015,TRADER-0015,CRYPTO,BUY,134.52,341,341,PENDING,2025-01-15 16:09:23.0
BUY-1763965650525-004069,TRADER-0069,FOREX,BUY,3.13,950,950,PENDING,2025-01-17 04:46:58.0
BUY-1763965650518-000027,TRADER-0027,FOREX,BUY,3.5,86,86,PENDING,2025-01-15 04:16:07.0
BUY-1763965650529-007422,TRADER-0422,EQUITY,BUY,113.15,457,457,PENDING,2025-01-18 20:48:58.0
BUY-1763965650518-000002,TRADER-0002,FOREX,BUY,3.0,86,86,PENDING,2025-01-15 04:14:08.0
BUY-1763965650525-003766,TRADER-0266,EQUITY,BUY,102.4,206,206,PENDING,2025-01-17 00:42:35.0
BUY-1763965650521-001318,TRADER-0318,FOREX,BUY,3.37,901,901,PENDING,2025-01-15 20:08:40.0
BUY-1763965650529-007486,TRADER-0486,FOREX,BUY,4.07,124,124,PENDING,2025-01-18 21:20:49.0
BUY-1763965650528-006515,TRADER-0015,EQUITY,BUY,126.57,34,34,PENDING,2025-01-18 09:50:30.0
BUY-1763965650523-002490,TRADER-0490,FOREX,BUY,2.85,34,34,PENDING,2025-01-16 09:31:51.0
BUY-1763965650519-000545,TRADER-0045,FOREX,BUY,1.79,809,809,PENDING,2025-01-15 10:37:28.0
BUY-1763965650527-005177,TRADER-0177,EQUITY,BUY,119.14,599,599,PENDING,2025-01-17 17:43:24.0
BUY-1763965650526-004947,TRADER-0447,EQUITY,BUY,101.58,960,960,PENDING,2025-01-17 15:11:07.0
BUY-1763965650527-005490,TRADER-0490,EQUITY,BUY,96.46,24,24,PENDING,2025-01-17 21:58:15.0
BUY-1763965650526-004689,TRADER-0189,FOREX,BUY,1.37,269,269,PENDING,2025-01-17 12:05:32.0
BUY-1763965650518-000034,TRADER-0034,FOREX,BUY,1.5,57,57,PENDING,2025-01-15 04:06:11.0
BUY-1763965650527-005387,TRADER-0387,FOREX,BUY,3.41,739,739,PENDING,2025-01-17 20:30:11.0
BUY-1763965650520-001031,TRADER-0031,CRYPTO,BUY,264.82,137,137,PENDING,2025-01-15 16:21:53.0
BUY-1763965650521-001329,TRADER-0329,EQUITY,BUY,99.55,42,42,PENDING,2025-01-15 20:03:09.0
BUY-1763965650522-002215,TRADER-0215,FOREX,BUY,1.9,218,218,PENDING,2025-01-16 06:53:26.0
BUY-1763965650527-005576,TRADER-0076,FOREX,BUY,3.06,761,761,PENDING,2025-01-17 23:03:59.0
BUY-1763965650528-006512,TRADER-0012,FOREX,BUY,4.16,857,857,PENDING,2025-01-18 09:46:24.0
BUY-1763965650523-002345,TRADER-0345,FOREX,BUY,2.25,786,786,PENDING,2025-01-16 08:01:16.0
BUY-1763965650526-004616,TRADER-0116,FOREX,BUY,1.92,722,722,PENDING,2025-01-17 11:16:21.0
BUY-1763965650523-002835,TRADER-0335,EQUITY,BUY,123.67,1,1,PENDING,2025-01-16 13:34:33.0
BUY-1763965650529-006860,TRADER-0360,FOREX,BUY,4.21,382,382,PENDING,2025-01-18 14:07:58.0
BUY-1763965650525-003785,TRADER-0285,FOREX,BUY,3.28,642,642,PENDING,2025-01-17 01:18:10.0
BUY-1763965650522-001761,TRADER-0261,EQUITY,BUY,126.5,766,766,PENDING,2025-01-16 01:33:22.0
BUY-1763965650528-006162,TRADER-0162,FOREX,BUY,1.77,700,700,PENDING,2025-01-18 06:02:23.0
BUY-1763965650520-000953,TRADER-0453,FOREX,BUY,2.65,658,658,PENDING,2025-01-15 15:27:48.0
BUY-1763965650523-002265,TRADER-0265,FOREX,BUY,3.41,340,340,PENDING,2025-01-16 07:37:58.0
BUY-1763965650524-003505,TRADER-0005,CRYPTO,BUY,217.65,51,51,PENDING,2025-01-16 22:23:46.0
BUY-1763965650523-002661,TRADER-0161,EQUITY,BUY,73.48,33,33,PENDING,2025-01-16 11:51:08.0
BUY-1763965650528-006623,TRADER-0123,FOREX,BUY,3.08,872,872,PENDING,2025-01-18 11:42:39.0
BUY-1763965650527-005426,TRADER-0426,FOREX,BUY,2.97,549,549,PENDING,2025-01-17 21:02:00.0
BUY-1763965650529-007270,TRADER-0270,EQUITY,BUY,60.28,387,387,PENDING,2025-01-18 18:49:44.0
BUY-1763965650523-002563,TRADER-0063,FOREX,BUY,2.02,70,70,PENDING,2025-01-16 10:50:35.0
BUY-1763965650526-004502,TRADER-0002,FOREX,BUY,2.33,264,264,PENDING,2025-01-17 10:17:04.0
BUY-1763965650526-004551,TRADER-0051,CRYPTO,BUY,259.35,39,39,PENDING,2025-01-17 10:10:51.0
BUY-1763965650523-002379,TRADER-0379,FOREX,BUY,3.92,780,780,PENDING,2025-01-16 09:02:34.0
BUY-1763965650520-000632,TRADER-0132,FOREX,BUY,2.98,230,230,PENDING,2025-01-15 11:26:57.0
BUY-1763965650528-006581,TRADER-0081,CRYPTO,BUY,182.36,94,94,PENDING,2025-01-18 11:00:30.0
BUY-1763965650527-005777,TRADER-0277,FOREX,BUY,2.32,644,644,PENDING,2025-01-18 01:11:30.0
BUY-1763965650527-005108,TRADER-0108,FOREX,BUY,1.7,332,332,PENDING,2025-01-17 17:41:39.0
BUY-1763965650521-001144,TRADER-0144,EQUITY,BUY,100.64,363,363,PENDING,2025-01-15 17:29:37.0
BUY-1763965650521-001206,TRADER-0206,FOREX,BUY,3.95,82,82,PENDING,2025-01-15 18:12:04.0
BUY-1763965650518-000015,TRADER-0015,FOREX,BUY,2.0,46,46,PENDING,2025-01-15 03:58:13.0
BUY-1763965650528-006050,TRADER-0050,FOREX,BUY,3.91,997,997,PENDING,2025-01-18 04:35:43.0
BUY-1763965650524-003439,TRADER-0439,FOREX,BUY,1.46,554,554,PENDING,2025-01-16 21:38:21.0
BUY-1763965650529-006808,TRADER-0308,CRYPTO,BUY,167.56,59,59,PENDING,2025-01-18 13:39:40.0
BUY-1763965650519-000619,TRADER-0119,FOREX,BUY,3.65,736,736,PENDING,2025-01-15 11:43:10.0
BUY-1763965650523-002774,TRADER-0274,EQUITY,BUY,54.26,163,163,PENDING,2025-01-16 12:55:11.0
BUY-1763965650527-005218,TRADER-0218,FOREX,BUY,3.73,410,410,PENDING,2025-01-17 18:45:09.0
BUY-1763965650523-002516,TRADER-0016,CRYPTO,BUY,230.48,164,164,PENDING,2025-01-16 10:00:56.0
BUY-1763965650523-002277,TRADER-0277,FOREX,BUY,2.97,242,242,PENDING,2025-01-16 07:47:45.0
BUY-1763965650526-004730,TRADER-0230,FOREX,BUY,3.93,639,639,PENDING,2025-01-17 12:20:05.0
BUY-1763965650523-002592,TRADER-0092,CRYPTO,BUY,274.86,36,36,PENDING,2025-01-16 11:18:24.0
BUY-1763965650527-005297,TRADER-0297,CRYPTO,BUY,301.2,48,48,PENDING,2025-01-17 19:28:13.0
BUY-1763965650523-002595,TRADER-0095,FOREX,BUY,2.02,742,742,PENDING,2025-01-16 11:34:42.0
BUY-1763965650525-003978,TRADER-0478,FOREX,BUY,2.38,785,785,PENDING,2025-01-17 04:14:07.0
BUY-1763965650525-003991,TRADER-0491,FOREX,BUY,1.17,70,70,PENDING,2025-01-17 04:05:37.0
BUY-1763965650520-000653,TRADER-0153,EQUITY,BUY,130.66,145,145,PENDING,2025-01-15 11:41:38.0
BUY-1763965650528-006553,TRADER-0053,FOREX,BUY,1.26,618,618,PENDING,2025-01-18 10:26:12.0
BUY-1763965650527-005395,TRADER-0395,FOREX,BUY,1.45,140,140,PENDING,2025-01-17 20:39:11.0
BUY-1763965650525-003934,TRADER-0434,FOREX,BUY,4.1,932,932,PENDING,2025-01-17 03:27:54.0
BUY-1763965650525-004240,TRADER-0240,CRYPTO,BUY,102.61,415,415,PENDING,2025-01-17 07:04:00.0
BUY-1763965650526-004385,TRADER-0385,FOREX,BUY,2.79,856,856,PENDING,2025-01-17 08:19:05.0
BUY-1763965650518-000025,TRADER-0025,FOREX,BUY,3.5,54,54,PENDING,2025-01-15 04:45:45.0
BUY-1763965650523-002482,TRADER-0482,FOREX,BUY,3.94,566,566,PENDING,2025-01-16 10:06:05.0
BUY-1763965650528-005947,TRADER-0447,EQUITY,BUY,113.54,385,385,PENDING,2025-01-18 03:15:07.0
BUY-1763965650519-000158,TRADER-0158,FOREX,BUY,2.0,11,11,PENDING,2025-01-15 06:12:02.0
BUY-1763965650528-006592,TRADER-0092,EQUITY,BUY,124.42,315,315,PENDING,2025-01-18 10:49:55.0
BUY-1763965650522-002104,TRADER-0104,FOREX,BUY,2.53,720,720,PENDING,2025-01-16 04:51:23.0
BUY-1763965650521-001314,TRADER-0314,CRYPTO,BUY,362.99,97,97,PENDING,2025-01-15 20:01:49.0
BUY-1763965650520-000925,TRADER-0425,FOREX,BUY,1.34,91,91,PENDING,2025-01-15 14:44:28.0
BUY-1763965650528-006202,TRADER-0202,FOREX,BUY,1.42,270,270,PENDING,2025-01-18 05:59:35.0
BUY-1763965650522-002051,TRADER-0051,FOREX,BUY,2.77,37,37,PENDING,2025-01-16 04:58:44.0
BUY-1763965650524-003650,TRADER-0150,EQUITY,BUY,63.63,337,337,PENDING,2025-01-16 23:45:15.0
BUY-1763965650528-006293,TRADER-0293,FOREX,BUY,2.6,302,302,PENDING,2025-01-18 07:25:37.0
BUY-1763965650529-007037,TRADER-0037,FOREX,BUY,1.84,259,259,PENDING,2025-01-18 16:35:00.0
BUY-1763965650522-001824,TRADER-0324,FOREX,BUY,3.21,782,782,PENDING,2025-01-16 02:15:13.0
BUY-1763965650526-004878,TRADER-0378,EQUITY,BUY,124.62,636,636,PENDING,2025-01-17 14:15:42.0
BUY-1763965650526-004523,TRADER-0023,FOREX,BUY,2.52,262,262,PENDING,2025-01-17 10:08:24.0
BUY-1763965650524-003092,TRADER-0092,FOREX,BUY,2.28,931,931,PENDING,2025-01-16 17:29:14.0
BUY-1763965650527-005760,TRADER-0260,CRYPTO,BUY,219.85,126,126,PENDING,2025-01-18 01:18:36.0
BUY-1763965650521-001335,TRADER-0335,CRYPTO,BUY,160.24,227,227,PENDING,2025-01-15 20:10:29.0
BUY-1763965650520-000818,TRADER-0318,FOREX,BUY,2.35,810,810,PENDING,2025-01-15 13:34:28.0
BUY-1763965650528-006062,TRADER-0062,FOREX,BUY,1.82,503,503,PENDING,2025-01-18 04:20:30.0
BUY-1763965650523-002580,TRADER-0080,FOREX,BUY,3.76,96,96,PENDING,2025-01-16 10:54:59.0
BUY-1763965650519-000177,TRADER-0177,FOREX,BUY,3.0,13,13,PENDING,2025-01-15 05:56:18.0
BUY-1763965650529-007021,TRADER-0021,EQUITY,BUY,90.01,762,762,PENDING,2025-01-18 16:34:22.0
BUY-1763965650525-004254,TRADER-0254,EQUITY,BUY,51.96,756,756,PENDING,2025-01-17 07:32:28.0
BUY-1763965650520-000824,TRADER-0324,FOREX,BUY,1.22,897,897,PENDING,2025-01-15 13:24:04.0
BUY-1763965650524-003410,TRADER-0410,FOREX,BUY,2.2,798,798,PENDING,2025-01-16 21:13:05.0
BUY-1763965650528-006049,TRADER-0049,FOREX,BUY,3.02,385,385,PENDING,2025-01-18 04:21:51.0
BUY-1763965650522-002062,TRADER-0062,FOREX,BUY,3.08,481,481,PENDING,2025-01-16 04:47:46.0
BUY-1763965650528-006338,TRADER-0338,FOREX,BUY,3.36,578,578,PENDING,2025-01-18 08:25:34.0
BUY-1763965650519-000286,TRADER-0286,FOREX,BUY,2.0,29,29,PENDING,2025-01-15 07:22:55.0
BUY-1763965650526-005037,TRADER-0037,CRYPTO,BUY,310.12,93,93,PENDING,2025-01-17 16:15:25.0
BUY-1763965650521-001347,TRADER-0347,FOREX,BUY,3.81,445,445,PENDING,2025-01-15 20:38:02.0
BUY-1763965650528-006301,TRADER-0301,FOREX,BUY,2.08,498,498,PENDING,2025-01-18 07:07:55.0
BUY-1763965650529-006709,TRADER-0209,FOREX,BUY,1.26,575,575,PENDING,2025-01-18 12:15:30.0
BUY-1763965650524-002978,TRADER-0478,EQUITY,BUY,56.84,997,997,PENDING,2025-01-16 15:40:52.0
BUY-1763965650523-002492,TRADER-0492,FOREX,BUY,1.65,61,61,PENDING,2025-01-16 10:11:02.0
BUY-1763965650524-002968,TRADER-0468,FOREX,BUY,3.0,109,109,PENDING,2025-01-16 15:18:34.0
BUY-1763965650523-002510,TRADER-0010,FOREX,BUY,3.27,55,55,PENDING,2025-01-16 09:47:28.0
BUY-1763965650525-003755,TRADER-0255,CRYPTO,BUY,186.0,148,148,PENDING,2025-01-17 01:31:56.0
BUY-1763965650527-005769,TRADER-0269,EQUITY,BUY,58.89,773,773,PENDING,2025-01-18 01:14:28.0
BUY-1763965650528-005917,TRADER-0417,FOREX,BUY,2.37,664,664,PENDING,2025-01-18 02:43:46.0
BUY-1763965650526-004868,TRADER-0368,FOREX,BUY,1.63,725,725,PENDING,2025-01-17 14:04:18.0
BUY-1763965650528-005886,TRADER-0386,EQUITY,BUY,126.69,742,742,PENDING,2025-01-18 02:23:26.0
BUY-1763965650525-003759,TRADER-0259,FOREX,BUY,2.02,37,37,PENDING,2025-01-17 00:59:30.0
BUY-1763965650518-000133,TRADER-0133,FOREX,BUY,2.0,95,95,PENDING,2025-01-15 05:53:24.0
BUY-1763965650518-000018,TRADER-0018,FOREX,BUY,1.5,78,78,PENDING,2025-01-15 04:09:14.0
BUY-1763965650526-004524,TRADER-0024,FOREX,BUY,2.8,711,711,PENDING,2025-01-17 10:30:03.0
BUY-1763965650529-007409,TRADER-0409,FOREX,BUY,1.87,278,278,PENDING,2025-01-18 20:35:59.0
BUY-1763965650529-007061,TRADER-0061,EQUITY,BUY,106.01,752,752,PENDING,2025-01-18 16:26:27.0
BUY-1763965650520-000822,TRADER-0322,FOREX,BUY,2.27,847,847,PENDING,2025-01-15 13:46:06.0
BUY-1763965650529-007103,TRADER-0103,FOREX,BUY,3.85,127,127,PENDING,2025-01-18 17:27:27.0
BUY-1763965650528-006296,TRADER-0296,FOREX,BUY,2.42,435,435,PENDING,2025-01-18 07:13:01.0
BUY-1763965650525-004366,TRADER-0366,FOREX,BUY,4.16,72,72,PENDING,2025-01-17 08:31:30.0
BUY-1763965650522-002079,TRADER-0079,EQUITY,BUY,118.18,15,15,PENDING,2025-01-16 04:37:18.0
BUY-1763965650525-004384,TRADER-0384,FOREX,BUY,4.16,191,191,PENDING,2025-01-17 08:14:45.0
BUY-1763965650527-005788,TRADER-0288,FOREX,BUY,3.77,461,461,PENDING,2025-01-18 01:02:18.0
BUY-1763965650528-006380,TRADER-0380,FOREX,BUY,4.07,475,475,PENDING,2025-01-18 08:37:38.0
BUY-1763965650527-005774,TRADER-0274,EQUITY,BUY,62.45,952,952,PENDING,2025-01-18 01:27:18.0
BUY-1763965650526-004417,TRADER-0417,FOREX,BUY,2.4,703,703,PENDING,2025-01-17 09:16:12.0
BUY-1763965650518-000107,TRADER-0107,FOREX,BUY,2.5,71,71,PENDING,2025-01-15 05:42:35.0
BUY-1763965650519-000172,TRADER-0172,FOREX,BUY,3.5,19,19,PENDING,2025-01-15 05:51:26.0
BUY-1763965650518-000020,TRADER-0020,FOREX,BUY,1.5,33,33,PENDING,2025-01-15 04:24:50.0
BUY-1763965650524-003417,TRADER-0417,FOREX,BUY,2.6,91,91,PENDING,2025-01-16 20:41:33.0
BUY-1763965650524-003666,TRADER-0166,FOREX,BUY,1.75,254,254,PENDING,2025-01-16 23:53:31.0
BUY-1763965650526-004727,TRADER-0227,EQUITY,BUY,129.43,585,585,PENDING,2025-01-17 13:07:02.0
BUY-1763965650518-000039,TRADER-0039,FOREX,BUY,3.0,42,42,PENDING,2025-01-15 04:43:09.0
BUY-1763965650526-004950,TRADER-0450,CRYPTO,BUY,387.44,7,7,PENDING,2025-01-17 15:39:37.0
BUY-1763965650529-007491,TRADER-0491,FOREX,BUY,3.28,656,656,PENDING,2025-01-18 22:07:26.0
BUY-1763965650526-004532,TRADER-0032,FOREX,BUY,1.01,573,573,PENDING,2025-01-17 10:14:13.0
BUY-1763965650529-006947,TRADER-0447,EQUITY,BUY,133.08,20,20,PENDING,2025-01-18 15:20:30.0
BUY-1763965650522-002231,TRADER-0231,EQUITY,BUY,116.29,336,336,PENDING,2025-01-16 07:07:52.0
SELL-1763965655392-001174,TRADER-0174,CRYPTO,SELL,4839.36,10,10,PENDING,2025-01-15 17:53:42.0
SELL-1763965655398-004067,TRADER-0067,CRYPTO,SELL,4979.33,8,8,PENDING,2025-01-17 04:43:48.0
SELL-1763965655397-003886,TRADER-0386,CRYPTO,SELL,4825.94,9,9,PENDING,2025-01-17 02:14:13.0
SELL-1763965655391-000756,TRADER-0256,FOREX,SELL,9.96,230,230,PENDING,2025-01-15 13:30:54.0
SELL-1763965655397-003963,TRADER-0463,EQUITY,SELL,491.08,179,179,PENDING,2025-01-17 03:05:00.0
SELL-1763965655396-003301,TRADER-0301,FOREX,SELL,9.92,903,903,PENDING,2025-01-16 19:17:52.0
SELL-1763965655398-004500,TRADER-0000,CRYPTO,SELL,4314.69,6,6,PENDING,2025-01-17 10:08:09.0
SELL-1763965655398-004404,TRADER-0404,CRYPTO,SELL,4845.36,3,3,PENDING,2025-01-17 08:41:32.0
SELL-1763965655395-002526,TRADER-0026,CRYPTO,SELL,4349.73,7,7,PENDING,2025-01-16 10:44:56.0
SELL-1763965655395-002550,TRADER-0050,CRYPTO,SELL,4464.24,5,5,PENDING,2025-01-16 10:45:37.0
SELL-1763965655399-004706,TRADER-0206,CRYPTO,SELL,4777.38,8,8,PENDING,2025-01-17 12:37:18.0
SELL-1763965655393-001416,TRADER-0416,EQUITY,SELL,467.86,177,177,PENDING,2025-01-15 21:21:01.0
SELL-1763965655399-005052,TRADER-0052,CRYPTO,SELL,4763.45,8,8,PENDING,2025-01-17 16:55:15.0
SELL-1763965655397-003854,TRADER-0354,CRYPTO,SELL,4455.51,6,6,PENDING,2025-01-17 02:09:01.0
SELL-1763965655396-003114,TRADER-0114,CRYPTO,SELL,4773.5,6,6,PENDING,2025-01-16 17:24:13.0
SELL-1763965655396-003091,TRADER-0091,CRYPTO,SELL,4611.98,3,3,PENDING,2025-01-16 16:38:03.0
SELL-1763965655399-004987,TRADER-0487,CRYPTO,SELL,4906.18,6,6,PENDING,2025-01-17 15:24:33.0
SELL-1763965655393-001474,TRADER-0474,CRYPTO,SELL,4033.06,11,11,PENDING,2025-01-15 21:30:48.0
SELL-1763965655393-001763,TRADER-0263,CRYPTO,SELL,4082.45,5,5,PENDING,2025-01-16 01:36:11.0
SELL-1763965655392-001401,TRADER-0401,EQUITY,SELL,484.08,84,84,PENDING,2025-01-15 20:21:20.0
SELL-1763965655392-001011,TRADER-0011,EQUITY,SELL,480.63,48,48,PENDING,2025-01-15 15:42:45.0
SELL-1763965655391-000507,TRADER-0007,CRYPTO,SELL,4293.11,9,9,PENDING,2025-01-15 10:15:53.0
SELL-1763965655394-002326,TRADER-0326,CRYPTO,SELL,4647.54,8,8,PENDING,2025-01-16 08:00:36.0
SELL-1763965655402-006349,TRADER-0349,CRYPTO,SELL,3886.28,5,5,PENDING,2025-01-18 07:58:42.0
SELL-1763965655394-002030,TRADER-0030,CRYPTO,SELL,4776.93,10,10,PENDING,2025-01-16 04:08:09.0
SELL-1763965655399-004797,TRADER-0297,CRYPTO,SELL,4573.39,3,3,PENDING,2025-01-17 13:30:32.0
SELL-1763965655397-003721,TRADER-0221,EQUITY,SELL,490.67,130,130,PENDING,2025-01-17 01:06:28.0
SELL-1763965655398-004359,TRADER-0359,EQUITY,SELL,470.3,13,13,PENDING,2025-01-17 08:31:31.0
SELL-1763965655395-002893,TRADER-0393,EQUITY,SELL,464.04,108,108,PENDING,2025-01-16 14:20:37.0
SELL-1763965655399-004828,TRADER-0328,CRYPTO,SELL,4276.59,7,7,PENDING,2025-01-17 13:52:00.0
SELL-1763965655403-007457,TRADER-0457,CRYPTO,SELL,4099.66,12,12,PENDING,2025-01-18 21:13:29.0
SELL-1763965655402-006641,TRADER-0141,FOREX,SELL,9.75,314,314,PENDING,2025-01-18 11:32:50.0
SELL-1763965655403-007367,TRADER-0367,CRYPTO,SELL,4804.72,3,3,PENDING,2025-01-18 20:11:57.0
SELL-1763965655392-001161,TRADER-0161,FOREX,SELL,9.77,680,680,PENDING,2025-01-15 17:48:26.0
SELL-1763965655399-005043,TRADER-0043,EQUITY,SELL,465.34,151,151,PENDING,2025-01-17 16:51:12.0
SELL-1763965655398-004344,TRADER-0344,CRYPTO,SELL,4450.54,6,6,PENDING,2025-01-17 08:10:08.0
SELL-1763965655391-000721,TRADER-0221,EQUITY,SELL,438.82,185,185,PENDING,2025-01-15 12:35:26.0
SELL-1763965655401-005985,TRADER-0485,EQUITY,SELL,476.69,142,142,PENDING,2025-01-18 03:21:29.0
SELL-1763965655399-005066,TRADER-0066,CRYPTO,SELL,4891.22,9,9,PENDING,2025-01-17 17:04:20.0
SELL-1763965655399-004609,TRADER-0109,CRYPTO,SELL,3875.89,5,5,PENDING,2025-01-17 11:48:25.0
SELL-1763965655395-002981,TRADER-0481,EQUITY,SELL,476.3,126,126,PENDING,2025-01-16 15:44:59.0
SELL-1763965655393-001768,TRADER-0268,EQUITY,SELL,468.12,161,161,PENDING,2025-01-16 00:45:41.0
SELL-1763965655402-006907,TRADER-0407,CRYPTO,SELL,3742.99,11,11,PENDING,2025-01-18 14:42:15.0
SELL-1763965655400-005315,TRADER-0315,FOREX,SELL,9.81,142,142,PENDING,2025-01-17 19:44:31.0
SELL-1763965655401-005713,TRADER-0213,CRYPTO,SELL,4440.59,6,6,PENDING,2025-01-18 00:31:17.0
SELL-1763965655400-005285,TRADER-0285,CRYPTO,SELL,4042.65,7,7,PENDING,2025-01-17 19:35:23.0
SELL-1763965655401-005990,TRADER-0490,FOREX,SELL,9.81,714,714,PENDING,2025-01-18 04:08:36.0
SELL-1763965655391-000536,TRADER-0036,CRYPTO,SELL,3889.79,7,7,PENDING,2025-01-15 09:59:41.0
SELL-1763965655396-003229,TRADER-0229,CRYPTO,SELL,4937.0,8,8,PENDING,2025-01-16 18:42:50.0
SELL-1763965655399-004906,TRADER-0406,EQUITY,SELL,483.59,175,175,PENDING,2025-01-17 14:49:51.0
SELL-1763965655403-007485,TRADER-0485,FOREX,SELL,9.79,124,124,PENDING,2025-01-18 21:21:27.0
SELL-1763965655401-006087,TRADER-0087,CRYPTO,SELL,4666.33,6,6,PENDING,2025-01-18 04:42:40.0
SELL-1763965655400-005313,TRADER-0313,EQUITY,SELL,450.22,104,104,PENDING,2025-01-17 19:30:44.0
SELL-1763965655399-004856,TRADER-0356,EQUITY,SELL,466.62,89,89,PENDING,2025-01-17 14:32:53.0
SELL-1763965655399-004573,TRADER-0073,EQUITY,SELL,476.29,11,11,PENDING,2025-01-17 10:41:03.0
SELL-1763965655402-006617,TRADER-0117,EQUITY,SELL,468.38,77,77,PENDING,2025-01-18 11:06:14.0
SELL-1763965655395-002604,TRADER-0104,CRYPTO,SELL,4126.06,7,7,PENDING,2025-01-16 11:30:42.0
SELL-1763965655400-005308,TRADER-0308,EQUITY,SELL,468.4,99,99,PENDING,2025-01-17 19:17:40.0
SELL-1763965655402-006915,TRADER-0415,CRYPTO,SELL,3861.63,10,10,PENDING,2025-01-18 15:07:22.0
SELL-1763965655401-005836,TRADER-0336,CRYPTO,SELL,4561.44,5,5,PENDING,2025-01-18 01:46:30.0
SELL-1763965655399-004693,TRADER-0193,EQUITY,SELL,454.01,182,182,PENDING,2025-01-17 11:56:00.0
SELL-1763965655395-002726,TRADER-0226,CRYPTO,SELL,4835.49,9,9,PENDING,2025-01-16 12:23:24.0
SELL-1763965655400-005442,TRADER-0442,EQUITY,SELL,484.23,165,165,PENDING,2025-01-17 21:13:27.0
SELL-1763965655392-001302,TRADER-0302,CRYPTO,SELL,4354.5,5,5,PENDING,2025-01-15 19:21:46.0
SELL-1763965655391-000680,TRADER-0180,FOREX,SELL,9.95,76,76,PENDING,2025-01-15 11:54:54.0
SELL-1763965655391-000865,TRADER-0365,EQUITY,SELL,442.75,51,51,PENDING,2025-01-15 14:09:49.0
SELL-1763965655400-005403,TRADER-0403,CRYPTO,SELL,4974.96,10,10,PENDING,2025-01-17 20:48:46.0
SELL-1763965655401-006302,TRADER-0302,CRYPTO,SELL,4020.11,10,10,PENDING,2025-01-18 07:44:48.0
SELL-1763965655400-005402,TRADER-0402,FOREX,SELL,9.64,19,19,PENDING,2025-01-17 20:34:13.0
SELL-1763965655401-005997,TRADER-0497,CRYPTO,SELL,3552.98,1,1,PENDING,2025-01-18 04:05:25.0
SELL-1763965655402-006654,TRADER-0154,FOREX,SELL,9.34,561,561,PENDING,2025-01-18 11:57:07.0
SELL-1763965655396-003390,TRADER-0390,EQUITY,SELL,463.9,9,9,PENDING,2025-01-16 21:09:19.0
SELL-1763965655403-007464,TRADER-0464,CRYPTO,SELL,4269.2,2,2,PENDING,2025-01-18 21:12:50.0
SELL-1763965655398-004514,TRADER-0014,CRYPTO,SELL,3696.8,13,13,PENDING,2025-01-17 10:38:51.0
SELL-1763965655400-005164,TRADER-0164,CRYPTO,SELL,3709.75,9,9,PENDING,2025-01-17 17:47:28.0
SELL-1763965655402-006767,TRADER-0267,CRYPTO,SELL,4767.09,1,1,PENDING,2025-01-18 12:45:08.0
SELL-1763965655401-005801,TRADER-0301,EQUITY,SELL,477.25,85,85,PENDING,2025-01-18 01:44:33.0
SELL-1763965655402-006800,TRADER-0300,EQUITY,SELL,466.97,210,210,PENDING,2025-01-18 13:06:29.0
SELL-1763965655402-006425,TRADER-0425,EQUITY,SELL,466.19,95,95,PENDING,2025-01-18 08:46:35.0
SELL-1763965655403-007136,TRADER-0136,EQUITY,SELL,436.84,129,129,PENDING,2025-01-18 18:05:27.0
SELL-1763965655401-005777,TRADER-0277,FOREX,SELL,9.87,982,982,PENDING,2025-01-18 01:31:05.0
SELL-1763965655397-003843,TRADER-0343,CRYPTO,SELL,3406.03,11,11,PENDING,2025-01-17 02:17:04.0
SELL-1763965655396-003237,TRADER-0237,CRYPTO,SELL,3615.02,9,9,PENDING,2025-01-16 19:13:33.0
SELL-1763965655401-005959,TRADER-0459,CRYPTO,SELL,3545.61,13,13,PENDING,2025-01-18 03:16:19.0
SELL-1763965655402-006407,TRADER-0407,CRYPTO,SELL,4540.58,7,7,PENDING,2025-01-18 08:53:24.0
SELL-1763965655396-003055,TRADER-0055,CRYPTO,SELL,3733.57,6,6,PENDING,2025-01-16 16:14:35.0
SELL-1763965655402-006927,TRADER-0427,CRYPTO,SELL,3724.81,5,5,PENDING,2025-01-18 15:04:11.0
SELL-1763965655401-006141,TRADER-0141,CRYPTO,SELL,4820.88,10,10,PENDING,2025-01-18 05:17:07.0
SELL-1763965655399-004800,TRADER-0300,CRYPTO,SELL,3998.68,7,7,PENDING,2025-01-17 13:43:28.0
SELL-1763965655403-007480,TRADER-0480,EQUITY,SELL,451.56,165,165,PENDING,2025-01-18 21:57:44.0
SELL-1763965655403-007171,TRADER-0171,EQUITY,SELL,493.86,110,110,PENDING,2025-01-18 17:49:31.0
SELL-1763965655403-007049,TRADER-0049,EQUITY,SELL,429.77,92,92,PENDING,2025-01-18 16:56:38.0
SELL-1763965655396-003411,TRADER-0411,CRYPTO,SELL,4341.58,2,2,PENDING,2025-01-16 21:15:35.0
SELL-1763965655395-002473,TRADER-0473,EQUITY,SELL,493.4,192,192,PENDING,2025-01-16 09:17:44.0
SELL-1763965655396-003054,TRADER-0054,CRYPTO,SELL,3508.55,3,3,PENDING,2025-01-16 16:42:43.0
SELL-1763965655400-005596,TRADER-0096,CRYPTO,SELL,3665.99,11,11,PENDING,2025-01-17 23:31:04.0
SELL-1763965655403-007117,TRADER-0117,CRYPTO,SELL,4121.67,8,8,PENDING,2025-01-18 17:48:25.0
SELL-1763965655392-001341,TRADER-0341,CRYPTO,SELL,3340.33,1,1,PENDING,2025-01-15 19:57:26.0
SELL-1763965655398-004261,TRADER-0261,CRYPTO,SELL,4214.79,4,4,PENDING,2025-01-17 06:59:27.0
SELL-1763965655391-000531,TRADER-0031,CRYPTO,SELL,4397.09,5,5,PENDING,2025-01-15 10:39:18.0
SELL-1763965655400-005579,TRADER-0079,CRYPTO,SELL,4585.86,9,9,PENDING,2025-01-17 23:00:27.0
SELL-1763965655403-007147,TRADER-0147,EQUITY,SELL,441.16,19,19,PENDING,2025-01-18 17:33:38.0
SELL-1763965655403-007054,TRADER-0054,EQUITY,SELL,462.39,35,35,PENDING,2025-01-18 16:30:03.0
SELL-1763965655396-003236,TRADER-0236,EQUITY,SELL,413.87,178,178,PENDING,2025-01-16 18:27:50.0
SELL-1763965655397-003551,TRADER-0051,CRYPTO,SELL,3825.87,8,8,PENDING,2025-01-16 22:13:09.0
SELL-1763965655401-005974,TRADER-0474,FOREX,SELL,9.48,400,400,PENDING,2025-01-18 03:25:35.0
SELL-1763965655399-004982,TRADER-0482,CRYPTO,SELL,3346.64,5,5,PENDING,2025-01-17 15:30:22.0
SELL-1763965655395-002926,TRADER-0426,CRYPTO,SELL,4487.74,9,9,PENDING,2025-01-16 14:48:22.0
SELL-1763965655400-005208,TRADER-0208,CRYPTO,SELL,4811.65,2,2,PENDING,2025-01-17 18:04:38.0
SELL-1763965655397-003856,TRADER-0356,FOREX,SELL,9.48,440,440,PENDING,2025-01-17 02:27:25.0
SELL-1763965655402-006652,TRADER-0152,CRYPTO,SELL,3923.69,8,8,PENDING,2025-01-18 11:42:02.0
SELL-1763965655400-005576,TRADER-0076,CRYPTO,SELL,4138.06,12,12,PENDING,2025-01-17 22:51:26.0
SELL-1763965655401-006127,TRADER-0127,CRYPTO,SELL,3455.62,4,4,PENDING,2025-01-18 05:54:29.0
SELL-1763965655393-001786,TRADER-0286,CRYPTO,SELL,4536.33,10,10,PENDING,2025-01-16 01:36:55.0
SELL-1763965655397-003754,TRADER-0254,EQUITY,SELL,437.71,172,172,PENDING,2025-01-17 01:32:28.0
SELL-1763965655399-004989,TRADER-0489,CRYPTO,SELL,3285.17,2,2,PENDING,2025-01-17 15:49:30.0
SELL-1763965655401-005804,TRADER-0304,EQUITY,SELL,436.63,82,82,PENDING,2025-01-18 01:40:35.0
SELL-1763965655395-002603,TRADER-0103,CRYPTO,SELL,3193.93,5,5,PENDING,2025-01-16 11:06:20.0
SELL-1763965655393-001773,TRADER-0273,CRYPTO,SELL,4980.82,3,3,PENDING,2025-01-16 01:44:47.0
SELL-1763965655393-001876,TRADER-0376,CRYPTO,SELL,3385.06,5,5,PENDING,2025-01-16 02:08:22.0
SELL-1763965655399-005074,TRADER-0074,CRYPTO,SELL,4322.54,5,5,PENDING,2025-01-17 17:15:25.0
SELL-1763965655393-001423,TRADER-0423,CRYPTO,SELL,4185.76,6,6,PENDING,2025-01-15 21:21:11.0
SELL-1763965655396-003073,TRADER-0073,CRYPTO,SELL,4527.51,8,8,PENDING,2025-01-16 16:57:31.0
SELL-1763965655396-003065,TRADER-0065,CRYPTO,SELL,3062.29,12,12,PENDING,2025-01-16 16:31:51.0
SELL-1763965655395-002948,TRADER-0448,FOREX,SELL,9.31,11,11,PENDING,2025-01-16 15:46:55.0
SELL-1763965655401-005949,TRADER-0449,EQUITY,SELL,472.07,56,56,PENDING,2025-01-18 03:11:46.0
SELL-1763965655394-002385,TRADER-0385,EQUITY,SELL,445.41,53,53,PENDING,2025-01-16 08:22:43.0
SELL-1763965655401-005780,TRADER-0280,FOREX,SELL,9.01,691,691,PENDING,2025-01-18 01:44:40.0
SELL-1763965655400-005290,TRADER-0290,FOREX,SELL,9.2,51,51,PENDING,2025-01-17 19:05:53.0
SELL-1763965655392-001092,TRADER-0092,CRYPTO,SELL,4321.91,3,3,PENDING,2025-01-15 17:12:54.0
SELL-1763965655403-007483,TRADER-0483,FOREX,SELL,9.85,575,575,PENDING,2025-01-18 22:17:30.0
SELL-1763965655396-003062,TRADER-0062,FOREX,SELL,9.18,754,754,PENDING,2025-01-16 17:13:21.0
SELL-1763965655403-007493,TRADER-0493,EQUITY,SELL,397.11,218,218,PENDING,2025-01-18 22:01:20.0
SELL-1763965655401-006241,TRADER-0241,CRYPTO,SELL,4024.68,5,5,PENDING,2025-01-18 06:31:06.0
SELL-1763965655402-006539,TRADER-0039,FOREX,SELL,9.09,203,203,PENDING,2025-01-18 10:52:41.0
SELL-1763965655400-005211,TRADER-0211,EQUITY,SELL,471.14,76,76,PENDING,2025-01-17 18:35:13.0
SELL-1763965655395-002528,TRADER-0028,EQUITY,SELL,389.25,193,193,PENDING,2025-01-16 10:21:53.0
SELL-1763965655397-003980,TRADER-0480,FOREX,SELL,9.44,774,774,PENDING,2025-01-17 03:22:18.0
SELL-1763965655402-006920,TRADER-0420,EQUITY,SELL,480.43,17,17,PENDING,2025-01-18 14:50:36.0
SELL-1763965655391-000739,TRADER-0239,CRYPTO,SELL,4075.52,3,3,PENDING,2025-01-15 13:05:14.0
SELL-1763965655399-005027,TRADER-0027,CRYPTO,SELL,3758.08,8,8,PENDING,2025-01-17 16:01:52.0
SELL-1763965655400-005306,TRADER-0306,EQUITY,SELL,496.57,164,164,PENDING,2025-01-17 19:21:55.0
SELL-1763965655402-006350,TRADER-0350,FOREX,SELL,9.97,95,95,PENDING,2025-01-18 08:26:57.0
SELL-1763965655402-006506,TRADER-0006,CRYPTO,SELL,4362.73,5,5,PENDING,2025-01-18 10:12:34.0
SELL-1763965655399-004866,TRADER-0366,CRYPTO,SELL,4341.43,4,4,PENDING,2025-01-17 14:13:53.0
SELL-1763965655399-004560,TRADER-0060,FOREX,SELL,9.43,585,585,PENDING,2025-01-17 11:13:10.0
SELL-1763965655400-005318,TRADER-0318,EQUITY,SELL,424.7,201,201,PENDING,2025-01-17 20:04:58.0
SELL-1763965655395-002594,TRADER-0094,FOREX,SELL,9.03,400,400,PENDING,2025-01-16 11:20:15.0
SELL-1763965655395-002823,TRADER-0323,FOREX,SELL,9.64,389,389,PENDING,2025-01-16 14:13:07.0
SELL-1763965655396-003381,TRADER-0381,CRYPTO,SELL,3585.44,1,1,PENDING,2025-01-16 20:09:30.0
SELL-1763965655398-004083,TRADER-0083,EQUITY,SELL,493.55,195,195,PENDING,2025-01-17 04:58:40.0
SELL-1763965655400-005478,TRADER-0478,EQUITY,SELL,447.46,196,196,PENDING,2025-01-17 21:59:04.0
SELL-1763965655393-001781,TRADER-0281,FOREX,SELL,9.07,114,114,PENDING,2025-01-16 00:55:17.0
SELL-1763965655396-003067,TRADER-0067,CRYPTO,SELL,3865.26,11,11,PENDING,2025-01-16 17:13:32.0
SELL-1763965655403-007062,TRADER-0062,EQUITY,SELL,478.81,6,6,PENDING,2025-01-18 16:52:01.0
SELL-1763965655402-006758,TRADER-0258,CRYPTO,SELL,4180.46,10,10,PENDING,2025-01-18 13:27:38.0
SELL-1763965655402-006348,TRADER-0348,EQUITY,SELL,465.57,54,54,PENDING,2025-01-18 08:04:48.0
SELL-1763965655399-005065,TRADER-0065,CRYPTO,SELL,3248.0,4,4,PENDING,2025-01-17 16:36:27.0
SELL-1763965655401-006233,TRADER-0233,CRYPTO,SELL,3112.79,1,1,PENDING,2025-01-18 06:18:29.0
SELL-1763965655391-000741,TRADER-0241,CRYPTO,SELL,3372.7,12,12,PENDING,2025-01-15 12:49:10.0
SELL-1763965655400-005636,TRADER-0136,EQUITY,SELL,428.35,223,223,PENDING,2025-01-17 23:54:10.0
SELL-1763965655391-000844,TRADER-0344,CRYPTO,SELL,3927.07,5,5,PENDING,2025-01-15 14:03:28.0
SELL-1763965655394-001941,TRADER-0441,FOREX,SELL,8.97,449,449,PENDING,2025-01-16 03:09:23.0
SELL-1763965655398-004085,TRADER-0085,EQUITY,SELL,405.8,18,18,PENDING,2025-01-17 04:45:01.0
SELL-1763965655393-001519,TRADER-0019,CRYPTO,SELL,3812.84,13,13,PENDING,2025-01-15 22:18:40.0
SELL-1763965655397-003539,TRADER-0039,CRYPTO,SELL,4633.82,5,5,PENDING,2025-01-16 22:19:06.0
SELL-1763965655395-002979,TRADER-0479,CRYPTO,SELL,4827.38,10,10,PENDING,2025-01-16 15:28:18.0
SELL-1763965655392-001136,TRADER-0136,EQUITY,SELL,378.41,207,207,PENDING,2025-01-15 17:48:29.0
SELL-1763965655401-006023,TRADER-0023,EQUITY,SELL,431.1,206,206,PENDING,2025-01-18 03:47:50.0
SELL-1763965655401-006035,TRADER-0035,EQUITY,SELL,485.19,38,38,PENDING,2025-01-18 04:52:37.0
SELL-1763965655398-004282,TRADER-0282,FOREX,SELL,9.81,622,622,PENDING,2025-01-17 07:29:18.0
SELL-1763965655397-003744,TRADER-0244,EQUITY,SELL,435.22,122,122,PENDING,2025-01-17 01:08:03.0
SELL-1763965655402-006814,TRADER-0314,CRYPTO,SELL,4989.75,3,3,PENDING,2025-01-18 13:53:22.0
SELL-1763965655401-006266,TRADER-0266,EQUITY,SELL,378.51,138,138,PENDING,2025-01-18 07:41:14.0
SELL-1763965655398-004483,TRADER-0483,CRYPTO,SELL,2756.53,13,13,PENDING,2025-01-17 09:29:57.0
SELL-1763965655401-006200,TRADER-0200,EQUITY,SELL,476.79,25,25,PENDING,2025-01-18 05:55:49.0
SELL-1763965655397-003522,TRADER-0022,FOREX,SELL,9.01,347,347,PENDING,2025-01-16 22:08:09.0
SELL-1763965655400-005417,TRADER-0417,EQUITY,SELL,490.17,51,51,PENDING,2025-01-17 21:27:56.0
SELL-1763965655397-003702,TRADER-0202,EQUITY,SELL,461.1,200,200,PENDING,2025-01-17 00:29:16.0
SELL-1763965655399-004695,TRADER-0195,EQUITY,SELL,490.87,86,86,PENDING,2025-01-17 12:30:59.0
SELL-1763965655396-003234,TRADER-0234,CRYPTO,SELL,2683.69,13,13,PENDING,2025-01-16 19:08:02.0
SELL-1763965655402-006833,TRADER-0333,CRYPTO,SELL,4731.27,8,8,PENDING,2025-01-18 14:29:28.0
SELL-1763965655393-001718,TRADER-0218,EQUITY,SELL,388.04,225,225,PENDING,2025-01-16 00:12:23.0
SELL-1763965655403-007391,TRADER-0391,CRYPTO,SELL,4407.26,9,9,PENDING,2025-01-18 20:44:35.0
SELL-1763965655391-000827,TRADER-0327,CRYPTO,SELL,4347.84,5,5,PENDING,2025-01-15 13:54:10.0
SELL-1763965655394-001969,TRADER-0469,CRYPTO,SELL,4866.01,1,1,PENDING,2025-01-16 03:59:39.0
SELL-1763965655402-006811,TRADER-0311,CRYPTO,SELL,3485.08,11,11,PENDING,2025-01-18 14:05:53.0
SELL-1763965655392-001218,TRADER-0218,EQUITY,SELL,382.7,105,105,PENDING,2025-01-15 18:51:03.0
SELL-1763965655399-005004,TRADER-0004,CRYPTO,SELL,2843.35,16,16,PENDING,2025-01-17 16:12:50.0
SELL-1763965655403-007135,TRADER-0135,EQUITY,SELL,484.5,83,83,PENDING,2025-01-18 17:54:59.0
SELL-1763965655401-006025,TRADER-0025,EQUITY,SELL,381.05,137,137,PENDING,2025-01-18 04:07:09.0
SELL-1763965655403-007178,TRADER-0178,CRYPTO,SELL,3071.1,4,4,PENDING,2025-01-18 17:49:08.0
SELL-1763965655401-005988,TRADER-0488,CRYPTO,SELL,4599.19,3,3,PENDING,2025-01-18 03:43:45.0
SELL-1763965655403-007369,TRADER-0369,CRYPTO,SELL,3426.97,7,7,PENDING,2025-01-18 20:44:43.0
SELL-1763965655398-004309,TRADER-0309,EQUITY,SELL,449.72,8,8,PENDING,2025-01-17 07:47:04.0
SELL-1763965655398-004402,TRADER-0402,EQUITY,SELL,422.48,127,127,PENDING,2025-01-17 08:49:37.0
SELL-1763965655396-003312,TRADER-0312,FOREX,SELL,9.82,107,107,PENDING,2025-01-16 20:05:26.0
SELL-1763965655400-005696,TRADER-0196,FOREX,SELL,9.63,483,483,PENDING,2025-01-18 00:08:14.0
SELL-1763965655401-006277,TRADER-0277,FOREX,SELL,9.83,784,784,PENDING,2025-01-18 07:25:40.0
SELL-1763965655395-002868,TRADER-0368,EQUITY,SELL,487.63,105,105,PENDING,2025-01-16 14:37:39.0
SELL-1763965655394-002436,TRADER-0436,EQUITY,SELL,369.59,269,269,PENDING,2025-01-16 08:49:40.0
SELL-1763965655401-006102,TRADER-0102,EQUITY,SELL,485.41,163,163,PENDING,2025-01-18 05:39:39.0
SELL-1763965655401-006020,TRADER-0020,CRYPTO,SELL,4539.22,7,7,PENDING,2025-01-18 04:42:22.0
SELL-1763965655395-002990,TRADER-0490,CRYPTO,SELL,4098.11,12,12,PENDING,2025-01-16 16:03:02.0
SELL-1763965655395-002719,TRADER-0219,EQUITY,SELL,450.84,96,96,PENDING,2025-01-16 12:18:50.0
SELL-1763965655400-005577,TRADER-0077,CRYPTO,SELL,4576.04,8,8,PENDING,2025-01-17 23:02:51.0
SELL-1763965655395-002566,TRADER-0066,CRYPTO,SELL,4777.85,5,5,PENDING,2025-01-16 10:31:22.0
SELL-1763965655398-004287,TRADER-0287,EQUITY,SELL,398.36,58,58,PENDING,2025-01-17 07:12:32.0
SELL-1763965655403-007247,TRADER-0247,EQUITY,SELL,379.81,236,236,PENDING,2025-01-18 18:30:46.0
SELL-1763965655401-005957,TRADER-0457,CRYPTO,SELL,3426.17,10,10,PENDING,2025-01-18 03:55:49.0
SELL-1763965655391-000659,TRADER-0159,CRYPTO,SELL,2748.32,1,1,PENDING,2025-01-15 12:11:38.0
SELL-1763965655403-007496,TRADER-0496,CRYPTO,SELL,4640.15,6,6,PENDING,2025-01-18 21:42:33.0
SELL-1763965655401-005814,TRADER-0314,CRYPTO,SELL,3199.03,3,3,PENDING,2025-01-18 01:17:15.0
SELL-1763965655400-005604,TRADER-0104,CRYPTO,SELL,2732.77,10,10,PENDING,2025-01-17 23:32:49.0
SELL-1763965655394-002067,TRADER-0067,CRYPTO,SELL,3898.15,2,2,PENDING,2025-01-16 04:52:36.0
SELL-1763965655403-007229,TRADER-0229,CRYPTO,SELL,2976.95,4,4,PENDING,2025-01-18 18:49:49.0
SELL-1763965655396-003413,TRADER-0413,EQUITY,SELL,393.85,36,36,PENDING,2025-01-16 20:50:09.0
SELL-1763965655400-005353,TRADER-0353,CRYPTO,SELL,3189.55,2,2,PENDING,2025-01-17 20:13:45.0
SELL-1763965655396-002995,TRADER-0495,CRYPTO,SELL,4691.36,5,5,PENDING,2025-01-16 15:53:14.0
SELL-1763965655400-005455,TRADER-0455,CRYPTO,SELL,3078.39,5,5,PENDING,2025-01-17 21:35:39.0
SELL-1763965655401-006006,TRADER-0006,CRYPTO,SELL,3834.86,5,5,PENDING,2025-01-18 04:21:27.0
SELL-1763965655392-001240,TRADER-0240,EQUITY,SELL,372.5,212,212,PENDING,2025-01-15 19:07:10.0
SELL-1763965655393-001433,TRADER-0433,FOREX,SELL,9.12,567,567,PENDING,2025-01-15 21:35:07.0
SELL-1763965655396-003262,TRADER-0262,EQUITY,SELL,370.91,67,67,PENDING,2025-01-16 19:23:25.0
SELL-1763965655403-007368,TRADER-0368,EQUITY,SELL,440.22,192,192,PENDING,2025-01-18 20:04:47.0
SELL-1763965655393-001638,TRADER-0138,CRYPTO,SELL,3394.04,2,2,PENDING,2025-01-15 23:32:44.0
SELL-1763965655392-001290,TRADER-0290,EQUITY,SELL,426.2,136,136,PENDING,2025-01-15 19:55:42.0
SELL-1763965655403-007228,TRADER-0228,EQUITY,SELL,421.56,113,113,PENDING,2025-01-18 18:36:22.0
SELL-1763965655399-004853,TRADER-0353,EQUITY,SELL,482.89,162,162,PENDING,2025-01-17 14:24:55.0
SELL-1763965655392-001178,TRADER-0178,CRYPTO,SELL,3162.75,6,6,PENDING,2025-01-15 17:52:32.0
SELL-1763965655402-006721,TRADER-0221,EQUITY,SELL,383.52,202,202,PENDING,2025-01-18 12:45:44.0
SELL-1763965655402-006755,TRADER-0255,CRYPTO,SELL,2484.7,14,14,PENDING,2025-01-18 13:03:59.0
SELL-1763965655392-001015,TRADER-0015,CRYPTO,SELL,3554.71,6,6,PENDING,2025-01-15 16:35:03.0
SELL-1763965655398-004070,TRADER-0070,EQUITY,SELL,480.53,66,66,PENDING,2025-01-17 04:24:20.0
SELL-1763965655400-005444,TRADER-0444,CRYPTO,SELL,4890.59,9,9,PENDING,2025-01-17 20:50:30.0
SELL-1763965655392-001017,TRADER-0017,FOREX,SELL,8.71,775,775,PENDING,2025-01-15 16:28:01.0
SELL-1763965655398-004436,TRADER-0436,CRYPTO,SELL,3722.85,3,3,PENDING,2025-01-17 09:02:17.0
SELL-1763965655394-002444,TRADER-0444,EQUITY,SELL,430.69,69,69,PENDING,2025-01-16 08:56:53.0
SELL-1763965655402-006759,TRADER-0259,FOREX,SELL,9.35,568,568,PENDING,2025-01-18 12:41:41.0
SELL-1763965655393-001780,TRADER-0280,EQUITY,SELL,486.45,125,125,PENDING,2025-01-16 01:20:28.0
SELL-1763965655403-007254,TRADER-0254,EQUITY,SELL,420.5,168,168,PENDING,2025-01-18 18:37:12.0
SELL-1763965655400-005172,TRADER-0172,EQUITY,SELL,379.66,53,53,PENDING,2025-01-17 18:25:54.0
SELL-1763965655394-002354,TRADER-0354,CRYPTO,SELL,2962.11,1,1,PENDING,2025-01-16 08:19:08.0
SELL-1763965655392-000915,TRADER-0415,EQUITY,SELL,440.75,2,2,PENDING,2025-01-15 14:29:47.0
SELL-1763965655400-005520,TRADER-0020,EQUITY,SELL,498.74,140,140,PENDING,2025-01-17 22:37:47.0
SELL-1763965655399-004782,TRADER-0282,CRYPTO,SELL,4461.92,3,3,PENDING,2025-01-17 13:36:52.0
SELL-1763965655394-002064,TRADER-0064,CRYPTO,SELL,3799.11,5,5,PENDING,2025-01-16 04:40:24.0
SELL-1763965655400-005493,TRADER-0493,FOREX,SELL,9.26,518,518,PENDING,2025-01-17 22:05:03.0
SELL-1763965655399-004949,TRADER-0449,EQUITY,SELL,455.52,94,94,PENDING,2025-01-17 15:40:09.0
SELL-1763965655392-001360,TRADER-0360,CRYPTO,SELL,4752.06,1,1,PENDING,2025-01-15 19:51:07.0
SELL-1763965655392-001226,TRADER-0226,CRYPTO,SELL,3249.62,15,15,PENDING,2025-01-15 18:51:08.0
SELL-1763965655400-005686,TRADER-0186,EQUITY,SELL,476.13,176,176,PENDING,2025-01-18 00:21:47.0
SELL-1763965655392-000932,TRADER-0432,EQUITY,SELL,460.22,190,190,PENDING,2025-01-15 15:07:44.0
SELL-1763965655400-005215,TRADER-0215,CRYPTO,SELL,3736.7,4,4,PENDING,2025-01-17 18:42:54.0
SELL-1763965655398-004476,TRADER-0476,EQUITY,SELL,437.01,20,20,PENDING,2025-01-17 10:08:35.0
SELL-1763965655400-005510,TRADER-0010,CRYPTO,SELL,2466.98,12,12,PENDING,2025-01-17 22:00:01.0
SELL-1763965655403-007432,TRADER-0432,CRYPTO,SELL,3192.17,7,7,PENDING,2025-01-18 21:20:46.0
SELL-1763965655395-002742,TRADER-0242,CRYPTO,SELL,3381.64,8,8,PENDING,2025-01-16 13:17:14.0
SELL-1763965655397-003971,TRADER-0471,EQUITY,SELL,448.43,98,98,PENDING,2025-01-17 03:52:28.0
SELL-1763965655395-002978,TRADER-0478,FOREX,SELL,8.95,392,392,PENDING,2025-01-16 16:10:33.0
SELL-1763965655400-005499,TRADER-0499,CRYPTO,SELL,4401.3,2,2,PENDING,2025-01-17 22:21:24.0
SELL-1763965655391-000737,TRADER-0237,CRYPTO,SELL,4475.12,4,4,PENDING,2025-01-15 12:41:54.0
SELL-1763965655400-005693,TRADER-0193,EQUITY,SELL,417.5,108,108,PENDING,2025-01-18 00:41:39.0
SELL-1763965655397-003599,TRADER-0099,CRYPTO,SELL,3282.41,7,7,PENDING,2025-01-16 23:03:46.0
SELL-1763965655393-001617,TRADER-0117,CRYPTO,SELL,4858.19,6,6,PENDING,2025-01-15 23:49:45.0
SELL-1763965655394-002410,TRADER-0410,CRYPTO,SELL,3380.71,2,2,PENDING,2025-01-16 08:33:35.0
SELL-1763965655392-000916,TRADER-0416,CRYPTO,SELL,2717.55,11,11,PENDING,2025-01-15 14:59:23.0
SELL-1763965655399-004765,TRADER-0265,EQUITY,SELL,422.66,75,75,PENDING,2025-01-17 13:03:48.0
SELL-1763965655392-001300,TRADER-0300,CRYPTO,SELL,3107.49,7,7,PENDING,2025-01-15 19:48:38.0
SELL-1763965655396-003409,TRADER-0409,CRYPTO,SELL,2999.43,5,5,PENDING,2025-01-16 20:29:41.0
SELL-1763965655397-003711,TRADER-0211,EQUITY,SELL,412.99,87,87,PENDING,2025-01-17 00:26:38.0
SELL-1763965655395-002666,TRADER-0166,CRYPTO,SELL,2739.31,17,17,PENDING,2025-01-16 11:54:07.0
SELL-1763965655400-005474,TRADER-0474,CRYPTO,SELL,2568.65,19,19,PENDING,2025-01-17 21:57:35.0
SELL-1763965655395-002587,TRADER-0087,CRYPTO,SELL,2434.38,3,3,PENDING,2025-01-16 11:16:04.0
SELL-1763965655396-003335,TRADER-0335,CRYPTO,SELL,4744.41,3,3,PENDING,2025-01-16 20:19:38.0
SELL-1763965655393-001537,TRADER-0037,FOREX,SELL,9.54,495,495,PENDING,2025-01-15 22:11:41.0
SELL-1763965655392-000988,TRADER-0488,FOREX,SELL,8.96,425,425,PENDING,2025-01-15 15:41:50.0
SELL-1763965655392-001278,TRADER-0278,FOREX,SELL,9.85,895,895,PENDING,2025-01-15 19:25:49.0
SELL-1763965655398-004180,TRADER-0180,CRYPTO,SELL,4578.71,10,10,PENDING,2025-01-17 06:06:18.0
SELL-1763965655403-007441,TRADER-0441,CRYPTO,SELL,3417.02,2,2,PENDING,2025-01-18 21:43:15.0
SELL-1763965655392-001334,TRADER-0334,CRYPTO,SELL,4327.45,5,5,PENDING,2025-01-15 19:31:01.0
SELL-1763965655399-004836,TRADER-0336,EQUITY,SELL,435.46,213,213,PENDING,2025-01-17 13:47:32.0
SELL-1763965655393-001734,TRADER-0234,CRYPTO,SELL,3343.75,3,3,PENDING,2025-01-16 01:00:59.0
SELL-1763965655391-000611,TRADER-0111,EQUITY,SELL,380.17,235,235,PENDING,2025-01-15 11:41:28.0
SELL-1763965655400-005431,TRADER-0431,EQUITY,SELL,420.96,176,176,PENDING,2025-01-17 21:20:34.0
SELL-1763965655400-005195,TRADER-0195,CRYPTO,SELL,2617.02,12,12,PENDING,2025-01-17 18:39:38.0
SELL-1763965655396-003448,TRADER-0448,CRYPTO,SELL,4054.92,2,2,PENDING,2025-01-16 21:44:16.0
SELL-1763965655397-003580,TRADER-0080,CRYPTO,SELL,2326.77,2,2,PENDING,2025-01-16 22:45:12.0
SELL-1763965655392-001195,TRADER-0195,CRYPTO,SELL,4287.1,11,11,PENDING,2025-01-15 18:31:51.0
SELL-1763965655399-004832,TRADER-0332,EQUITY,SELL,448.32,204,204,PENDING,2025-01-17 14:25:10.0
SELL-1763965655400-005694,TRADER-0194,EQUITY,SELL,364.3,125,125,PENDING,2025-01-18 00:31:44.0
SELL-1763965655394-002260,TRADER-0260,CRYPTO,SELL,2851.54,17,17,PENDING,2025-01-16 06:53:31.0
SELL-1763965655403-007393,TRADER-0393,EQUITY,SELL,422.22,108,108,PENDING,2025-01-18 20:19:19.0
SELL-1763965655403-007213,TRADER-0213,EQUITY,SELL,498.5,179,179,PENDING,2025-01-18 18:45:19.0
SELL-1763965655400-005450,TRADER-0450,CRYPTO,SELL,2684.96,16,16,PENDING,2025-01-17 21:52:18.0
SELL-1763965655400-005637,TRADER-0137,FOREX,SELL,8.52,965,965,PENDING,2025-01-17 23:12:41.0
SELL-1763965655403-007065,TRADER-0065,EQUITY,SELL,431.86,39,39,PENDING,2025-01-18 16:27:04.0
SELL-1763965655391-000775,TRADER-0275,CRYPTO,SELL,2224.45,9,9,PENDING,2025-01-15 12:54:08.0
SELL-1763965655402-006531,TRADER-0031,EQUITY,SELL,450.34,96,96,PENDING,2025-01-18 10:03:32.0
SELL-1763965655395-002791,TRADER-0291,EQUITY,SELL,487.34,186,186,PENDING,2025-01-16 13:36:37.0
SELL-1763965655399-004532,TRADER-0032,FOREX,SELL,9.51,572,572,PENDING,2025-01-17 10:40:18.0
SELL-1763965655394-002442,TRADER-0442,CRYPTO,SELL,2861.39,16,16,PENDING,2025-01-16 08:53:02.0
SELL-1763965655399-004793,TRADER-0293,CRYPTO,SELL,3399.1,1,1,PENDING,2025-01-17 13:21:38.0
SELL-1763965655400-005397,TRADER-0397,EQUITY,SELL,348.65,180,180,PENDING,2025-01-17 20:49:31.0
SELL-1763965655395-002834,TRADER-0334,CRYPTO,SELL,4105.6,2,2,PENDING,2025-01-16 13:48:04.0
SELL-1763965655391-000634,TRADER-0134,EQUITY,SELL,405.51,149,149,PENDING,2025-01-15 11:46:08.0
SELL-1763965655393-001742,TRADER-0242,CRYPTO,SELL,3591.64,6,6,PENDING,2025-01-16 00:37:51.0
SELL-1763965655402-006382,TRADER-0382,CRYPTO,SELL,2738.22,5,5,PENDING,2025-01-18 08:36:31.0
SELL-1763965655397-003904,TRADER-0404,EQUITY,SELL,367.66,60,60,PENDING,2025-01-17 02:44:48.0
SELL-1763965655399-004777,TRADER-0277,CRYPTO,SELL,3011.71,16,16,PENDING,2025-01-17 13:13:33.0
SELL-1763965655392-001241,TRADER-0241,CRYPTO,SELL,4859.04,8,8,PENDING,2025-01-15 19:11:16.0
SELL-1763965655398-004429,TRADER-0429,CRYPTO,SELL,3027.56,10,10,PENDING,2025-01-17 08:41:50.0
SELL-1763965655397-003663,TRADER-0163,CRYPTO,SELL,3401.85,7,7,PENDING,2025-01-17 00:22:55.0
SELL-1763965655400-005690,TRADER-0190,CRYPTO,SELL,3702.07,11,11,PENDING,2025-01-17 23:49:11.0
SELL-1763965655393-001500,TRADER-0000,EQUITY,SELL,407.18,32,32,PENDING,2025-01-15 21:47:36.0
SELL-1763965655397-003722,TRADER-0222,CRYPTO,SELL,4604.0,6,6,PENDING,2025-01-17 00:32:27.0
SELL-1763965655394-002281,TRADER-0281,CRYPTO,SELL,4249.27,1,1,PENDING,2025-01-16 06:54:01.0
SELL-1763965655391-000511,TRADER-0011,CRYPTO,SELL,3828.37,6,6,PENDING,2025-01-15 10:37:49.0
SELL-1763965655398-004401,TRADER-0401,CRYPTO,SELL,3745.81,2,2,PENDING,2025-01-17 08:18:54.0
SELL-1763965655394-001975,TRADER-0475,FOREX,SELL,9.77,861,861,PENDING,2025-01-16 04:07:12.0
SELL-1763965655398-004465,TRADER-0465,CRYPTO,SELL,2787.48,3,3,PENDING,2025-01-17 09:18:33.0
SELL-1763965655393-001623,TRADER-0123,EQUITY,SELL,366.92,249,249,PENDING,2025-01-15 23:22:27.0
SELL-1763965655392-001406,TRADER-0406,EQUITY,SELL,399.37,232,232,PENDING,2025-01-15 20:33:16.0
SELL-1763965655398-004297,TRADER-0297,FOREX,SELL,8.91,681,681,PENDING,2025-01-17 07:15:02.0
SELL-1763965655395-002680,TRADER-0180,CRYPTO,SELL,3009.45,15,15,PENDING,2025-01-16 12:10:37.0
SELL-1763965655396-003410,TRADER-0410,CRYPTO,SELL,3061.31,14,14,PENDING,2025-01-16 20:26:42.0
SELL-1763965655393-001675,TRADER-0175,EQUITY,SELL,381.74,188,188,PENDING,2025-01-15 23:38:17.0
SELL-1763965655400-005262,TRADER-0262,EQUITY,SELL,447.11,53,53,PENDING,2025-01-17 18:52:37.0
SELL-1763965655402-006633,TRADER-0133,EQUITY,SELL,452.56,82,82,PENDING,2025-01-18 11:12:53.0
SELL-1763965655392-001273,TRADER-0273,CRYPTO,SELL,3603.85,7,7,PENDING,2025-01-15 18:46:37.0
SELL-1763965655402-006573,TRADER-0073,CRYPTO,SELL,3982.37,9,9,PENDING,2025-01-18 10:44:27.0
SELL-1763965655403-007427,TRADER-0427,CRYPTO,SELL,4733.35,3,3,PENDING,2025-01-18 21:27:07.0
SELL-1763965655403-007266,TRADER-0266,EQUITY,SELL,416.92,196,196,PENDING,2025-01-18 19:41:31.0
SELL-1763965655396-003193,TRADER-0193,CRYPTO,SELL,3893.8,7,7,PENDING,2025-01-16 17:59:13.0
SELL-1763965655391-000514,TRADER-0014,EQUITY,SELL,392.36,235,235,PENDING,2025-01-15 10:10:49.0
SELL-1763965655393-001427,TRADER-0427,CRYPTO,SELL,4990.17,6,6,PENDING,2025-01-15 20:58:38.0
SELL-1763965655398-004508,TRADER-0008,FOREX,SELL,9.77,278,278,PENDING,2025-01-17 10:14:12.0
SELL-1763965655395-002582,TRADER-0082,EQUITY,SELL,340.36,183,183,PENDING,2025-01-16 11:25:01.0
SELL-1763965655394-001980,TRADER-0480,CRYPTO,SELL,3745.42,7,7,PENDING,2025-01-16 03:38:11.0
SELL-1763965655392-001375,TRADER-0375,CRYPTO,SELL,2136.0,5,5,PENDING,2025-01-15 20:40:58.0
SELL-1763965655401-006029,TRADER-0029,EQUITY,SELL,354.31,6,6,PENDING,2025-01-18 04:44:16.0
SELL-1763965655395-002601,TRADER-0101,EQUITY,SELL,343.99,60,60,PENDING,2025-01-16 11:39:09.0
SELL-1763965655398-004501,TRADER-0001,CRYPTO,SELL,4742.76,1,1,PENDING,2025-01-17 10:09:55.0
SELL-1763965655399-005079,TRADER-0079,CRYPTO,SELL,4023.51,8,8,PENDING,2025-01-17 16:53:10.0
SELL-1763965655393-001690,TRADER-0190,FOREX,SELL,9.64,358,358,PENDING,2025-01-16 00:02:36.0
SELL-1763965655396-003235,TRADER-0235,EQUITY,SELL,463.5,184,184,PENDING,2025-01-16 19:06:43.0
SELL-1763965655393-001765,TRADER-0265,CRYPTO,SELL,2700.17,17,17,PENDING,2025-01-16 00:47:51.0
SELL-1763965655396-003353,TRADER-0353,EQUITY,SELL,470.03,5,5,PENDING,2025-01-16 19:58:53.0
SELL-1763965655400-005680,TRADER-0180,FOREX,SELL,9.59,979,979,PENDING,2025-01-17 23:46:50.0
SELL-1763965655401-006326,TRADER-0326,EQUITY,SELL,448.83,44,44,PENDING,2025-01-18 07:58:05.0
SELL-1763965655402-006769,TRADER-0269,CRYPTO,SELL,3109.23,2,2,PENDING,2025-01-18 13:39:23.0
SELL-1763965655395-002819,TRADER-0319,FOREX,SELL,9.69,259,259,PENDING,2025-01-16 13:24:34.0
SELL-1763965655398-004108,TRADER-0108,EQUITY,SELL,461.74,161,161,PENDING,2025-01-17 05:40:31.0
SELL-1763965655392-001097,TRADER-0097,EQUITY,SELL,394.44,172,172,PENDING,2025-01-15 17:15:50.0
SELL-1763965655400-005124,TRADER-0124,CRYPTO,SELL,4796.98,7,7,PENDING,2025-01-17 17:23:46.0
SELL-1763965655391-000592,TRADER-0092,EQUITY,SELL,393.21,124,124,PENDING,2025-01-15 11:25:24.0
SELL-1763965655392-001177,TRADER-0177,EQUITY,SELL,457.56,41,41,PENDING,2025-01-15 17:53:37.0
SELL-1763965655392-001249,TRADER-0249,EQUITY,SELL,392.94,20,20,PENDING,2025-01-15 18:48:28.0
SELL-1763965655396-003137,TRADER-0137,FOREX,SELL,9.9,258,258,PENDING,2025-01-16 17:52:59.0
SELL-1763965655403-007026,TRADER-0026,EQUITY,SELL,362.03,242,242,PENDING,2025-01-18 16:15:34.0
SELL-1763965655400-005703,TRADER-0203,CRYPTO,SELL,4552.44,4,4,PENDING,2025-01-18 00:04:53.0
SELL-1763965655393-001440,TRADER-0440,EQUITY,SELL,421.29,58,58,PENDING,2025-01-15 20:53:03.0
SELL-1763965655398-004289,TRADER-0289,FOREX,SELL,9.34,365,365,PENDING,2025-01-17 07:32:49.0
SELL-1763965655395-002509,TRADER-0009,CRYPTO,SELL,2365.68,3,3,PENDING,2025-01-16 09:41:52.0
SELL-1763965655391-000705,TRADER-0205,CRYPTO,SELL,4766.61,7,7,PENDING,2025-01-15 12:07:02.0
SELL-1763965655403-007403,TRADER-0403,EQUITY,SELL,424.2,160,160,PENDING,2025-01-18 21:12:43.0
SELL-1763965655401-006295,TRADER-0295,EQUITY,SELL,463.41,101,101,PENDING,2025-01-18 07:49:14.0
SELL-1763965655402-006536,TRADER-0036,EQUITY,SELL,481.7,98,98,PENDING,2025-01-18 09:58:21.0
SELL-1763965655400-005603,TRADER-0103,CRYPTO,SELL,3257.42,13,13,PENDING,2025-01-17 23:20:07.0
SELL-1763965655399-005084,TRADER-0084,FOREX,SELL,9.14,616,616,PENDING,2025-01-17 16:35:22.0
SELL-1763965655401-005716,TRADER-0216,CRYPTO,SELL,3033.63,14,14,PENDING,2025-01-18 00:10:54.0
SELL-1763965655395-002546,TRADER-0046,EQUITY,SELL,494.62,167,167,PENDING,2025-01-16 10:47:44.0
SELL-1763965655398-004113,TRADER-0113,FOREX,SELL,9.94,513,513,PENDING,2025-01-17 05:38:53.0
SELL-1763965655401-005790,TRADER-0290,EQUITY,SELL,472.18,86,86,PENDING,2025-01-18 01:09:37.0
SELL-1763965655395-002896,TRADER-0396,CRYPTO,SELL,2257.78,4,4,PENDING,2025-01-16 14:17:30.0
SELL-1763965655400-005496,TRADER-0496,CRYPTO,SELL,3929.93,12,12,PENDING,2025-01-17 21:44:13.0
SELL-1763965655399-004850,TRADER-0350,CRYPTO,SELL,2859.59,5,5,PENDING,2025-01-17 14:35:45.0
SELL-1763965655398-004230,TRADER-0230,CRYPTO,SELL,3023.52,3,3,PENDING,2025-01-17 07:00:20.0
SELL-1763965655393-001790,TRADER-0290,CRYPTO,SELL,4394.33,10,10,PENDING,2025-01-16 01:39:58.0
SELL-1763965655395-002606,TRADER-0106,CRYPTO,SELL,4462.51,6,6,PENDING,2025-01-16 11:02:22.0
SELL-1763965655402-006659,TRADER-0159,CRYPTO,SELL,4792.12,1,1,PENDING,2025-01-18 12:22:23.0
SELL-1763965655397-003758,TRADER-0258,CRYPTO,SELL,3608.68,4,4,PENDING,2025-01-17 00:49:31.0
SELL-1763965655397-003713,TRADER-0213,CRYPTO,SELL,3684.68,8,8,PENDING,2025-01-17 00:47:30.0
SELL-1763965655394-002078,TRADER-0078,FOREX,SELL,9.09,789,789,PENDING,2025-01-16 04:27:11.0
SELL-1763965655394-002045,TRADER-0045,CRYPTO,SELL,4579.69,9,9,PENDING,2025-01-16 04:35:53.0
SELL-1763965655392-000966,TRADER-0466,CRYPTO,SELL,4132.36,1,1,PENDING,2025-01-15 15:20:33.0
SELL-1763965655403-007216,TRADER-0216,CRYPTO,SELL,4417.91,2,2,PENDING,2025-01-18 18:48:48.0
SELL-1763965655398-004375,TRADER-0375,EQUITY,SELL,417.33,155,155,PENDING,2025-01-17 08:10:28.0
SELL-1763965655402-006416,TRADER-0416,FOREX,SELL,8.62,425,425,PENDING,2025-01-18 08:42:14.0
SELL-1763965655399-005087,TRADER-0087,EQUITY,SELL,457.96,130,130,PENDING,2025-01-17 16:44:09.0
SELL-1763965655395-002721,TRADER-0221,CRYPTO,SELL,2181.87,1,1,PENDING,2025-01-16 12:39:47.0
SELL-1763965655391-000691,TRADER-0191,CRYPTO,SELL,3142.21,6,6,PENDING,2025-01-15 12:45:06.0
SELL-1763965655391-000668,TRADER-0168,CRYPTO,SELL,2720.55,13,13,PENDING,2025-01-15 11:32:16.0
SELL-1763965655399-004561,TRADER-0061,FOREX,SELL,9.52,962,962,PENDING,2025-01-17 10:24:52.0
SELL-1763965655391-000761,TRADER-0261,EQUITY,SELL,338.65,51,51,PENDING,2025-01-15 13:37:08.0
SELL-1763965655395-002521,TRADER-0021,EQUITY,SELL,394.24,104,104,PENDING,2025-01-16 10:42:15.0
SELL-1763965655402-006931,TRADER-0431,EQUITY,SELL,346.15,161,161,PENDING,2025-01-18 15:06:48.0
SELL-1763965655393-001505,TRADER-0005,EQUITY,SELL,345.22,238,238,PENDING,2025-01-15 22:08:05.0
SELL-1763965655400-005179,TRADER-0179,CRYPTO,SELL,3611.69,1,1,PENDING,2025-01-17 18:04:14.0
SELL-1763965655393-001791,TRADER-0291,EQUITY,SELL,359.43,133,133,PENDING,2025-01-16 01:48:32.0
SELL-1763965655399-004574,TRADER-0074,EQUITY,SELL,328.59,34,34,PENDING,2025-01-17 10:36:40.0
SELL-1763965655393-001436,TRADER-0436,CRYPTO,SELL,4619.34,3,3,PENDING,2025-01-15 21:01:21.0
SELL-1763965655400-005422,TRADER-0422,CRYPTO,SELL,2798.8,6,6,PENDING,2025-01-17 21:19:47.0
SELL-1763965655399-004808,TRADER-0308,CRYPTO,SELL,2961.22,4,4,PENDING,2025-01-17 14:07:39.0
SELL-1763965655400-005464,TRADER-0464,EQUITY,SELL,382.44,34,34,PENDING,2025-01-17 21:25:06.0
SELL-1763965655398-004115,TRADER-0115,FOREX,SELL,8.48,662,662,PENDING,2025-01-17 05:40:44.0
SELL-1763965655391-000574,TRADER-0074,FOREX,SELL,9.73,934,934,PENDING,2025-01-15 10:50:44.0
SELL-1763965655401-006115,TRADER-0115,CRYPTO,SELL,3692.88,9,9,PENDING,2025-01-18 05:20:11.0
SELL-1763965655394-002109,TRADER-0109,CRYPTO,SELL,1890.24,10,10,PENDING,2025-01-16 05:08:29.0
SELL-1763965655393-001708,TRADER-0208,EQUITY,SELL,353.21,90,90,PENDING,2025-01-16 00:44:56.0
SELL-1763965655397-003675,TRADER-0175,EQUITY,SELL,474.87,111,111,PENDING,2025-01-16 23:57:53.0
SELL-1763965655392-001367,TRADER-0367,CRYPTO,SELL,3801.76,4,4,PENDING,2025-01-15 20:44:11.0
SELL-1763965655391-000701,TRADER-0201,EQUITY,SELL,493.79,43,43,PENDING,2025-01-15 12:10:02.0
SELL-1763965655402-006479,TRADER-0479,EQUITY,SELL,498.94,32,32,PENDING,2025-01-18 10:09:42.0
SELL-1763965655395-002931,TRADER-0431,CRYPTO,SELL,3390.68,7,7,PENDING,2025-01-16 14:49:59.0
SELL-1763965655398-004232,TRADER-0232,CRYPTO,SELL,3546.23,11,11,PENDING,2025-01-17 06:55:29.0
SELL-1763965655392-001398,TRADER-0398,EQUITY,SELL,472.26,197,197,PENDING,2025-01-15 20:27:11.0
SELL-1763965655394-002023,TRADER-0023,EQUITY,SELL,476.3,111,111,PENDING,2025-01-16 03:59:40.0
SELL-1763965655399-004562,TRADER-0062,EQUITY,SELL,445.98,150,150,PENDING,2025-01-17 10:19:58.0
SELL-1763965655394-002269,TRADER-0269,CRYPTO,SELL,2053.72,9,9,PENDING,2025-01-16 06:55:34.0
SELL-1763965655395-002787,TRADER-0287,CRYPTO,SELL,1878.67,20,20,PENDING,2025-01-16 13:15:58.0
SELL-1763965655400-005593,TRADER-0093,FOREX,SELL,9.77,386,386,PENDING,2025-01-17 23:04:56.0
SELL-1763965655393-001934,TRADER-0434,CRYPTO,SELL,2962.37,3,3,PENDING,2025-01-16 03:09:52.0
SELL-1763965655401-006299,TRADER-0299,EQUITY,SELL,356.66,205,205,PENDING,2025-01-18 08:00:26.0
SELL-1763965655392-001392,TRADER-0392,CRYPTO,SELL,2367.13,19,19,PENDING,2025-01-15 20:21:54.0
SELL-1763965655396-003431,TRADER-0431,CRYPTO,SELL,4386.13,6,6,PENDING,2025-01-16 21:15:11.0
SELL-1763965655396-003228,TRADER-0228,EQUITY,SELL,398.06,89,89,PENDING,2025-01-16 18:47:32.0
SELL-1763965655394-002380,TRADER-0380,FOREX,SELL,9.79,803,803,PENDING,2025-01-16 08:28:27.0
SELL-1763965655401-006226,TRADER-0226,EQUITY,SELL,420.21,41,41,PENDING,2025-01-18 06:58:04.0
SELL-1763965655399-004553,TRADER-0053,EQUITY,SELL,445.57,168,168,PENDING,2025-01-17 10:59:15.0
SELL-1763965655396-003018,TRADER-0018,CRYPTO,SELL,3514.79,8,8,PENDING,2025-01-16 15:43:37.0
SELL-1763965655395-002986,TRADER-0486,EQUITY,SELL,341.68,229,229,PENDING,2025-01-16 15:43:29.0
SELL-1763965655391-000795,TRADER-0295,FOREX,SELL,9.7,16,16,PENDING,2025-01-15 13:43:46.0
SELL-1763965655394-002060,TRADER-0060,EQUITY,SELL,463.56,47,47,PENDING,2025-01-16 04:25:34.0
SELL-1763965655399-004707,TRADER-0207,EQUITY,SELL,396.33,250,250,PENDING,2025-01-17 12:47:47.0
SELL-1763965655403-007150,TRADER-0150,EQUITY,SELL,335.49,95,95,PENDING,2025-01-18 17:35:38.0
SELL-1763965655400-005639,TRADER-0139,EQUITY,SELL,447.75,21,21,PENDING,2025-01-17 23:11:05.0
SELL-1763965655401-005971,TRADER-0471,CRYPTO,SELL,4440.84,2,2,PENDING,2025-01-18 03:50:06.0
SELL-1763965655403-006969,TRADER-0469,EQUITY,SELL,332.33,227,227,PENDING,2025-01-18 15:33:12.0
SELL-1763965655397-003897,TRADER-0397,EQUITY,SELL,450.42,19,19,PENDING,2025-01-17 03:13:39.0
SELL-1763965655393-001856,TRADER-0356,CRYPTO,SELL,3561.49,12,12,PENDING,2025-01-16 02:31:54.0
SELL-1763965655395-002903,TRADER-0403,EQUITY,SELL,495.97,24,24,PENDING,2025-01-16 14:33:50.0
SELL-1763965655402-006760,TRADER-0260,CRYPTO,SELL,4964.82,8,8,PENDING,2025-01-18 13:11:31.0
SELL-1763965655394-002080,TRADER-0080,EQUITY,SELL,454.01,115,115,PENDING,2025-01-16 05:04:20.0
SELL-1763965655399-004944,TRADER-0444,FOREX,SELL,9.5,749,749,PENDING,2025-01-17 15:17:19.0
SELL-1763965655398-004394,TRADER-0394,CRYPTO,SELL,3574.39,12,12,PENDING,2025-01-17 08:13:57.0
SELL-1763965655396-003366,TRADER-0366,EQUITY,SELL,499.3,55,55,PENDING,2025-01-16 19:56:52.0
SELL-1763965655395-002794,TRADER-0294,CRYPTO,SELL,1928.18,9,9,PENDING,2025-01-16 13:10:08.0
SELL-1763965655398-004028,TRADER-0028,CRYPTO,SELL,3304.28,14,14,PENDING,2025-01-17 04:22:03.0
SELL-1763965655398-004472,TRADER-0472,FOREX,SELL,9.99,281,281,PENDING,2025-01-17 09:56:53.0
SELL-1763965655400-005635,TRADER-0135,EQUITY,SELL,402.62,219,219,PENDING,2025-01-17 23:15:00.0
SELL-1763965655393-001935,TRADER-0435,CRYPTO,SELL,4239.62,1,1,PENDING,2025-01-16 03:21:32.0
SELL-1763965655394-002008,TRADER-0008,EQUITY,SELL,341.0,254,254,PENDING,2025-01-16 04:28:49.0
SELL-1763965655400-005288,TRADER-0288,CRYPTO,SELL,4849.94,7,7,PENDING,2025-01-17 19:29:36.0
SELL-1763965655395-002475,TRADER-0475,EQUITY,SELL,390.7,180,180,PENDING,2025-01-16 09:29:23.0
SELL-1763965655400-005346,TRADER-0346,EQUITY,SELL,350.79,77,77,PENDING,2025-01-17 20:11:52.0
SELL-1763965655394-002394,TRADER-0394,FOREX,SELL,8.94,947,947,PENDING,2025-01-16 08:49:45.0
SELL-1763965655402-006498,TRADER-0498,CRYPTO,SELL,4997.47,6,6,PENDING,2025-01-18 10:00:14.0
SELL-1763965655398-004477,TRADER-0477,CRYPTO,SELL,4353.4,3,3,PENDING,2025-01-17 09:56:03.0
SELL-1763965655395-002627,TRADER-0127,CRYPTO,SELL,3381.94,7,7,PENDING,2025-01-16 11:40:28.0
SELL-1763965655394-002282,TRADER-0282,EQUITY,SELL,452.02,217,217,PENDING,2025-01-16 07:50:16.0
SELL-1763965655392-001182,TRADER-0182,CRYPTO,SELL,2601.11,7,7,PENDING,2025-01-15 17:57:45.0
SELL-1763965655397-003680,TRADER-0180,CRYPTO,SELL,4427.45,5,5,PENDING,2025-01-17 00:01:18.0
SELL-1763965655395-002493,TRADER-0493,CRYPTO,SELL,4295.36,9,9,PENDING,2025-01-16 09:32:41.0
SELL-1763965655397-003979,TRADER-0479,EQUITY,SELL,455.83,171,171,PENDING,2025-01-17 03:44:16.0
SELL-1763965655396-003153,TRADER-0153,EQUITY,SELL,415.54,141,141,PENDING,2025-01-16 17:45:59.0
SELL-1763965655392-001393,TRADER-0393,FOREX,SELL,9.73,844,844,PENDING,2025-01-15 20:33:11.0
SELL-1763965655393-001917,TRADER-0417,CRYPTO,SELL,2640.46,6,6,PENDING,2025-01-16 03:21:29.0
SELL-1763965655400-005434,TRADER-0434,FOREX,SELL,9.55,156,156,PENDING,2025-01-17 21:10:08.0
SELL-1763965655393-001704,TRADER-0204,CRYPTO,SELL,3194.86,10,10,PENDING,2025-01-16 00:26:41.0
SELL-1763965655399-004791,TRADER-0291,CRYPTO,SELL,2434.39,15,15,PENDING,2025-01-17 13:21:53.0
SELL-1763965655392-001045,TRADER-0045,FOREX,SELL,8.84,199,199,PENDING,2025-01-15 16:30:20.0
SELL-1763965655403-007029,TRADER-0029,CRYPTO,SELL,4102.2,4,4,PENDING,2025-01-18 15:55:47.0
SELL-1763965655395-002622,TRADER-0122,EQUITY,SELL,316.86,182,182,PENDING,2025-01-16 10:59:00.0
SELL-1763965655398-004503,TRADER-0003,EQUITY,SELL,471.1,157,157,PENDING,2025-01-17 09:55:50.0
SELL-1763965655403-007016,TRADER-0016,CRYPTO,SELL,2457.76,1,1,PENDING,2025-01-18 16:20:48.0
SELL-1763965655395-002600,TRADER-0100,EQUITY,SELL,449.81,28,28,PENDING,2025-01-16 10:46:24.0
SELL-1763965655393-001710,TRADER-0210,EQUITY,SELL,475.34,53,53,PENDING,2025-01-16 00:57:44.0
SELL-1763965655393-001491,TRADER-0491,EQUITY,SELL,349.99,88,88,PENDING,2025-01-15 22:20:36.0
SELL-1763965655400-005273,TRADER-0273,FOREX,SELL,8.4,749,749,PENDING,2025-01-17 19:29:54.0
SELL-1763965655395-002670,TRADER-0170,CRYPTO,SELL,2863.01,2,2,PENDING,2025-01-16 12:31:14.0
SELL-1763965655396-003225,TRADER-0225,CRYPTO,SELL,4340.05,5,5,PENDING,2025-01-16 19:10:43.0
SELL-1763965655392-001013,TRADER-0013,CRYPTO,SELL,4712.52,5,5,PENDING,2025-01-15 16:06:04.0
SELL-1763965655394-002262,TRADER-0262,CRYPTO,SELL,4838.97,2,2,PENDING,2025-01-16 07:26:02.0
SELL-1763965655393-001838,TRADER-0338,FOREX,SELL,8.74,677,677,PENDING,2025-01-16 01:51:02.0
SELL-1763965655399-005068,TRADER-0068,FOREX,SELL,8.42,177,177,PENDING,2025-01-17 16:29:41.0
SELL-1763965655396-003047,TRADER-0047,EQUITY,SELL,377.17,103,103,PENDING,2025-01-16 16:31:17.0
SELL-1763965655394-002434,TRADER-0434,CRYPTO,SELL,2710.18,12,12,PENDING,2025-01-16 08:56:32.0
SELL-1763965655394-002085,TRADER-0085,EQUITY,SELL,488.33,114,114,PENDING,2025-01-16 05:20:06.0
SELL-1763965655392-000902,TRADER-0402,EQUITY,SELL,447.74,152,152,PENDING,2025-01-15 14:21:08.0
SELL-1763965655397-003731,TRADER-0231,CRYPTO,SELL,2852.32,8,8,PENDING,2025-01-17 00:23:22.0
SELL-1763965655395-002618,TRADER-0118,CRYPTO,SELL,4454.18,8,8,PENDING,2025-01-16 11:09:16.0
SELL-1763965655401-005768,TRADER-0268,EQUITY,SELL,403.18,8,8,PENDING,2025-01-18 00:52:29.0
SELL-1763965655392-000962,TRADER-0462,CRYPTO,SELL,3460.7,7,7,PENDING,2025-01-15 15:03:58.0
SELL-1763965655393-001913,TRADER-0413,CRYPTO,SELL,3493.14,7,7,PENDING,2025-01-16 03:17:22.0
SELL-1763965655396-003465,TRADER-0465,FOREX,SELL,9.27,500,500,PENDING,2025-01-16 21:33:12.0
SELL-1763965655400-005280,TRADER-0280,CRYPTO,SELL,4783.83,4,4,PENDING,2025-01-17 18:53:13.0
SELL-1763965655397-003887,TRADER-0387,CRYPTO,SELL,4881.82,1,1,PENDING,2025-01-17 02:27:35.0
SELL-1763965655399-004934,TRADER-0434,EQUITY,SELL,483.37,118,118,PENDING,2025-01-17 14:48:02.0
SELL-1763965655400-005456,TRADER-0456,CRYPTO,SELL,4902.15,7,7,PENDING,2025-01-17 21:48:54.0
SELL-1763965655400-005460,TRADER-0460,EQUITY,SELL,382.0,221,221,PENDING,2025-01-17 21:37:27.0
SELL-1763965655396-003205,TRADER-0205,EQUITY,SELL,382.3,153,153,PENDING,2025-01-16 18:13:03.0
SELL-1763965655392-001347,TRADER-0347,CRYPTO,SELL,2176.38,13,13,PENDING,2025-01-15 20:02:29.0
SELL-1763965655396-003075,TRADER-0075,FOREX,SELL,8.5,995,995,PENDING,2025-01-16 16:39:34.0
SELL-1763965655398-004021,TRADER-0021,EQUITY,SELL,440.15,47,47,PENDING,2025-01-17 04:43:23.0
SELL-1763965655395-002869,TRADER-0369,CRYPTO,SELL,2412.84,14,14,PENDING,2025-01-16 14:20:27.0
SELL-1763965655391-000822,TRADER-0322,CRYPTO,SELL,2590.43,9,9,PENDING,2025-01-15 13:48:37.0
SELL-1763965655397-003570,TRADER-0070,FOREX,SELL,9.34,941,941,PENDING,2025-01-16 22:33:55.0
SELL-1763965655393-001548,TRADER-0048,CRYPTO,SELL,4289.04,6,6,PENDING,2025-01-15 22:05:12.0
SELL-1763965655403-007450,TRADER-0450,FOREX,SELL,8.86,960,960,PENDING,2025-01-18 21:33:37.0
SELL-1763965655392-001304,TRADER-0304,CRYPTO,SELL,3046.92,11,11,PENDING,2025-01-15 19:10:35.0
SELL-1763965655395-002843,TRADER-0343,FOREX,SELL,8.86,234,234,PENDING,2025-01-16 14:11:40.0
SELL-1763965655392-001348,TRADER-0348,CRYPTO,SELL,2391.62,18,18,PENDING,2025-01-15 19:48:48.0
SELL-1763965655395-002483,TRADER-0483,FOREX,SELL,8.84,497,497,PENDING,2025-01-16 09:41:51.0
SELL-1763965655395-002877,TRADER-0377,EQUITY,SELL,306.33,83,83,PENDING,2025-01-16 14:03:46.0
SELL-1763965655402-006809,TRADER-0309,CRYPTO,SELL,2560.31,17,17,PENDING,2025-01-18 13:30:36.0
SELL-1763965655396-003087,TRADER-0087,CRYPTO,SELL,3880.1,10,10,PENDING,2025-01-16 16:34:24.0
SELL-1763965655403-007383,TRADER-0383,CRYPTO,SELL,4629.82,2,2,PENDING,2025-01-18 20:51:46.0
SELL-1763965655391-000624,TRADER-0124,CRYPTO,SELL,3064.53,9,9,PENDING,2025-01-15 11:27:47.0
SELL-1763965655396-003141,TRADER-0141,EQUITY,SELL,362.92,33,33,PENDING,2025-01-16 18:02:10.0
SELL-1763965655402-006883,TRADER-0383,CRYPTO,SELL,3983.33,1,1,PENDING,2025-01-18 14:50:41.0
SELL-1763965655394-002107,TRADER-0107,EQUITY,SELL,418.45,216,216,PENDING,2025-01-16 04:58:06.0
SELL-1763965655391-000550,TRADER-0050,FOREX,SELL,9.54,711,711,PENDING,2025-01-15 10:19:25.0
SELL-1763965655391-000781,TRADER-0281,FOREX,SELL,9.27,426,426,PENDING,2025-01-15 13:26:35.0
SELL-1763965655402-006761,TRADER-0261,CRYPTO,SELL,2139.49,3,3,PENDING,2025-01-18 13:24:41.0
SELL-1763965655399-004990,TRADER-0490,EQUITY,SELL,433.55,195,195,PENDING,2025-01-17 15:34:49.0
SELL-1763965655401-006285,TRADER-0285,CRYPTO,SELL,4938.05,7,7,PENDING,2025-01-18 07:34:13.0
SELL-1763965655402-006548,TRADER-0048,FOREX,SELL,8.19,600,600,PENDING,2025-01-18 10:09:52.0
SELL-1763965655401-006135,TRADER-0135,CRYPTO,SELL,2283.34,10,10,PENDING,2025-01-18 05:27:32.0
SELL-1763965655402-006793,TRADER-0293,FOREX,SELL,8.83,984,984,PENDING,2025-01-18 13:52:52.0
SELL-1763965655394-002120,TRADER-0120,EQUITY,SELL,369.68,81,81,PENDING,2025-01-16 05:45:36.0
SELL-1763965655395-002854,TRADER-0354,EQUITY,SELL,465.3,38,38,PENDING,2025-01-16 14:39:21.0
SELL-1763965655400-005148,TRADER-0148,EQUITY,SELL,375.98,265,265,PENDING,2025-01-17 17:32:59.0
SELL-1763965655393-001869,TRADER-0369,CRYPTO,SELL,1778.7,22,22,PENDING,2025-01-16 02:10:51.0
SELL-1763965655397-003957,TRADER-0457,CRYPTO,SELL,3783.47,3,3,PENDING,2025-01-17 03:30:16.0
SELL-1763965655395-002747,TRADER-0247,EQUITY,SELL,387.43,28,28,PENDING,2025-01-16 12:44:45.0
SELL-1763965655397-003714,TRADER-0214,EQUITY,SELL,309.39,153,153,PENDING,2025-01-17 00:13:49.0
SELL-1763965655394-002102,TRADER-0102,FOREX,SELL,9.19,30,30,PENDING,2025-01-16 05:25:47.0
SELL-1763965655400-005255,TRADER-0255,FOREX,SELL,9.32,261,261,PENDING,2025-01-17 19:18:36.0
SELL-1763965655399-004794,TRADER-0294,EQUITY,SELL,436.67,140,140,PENDING,2025-01-17 13:14:58.0
SELL-1763965655396-003169,TRADER-0169,EQUITY,SELL,415.08,193,193,PENDING,2025-01-16 17:47:17.0
SELL-1763965655401-005950,TRADER-0450,CRYPTO,SELL,4447.12,5,5,PENDING,2025-01-18 03:05:46.0
SELL-1763965655401-006243,TRADER-0243,CRYPTO,SELL,2725.26,9,9,PENDING,2025-01-18 06:37:41.0
SELL-1763965655392-001181,TRADER-0181,EQUITY,SELL,486.53,102,102,PENDING,2025-01-15 17:49:53.0
SELL-1763965655396-003128,TRADER-0128,CRYPTO,SELL,3222.62,2,2,PENDING,2025-01-16 17:59:34.0
SELL-1763965655391-000601,TRADER-0101,CRYPTO,SELL,2520.75,14,14,PENDING,2025-01-15 11:18:32.0
SELL-1763965655396-003255,TRADER-0255,EQUITY,SELL,463.13,183,183,PENDING,2025-01-16 19:11:56.0
SELL-1763965655391-000555,TRADER-0055,CRYPTO,SELL,4583.88,9,9,PENDING,2025-01-15 10:43:26.0
SELL-1763965655401-005826,TRADER-0326,EQUITY,SELL,437.88,94,94,PENDING,2025-01-18 02:21:34.0
SELL-1763965655397-003994,TRADER-0494,CRYPTO,SELL,2083.45,1,1,PENDING,2025-01-17 04:16:46.0
SELL-1763965655402-006438,TRADER-0438,CRYPTO,SELL,2967.46,7,7,PENDING,2025-01-18 09:11:53.0
SELL-1763965655399-004676,TRADER-0176,EQUITY,SELL,307.12,132,132,PENDING,2025-01-17 12:04:04.0
SELL-1763965655396-003367,TRADER-0367,FOREX,SELL,8.5,857,857,PENDING,2025-01-16 20:52:59.0
SELL-1763965655403-007193,TRADER-0193,CRYPTO,SELL,2019.69,17,17,PENDING,2025-01-18 18:39:45.0
SELL-1763965655398-004314,TRADER-0314,EQUITY,SELL,491.19,9,9,PENDING,2025-01-17 07:46:57.0
SELL-1763965655393-001607,TRADER-0107,CRYPTO,SELL,3685.46,12,12,PENDING,2025-01-15 22:49:15.0
SELL-1763965655400-005567,TRADER-0067,CRYPTO,SELL,3730.92,11,11,PENDING,2025-01-17 22:33:20.0
SELL-1763965655397-003695,TRADER-0195,CRYPTO,SELL,4853.85,5,5,PENDING,2025-01-17 00:07:17.0
SELL-1763965655403-007059,TRADER-0059,EQUITY,SELL,429.0,110,110,PENDING,2025-01-18 16:25:48.0
SELL-1763965655392-001062,TRADER-0062,CRYPTO,SELL,2919.51,16,16,PENDING,2025-01-15 17:04:28.0
SELL-1763965655399-004822,TRADER-0322,EQUITY,SELL,479.25,165,165,PENDING,2025-01-17 13:58:24.0
SELL-1763965655399-004981,TRADER-0481,CRYPTO,SELL,4259.21,3,3,PENDING,2025-01-17 15:49:51.0
SELL-1763965655399-004905,TRADER-0405,EQUITY,SELL,470.88,119,119,PENDING,2025-01-17 14:43:03.0
SELL-1763965655400-005619,TRADER-0119,EQUITY,SELL,312.34,122,122,PENDING,2025-01-17 23:25:00.0
SELL-1763965655395-002508,TRADER-0008,FOREX,SELL,8.41,391,391,PENDING,2025-01-16 10:05:19.0
SELL-1763965655401-006000,TRADER-0000,EQUITY,SELL,477.88,2,2,PENDING,2025-01-18 04:22:23.0
SELL-1763965655401-006329,TRADER-0329,CRYPTO,SELL,1913.42,12,12,PENDING,2025-01-18 08:13:52.0
SELL-1763965655401-006062,TRADER-0062,CRYPTO,SELL,2977.03,16,16,PENDING,2025-01-18 04:52:58.0
SELL-1763965655392-001395,TRADER-0395,EQUITY,SELL,454.31,67,67,PENDING,2025-01-15 20:49:06.0
SELL-1763965655393-001555,TRADER-0055,CRYPTO,SELL,3587.42,1,1,PENDING,2025-01-15 23:06:52.0
SELL-1763965655401-005936,TRADER-0436,EQUITY,SELL,297.94,290,290,PENDING,2025-01-18 03:15:50.0
SELL-1763965655400-005317,TRADER-0317,CRYPTO,SELL,2903.36,15,15,PENDING,2025-01-17 19:30:35.0
SELL-1763965655391-000528,TRADER-0028,EQUITY,SELL,477.78,42,42,PENDING,2025-01-15 10:08:36.0
SELL-1763965655399-004849,TRADER-0349,CRYPTO,SELL,4767.57,5,5,PENDING,2025-01-17 14:26:39.0
SELL-1763965655392-001311,TRADER-0311,CRYPTO,SELL,3450.29,4,4,PENDING,2025-01-15 19:42:13.0
SELL-1763965655396-003322,TRADER-0322,CRYPTO,SELL,2863.07,8,8,PENDING,2025-01-16 20:08:41.0
SELL-1763965655402-006435,TRADER-0435,FOREX,SELL,9.24,880,880,PENDING,2025-01-18 08:52:13.0
SELL-1763965655394-002092,TRADER-0092,CRYPTO,SELL,4785.12,10,10,PENDING,2025-01-16 04:46:26.0
SELL-1763965655399-004943,TRADER-0443,EQUITY,SELL,352.46,79,79,PENDING,2025-01-17 14:55:19.0
SELL-1763965655400-005143,TRADER-0143,CRYPTO,SELL,4411.29,3,3,PENDING,2025-01-17 17:19:31.0
SELL-1763965655393-001528,TRADER-0028,EQUITY,SELL,487.11,69,69,PENDING,2025-01-15 21:54:02.0
SELL-1763965655398-004513,TRADER-0013,CRYPTO,SELL,3041.14,4,4,PENDING,2025-01-17 10:36:19.0
SELL-1763965655402-006600,TRADER-0100,EQUITY,SELL,409.41,146,146,PENDING,2025-01-18 11:02:34.0
SELL-1763965655392-001128,TRADER-0128,FOREX,SELL,9.28,352,352,PENDING,2025-01-15 17:18:38.0
SELL-1763965655392-001327,TRADER-0327,EQUITY,SELL,370.27,198,198,PENDING,2025-01-15 19:37:45.0
SELL-1763965655396-003433,TRADER-0433,FOREX,SELL,8.94,458,458,PENDING,2025-01-16 21:40:08.0
SELL-1763965655399-005014,TRADER-0014,CRYPTO,SELL,4519.6,2,2,PENDING,2025-01-17 16:07:20.0
SELL-1763965655402-006911,TRADER-0411,CRYPTO,SELL,3610.46,8,8,PENDING,2025-01-18 15:08:37.0
SELL-1763965655396-003150,TRADER-0150,CRYPTO,SELL,2681.14,11,11,PENDING,2025-01-16 17:47:08.0
SELL-1763965655398-004136,TRADER-0136,FOREX,SELL,8.28,197,197,PENDING,2025-01-17 05:50:27.0
SELL-1763965655402-006476,TRADER-0476,EQUITY,SELL,428.2,181,181,PENDING,2025-01-18 09:34:19.0
SELL-1763965655400-005361,TRADER-0361,CRYPTO,SELL,2233.07,21,21,PENDING,2025-01-17 19:56:55.0
SELL-1763965655395-002610,TRADER-0110,CRYPTO,SELL,2505.87,12,12,PENDING,2025-01-16 10:56:10.0
SELL-1763965655403-007376,TRADER-0376,CRYPTO,SELL,3388.84,5,5,PENDING,2025-01-18 20:48:33.0
SELL-1763965655403-007405,TRADER-0405,EQUITY,SELL,445.94,199,199,PENDING,2025-01-18 20:52:20.0
SELL-1763965655400-005220,TRADER-0220,EQUITY,SELL,419.86,127,127,PENDING,2025-01-17 18:41:57.0
SELL-1763965655396-003125,TRADER-0125,EQUITY,SELL,380.0,232,232,PENDING,2025-01-16 17:07:15.0
SELL-1763965655399-004964,TRADER-0464,CRYPTO,SELL,2884.77,2,2,PENDING,2025-01-17 15:21:40.0
SELL-1763965655393-001532,TRADER-0032,CRYPTO,SELL,3964.63,5,5,PENDING,2025-01-15 22:02:14.0
SELL-1763965655399-004892,TRADER-0392,CRYPTO,SELL,1998.46,23,23,PENDING,2025-01-17 15:00:07.0
SELL-1763965655403-007067,TRADER-0067,CRYPTO,SELL,2039.47,23,23,PENDING,2025-01-18 16:50:50.0
SELL-1763965655395-002878,TRADER-0378,EQUITY,SELL,360.27,277,277,PENDING,2025-01-16 14:03:39.0
SELL-1763965655393-001494,TRADER-0494,CRYPTO,SELL,4786.67,2,2,PENDING,2025-01-15 21:33:54.0
SELL-1763965655392-001391,TRADER-0391,EQUITY,SELL,372.73,117,117,PENDING,2025-01-15 20:31:25.0
SELL-1763965655392-000899,TRADER-0399,CRYPTO,SELL,4705.86,10,10,PENDING,2025-01-15 15:04:38.0
SELL-1763965655391-000851,TRADER-0351,CRYPTO,SELL,4741.53,2,2,PENDING,2025-01-15 14:17:23.0
SELL-1763965655395-002565,TRADER-0065,CRYPTO,SELL,2455.11,6,6,PENDING,2025-01-16 10:53:26.0
SELL-1763965655401-006158,TRADER-0158,EQUITY,SELL,317.84,30,30,PENDING,2025-01-18 05:33:07.0
SELL-1763965655398-004167,TRADER-0167,EQUITY,SELL,358.61,108,108,PENDING,2025-01-17 05:37:43.0
SELL-1763965655401-005761,TRADER-0261,FOREX,SELL,9.57,968,968,PENDING,2025-01-18 00:38:48.0
SELL-1763965655395-002788,TRADER-0288,CRYPTO,SELL,2948.04,6,6,PENDING,2025-01-16 13:16:33.0
SELL-1763965655396-003363,TRADER-0363,FOREX,SELL,9.33,76,76,PENDING,2025-01-16 20:38:55.0
SELL-1763965655401-006105,TRADER-0105,CRYPTO,SELL,3369.01,8,8,PENDING,2025-01-18 05:03:03.0
SELL-1763965655402-006521,TRADER-0021,EQUITY,SELL,469.32,128,128,PENDING,2025-01-18 10:00:51.0
SELL-1763965655399-004818,TRADER-0318,EQUITY,SELL,344.68,102,102,PENDING,2025-01-17 14:17:42.0
SELL-1763965655403-007030,TRADER-0030,CRYPTO,SELL,3825.47,9,9,PENDING,2025-01-18 16:47:00.0
SELL-1763965655402-006365,TRADER-0365,EQUITY,SELL,329.09,208,208,PENDING,2025-01-18 08:03:00.0
SELL-1763965655395-002851,TRADER-0351,EQUITY,SELL,413.18,85,85,PENDING,2025-01-16 14:35:43.0
SELL-1763965655401-005828,TRADER-0328,EQUITY,SELL,303.83,124,124,PENDING,2025-01-18 02:17:34.0
SELL-1763965655394-002321,TRADER-0321,CRYPTO,SELL,3829.06,4,4,PENDING,2025-01-16 08:02:35.0
SELL-1763965655398-004351,TRADER-0351,CRYPTO,SELL,2470.24,5,5,PENDING,2025-01-17 08:24:15.0
SELL-1763965655403-007448,TRADER-0448,CRYPTO,SELL,2430.69,5,5,PENDING,2025-01-18 21:12:35.0
SELL-1763965655402-006925,TRADER-0425,EQUITY,SELL,488.85,186,186,PENDING,2025-01-18 15:04:42.0
SELL-1763965655395-002501,TRADER-0001,CRYPTO,SELL,3525.2,9,9,PENDING,2025-01-16 10:00:41.0
SELL-1763965655403-007003,TRADER-0003,EQUITY,SELL,387.77,195,195,PENDING,2025-01-18 15:47:17.0
SELL-1763965655397-003907,TRADER-0407,EQUITY,SELL,499.18,162,162,PENDING,2025-01-17 02:26:55.0
SELL-1763965655403-007460,TRADER-0460,EQUITY,SELL,483.65,26,26,PENDING,2025-01-18 21:52:10.0
SELL-1763965655391-000552,TRADER-0052,EQUITY,SELL,431.49,221,221,PENDING,2025-01-15 10:50:09.0
SELL-1763965655395-002838,TRADER-0338,CRYPTO,SELL,3992.7,11,11,PENDING,2025-01-16 13:46:02.0
SELL-1763965655402-006364,TRADER-0364,CRYPTO,SELL,4635.45,3,3,PENDING,2025-01-18 08:41:11.0
SELL-1763965655400-005582,TRADER-0082,CRYPTO,SELL,4372.24,9,9,PENDING,2025-01-17 23:06:16.0
SELL-1763965655403-007335,TRADER-0335,CRYPTO,SELL,3640.54,7,7,PENDING,2025-01-18 19:33:25.0
SELL-1763965655397-003718,TRADER-0218,EQUITY,SELL,380.33,226,226,PENDING,2025-01-17 00:39:46.0
SELL-1763965655393-001453,TRADER-0453,FOREX,SELL,9.44,685,685,PENDING,2025-01-15 21:35:01.0
SELL-1763965655393-001717,TRADER-0217,EQUITY,SELL,408.2,79,79,PENDING,2025-01-16 00:40:30.0
SELL-1763965655393-001830,TRADER-0330,EQUITY,SELL,405.59,181,181,PENDING,2025-01-16 02:18:21.0
SELL-1763965655401-006165,TRADER-0165,EQUITY,SELL,349.99,146,146,PENDING,2025-01-18 05:46:30.0
SELL-1763965655403-007456,TRADER-0456,CRYPTO,SELL,1861.15,15,15,PENDING,2025-01-18 21:34:04.0
SELL-1763965655399-004839,TRADER-0339,CRYPTO,SELL,4754.33,4,4,PENDING,2025-01-17 13:50:25.0
SELL-1763965655402-006519,TRADER-0019,EQUITY,SELL,451.2,191,191,PENDING,2025-01-18 10:36:22.0
SELL-1763965655401-005719,TRADER-0219,EQUITY,SELL,407.39,164,164,PENDING,2025-01-18 00:50:43.0
SELL-1763965655400-005606,TRADER-0106,CRYPTO,SELL,4213.29,10,10,PENDING,2025-01-17 23:16:47.0
SELL-1763965655398-004233,TRADER-0233,CRYPTO,SELL,3481.5,9,9,PENDING,2025-01-17 06:23:31.0
SELL-1763965655401-005926,TRADER-0426,FOREX,SELL,8.61,588,588,PENDING,2025-01-18 02:41:28.0
SELL-1763965655393-001691,TRADER-0191,FOREX,SELL,7.79,432,432,PENDING,2025-01-16 00:01:31.0
SELL-1763965655398-004407,TRADER-0407,CRYPTO,SELL,3521.94,10,10,PENDING,2025-01-17 09:03:11.0
SELL-1763965655399-004857,TRADER-0357,CRYPTO,SELL,2111.97,4,4,PENDING,2025-01-17 14:16:54.0
SELL-1763965655403-007455,TRADER-0455,CRYPTO,SELL,4159.74,6,6,PENDING,2025-01-18 21:09:41.0
SELL-1763965655399-004569,TRADER-0069,FOREX,SELL,9.52,98,98,PENDING,2025-01-17 10:48:03.0
SELL-1763965655402-006756,TRADER-0256,EQUITY,SELL,325.8,75,75,PENDING,2025-01-18 12:58:03.0
SELL-1763965655399-004956,TRADER-0456,CRYPTO,SELL,2824.02,15,15,PENDING,2025-01-17 15:23:38.0
SELL-1763965655391-000722,TRADER-0222,FOREX,SELL,8.14,254,254,PENDING,2025-01-15 12:39:38.0
SELL-1763965655402-006590,TRADER-0090,FOREX,SELL,7.99,684,684,PENDING,2025-01-18 10:48:46.0
SELL-1763965655395-002984,TRADER-0484,EQUITY,SELL,315.9,145,145,PENDING,2025-01-16 15:36:08.0
SELL-1763965655399-004578,TRADER-0078,FOREX,SELL,8.59,411,411,PENDING,2025-01-17 11:21:35.0
SELL-1763965655393-001625,TRADER-0125,EQUITY,SELL,375.88,247,247,PENDING,2025-01-15 23:38:13.0
SELL-1763965655395-002944,TRADER-0444,EQUITY,SELL,302.1,133,133,PENDING,2025-01-16 15:23:21.0
SELL-1763965655394-002250,TRADER-0250,CRYPTO,SELL,2977.63,11,11,PENDING,2025-01-16 07:29:14.0
SELL-1763965655395-002498,TRADER-0498,CRYPTO,SELL,4626.14,6,6,PENDING,2025-01-16 09:40:19.0
SELL-1763965655391-000697,TRADER-0197,FOREX,SELL,8.44,100,100,PENDING,2025-01-15 12:24:23.0
SELL-1763965655402-006402,TRADER-0402,EQUITY,SELL,484.21,18,18,PENDING,2025-01-18 08:33:54.0
SELL-1763965655394-002036,TRADER-0036,CRYPTO,SELL,3230.62,8,8,PENDING,2025-01-16 04:26:16.0
SELL-1763965655394-002373,TRADER-0373,CRYPTO,SELL,2618.59,12,12,PENDING,2025-01-16 08:23:50.0
SELL-1763965655395-002918,TRADER-0418,CRYPTO,SELL,4482.7,2,2,PENDING,2025-01-16 15:16:36.0
SELL-1763965655393-001873,TRADER-0373,FOREX,SELL,7.82,715,715,PENDING,2025-01-16 02:46:49.0
SELL-1763965655395-002828,TRADER-0328,EQUITY,SELL,418.87,115,115,PENDING,2025-01-16 14:08:07.0
SELL-1763965655393-001521,TRADER-0021,EQUITY,SELL,321.51,137,137,PENDING,2025-01-15 21:48:53.0
SELL-1763965655402-006403,TRADER-0403,EQUITY,SELL,297.22,23,23,PENDING,2025-01-18 08:23:09.0
SELL-1763965655398-004234,TRADER-0234,FOREX,SELL,8.93,866,866,PENDING,2025-01-17 06:46:09.0
SELL-1763965655395-002512,TRADER-0012,FOREX,SELL,7.74,173,173,PENDING,2025-01-16 10:32:25.0
SELL-1763965655400-005261,TRADER-0261,EQUITY,SELL,448.1,119,119,PENDING,2025-01-17 18:50:54.0
SELL-1763965655397-003700,TRADER-0200,FOREX,SELL,9.53,446,446,PENDING,2025-01-17 00:13:24.0
SELL-1763965655391-000405,TRADER-0405,EQUITY,SELL,300.0,60,60,PENDING,2025-01-15 08:57:09.0
SELL-1763965655393-001541,TRADER-0041,FOREX,SELL,8.93,985,985,PENDING,2025-01-15 22:43:56.0
SELL-1763965655395-002816,TRADER-0316,CRYPTO,SELL,4533.63,7,7,PENDING,2025-01-16 13:34:14.0
SELL-1763965655395-002464,TRADER-0464,CRYPTO,SELL,3467.92,4,4,PENDING,2025-01-16 09:26:25.0
SELL-1763965655400-005490,TRADER-0490,EQUITY,SELL,296.37,267,267,PENDING,2025-01-17 22:19:22.0
SELL-1763965655398-004071,TRADER-0071,EQUITY,SELL,377.15,78,78,PENDING,2025-01-17 04:27:58.0
SELL-1763965655397-003683,TRADER-0183,CRYPTO,SELL,4379.82,1,1,PENDING,2025-01-16 23:45:33.0
SELL-1763965655401-006206,TRADER-0206,CRYPTO,SELL,2069.72,7,7,PENDING,2025-01-18 06:17:02.0
SELL-1763965655398-004269,TRADER-0269,CRYPTO,SELL,4348.43,4,4,PENDING,2025-01-17 07:22:29.0
SELL-1763965655398-004068,TRADER-0068,CRYPTO,SELL,4218.99,2,2,PENDING,2025-01-17 04:54:24.0
SELL-1763965655400-005701,TRADER-0201,EQUITY,SELL,304.94,325,325,PENDING,2025-01-18 00:50:52.0
SELL-1763965655397-003667,TRADER-0167,CRYPTO,SELL,3681.53,10,10,PENDING,2025-01-17 00:12:06.0
SELL-1763965655397-003734,TRADER-0234,EQUITY,SELL,304.8,34,34,PENDING,2025-01-17 00:47:53.0
SELL-1763965655391-000510,TRADER-0010,FOREX,SELL,7.71,512,512,PENDING,2025-01-15 10:32:24.0
SELL-1763965655394-001958,TRADER-0458,CRYPTO,SELL,3042.97,15,15,PENDING,2025-01-16 03:32:02.0
SELL-1763965655400-005553,TRADER-0053,FOREX,SELL,9.14,170,170,PENDING,2025-01-17 22:26:30.0
SELL-1763965655399-004734,TRADER-0234,EQUITY,SELL,483.04,126,126,PENDING,2025-01-17 13:04:47.0
SELL-1763965655395-002914,TRADER-0414,CRYPTO,SELL,1968.29,18,18,PENDING,2025-01-16 15:05:35.0
SELL-1763965655402-006847,TRADER-0347,FOREX,SELL,9.44,349,349,PENDING,2025-01-18 14:26:35.0
SELL-1763965655395-002538,TRADER-0038,CRYPTO,SELL,4193.86,3,3,PENDING,2025-01-16 10:44:42.0
SELL-1763965655399-004538,TRADER-0038,FOREX,SELL,8.22,288,288,PENDING,2025-01-17 10:02:50.0
SELL-1763965655398-004443,TRADER-0443,EQUITY,SELL,376.86,165,165,PENDING,2025-01-17 09:24:06.0
SELL-1763965655393-001826,TRADER-0326,EQUITY,SELL,332.02,58,58,PENDING,2025-01-16 02:22:39.0
SELL-1763965655392-001382,TRADER-0382,CRYPTO,SELL,4482.96,9,9,PENDING,2025-01-15 20:50:40.0
SELL-1763965655394-002316,TRADER-0316,FOREX,SELL,9.89,685,685,PENDING,2025-01-16 08:17:15.0
SELL-1763965655393-001723,TRADER-0223,FOREX,SELL,8.63,35,35,PENDING,2025-01-16 00:20:05.0
SELL-1763965655393-001526,TRADER-0026,CRYPTO,SELL,3157.0,9,9,PENDING,2025-01-15 22:44:56.0
SELL-1763965655403-007407,TRADER-0407,EQUITY,SELL,453.16,28,28,PENDING,2025-01-18 20:49:17.0
SELL-1763965655393-001495,TRADER-0495,CRYPTO,SELL,1709.03,15,15,PENDING,2025-01-15 21:44:36.0
SELL-1763965655392-001124,TRADER-0124,EQUITY,SELL,450.85,53,53,PENDING,2025-01-15 17:56:28.0
SELL-1763965655401-005953,TRADER-0453,CRYPTO,SELL,3631.19,4,4,PENDING,2025-01-18 03:02:49.0
SELL-1763965655393-001420,TRADER-0420,EQUITY,SELL,334.82,76,76,PENDING,2025-01-15 20:56:14.0
SELL-1763965655397-003882,TRADER-0382,EQUITY,SELL,400.16,66,66,PENDING,2025-01-17 02:54:35.0
SELL-1763965655392-001129,TRADER-0129,CRYPTO,SELL,2559.75,11,11,PENDING,2025-01-15 17:55:07.0
SELL-1763965655398-004174,TRADER-0174,EQUITY,SELL,377.7,2,2,PENDING,2025-01-17 06:12:16.0
SELL-1763965655394-002231,TRADER-0231,CRYPTO,SELL,4843.21,10,10,PENDING,2025-01-16 07:02:33.0
SELL-1763965655393-001529,TRADER-0029,CRYPTO,SELL,3351.3,4,4,PENDING,2025-01-15 21:55:31.0
SELL-1763965655398-004116,TRADER-0116,CRYPTO,SELL,1712.14,20,20,PENDING,2025-01-17 05:41:30.0
SELL-1763965655397-003746,TRADER-0246,EQUITY,SELL,305.71,98,98,PENDING,2025-01-17 00:46:40.0
SELL-1763965655398-004126,TRADER-0126,FOREX,SELL,8.8,437,437,PENDING,2025-01-17 05:18:48.0
SELL-1763965655392-001261,TRADER-0261,CRYPTO,SELL,1755.73,3,3,PENDING,2025-01-15 19:35:03.0
SELL-1763965655393-001896,TRADER-0396,EQUITY,SELL,488.14,19,19,PENDING,2025-01-16 02:21:30.0
SELL-1763965655397-003701,TRADER-0201,CRYPTO,SELL,2092.51,13,13,PENDING,2025-01-17 00:33:19.0
SELL-1763965655401-005791,TRADER-0291,CRYPTO,SELL,3620.63,5,5,PENDING,2025-01-18 01:23:10.0
SELL-1763965655401-006257,TRADER-0257,EQUITY,SELL,405.17,90,90,PENDING,2025-01-18 07:14:59.0
SELL-1763965655401-005766,TRADER-0266,CRYPTO,SELL,4683.97,6,6,PENDING,2025-01-18 01:16:59.0
SELL-1763965655401-005962,TRADER-0462,FOREX,SELL,8.25,95,95,PENDING,2025-01-18 03:07:22.0
SELL-1763965655392-001093,TRADER-0093,CRYPTO,SELL,3045.38,3,3,PENDING,2025-01-15 16:39:39.0
SELL-1763965655402-006598,TRADER-0098,EQUITY,SELL,344.52,29,29,PENDING,2025-01-18 11:36:31.0
SELL-1763965655399-004912,TRADER-0412,FOREX,SELL,8.97,862,862,PENDING,2025-01-17 15:01:18.0
SELL-1763965655391-000539,TRADER-0039,CRYPTO,SELL,4708.7,6,6,PENDING,2025-01-15 10:57:14.0
SELL-1763965655399-005107,TRADER-0107,EQUITY,SELL,415.23,10,10,PENDING,2025-01-17 17:29:20.0
SELL-1763965655403-007223,TRADER-0223,CRYPTO,SELL,4300.38,11,11,PENDING,2025-01-18 18:50:08.0
SELL-1763965655394-002135,TRADER-0135,CRYPTO,SELL,4637.36,1,1,PENDING,2025-01-16 05:47:59.0
SELL-1763965655402-006860,TRADER-0360,CRYPTO,SELL,4430.88,9,9,PENDING,2025-01-18 14:17:29.0
SELL-1763965655395-002864,TRADER-0364,EQUITY,SELL,341.69,268,268,PENDING,2025-01-16 14:19:50.0
SELL-1763965655393-001855,TRADER-0355,EQUITY,SELL,339.95,287,287,PENDING,2025-01-16 02:26:35.0
SELL-1763965655391-000835,TRADER-0335,CRYPTO,SELL,2489.56,2,2,PENDING,2025-01-15 14:06:33.0
SELL-1763965655393-001915,TRADER-0415,EQUITY,SELL,416.42,176,176,PENDING,2025-01-16 03:19:09.0
SELL-1763965655392-001206,TRADER-0206,CRYPTO,SELL,2871.16,8,8,PENDING,2025-01-15 17:59:08.0
SELL-1763965655401-006075,TRADER-0075,FOREX,SELL,9.91,70,70,PENDING,2025-01-18 05:13:46.0
SELL-1763965655400-005457,TRADER-0457,CRYPTO,SELL,2467.85,9,9,PENDING,2025-01-17 21:35:24.0
SELL-1763965655399-004591,TRADER-0091,CRYPTO,SELL,4607.85,4,4,PENDING,2025-01-17 11:08:47.0
SELL-1763965655400-005157,TRADER-0157,EQUITY,SELL,390.95,87,87,PENDING,2025-01-17 17:58:43.0
SELL-1763965655394-002335,TRADER-0335,EQUITY,SELL,434.65,159,159,PENDING,2025-01-16 07:32:12.0
SELL-1763965655390-000110,TRADER-0110,EQUITY,SELL,300.0,103,103,PENDING,2025-01-15 05:07:47.0
SELL-1763965655397-003684,TRADER-0184,CRYPTO,SELL,3232.99,3,3,PENDING,2025-01-16 23:59:35.0
SELL-1763965655403-007396,TRADER-0396,CRYPTO,SELL,2958.13,1,1,PENDING,2025-01-18 20:32:40.0
SELL-1763965655393-001563,TRADER-0063,CRYPTO,SELL,4621.48,2,2,PENDING,2025-01-15 22:59:39.0
SELL-1763965655397-003569,TRADER-0069,EQUITY,SELL,437.69,67,67,PENDING,2025-01-16 23:01:52.0
SELL-1763965655403-006977,TRADER-0477,CRYPTO,SELL,4985.8,2,2,PENDING,2025-01-18 15:40:39.0
SELL-1763965655395-002702,TRADER-0202,CRYPTO,SELL,1690.98,12,12,PENDING,2025-01-16 12:01:43.0
SELL-1763965655392-001378,TRADER-0378,CRYPTO,SELL,4976.56,6,6,PENDING,2025-01-15 20:34:49.0
SELL-1763965655390-000153,TRADER-0153,EQUITY,SELL,300.0,78,78,PENDING,2025-01-15 06:12:35.0
SELL-1763965655401-005818,TRADER-0318,EQUITY,SELL,353.46,167,167,PENDING,2025-01-18 01:45:58.0
SELL-1763965655403-007421,TRADER-0421,CRYPTO,SELL,1717.27,6,6,PENDING,2025-01-18 21:30:09.0
SELL-1763965655397-003669,TRADER-0169,CRYPTO,SELL,2076.55,7,7,PENDING,2025-01-17 00:04:50.0
SELL-1763965655402-006532,TRADER-0032,CRYPTO,SELL,4511.27,10,10,PENDING,2025-01-18 10:13:36.0
SELL-1763965655400-005468,TRADER-0468,CRYPTO,SELL,4203.7,1,1,PENDING,2025-01-17 21:08:49.0
SELL-1763965655403-007281,TRADER-0281,EQUITY,SELL,494.8,144,144,PENDING,2025-01-18 18:55:10.0
SELL-1763965655391-000469,TRADER-0469,CRYPTO,SELL,3000.0,14,14,PENDING,2025-01-15 09:31:16.0
SELL-1763965655400-005704,TRADER-0204,FOREX,SELL,9.89,265,265,PENDING,2025-01-18 00:51:28.0
SELL-1763965655400-005589,TRADER-0089,FOREX,SELL,9.01,389,389,PENDING,2025-01-17 22:58:54.0
SELL-1763965655392-001071,TRADER-0071,CRYPTO,SELL,3729.75,13,13,PENDING,2025-01-15 17:12:36.0
SELL-1763965655397-003946,TRADER-0446,CRYPTO,SELL,2331.61,8,8,PENDING,2025-01-17 02:57:16.0
SELL-1763965655403-006957,TRADER-0457,EQUITY,SELL,339.48,19,19,PENDING,2025-01-18 15:26:19.0
SELL-1763965655392-000967,TRADER-0467,CRYPTO,SELL,2415.67,6,6,PENDING,2025-01-15 15:55:33.0
SELL-1763965655396-003172,TRADER-0172,CRYPTO,SELL,1971.75,9,9,PENDING,2025-01-16 18:17:13.0
SELL-1763965655394-002046,TRADER-0046,EQUITY,SELL,327.56,106,106,PENDING,2025-01-16 05:00:11.0
SELL-1763965655402-006629,TRADER-0129,EQUITY,SELL,379.95,75,75,PENDING,2025-01-18 11:33:18.0
SELL-1763965655396-003194,TRADER-0194,FOREX,SELL,9.34,777,777,PENDING,2025-01-16 18:05:03.0
SELL-1763965655393-001883,TRADER-0383,EQUITY,SELL,495.94,86,86,PENDING,2025-01-16 02:19:50.0
SELL-1763965655393-001661,TRADER-0161,FOREX,SELL,9.07,979,979,PENDING,2025-01-15 23:37:55.0
SELL-1763965655394-002193,TRADER-0193,CRYPTO,SELL,4457.92,2,2,PENDING,2025-01-16 06:24:30.0
SELL-1763965655403-007371,TRADER-0371,EQUITY,SELL,408.45,74,74,PENDING,2025-01-18 19:59:07.0
SELL-1763965655402-006747,TRADER-0247,EQUITY,SELL,488.2,187,187,PENDING,2025-01-18 12:58:48.0
SELL-1763965655400-005611,TRADER-0111,EQUITY,SELL,349.39,222,222,PENDING,2025-01-17 23:13:15.0
SELL-1763965655394-002021,TRADER-0021,CRYPTO,SELL,1798.73,18,18,PENDING,2025-01-16 04:15:30.0
SELL-1763965655398-004363,TRADER-0363,CRYPTO,SELL,3196.15,4,4,PENDING,2025-01-17 08:46:05.0
SELL-1763965655397-003949,TRADER-0449,EQUITY,SELL,392.17,72,72,PENDING,2025-01-17 03:17:25.0
SELL-1763965655403-006982,TRADER-0482,CRYPTO,SELL,2591.28,4,4,PENDING,2025-01-18 15:20:59.0
SELL-1763965655393-001750,TRADER-0250,EQUITY,SELL,297.6,207,207,PENDING,2025-01-16 00:49:50.0
SELL-1763965655401-005935,TRADER-0435,CRYPTO,SELL,4811.72,4,4,PENDING,2025-01-18 03:18:49.0
SELL-1763965655403-007377,TRADER-0377,FOREX,SELL,8.25,985,985,PENDING,2025-01-18 20:39:09.0
SELL-1763965655400-005134,TRADER-0134,EQUITY,SELL,433.85,132,132,PENDING,2025-01-17 17:36:56.0
SELL-1763965655399-004643,TRADER-0143,CRYPTO,SELL,3517.39,8,8,PENDING,2025-01-17 12:10:24.0
SELL-1763965655394-002104,TRADER-0104,EQUITY,SELL,354.0,258,258,PENDING,2025-01-16 05:33:03.0
SELL-1763965655398-004339,TRADER-0339,CRYPTO,SELL,4228.29,3,3,PENDING,2025-01-17 08:01:36.0
SELL-1763965655396-003064,TRADER-0064,EQUITY,SELL,339.73,161,161,PENDING,2025-01-16 16:38:59.0
SELL-1763965655400-005697,TRADER-0197,CRYPTO,SELL,4830.42,4,4,PENDING,2025-01-17 23:59:31.0
SELL-1763965655392-001402,TRADER-0402,EQUITY,SELL,282.69,57,57,PENDING,2025-01-15 20:30:01.0
SELL-1763965655394-002167,TRADER-0167,CRYPTO,SELL,4177.02,2,2,PENDING,2025-01-16 05:46:48.0
SELL-1763965655397-003828,TRADER-0328,CRYPTO,SELL,1671.7,25,25,PENDING,2025-01-17 02:16:47.0
SELL-1763965655401-006018,TRADER-0018,EQUITY,SELL,389.46,172,172,PENDING,2025-01-18 04:35:52.0
SELL-1763965655399-004834,TRADER-0334,CRYPTO,SELL,4643.42,7,7,PENDING,2025-01-17 14:07:34.0
SELL-1763965655402-006527,TRADER-0027,CRYPTO,SELL,4150.49,10,10,PENDING,2025-01-18 10:38:18.0
SELL-1763965655391-000654,TRADER-0154,EQUITY,SELL,314.66,96,96,PENDING,2025-01-15 12:07:54.0
SELL-1763965655392-001338,TRADER-0338,CRYPTO,SELL,3469.18,11,11,PENDING,2025-01-15 19:52:40.0
SELL-1763965655400-005542,TRADER-0042,CRYPTO,SELL,2657.4,2,2,PENDING,2025-01-17 22:10:23.0
SELL-1763965655403-007186,TRADER-0186,CRYPTO,SELL,2915.07,5,5,PENDING,2025-01-18 18:18:23.0
SELL-1763965655401-005717,TRADER-0217,CRYPTO,SELL,3967.55,3,3,PENDING,2025-01-18 00:16:53.0
SELL-1763965655392-001112,TRADER-0112,FOREX,SELL,8.36,856,856,PENDING,2025-01-15 17:26:08.0
SELL-1763965655392-001413,TRADER-0413,CRYPTO,SELL,1750.78,18,18,PENDING,2025-01-15 21:00:47.0
SELL-1763965655398-004384,TRADER-0384,FOREX,SELL,9.97,870,870,PENDING,2025-01-17 08:34:36.0
SELL-1763965655403-006981,TRADER-0481,EQUITY,SELL,498.28,89,89,PENDING,2025-01-18 15:20:27.0
SELL-1763965655393-001516,TRADER-0016,CRYPTO,SELL,4538.41,6,6,PENDING,2025-01-15 22:31:49.0
SELL-1763965655396-003328,TRADER-0328,CRYPTO,SELL,3844.38,1,1,PENDING,2025-01-16 19:36:08.0
SELL-1763965655399-004939,TRADER-0439,CRYPTO,SELL,4631.68,3,3,PENDING,2025-01-17 15:22:02.0
SELL-1763965655396-003057,TRADER-0057,CRYPTO,SELL,1622.06,12,12,PENDING,2025-01-16 17:04:03.0
SELL-1763965655394-002346,TRADER-0346,CRYPTO,SELL,3421.88,14,14,PENDING,2025-01-16 08:00:20.0
SELL-1763965655396-003258,TRADER-0258,CRYPTO,SELL,4059.6,4,4,PENDING,2025-01-16 19:35:41.0
SELL-1763965655396-003268,TRADER-0268,CRYPTO,SELL,2105.7,1,1,PENDING,2025-01-16 19:32:54.0
SELL-1763965655391-000517,TRADER-0017,CRYPTO,SELL,4229.83,2,2,PENDING,2025-01-15 10:06:23.0
SELL-1763965655397-003649,TRADER-0149,FOREX,SELL,8.79,288,288,PENDING,2025-01-17 00:01:26.0
SELL-1763965655398-004504,TRADER-0004,CRYPTO,SELL,2765.26,6,6,PENDING,2025-01-17 09:41:17.0
SELL-1763965655397-003774,TRADER-0274,EQUITY,SELL,360.23,233,233,PENDING,2025-01-17 01:22:57.0
SELL-1763965655396-003496,TRADER-0496,CRYPTO,SELL,1839.08,20,20,PENDING,2025-01-16 22:22:04.0
SELL-1763965655395-002910,TRADER-0410,CRYPTO,SELL,1787.14,25,25,PENDING,2025-01-16 14:34:20.0
SELL-1763965655402-006896,TRADER-0396,CRYPTO,SELL,3181.84,7,7,PENDING,2025-01-18 14:16:33.0
SELL-1763965655397-003899,TRADER-0399,CRYPTO,SELL,3877.1,11,11,PENDING,2025-01-17 02:52:16.0
SELL-1763965655391-000516,TRADER-0016,CRYPTO,SELL,3225.05,1,1,PENDING,2025-01-15 10:06:30.0
SELL-1763965655400-005352,TRADER-0352,CRYPTO,SELL,1525.29,30,30,PENDING,2025-01-17 19:48:21.0
SELL-1763965655391-000838,TRADER-0338,CRYPTO,SELL,2026.34,1,1,PENDING,2025-01-15 14:07:23.0
SELL-1763965655401-006092,TRADER-0092,FOREX,SELL,9.19,62,62,PENDING,2025-01-18 05:16:10.0
SELL-1763965655400-005169,TRADER-0169,CRYPTO,SELL,3425.91,2,2,PENDING,2025-01-17 18:23:46.0
SELL-1763965655392-001228,TRADER-0228,CRYPTO,SELL,3567.99,1,1,PENDING,2025-01-15 19:00:26.0
SELL-1763965655400-005360,TRADER-0360,CRYPTO,SELL,4517.23,3,3,PENDING,2025-01-17 20:26:21.0
SELL-1763965655401-006130,TRADER-0130,EQUITY,SELL,354.37,2,2,PENDING,2025-01-18 05:14:09.0
SELL-1763965655396-003224,TRADER-0224,EQUITY,SELL,463.35,186,186,PENDING,2025-01-16 18:42:58.0
SELL-1763965655393-001629,TRADER-0129,EQUITY,SELL,429.14,28,28,PENDING,2025-01-15 23:22:09.0
SELL-1763965655390-000400,TRADER-0400,EQUITY,SELL,300.0,14,14,PENDING,2025-01-15 08:32:23.0
SELL-1763965655396-003133,TRADER-0133,CRYPTO,SELL,2434.6,19,19,PENDING,2025-01-16 17:53:23.0
SELL-1763965655392-000890,TRADER-0390,CRYPTO,SELL,2454.02,20,20,PENDING,2025-01-15 14:43:11.0
SELL-1763965655397-003726,TRADER-0226,CRYPTO,SELL,2078.18,9,9,PENDING,2025-01-17 00:20:17.0
SELL-1763965655402-006460,TRADER-0460,EQUITY,SELL,370.69,222,222,PENDING,2025-01-18 09:05:39.0
SELL-1763965655403-007222,TRADER-0222,CRYPTO,SELL,2641.26,16,16,PENDING,2025-01-18 19:08:00.0
SELL-1763965655397-003717,TRADER-0217,FOREX,SELL,9.17,990,990,PENDING,2025-01-17 00:59:27.0
SELL-1763965655400-005246,TRADER-0246,CRYPTO,SELL,4655.25,10,10,PENDING,2025-01-17 18:43:56.0
SELL-1763965655399-005054,TRADER-0054,FOREX,SELL,8.66,525,525,PENDING,2025-01-17 16:33:39.0
SELL-1763965655398-004137,TRADER-0137,EQUITY,SELL,445.79,71,71,PENDING,2025-01-17 05:50:19.0
SELL-1763965655393-001561,TRADER-0061,EQUITY,SELL,283.49,317,317,PENDING,2025-01-15 22:55:00.0
SELL-1763965655396-003201,TRADER-0201,CRYPTO,SELL,4211.93,5,5,PENDING,2025-01-16 18:24:21.0
SELL-1763965655399-004961,TRADER-0461,EQUITY,SELL,450.56,63,63,PENDING,2025-01-17 15:07:37.0
SELL-1763965655403-007199,TRADER-0199,EQUITY,SELL,480.9,187,187,PENDING,2025-01-18 18:40:17.0
SELL-1763965655393-001865,TRADER-0365,FOREX,SELL,9.41,118,118,PENDING,2025-01-16 01:59:55.0
SELL-1763965655393-001918,TRADER-0418,CRYPTO,SELL,2161.94,6,6,PENDING,2025-01-16 03:26:19.0
SELL-1763965655397-003672,TRADER-0172,CRYPTO,SELL,2939.21,14,14,PENDING,2025-01-17 00:04:59.0
SELL-1763965655400-005609,TRADER-0109,FOREX,SELL,7.46,176,176,PENDING,2025-01-17 23:31:53.0
SELL-1763965655392-001276,TRADER-0276,CRYPTO,SELL,2259.18,17,17,PENDING,2025-01-15 19:31:09.0
SELL-1763965655403-007148,TRADER-0148,CRYPTO,SELL,1921.14,25,25,PENDING,2025-01-18 17:57:25.0
SELL-1763965655398-004124,TRADER-0124,CRYPTO,SELL,2806.21,6,6,PENDING,2025-01-17 05:19:32.0
SELL-1763965655399-004876,TRADER-0376,CRYPTO,SELL,4520.78,2,2,PENDING,2025-01-17 14:29:51.0
SELL-1763965655394-002252,TRADER-0252,FOREX,SELL,9.22,219,219,PENDING,2025-01-16 07:16:57.0
SELL-1763965655392-001343,TRADER-0343,CRYPTO,SELL,2629.95,9,9,PENDING,2025-01-15 20:10:21.0
SELL-1763965655393-001490,TRADER-0490,EQUITY,SELL,432.79,202,202,PENDING,2025-01-15 22:07:58.0
SELL-1763965655394-002372,TRADER-0372,CRYPTO,SELL,4161.08,3,3,PENDING,2025-01-16 08:54:35.0
SELL-1763965655397-003868,TRADER-0368,CRYPTO,SELL,3059.8,15,15,PENDING,2025-01-17 02:50:28.0
SELL-1763965655402-006719,TRADER-0219,EQUITY,SELL,492.45,39,39,PENDING,2025-01-18 13:05:52.0
SELL-1763965655395-002573,TRADER-0073,FOREX,SELL,9.1,600,600,PENDING,2025-01-16 10:59:41.0
SELL-1763965655403-007298,TRADER-0298,CRYPTO,SELL,4397.27,10,10,PENDING,2025-01-18 19:21:30.0
SELL-1763965655403-007096,TRADER-0096,CRYPTO,SELL,4676.34,8,8,PENDING,2025-01-18 17:38:18.0
SELL-1763965655393-001825,TRADER-0325,CRYPTO,SELL,4888.92,6,6,PENDING,2025-01-16 02:12:23.0
SELL-1763965655401-006101,TRADER-0101,CRYPTO,SELL,4030.49,5,5,PENDING,2025-01-18 05:04:50.0
SELL-1763965655394-002098,TRADER-0098,EQUITY,SELL,360.27,167,167,PENDING,2025-01-16 04:59:48.0
SELL-1763965655400-005581,TRADER-0081,FOREX,SELL,7.59,777,777,PENDING,2025-01-17 22:36:11.0
SELL-1763965655396-003277,TRADER-0277,EQUITY,SELL,415.92,229,229,PENDING,2025-01-16 18:56:29.0
SELL-1763965655401-006050,TRADER-0050,FOREX,SELL,9.98,404,404,PENDING,2025-01-18 04:35:41.0
SELL-1763965655401-005714,TRADER-0214,EQUITY,SELL,330.04,53,53,PENDING,2025-01-18 01:03:45.0
SELL-1763965655403-007043,TRADER-0043,CRYPTO,SELL,3945.58,2,2,PENDING,2025-01-18 16:47:52.0
SELL-1763965655399-004900,TRADER-0400,EQUITY,SELL,430.74,76,76,PENDING,2025-01-17 14:43:24.0
SELL-1763965655403-007190,TRADER-0190,CRYPTO,SELL,3404.35,6,6,PENDING,2025-01-18 18:32:07.0
SELL-1763965655399-004729,TRADER-0229,CRYPTO,SELL,4956.27,5,5,PENDING,2025-01-17 13:13:01.0
SELL-1763965655391-000831,TRADER-0331,FOREX,SELL,7.86,857,857,PENDING,2025-01-15 14:20:52.0
SELL-1763965655395-002959,TRADER-0459,CRYPTO,SELL,4156.18,5,5,PENDING,2025-01-16 15:24:58.0
SELL-1763965655401-005925,TRADER-0425,EQUITY,SELL,360.38,216,216,PENDING,2025-01-18 03:31:09.0
SELL-1763965655398-004315,TRADER-0315,CRYPTO,SELL,3642.24,12,12,PENDING,2025-01-17 08:00:03.0
SELL-1763965655392-000958,TRADER-0458,EQUITY,SELL,278.7,27,27,PENDING,2025-01-15 15:23:16.0
SELL-1763965655402-006332,TRADER-0332,EQUITY,SELL,325.98,61,61,PENDING,2025-01-18 08:03:32.0
SELL-1763965655393-001823,TRADER-0323,EQUITY,SELL,450.73,34,34,PENDING,2025-01-16 02:18:40.0
SELL-1763965655403-007364,TRADER-0364,FOREX,SELL,8.74,829,829,PENDING,2025-01-18 20:41:05.0
SELL-1763965655397-003905,TRADER-0405,EQUITY,SELL,471.72,148,148,PENDING,2025-01-17 03:05:36.0
SELL-1763965655403-007433,TRADER-0433,CRYPTO,SELL,4908.56,8,8,PENDING,2025-01-18 21:38:09.0
SELL-1763965655394-001948,TRADER-0448,FOREX,SELL,9.57,619,619,PENDING,2025-01-16 03:17:53.0
SELL-1763965655396-003063,TRADER-0063,CRYPTO,SELL,4001.85,5,5,PENDING,2025-01-16 16:47:56.0
SELL-1763965655396-003088,TRADER-0088,CRYPTO,SELL,2040.6,6,6,PENDING,2025-01-16 17:02:05.0
SELL-1763965655393-001692,TRADER-0192,FOREX,SELL,7.8,820,820,PENDING,2025-01-15 23:51:06.0
SELL-1763965655395-002799,TRADER-0299,FOREX,SELL,7.17,503,503,PENDING,2025-01-16 14:04:28.0
SELL-1763965655395-002835,TRADER-0335,EQUITY,SELL,405.57,97,97,PENDING,2025-01-16 14:26:41.0
SELL-1763965655392-001314,TRADER-0314,FOREX,SELL,8.7,717,717,PENDING,2025-01-15 19:41:38.0
SELL-1763965655393-001483,TRADER-0483,EQUITY,SELL,356.81,238,238,PENDING,2025-01-15 22:02:24.0
SELL-1763965655402-006473,TRADER-0473,CRYPTO,SELL,3996.19,4,4,PENDING,2025-01-18 09:25:41.0
SELL-1763965655391-000636,TRADER-0136,FOREX,SELL,9.76,335,335,PENDING,2025-01-15 11:38:59.0
SELL-1763965655397-003644,TRADER-0144,EQUITY,SELL,330.61,207,207,PENDING,2025-01-16 23:23:43.0
SELL-1763965655393-001807,TRADER-0307,FOREX,SELL,8.7,299,299,PENDING,2025-01-16 01:24:59.0
SELL-1763965655393-001900,TRADER-0400,EQUITY,SELL,413.41,108,108,PENDING,2025-01-16 02:23:13.0
SELL-1763965655399-005015,TRADER-0015,CRYPTO,SELL,1452.04,27,27,PENDING,2025-01-17 16:06:19.0
SELL-1763965655397-003555,TRADER-0055,EQUITY,SELL,450.62,121,121,PENDING,2025-01-16 22:22:09.0
SELL-1763965655394-002404,TRADER-0404,CRYPTO,SELL,2921.76,7,7,PENDING,2025-01-16 09:10:04.0
SELL-1763965655398-004300,TRADER-0300,EQUITY,SELL,327.39,32,32,PENDING,2025-01-17 08:04:14.0
SELL-1763965655391-000699,TRADER-0199,EQUITY,SELL,342.68,195,195,PENDING,2025-01-15 12:24:18.0
SELL-1763965655400-005380,TRADER-0380,EQUITY,SELL,266.67,125,125,PENDING,2025-01-17 20:24:14.0
SELL-1763965655402-006449,TRADER-0449,CRYPTO,SELL,3684.66,5,5,PENDING,2025-01-18 09:17:54.0
SELL-1763965655402-006895,TRADER-0395,CRYPTO,SELL,3828.97,3,3,PENDING,2025-01-18 14:36:44.0
SELL-1763965655393-001535,TRADER-0035,FOREX,SELL,8.0,151,151,PENDING,2025-01-15 21:59:45.0
SELL-1763965655395-002572,TRADER-0072,EQUITY,SELL,492.55,160,160,PENDING,2025-01-16 10:55:51.0
SELL-1763965655391-000568,TRADER-0068,EQUITY,SELL,373.99,58,58,PENDING,2025-01-15 10:46:33.0
SELL-1763965655401-006204,TRADER-0204,FOREX,SELL,9.98,405,405,PENDING,2025-01-18 06:08:37.0
SELL-1763965655395-002865,TRADER-0365,CRYPTO,SELL,3843.54,12,12,PENDING,2025-01-16 14:04:14.0
SELL-1763965655397-003637,TRADER-0137,EQUITY,SELL,499.46,4,4,PENDING,2025-01-16 23:32:46.0
SELL-1763965655400-005263,TRADER-0263,FOREX,SELL,9.49,167,167,PENDING,2025-01-17 19:09:27.0
SELL-1763965655402-006576,TRADER-0076,CRYPTO,SELL,3940.45,7,7,PENDING,2025-01-18 11:03:18.0
SELL-1763965655397-003624,TRADER-0124,CRYPTO,SELL,4344.38,8,8,PENDING,2025-01-16 23:36:29.0
SELL-1763965655394-002195,TRADER-0195,CRYPTO,SELL,2110.34,3,3,PENDING,2025-01-16 05:52:51.0
SELL-1763965655397-003631,TRADER-0131,CRYPTO,SELL,1605.63,25,25,PENDING,2025-01-16 23:47:35.0
SELL-1763965655393-001924,TRADER-0424,EQUITY,SELL,388.99,210,210,PENDING,2025-01-16 02:57:34.0
SELL-1763965655392-001312,TRADER-0312,FOREX,SELL,8.69,610,610,PENDING,2025-01-15 20:11:07.0
SELL-1763965655393-001882,TRADER-0382,CRYPTO,SELL,1859.28,15,15,PENDING,2025-01-16 02:29:07.0
SELL-1763965655397-003797,TRADER-0297,FOREX,SELL,9.72,874,874,PENDING,2025-01-17 01:23:14.0
SELL-1763965655402-006546,TRADER-0046,CRYPTO,SELL,3000.78,16,16,PENDING,2025-01-18 10:30:01.0
SELL-1763965655397-003947,TRADER-0447,CRYPTO,SELL,4743.23,3,3,PENDING,2025-01-17 03:09:27.0
SELL-1763965655399-005032,TRADER-0032,CRYPTO,SELL,2873.27,6,6,PENDING,2025-01-17 16:30:27.0
SELL-1763965655398-004135,TRADER-0135,CRYPTO,SELL,4999.15,3,3,PENDING,2025-01-17 05:32:28.0
SELL-1763965655396-003202,TRADER-0202,FOREX,SELL,7.9,149,149,PENDING,2025-01-16 17:57:16.0
SELL-1763965655401-006136,TRADER-0136,EQUITY,SELL,324.17,27,27,PENDING,2025-01-18 05:58:12.0
SELL-1763965655397-003584,TRADER-0084,EQUITY,SELL,289.47,261,261,PENDING,2025-01-16 22:51:41.0
SELL-1763965655402-006670,TRADER-0170,FOREX,SELL,9.13,382,382,PENDING,2025-01-18 12:13:16.0
SELL-1763965655394-002141,TRADER-0141,EQUITY,SELL,315.66,67,67,PENDING,2025-01-16 06:00:32.0
SELL-1763965655401-005886,TRADER-0386,FOREX,SELL,9.31,589,589,PENDING,2025-01-18 02:58:15.0
SELL-1763965655394-002166,TRADER-0166,EQUITY,SELL,491.96,92,92,PENDING,2025-01-16 06:20:20.0
SELL-1763965655402-006528,TRADER-0028,CRYPTO,SELL,1428.95,27,27,PENDING,2025-01-18 09:53:00.0
SELL-1763965655394-002397,TRADER-0397,EQUITY,SELL,357.12,91,91,PENDING,2025-01-16 09:01:46.0
SELL-1763965655396-003351,TRADER-0351,EQUITY,SELL,380.57,195,195,PENDING,2025-01-16 20:38:01.0
SELL-1763965655400-005632,TRADER-0132,CRYPTO,SELL,1682.63,4,4,PENDING,2025-01-17 23:45:05.0
SELL-1763965655397-003738,TRADER-0238,CRYPTO,SELL,1626.28,11,11,PENDING,2025-01-17 01:16:46.0
SELL-1763965655400-005387,TRADER-0387,EQUITY,SELL,475.97,62,62,PENDING,2025-01-17 20:47:52.0
SELL-1763965655403-006991,TRADER-0491,CRYPTO,SELL,4653.63,4,4,PENDING,2025-01-18 16:05:03.0
SELL-1763965655400-005358,TRADER-0358,CRYPTO,SELL,2884.89,1,1,PENDING,2025-01-17 20:29:37.0
SELL-1763965655392-001152,TRADER-0152,EQUITY,SELL,419.9,208,208,PENDING,2025-01-15 17:28:32.0
SELL-1763965655398-004012,TRADER-0012,EQUITY,SELL,347.15,17,17,PENDING,2025-01-17 03:53:30.0
SELL-1763965655399-004568,TRADER-0068,EQUITY,SELL,324.62,254,254,PENDING,2025-01-17 10:55:07.0
SELL-1763965655398-004060,TRADER-0060,EQUITY,SELL,438.41,74,74,PENDING,2025-01-17 04:15:03.0
SELL-1763965655395-002796,TRADER-0296,EQUITY,SELL,302.8,178,178,PENDING,2025-01-16 13:41:44.0
SELL-1763965655393-001595,TRADER-0095,CRYPTO,SELL,4705.32,5,5,PENDING,2025-01-15 23:02:16.0
SELL-1763965655396-003344,TRADER-0344,CRYPTO,SELL,2315.87,13,13,PENDING,2025-01-16 20:11:52.0
SELL-1763965655396-003260,TRADER-0260,FOREX,SELL,9.52,465,465,PENDING,2025-01-16 19:10:54.0
SELL-1763965655399-004847,TRADER-0347,EQUITY,SELL,453.35,207,207,PENDING,2025-01-17 14:15:09.0
SELL-1763965655394-001976,TRADER-0476,EQUITY,SELL,422.31,178,178,PENDING,2025-01-16 03:42:57.0
SELL-1763965655397-003903,TRADER-0403,EQUITY,SELL,431.88,32,32,PENDING,2025-01-17 03:17:31.0
SELL-1763965655398-004291,TRADER-0291,CRYPTO,SELL,4945.89,2,2,PENDING,2025-01-17 07:01:03.0
SELL-1763965655395-002849,TRADER-0349,FOREX,SELL,7.61,399,399,PENDING,2025-01-16 14:40:41.0
SELL-1763965655400-005492,TRADER-0492,CRYPTO,SELL,4583.24,8,8,PENDING,2025-01-17 21:58:45.0
SELL-1763965655398-004432,TRADER-0432,EQUITY,SELL,491.25,38,38,PENDING,2025-01-17 09:09:49.0
SELL-1763965655397-003536,TRADER-0036,FOREX,SELL,7.2,297,297,PENDING,2025-01-16 22:40:08.0
SELL-1763965655391-000750,TRADER-0250,FOREX,SELL,8.85,580,580,PENDING,2025-01-15 13:20:17.0
SELL-1763965655402-006615,TRADER-0115,FOREX,SELL,7.62,544,544,PENDING,2025-01-18 11:09:38.0
SELL-1763965655394-002237,TRADER-0237,FOREX,SELL,7.28,783,783,PENDING,2025-01-16 06:25:21.0
SELL-1763965655403-007429,TRADER-0429,CRYPTO,SELL,3528.48,7,7,PENDING,2025-01-18 21:01:11.0
SELL-1763965655395-002468,TRADER-0468,CRYPTO,SELL,1993.87,19,19,PENDING,2025-01-16 09:37:15.0
SELL-1763965655393-001570,TRADER-0070,EQUITY,SELL,345.66,163,163,PENDING,2025-01-15 22:36:07.0
SELL-1763965655402-006817,TRADER-0317,CRYPTO,SELL,3569.06,12,12,PENDING,2025-01-18 13:37:33.0
SELL-1763965655393-001756,TRADER-0256,CRYPTO,SELL,3627.45,9,9,PENDING,2025-01-16 01:14:21.0
SELL-1763965655401-005854,TRADER-0354,CRYPTO,SELL,4243.84,1,1,PENDING,2025-01-18 01:46:51.0
SELL-1763965655402-006835,TRADER-0335,EQUITY,SELL,322.23,306,306,PENDING,2025-01-18 14:17:51.0
SELL-1763965655392-001072,TRADER-0072,FOREX,SELL,9.1,421,421,PENDING,2025-01-15 17:00:57.0
SELL-1763965655393-001933,TRADER-0433,CRYPTO,SELL,4011.3,4,4,PENDING,2025-01-16 03:29:33.0
SELL-1763965655395-002584,TRADER-0084,CRYPTO,SELL,4971.55,9,9,PENDING,2025-01-16 10:41:55.0
SELL-1763965655402-006790,TRADER-0290,CRYPTO,SELL,4912.28,7,7,PENDING,2025-01-18 13:46:36.0
SELL-1763965655397-003581,TRADER-0081,CRYPTO,SELL,3459.35,11,11,PENDING,2025-01-16 23:16:55.0
SELL-1763965655392-001126,TRADER-0126,EQUITY,SELL,375.1,209,209,PENDING,2025-01-15 17:55:23.0
SELL-1763965655397-003517,TRADER-0017,FOREX,SELL,9.12,147,147,PENDING,2025-01-16 22:25:10.0
SELL-1763965655403-007027,TRADER-0027,CRYPTO,SELL,3462.53,11,11,PENDING,2025-01-18 15:56:13.0
SELL-1763965655403-007387,TRADER-0387,CRYPTO,SELL,3913.45,10,10,PENDING,2025-01-18 20:15:09.0
SELL-1763965655390-000178,TRADER-0178,EQUITY,SELL,300.0,32,32,PENDING,2025-01-15 06:19:33.0
SELL-1763965655402-006668,TRADER-0168,CRYPTO,SELL,4672.86,8,8,PENDING,2025-01-18 11:33:48.0
SELL-1763965655398-004306,TRADER-0306,CRYPTO,SELL,3685.06,4,4,PENDING,2025-01-17 07:36:31.0
SELL-1763965655402-006893,TRADER-0393,CRYPTO,SELL,2264.76,2,2,PENDING,2025-01-18 15:03:46.0
SELL-1763965655395-002875,TRADER-0375,FOREX,SELL,8.29,32,32,PENDING,2025-01-16 14:18:05.0
SELL-1763965655402-006351,TRADER-0351,FOREX,SELL,9.87,694,694,PENDING,2025-01-18 08:39:42.0
SELL-1763965655400-005575,TRADER-0075,CRYPTO,SELL,2340.12,10,10,PENDING,2025-01-17 22:52:05.0
SELL-1763965655396-003012,TRADER-0012,FOREX,SELL,7.56,961,961,PENDING,2025-01-16 15:57:26.0
SELL-1763965655402-006795,TRADER-0295,CRYPTO,SELL,2553.76,4,4,PENDING,2025-01-18 13:02:24.0
SELL-1763965655399-004656,TRADER-0156,CRYPTO,SELL,2878.28,12,12,PENDING,2025-01-17 11:23:04.0
SELL-1763965655403-007006,TRADER-0006,FOREX,SELL,9.59,128,128,PENDING,2025-01-18 15:54:45.0
SELL-1763965655392-000948,TRADER-0448,CRYPTO,SELL,2649.8,6,6,PENDING,2025-01-15 15:50:59.0
SELL-1763965655401-006045,TRADER-0045,EQUITY,SELL,392.3,203,203,PENDING,2025-01-18 04:46:36.0
SELL-1763965655401-005852,TRADER-0352,CRYPTO,SELL,1928.13,9,9,PENDING,2025-01-18 02:25:25.0
SELL-1763965655403-007263,TRADER-0263,CRYPTO,SELL,3197.62,10,10,PENDING,2025-01-18 19:38:31.0
SELL-1763965655393-001932,TRADER-0432,CRYPTO,SELL,2933.88,13,13,PENDING,2025-01-16 03:14:31.0
SELL-1763965655391-000869,TRADER-0369,EQUITY,SELL,310.85,151,151,PENDING,2025-01-15 14:42:02.0
SELL-1763965655394-002384,TRADER-0384,CRYPTO,SELL,3327.96,15,15,PENDING,2025-01-16 08:07:26.0
SELL-1763965655402-006495,TRADER-0495,CRYPTO,SELL,4194.75,10,10,PENDING,2025-01-18 09:54:52.0
SELL-1763965655396-003026,TRADER-0026,CRYPTO,SELL,2295.33,10,10,PENDING,2025-01-16 16:00:30.0
SELL-1763965655400-005327,TRADER-0327,CRYPTO,SELL,3380.69,4,4,PENDING,2025-01-17 19:49:28.0
SELL-1763965655394-002259,TRADER-0259,CRYPTO,SELL,4903.94,6,6,PENDING,2025-01-16 07:29:04.0
SELL-1763965655392-001277,TRADER-0277,FOREX,SELL,7.51,569,569,PENDING,2025-01-15 19:23:31.0
SELL-1763965655391-000882,TRADER-0382,EQUITY,SELL,355.87,61,61,PENDING,2025-01-15 14:45:25.0
SELL-1763965655400-005163,TRADER-0163,CRYPTO,SELL,4032.12,12,12,PENDING,2025-01-17 18:05:15.0
SELL-1763965655396-003181,TRADER-0181,CRYPTO,SELL,4689.97,5,5,PENDING,2025-01-16 18:35:30.0
SELL-1763965655396-003077,TRADER-0077,CRYPTO,SELL,3356.21,11,11,PENDING,2025-01-16 16:32:59.0
SELL-1763965655402-006950,TRADER-0450,CRYPTO,SELL,3301.67,5,5,PENDING,2025-01-18 15:01:15.0
SELL-1763965655397-003635,TRADER-0135,EQUITY,SELL,273.09,72,72,PENDING,2025-01-16 23:31:18.0
SELL-1763965655393-001572,TRADER-0072,FOREX,SELL,8.81,944,944,PENDING,2025-01-15 23:14:12.0
SELL-1763965655401-005995,TRADER-0495,FOREX,SELL,7.46,375,375,PENDING,2025-01-18 03:38:53.0
SELL-1763965655397-003548,TRADER-0048,CRYPTO,SELL,3212.09,3,3,PENDING,2025-01-16 22:24:09.0
SELL-1763965655400-005214,TRADER-0214,CRYPTO,SELL,1978.98,24,24,PENDING,2025-01-17 18:21:42.0
SELL-1763965655401-005749,TRADER-0249,CRYPTO,SELL,3712.23,13,13,PENDING,2025-01-18 01:25:56.0
SELL-1763965655396-003342,TRADER-0342,EQUITY,SELL,430.55,32,32,PENDING,2025-01-16 20:08:43.0
SELL-1763965655395-002782,TRADER-0282,CRYPTO,SELL,2623.97,4,4,PENDING,2025-01-16 13:30:56.0
SELL-1763965655397-003879,TRADER-0379,EQUITY,SELL,262.25,63,63,PENDING,2025-01-17 02:05:27.0
SELL-1763965655402-006730,TRADER-0230,CRYPTO,SELL,3237.73,1,1,PENDING,2025-01-18 13:00:08.0
SELL-1763965655400-005491,TRADER-0491,EQUITY,SELL,363.62,74,74,PENDING,2025-01-17 21:27:50.0
SELL-1763965655391-000494,TRADER-0494,EQUITY,SELL,300.0,47,47,PENDING,2025-01-15 09:38:37.0
SELL-1763965655391-000805,TRADER-0305,EQUITY,SELL,415.81,208,208,PENDING,2025-01-15 13:37:43.0
SELL-1763965655400-005324,TRADER-0324,CRYPTO,SELL,4104.01,8,8,PENDING,2025-01-17 19:44:32.0
SELL-1763965655399-004936,TRADER-0436,CRYPTO,SELL,2218.0,17,17,PENDING,2025-01-17 15:13:08.0
SELL-1763965655400-005608,TRADER-0108,EQUITY,SELL,260.93,57,57,PENDING,2025-01-17 22:51:01.0
SELL-1763965655403-007061,TRADER-0061,CRYPTO,SELL,1464.03,18,18,PENDING,2025-01-18 16:28:52.0
SELL-1763965655397-003925,TRADER-0425,CRYPTO,SELL,4111.44,3,3,PENDING,2025-01-17 03:25:53.0
SELL-1763965655393-001602,TRADER-0102,FOREX,SELL,8.92,760,760,PENDING,2025-01-15 22:48:39.0
SELL-1763965655403-007207,TRADER-0207,FOREX,SELL,8.84,931,931,PENDING,2025-01-18 18:55:31.0
SELL-1763965655394-002247,TRADER-0247,CRYPTO,SELL,2981.77,7,7,PENDING,2025-01-16 06:45:23.0
SELL-1763965655392-001109,TRADER-0109,FOREX,SELL,7.97,375,375,PENDING,2025-01-15 16:57:49.0
SELL-1763965655399-004522,TRADER-0022,EQUITY,SELL,422.72,45,45,PENDING,2025-01-17 09:46:01.0
SELL-1763965655399-005097,TRADER-0097,EQUITY,SELL,469.59,98,98,PENDING,2025-01-17 16:45:10.0
SELL-1763965655401-006121,TRADER-0121,CRYPTO,SELL,2903.19,12,12,PENDING,2025-01-18 05:34:29.0
SELL-1763965655400-005206,TRADER-0206,EQUITY,SELL,445.42,181,181,PENDING,2025-01-17 18:45:12.0
SELL-1763965655392-001265,TRADER-0265,EQUITY,SELL,272.02,44,44,PENDING,2025-01-15 19:25:43.0
SELL-1763965655401-006247,TRADER-0247,CRYPTO,SELL,3196.82,10,10,PENDING,2025-01-18 06:35:27.0
SELL-1763965655391-000577,TRADER-0077,CRYPTO,SELL,3990.44,5,5,PENDING,2025-01-15 10:42:12.0
SELL-1763965655400-005130,TRADER-0130,CRYPTO,SELL,3056.04,8,8,PENDING,2025-01-17 17:43:39.0
SELL-1763965655396-003256,TRADER-0256,EQUITY,SELL,372.96,115,115,PENDING,2025-01-16 19:03:27.0
SELL-1763965655396-003492,TRADER-0492,FOREX,SELL,9.24,733,733,PENDING,2025-01-16 21:30:02.0
SELL-1763965655392-001242,TRADER-0242,CRYPTO,SELL,1459.75,23,23,PENDING,2025-01-15 18:45:53.0
SELL-1763965655397-003597,TRADER-0097,CRYPTO,SELL,4421.77,6,6,PENDING,2025-01-16 23:37:31.0
SELL-1763965655398-004041,TRADER-0041,EQUITY,SELL,303.53,269,269,PENDING,2025-01-17 04:25:20.0
SELL-1763965655397-003962,TRADER-0462,EQUITY,SELL,345.59,172,172,PENDING,2025-01-17 03:15:45.0
SELL-1763965655391-000652,TRADER-0152,CRYPTO,SELL,1669.55,4,4,PENDING,2025-01-15 11:59:40.0
SELL-1763965655391-000682,TRADER-0182,EQUITY,SELL,429.9,96,96,PENDING,2025-01-15 12:33:14.0
SELL-1763965655397-003515,TRADER-0015,CRYPTO,SELL,4202.3,6,6,PENDING,2025-01-16 22:25:55.0
SELL-1763965655399-004955,TRADER-0455,FOREX,SELL,8.53,674,674,PENDING,2025-01-17 15:13:43.0
SELL-1763965655394-002349,TRADER-0349,EQUITY,SELL,361.43,125,125,PENDING,2025-01-16 08:07:43.0
SELL-1763965655397-003915,TRADER-0415,EQUITY,SELL,407.52,52,52,PENDING,2025-01-17 02:44:31.0
SELL-1763965655398-004492,TRADER-0492,FOREX,SELL,7.59,426,426,PENDING,2025-01-17 10:16:27.0
SELL-1763965655394-002422,TRADER-0422,EQUITY,SELL,304.48,41,41,PENDING,2025-01-16 09:25:42.0
SELL-1763965655402-006780,TRADER-0280,EQUITY,SELL,320.3,166,166,PENDING,2025-01-18 13:36:06.0
SELL-1763965655403-007381,TRADER-0381,EQUITY,SELL,371.68,114,114,PENDING,2025-01-18 21:03:05.0
SELL-1763965655398-004010,TRADER-0010,CRYPTO,SELL,3043.11,10,10,PENDING,2025-01-17 03:56:31.0
SELL-1763965655393-001658,TRADER-0158,CRYPTO,SELL,3110.53,2,2,PENDING,2025-01-15 23:54:12.0
SELL-1763965655392-001119,TRADER-0119,CRYPTO,SELL,4358.26,7,7,PENDING,2025-01-15 16:59:10.0
SELL-1763965655395-002558,TRADER-0058,EQUITY,SELL,379.04,23,23,PENDING,2025-01-16 11:00:54.0
SELL-1763965655397-003896,TRADER-0396,EQUITY,SELL,259.26,287,287,PENDING,2025-01-17 02:24:30.0
SELL-1763965655401-005945,TRADER-0445,EQUITY,SELL,460.52,192,192,PENDING,2025-01-18 03:50:16.0
SELL-1763965655392-001021,TRADER-0021,EQUITY,SELL,335.1,196,196,PENDING,2025-01-15 15:48:44.0
SELL-1763965655401-006179,TRADER-0179,CRYPTO,SELL,3149.0,9,9,PENDING,2025-01-18 06:19:53.0
SELL-1763965655401-006040,TRADER-0040,CRYPTO,SELL,2020.48,17,17,PENDING,2025-01-18 04:24:17.0
SELL-1763965655393-001819,TRADER-0319,CRYPTO,SELL,4908.03,8,8,PENDING,2025-01-16 01:45:48.0
SELL-1763965655392-000911,TRADER-0411,FOREX,SELL,7.21,162,162,PENDING,2025-01-15 15:21:35.0
SELL-1763965655400-005355,TRADER-0355,CRYPTO,SELL,2117.75,15,15,PENDING,2025-01-17 20:22:54.0
SELL-1763965655394-002110,TRADER-0110,CRYPTO,SELL,1940.67,10,10,PENDING,2025-01-16 04:57:22.0
SELL-1763965655397-003983,TRADER-0483,CRYPTO,SELL,2142.33,7,7,PENDING,2025-01-17 03:55:06.0
SELL-1763965655393-001664,TRADER-0164,CRYPTO,SELL,1913.24,14,14,PENDING,2025-01-15 23:28:22.0
SELL-1763965655402-006766,TRADER-0266,EQUITY,SELL,459.26,152,152,PENDING,2025-01-18 13:33:44.0
SELL-1763965655398-004280,TRADER-0280,FOREX,SELL,8.98,578,578,PENDING,2025-01-17 07:42:43.0
SELL-1763965655397-003790,TRADER-0290,CRYPTO,SELL,3265.48,4,4,PENDING,2025-01-17 01:03:33.0
SELL-1763965655401-005773,TRADER-0273,FOREX,SELL,9.25,618,618,PENDING,2025-01-18 01:00:49.0
SELL-1763965655394-002140,TRADER-0140,FOREX,SELL,6.97,175,175,PENDING,2025-01-16 05:47:30.0
SELL-1763965655397-003782,TRADER-0282,EQUITY,SELL,467.67,125,125,PENDING,2025-01-17 01:31:07.0
SELL-1763965655397-003804,TRADER-0304,EQUITY,SELL,478.01,44,44,PENDING,2025-01-17 01:11:32.0
SELL-1763965655396-003192,TRADER-0192,FOREX,SELL,9.53,947,947,PENDING,2025-01-16 18:35:58.0
SELL-1763965655392-000919,TRADER-0419,FOREX,SELL,8.19,596,596,PENDING,2025-01-15 14:56:17.0
SELL-1763965655399-005047,TRADER-0047,EQUITY,SELL,423.24,199,199,PENDING,2025-01-17 16:30:42.0
SELL-1763965655399-004879,TRADER-0379,EQUITY,SELL,490.29,51,51,PENDING,2025-01-17 14:06:56.0
SELL-1763965655395-002961,TRADER-0461,EQUITY,SELL,337.92,23,23,PENDING,2025-01-16 15:25:49.0
SELL-1763965655398-004329,TRADER-0329,FOREX,SELL,7.1,842,842,PENDING,2025-01-17 07:52:53.0
SELL-1763965655391-000518,TRADER-0018,FOREX,SELL,7.62,467,467,PENDING,2025-01-15 09:44:23.0
SELL-1763965655402-006443,TRADER-0443,EQUITY,SELL,482.43,4,4,PENDING,2025-01-18 09:35:56.0
SELL-1763965655393-001552,TRADER-0052,EQUITY,SELL,341.08,110,110,PENDING,2025-01-15 22:25:37.0
SELL-1763965655391-000803,TRADER-0303,CRYPTO,SELL,3955.57,8,8,PENDING,2025-01-15 14:01:29.0
SELL-1763965655401-005938,TRADER-0438,CRYPTO,SELL,3700.06,6,6,PENDING,2025-01-18 03:39:57.0
SELL-1763965655394-001985,TRADER-0485,EQUITY,SELL,298.35,210,210,PENDING,2025-01-16 03:51:24.0
SELL-1763965655402-006477,TRADER-0477,FOREX,SELL,8.1,147,147,PENDING,2025-01-18 10:07:22.0
SELL-1763965655393-001421,TRADER-0421,CRYPTO,SELL,4448.62,7,7,PENDING,2025-01-15 21:16:08.0
SELL-1763965655396-003106,TRADER-0106,EQUITY,SELL,360.03,148,148,PENDING,2025-01-16 17:22:48.0
SELL-1763965655393-001684,TRADER-0184,EQUITY,SELL,323.7,164,164,PENDING,2025-01-15 23:48:52.0
SELL-1763965655401-005986,TRADER-0486,CRYPTO,SELL,4778.76,2,2,PENDING,2025-01-18 03:58:33.0
SELL-1763965655393-001792,TRADER-0292,CRYPTO,SELL,3642.77,1,1,PENDING,2025-01-16 01:54:48.0
SELL-1763965655398-004491,TRADER-0491,EQUITY,SELL,281.53,90,90,PENDING,2025-01-17 10:21:47.0
SELL-1763965655400-005276,TRADER-0276,EQUITY,SELL,272.63,352,352,PENDING,2025-01-17 19:03:41.0
SELL-1763965655394-002122,TRADER-0122,EQUITY,SELL,383.55,178,178,PENDING,2025-01-16 05:12:21.0
SELL-1763965655399-004768,TRADER-0268,EQUITY,SELL,434.86,179,179,PENDING,2025-01-17 12:53:17.0
SELL-1763965655401-006110,TRADER-0110,CRYPTO,SELL,4256.39,1,1,PENDING,2025-01-18 05:10:31.0
SELL-1763965655395-002698,TRADER-0198,CRYPTO,SELL,4791.64,4,4,PENDING,2025-01-16 12:24:29.0
SELL-1763965655396-003092,TRADER-0092,EQUITY,SELL,496.03,131,131,PENDING,2025-01-16 17:32:07.0
SELL-1763965655402-006644,TRADER-0144,EQUITY,SELL,493.77,103,103,PENDING,2025-01-18 12:07:24.0
SELL-1763965655401-005762,TRADER-0262,CRYPTO,SELL,4831.67,10,10,PENDING,2025-01-18 01:04:51.0
SELL-1763965655400-005201,TRADER-0201,CRYPTO,SELL,3183.67,6,6,PENDING,2025-01-17 17:58:38.0
SELL-1763965655402-006856,TRADER-0356,EQUITY,SELL,273.6,148,148,PENDING,2025-01-18 14:03:20.0
SELL-1763965655391-000610,TRADER-0110,EQUITY,SELL,248.94,128,128,PENDING,2025-01-15 10:56:21.0
SELL-1763965655400-005126,TRADER-0126,EQUITY,SELL,339.45,222,222,PENDING,2025-01-17 17:38:52.0
SELL-1763965655399-004744,TRADER-0244,CRYPTO,SELL,2742.23,10,10,PENDING,2025-01-17 12:52:11.0
SELL-1763965655391-000602,TRADER-0102,EQUITY,SELL,250.51,228,228,PENDING,2025-01-15 11:00:34.0
SELL-1763965655398-004490,TRADER-0490,CRYPTO,SELL,2107.61,3,3,PENDING,2025-01-17 10:21:20.0
SELL-1763965655391-000821,TRADER-0321,EQUITY,SELL,312.64,182,182,PENDING,2025-01-15 14:05:58.0
SELL-1763965655391-000525,TRADER-0025,CRYPTO,SELL,2859.46,15,15,PENDING,2025-01-15 10:42:04.0
SELL-1763965655398-004183,TRADER-0183,CRYPTO,SELL,2480.59,6,6,PENDING,2025-01-17 06:25:54.0
SELL-1763965655394-002371,TRADER-0371,EQUITY,SELL,354.56,125,125,PENDING,2025-01-16 08:31:13.0
SELL-1763965655400-005395,TRADER-0395,FOREX,SELL,9.39,9,9,PENDING,2025-01-17 21:09:46.0
SELL-1763965655394-002044,TRADER-0044,EQUITY,SELL,457.84,31,31,PENDING,2025-01-16 04:46:24.0
SELL-1763965655398-004024,TRADER-0024,EQUITY,SELL,340.21,287,287,PENDING,2025-01-17 04:33:49.0
SELL-1763965655394-002340,TRADER-0340,EQUITY,SELL,435.16,225,225,PENDING,2025-01-16 07:49:51.0
SELL-1763965655394-002223,TRADER-0223,EQUITY,SELL,494.86,164,164,PENDING,2025-01-16 06:27:50.0
SELL-1763965655395-002707,TRADER-0207,CRYPTO,SELL,4087.53,4,4,PENDING,2025-01-16 12:17:41.0
SELL-1763965655397-003676,TRADER-0176,EQUITY,SELL,249.28,139,139,PENDING,2025-01-16 23:58:42.0
SELL-1763965655394-002251,TRADER-0251,CRYPTO,SELL,4431.8,1,1,PENDING,2025-01-16 06:50:45.0
SELL-1763965655402-006389,TRADER-0389,EQUITY,SELL,308.94,291,291,PENDING,2025-01-18 09:01:44.0
SELL-1763965655394-002072,TRADER-0072,EQUITY,SELL,293.98,84,84,PENDING,2025-01-16 05:09:38.0
SELL-1763965655391-000735,TRADER-0235,CRYPTO,SELL,1809.73,1,1,PENDING,2025-01-15 12:37:47.0
SELL-1763965655401-005769,TRADER-0269,EQUITY,SELL,454.02,157,157,PENDING,2025-01-18 01:16:29.0
SELL-1763965655399-004882,TRADER-0382,CRYPTO,SELL,4951.84,1,1,PENDING,2025-01-17 14:33:38.0
SELL-1763965655398-004170,TRADER-0170,FOREX,SELL,8.44,829,829,PENDING,2025-01-17 06:11:20.0
SELL-1763965655394-002057,TRADER-0057,CRYPTO,SELL,1420.07,1,1,PENDING,2025-01-16 04:58:56.0
SELL-1763965655396-003385,TRADER-0385,FOREX,SELL,7.79,240,240,PENDING,2025-01-16 20:37:28.0
SELL-1763965655402-006621,TRADER-0121,CRYPTO,SELL,2243.82,5,5,PENDING,2025-01-18 11:06:41.0
SELL-1763965655403-007279,TRADER-0279,FOREX,SELL,9.3,342,342,PENDING,2025-01-18 18:50:56.0
SELL-1763965655399-004700,TRADER-0200,EQUITY,SELL,309.77,256,256,PENDING,2025-01-17 12:15:36.0
SELL-1763965655401-006149,TRADER-0149,EQUITY,SELL,456.37,170,170,PENDING,2025-01-18 05:30:03.0
SELL-1763965655393-001486,TRADER-0486,CRYPTO,SELL,1914.96,1,1,PENDING,2025-01-15 21:20:50.0
SELL-1763965655391-000438,TRADER-0438,EQUITY,SELL,250.0,32,32,PENDING,2025-01-15 09:00:14.0
SELL-1763965655391-000674,TRADER-0174,EQUITY,SELL,445.87,4,4,PENDING,2025-01-15 12:11:23.0
SELL-1763965655392-001385,TRADER-0385,CRYPTO,SELL,3444.59,7,7,PENDING,2025-01-15 20:48:00.0
SELL-1763965655393-001584,TRADER-0084,FOREX,SELL,6.98,748,748,PENDING,2025-01-15 22:41:42.0
SELL-1763965655402-006844,TRADER-0344,CRYPTO,SELL,4393.87,5,5,PENDING,2025-01-18 14:12:37.0
SELL-1763965655392-001025,TRADER-0025,FOREX,SELL,7.57,967,967,PENDING,2025-01-15 16:46:28.0
SELL-1763965655393-001432,TRADER-0432,CRYPTO,SELL,4748.35,1,1,PENDING,2025-01-15 21:20:02.0
SELL-1763965655403-007109,TRADER-0109,EQUITY,SELL,308.49,36,36,PENDING,2025-01-18 17:47:49.0
SELL-1763965655391-000864,TRADER-0364,FOREX,SELL,7.12,477,477,PENDING,2025-01-15 14:13:53.0
SELL-1763965655396-003482,TRADER-0482,CRYPTO,SELL,3022.83,11,11,PENDING,2025-01-16 21:32:10.0
SELL-1763965655402-006565,TRADER-0065,EQUITY,SELL,327.96,202,202,PENDING,2025-01-18 11:08:32.0
SELL-1763965655394-002458,TRADER-0458,CRYPTO,SELL,3283.12,4,4,PENDING,2025-01-16 09:34:09.0
SELL-1763965655392-001145,TRADER-0145,FOREX,SELL,8.56,170,170,PENDING,2025-01-15 17:19:04.0
SELL-1763965655397-003736,TRADER-0236,CRYPTO,SELL,1832.19,7,7,PENDING,2025-01-17 00:47:25.0
SELL-1763965655392-001016,TRADER-0016,CRYPTO,SELL,4433.33,8,8,PENDING,2025-01-15 16:33:31.0
SELL-1763965655402-006776,TRADER-0276,CRYPTO,SELL,3037.86,3,3,PENDING,2025-01-18 13:21:38.0
SELL-1763965655399-005106,TRADER-0106,CRYPTO,SELL,4398.22,6,6,PENDING,2025-01-17 17:05:33.0
SELL-1763965655391-000540,TRADER-0040,CRYPTO,SELL,4905.89,7,7,PENDING,2025-01-15 10:46:25.0
SELL-1763965655398-004088,TRADER-0088,CRYPTO,SELL,1637.53,19,19,PENDING,2025-01-17 05:02:59.0
SELL-1763965655396-003219,TRADER-0219,EQUITY,SELL,247.14,25,25,PENDING,2025-01-16 18:33:02.0
SELL-1763965655390-000312,TRADER-0312,EQUITY,SELL,250.0,45,45,PENDING,2025-01-15 08:01:42.0
SELL-1763965655402-006508,TRADER-0008,CRYPTO,SELL,2005.07,10,10,PENDING,2025-01-18 10:22:09.0
SELL-1763965655401-006275,TRADER-0275,CRYPTO,SELL,2927.4,9,9,PENDING,2025-01-18 06:58:41.0
SELL-1763965655395-002842,TRADER-0342,CRYPTO,SELL,3345.66,13,13,PENDING,2025-01-16 14:18:59.0
SELL-1763965655396-003414,TRADER-0414,EQUITY,SELL,256.01,120,120,PENDING,2025-01-16 20:53:19.0
SELL-1763965655400-005602,TRADER-0102,CRYPTO,SELL,2931.24,10,10,PENDING,2025-01-17 22:59:56.0
SELL-1763965655393-001422,TRADER-0422,CRYPTO,SELL,2382.03,17,17,PENDING,2025-01-15 20:41:04.0
SELL-1763965655392-000937,TRADER-0437,CRYPTO,SELL,1719.6,21,21,PENDING,2025-01-15 15:08:41.0
SELL-1763965655403-007095,TRADER-0095,CRYPTO,SELL,1667.52,17,17,PENDING,2025-01-18 17:30:40.0
SELL-1763965655396-003098,TRADER-0098,CRYPTO,SELL,3629.6,3,3,PENDING,2025-01-16 17:02:29.0
SELL-1763965655393-001435,TRADER-0435,CRYPTO,SELL,4700.97,6,6,PENDING,2025-01-15 21:12:57.0
SELL-1763965655395-002933,TRADER-0433,CRYPTO,SELL,2886.83,11,11,PENDING,2025-01-16 15:28:02.0
SELL-1763965655395-002614,TRADER-0114,CRYPTO,SELL,2359.67,20,20,PENDING,2025-01-16 11:17:53.0
SELL-1763965655397-003823,TRADER-0323,CRYPTO,SELL,4562.59,2,2,PENDING,2025-01-17 02:13:12.0
SELL-1763965655396-003119,TRADER-0119,FOREX,SELL,7.38,733,733,PENDING,2025-01-16 16:55:47.0
SELL-1763965655398-004154,TRADER-0154,EQUITY,SELL,473.34,148,148,PENDING,2025-01-17 05:26:39.0
SELL-1763965655403-007013,TRADER-0013,FOREX,SELL,6.86,911,911,PENDING,2025-01-18 16:31:23.0
SELL-1763965655398-004515,TRADER-0015,CRYPTO,SELL,2655.06,5,5,PENDING,2025-01-17 09:57:16.0
SELL-1763965655400-005404,TRADER-0404,FOREX,SELL,7.58,829,829,PENDING,2025-01-17 21:00:50.0
SELL-1763965655401-006147,TRADER-0147,CRYPTO,SELL,3826.78,8,8,PENDING,2025-01-18 05:32:20.0
SELL-1763965655394-002119,TRADER-0119,EQUITY,SELL,348.44,161,161,PENDING,2025-01-16 05:35:47.0
SELL-1763965655400-005270,TRADER-0270,EQUITY,SELL,312.87,207,207,PENDING,2025-01-17 19:30:39.0
SELL-1763965655401-006003,TRADER-0003,CRYPTO,SELL,4648.27,5,5,PENDING,2025-01-18 04:12:00.0
SELL-1763965655394-002116,TRADER-0116,CRYPTO,SELL,4506.78,6,6,PENDING,2025-01-16 05:10:07.0
SELL-1763965655401-005862,TRADER-0362,CRYPTO,SELL,3445.27,13,13,PENDING,2025-01-18 02:39:06.0
SELL-1763965655394-002243,TRADER-0243,FOREX,SELL,9.54,983,983,PENDING,2025-01-16 07:20:24.0
SELL-1763965655402-006912,TRADER-0412,EQUITY,SELL,253.67,249,249,PENDING,2025-01-18 15:08:53.0
SELL-1763965655403-006989,TRADER-0489,FOREX,SELL,7.57,693,693,PENDING,2025-01-18 16:08:09.0
SELL-1763965655403-007121,TRADER-0121,FOREX,SELL,8.35,706,706,PENDING,2025-01-18 17:08:24.0
SELL-1763965655392-001316,TRADER-0316,CRYPTO,SELL,4291.64,3,3,PENDING,2025-01-15 19:34:58.0
SELL-1763965655396-003371,TRADER-0371,CRYPTO,SELL,1925.55,20,20,PENDING,2025-01-16 20:02:40.0
SELL-1763965655392-001125,TRADER-0125,CRYPTO,SELL,4400.24,6,6,PENDING,2025-01-15 17:45:33.0
SELL-1763965655397-003531,TRADER-0031,FOREX,SELL,7.52,840,840,PENDING,2025-01-16 22:36:59.0
SELL-1763965655403-007343,TRADER-0343,EQUITY,SELL,360.74,203,203,PENDING,2025-01-18 20:28:51.0
SELL-1763965655397-003934,TRADER-0434,EQUITY,SELL,461.72,180,180,PENDING,2025-01-17 02:57:17.0
SELL-1763965655400-005244,TRADER-0244,CRYPTO,SELL,2014.57,11,11,PENDING,2025-01-17 18:53:20.0
SELL-1763965655393-001938,TRADER-0438,CRYPTO,SELL,4664.62,10,10,PENDING,2025-01-16 03:22:32.0
SELL-1763965655400-005249,TRADER-0249,FOREX,SELL,9.68,124,124,PENDING,2025-01-17 18:45:52.0
SELL-1763965655399-004962,TRADER-0462,EQUITY,SELL,492.28,188,188,PENDING,2025-01-17 15:41:55.0
SELL-1763965655400-005122,TRADER-0122,EQUITY,SELL,358.0,165,165,PENDING,2025-01-17 17:23:10.0
SELL-1763965655399-004698,TRADER-0198,CRYPTO,SELL,2521.38,2,2,PENDING,2025-01-17 12:15:11.0
SELL-1763965655395-002900,TRADER-0400,EQUITY,SELL,310.26,277,277,PENDING,2025-01-16 14:53:18.0
SELL-1763965655395-002844,TRADER-0344,EQUITY,SELL,428.12,194,194,PENDING,2025-01-16 14:29:52.0
SELL-1763965655392-001116,TRADER-0116,CRYPTO,SELL,2911.48,9,9,PENDING,2025-01-15 17:10:11.0
SELL-1763965655395-002589,TRADER-0089,CRYPTO,SELL,1629.24,6,6,PENDING,2025-01-16 11:11:12.0
SELL-1763965655401-006156,TRADER-0156,CRYPTO,SELL,2255.64,18,18,PENDING,2025-01-18 06:12:59.0
SELL-1763965655394-002323,TRADER-0323,CRYPTO,SELL,1815.21,8,8,PENDING,2025-01-16 08:03:24.0
SELL-1763965655401-005774,TRADER-0274,EQUITY,SELL,316.05,274,274,PENDING,2025-01-18 01:18:00.0
SELL-1763965655401-006194,TRADER-0194,CRYPTO,SELL,4177.85,3,3,PENDING,2025-01-18 06:38:40.0
SELL-1763965655398-004498,TRADER-0498,FOREX,SELL,9.21,739,739,PENDING,2025-01-17 10:06:49.0
SELL-1763965655395-002724,TRADER-0224,CRYPTO,SELL,4728.41,10,10,PENDING,2025-01-16 12:26:42.0
SELL-1763965655393-001593,TRADER-0093,CRYPTO,SELL,3247.68,12,12,PENDING,2025-01-15 23:06:30.0
SELL-1763965655402-006775,TRADER-0275,CRYPTO,SELL,1193.59,31,31,PENDING,2025-01-18 13:20:59.0
SELL-1763965655402-006737,TRADER-0237,FOREX,SELL,9.14,775,775,PENDING,2025-01-18 13:04:19.0
SELL-1763965655400-005495,TRADER-0495,FOREX,SELL,8.51,402,402,PENDING,2025-01-17 22:07:44.0
SELL-1763965655392-001086,TRADER-0086,FOREX,SELL,9.97,115,115,PENDING,2025-01-15 17:13:46.0
SELL-1763965655393-001656,TRADER-0156,EQUITY,SELL,380.47,163,163,PENDING,2025-01-15 23:40:50.0
SELL-1763965655401-006082,TRADER-0082,EQUITY,SELL,294.73,102,102,PENDING,2025-01-18 04:58:54.0
SELL-1763965655400-005222,TRADER-0222,CRYPTO,SELL,2399.95,13,13,PENDING,2025-01-17 18:34:37.0
SELL-1763965655403-007122,TRADER-0122,CRYPTO,SELL,1798.06,7,7,PENDING,2025-01-18 17:29:28.0
SELL-1763965655403-007240,TRADER-0240,FOREX,SELL,7.53,254,254,PENDING,2025-01-18 18:36:53.0
SELL-1763965655399-005003,TRADER-0003,EQUITY,SELL,478.57,155,155,PENDING,2025-01-17 15:45:33.0
SELL-1763965655394-002279,TRADER-0279,FOREX,SELL,8.36,974,974,PENDING,2025-01-16 07:22:02.0
SELL-1763965655391-000853,TRADER-0353,EQUITY,SELL,315.88,299,299,PENDING,2025-01-15 14:07:19.0
SELL-1763965655397-003756,TRADER-0256,CRYPTO,SELL,4071.08,3,3,PENDING,2025-01-17 00:34:28.0
SELL-1763965655393-001678,TRADER-0178,EQUITY,SELL,260.37,333,333,PENDING,2025-01-16 00:09:49.0
SELL-1763965655399-004640,TRADER-0140,CRYPTO,SELL,2034.66,4,4,PENDING,2025-01-17 11:47:19.0
SELL-1763965655402-006843,TRADER-0343,CRYPTO,SELL,4606.99,10,10,PENDING,2025-01-18 13:52:52.0
SELL-1763965655400-005617,TRADER-0117,FOREX,SELL,8.9,986,986,PENDING,2025-01-17 23:33:37.0
SELL-1763965655390-000180,TRADER-0180,EQUITY,SELL,300.0,97,97,PENDING,2025-01-15 05:47:58.0
SELL-1763965655394-002333,TRADER-0333,CRYPTO,SELL,1866.29,11,11,PENDING,2025-01-16 08:16:34.0
SELL-1763965655399-004968,TRADER-0468,CRYPTO,SELL,2013.15,1,1,PENDING,2025-01-17 15:08:49.0
SELL-1763965655396-003422,TRADER-0422,EQUITY,SELL,326.12,40,40,PENDING,2025-01-16 21:14:06.0
SELL-1763965655396-003274,TRADER-0274,CRYPTO,SELL,1429.48,29,29,PENDING,2025-01-16 19:32:16.0
SELL-1763965655401-006215,TRADER-0215,CRYPTO,SELL,1680.43,14,14,PENDING,2025-01-18 06:19:38.0
SELL-1763965655399-004675,TRADER-0175,FOREX,SELL,8.18,727,727,PENDING,2025-01-17 11:50:52.0
SELL-1763965655395-002731,TRADER-0231,EQUITY,SELL,414.86,151,151,PENDING,2025-01-16 13:08:13.0
SELL-1763965655397-003958,TRADER-0458,FOREX,SELL,8.3,288,288,PENDING,2025-01-17 03:37:35.0
SELL-1763965655399-004607,TRADER-0107,FOREX,SELL,8.52,733,733,PENDING,2025-01-17 11:11:22.0
SELL-1763965655400-005125,TRADER-0125,EQUITY,SELL,402.46,226,226,PENDING,2025-01-17 17:25:19.0
SELL-1763965655398-004056,TRADER-0056,EQUITY,SELL,274.25,128,128,PENDING,2025-01-17 05:09:36.0
SELL-1763965655398-004286,TRADER-0286,CRYPTO,SELL,4504.56,5,5,PENDING,2025-01-17 07:30:46.0
SELL-1763965655397-003883,TRADER-0383,FOREX,SELL,8.48,259,259,PENDING,2025-01-17 02:17:14.0
SELL-1763965655399-004803,TRADER-0303,CRYPTO,SELL,1935.65,14,14,PENDING,2025-01-17 13:25:29.0
SELL-1763965655400-005377,TRADER-0377,EQUITY,SELL,468.38,17,17,PENDING,2025-01-17 20:50:45.0
SELL-1763965655400-005623,TRADER-0123,FOREX,SELL,8.95,581,581,PENDING,2025-01-17 23:07:02.0
SELL-1763965655394-002285,TRADER-0285,EQUITY,SELL,273.84,281,281,PENDING,2025-01-16 07:47:43.0
SELL-1763965655393-001676,TRADER-0176,FOREX,SELL,9.34,984,984,PENDING,2025-01-15 23:54:30.0
SELL-1763965655402-006347,TRADER-0347,CRYPTO,SELL,1691.79,22,22,PENDING,2025-01-18 07:54:55.0
SELL-1763965655391-000783,TRADER-0283,CRYPTO,SELL,3322.74,6,6,PENDING,2025-01-15 13:49:01.0
SELL-1763965655400-005366,TRADER-0366,CRYPTO,SELL,4213.18,11,11,PENDING,2025-01-17 20:31:03.0
SELL-1763965655399-005098,TRADER-0098,EQUITY,SELL,427.6,189,189,PENDING,2025-01-17 17:24:03.0
SELL-1763965655400-005463,TRADER-0463,CRYPTO,SELL,2444.38,1,1,PENDING,2025-01-17 21:26:03.0
SELL-1763965655401-006230,TRADER-0230,EQUITY,SELL,350.52,249,249,PENDING,2025-01-18 06:20:30.0
SELL-1763965655395-002590,TRADER-0090,FOREX,SELL,9.24,16,16,PENDING,2025-01-16 10:46:58.0
SELL-1763965655396-003441,TRADER-0441,EQUITY,SELL,437.29,75,75,PENDING,2025-01-16 21:06:36.0
SELL-1763965655395-002739,TRADER-0239,CRYPTO,SELL,2977.4,13,13,PENDING,2025-01-16 13:16:01.0
SELL-1763965655398-004043,TRADER-0043,CRYPTO,SELL,3986.13,7,7,PENDING,2025-01-17 05:00:14.0
SELL-1763965655392-001135,TRADER-0135,CRYPTO,SELL,2160.81,3,3,PENDING,2025-01-15 18:03:36.0
SELL-1763965655396-003401,TRADER-0401,CRYPTO,SELL,4066.26,6,6,PENDING,2025-01-16 21:16:08.0
SELL-1763965655393-001688,TRADER-0188,FOREX,SELL,9.91,353,353,PENDING,2025-01-16 00:02:43.0
SELL-1763965655403-007126,TRADER-0126,CRYPTO,SELL,3050.15,14,14,PENDING,2025-01-18 17:53:18.0
SELL-1763965655399-004582,TRADER-0082,CRYPTO,SELL,4809.99,5,5,PENDING,2025-01-17 10:38:41.0
SELL-1763965655402-006867,TRADER-0367,CRYPTO,SELL,3523.04,13,13,PENDING,2025-01-18 14:06:43.0
SELL-1763965655397-003554,TRADER-0054,FOREX,SELL,8.69,326,326,PENDING,2025-01-16 22:31:52.0
SELL-1763965655398-004369,TRADER-0369,EQUITY,SELL,281.78,243,243,PENDING,2025-01-17 07:59:57.0
SELL-1763965655397-004004,TRADER-0004,CRYPTO,SELL,4050.76,2,2,PENDING,2025-01-17 04:27:48.0
SELL-1763965655400-005678,TRADER-0178,EQUITY,SELL,320.32,86,86,PENDING,2025-01-18 00:21:25.0
SELL-1763965655396-003349,TRADER-0349,EQUITY,SELL,272.13,49,49,PENDING,2025-01-16 19:44:14.0
SELL-1763965655397-003715,TRADER-0215,EQUITY,SELL,386.42,239,239,PENDING,2025-01-17 00:36:36.0
SELL-1763965655396-003163,TRADER-0163,CRYPTO,SELL,3912.49,10,10,PENDING,2025-01-16 17:56:36.0
SELL-1763965655395-002568,TRADER-0068,FOREX,SELL,9.55,621,621,PENDING,2025-01-16 11:14:33.0
SELL-1763965655402-006639,TRADER-0139,CRYPTO,SELL,1776.71,25,25,PENDING,2025-01-18 12:02:26.0
SELL-1763965655401-005792,TRADER-0292,CRYPTO,SELL,2637.39,15,15,PENDING,2025-01-18 01:09:01.0
SELL-1763965655401-005942,TRADER-0442,CRYPTO,SELL,3213.57,7,7,PENDING,2025-01-18 03:09:53.0
SELL-1763965655391-000714,TRADER-0214,CRYPTO,SELL,2481.16,13,13,PENDING,2025-01-15 12:50:59.0
SELL-1763965655401-005998,TRADER-0498,CRYPTO,SELL,1933.97,8,8,PENDING,2025-01-18 04:10:52.0
SELL-1763965655403-007219,TRADER-0219,CRYPTO,SELL,2015.09,10,10,PENDING,2025-01-18 18:45:10.0
SELL-1763965655401-005746,TRADER-0246,EQUITY,SELL,478.94,105,105,PENDING,2025-01-18 01:01:54.0
SELL-1763965655403-007123,TRADER-0123,FOREX,SELL,9.51,956,956,PENDING,2025-01-18 17:07:04.0
SELL-1763965655395-002543,TRADER-0043,CRYPTO,SELL,2450.14,1,1,PENDING,2025-01-16 10:06:28.0
SELL-1763965655393-001810,TRADER-0310,CRYPTO,SELL,3394.37,12,12,PENDING,2025-01-16 01:50:39.0
SELL-1763965655396-003279,TRADER-0279,CRYPTO,SELL,1581.02,25,25,PENDING,2025-01-16 19:14:59.0
SELL-1763965655391-000488,TRADER-0488,EQUITY,SELL,300.0,87,87,PENDING,2025-01-15 09:31:47.0
SELL-1763965655402-006448,TRADER-0448,CRYPTO,SELL,4112.56,10,10,PENDING,2025-01-18 09:28:03.0
SELL-1763965655392-000917,TRADER-0417,CRYPTO,SELL,1606.95,5,5,PENDING,2025-01-15 15:14:54.0
SELL-1763965655401-006163,TRADER-0163,CRYPTO,SELL,3678.4,1,1,PENDING,2025-01-18 05:43:04.0
SELL-1763965655400-005292,TRADER-0292,FOREX,SELL,7.23,770,770,PENDING,2025-01-17 19:04:44.0
SELL-1763965655391-000788,TRADER-0288,EQUITY,SELL,498.97,165,165,PENDING,2025-01-15 13:56:43.0
SELL-1763965655397-003995,TRADER-0495,EQUITY,SELL,404.47,106,106,PENDING,2025-01-17 03:48:21.0
SELL-1763965655401-006123,TRADER-0123,FOREX,SELL,7.56,230,230,PENDING,2025-01-18 05:02:35.0
SELL-1763965655399-004970,TRADER-0470,FOREX,SELL,8.78,120,120,PENDING,2025-01-17 16:02:26.0
SELL-1763965655393-001466,TRADER-0466,EQUITY,SELL,275.89,168,168,PENDING,2025-01-15 21:43:42.0
SELL-1763965655393-001571,TRADER-0071,CRYPTO,SELL,4840.69,9,9,PENDING,2025-01-15 23:07:12.0
SELL-1763965655402-006616,TRADER-0116,CRYPTO,SELL,3407.69,5,5,PENDING,2025-01-18 10:58:58.0
SELL-1763965655397-003516,TRADER-0016,CRYPTO,SELL,4634.76,5,5,PENDING,2025-01-16 21:44:31.0
SELL-1763965655391-000650,TRADER-0150,CRYPTO,SELL,4248.36,7,7,PENDING,2025-01-15 11:52:55.0
SELL-1763965655398-004111,TRADER-0111,CRYPTO,SELL,3622.39,12,12,PENDING,2025-01-17 04:59:12.0
SELL-1763965655397-003752,TRADER-0252,FOREX,SELL,8.13,92,92,PENDING,2025-01-17 01:29:33.0
SELL-1763965655399-005045,TRADER-0045,FOREX,SELL,7.48,526,526,PENDING,2025-01-17 16:57:00.0
SELL-1763965655400-005674,TRADER-0174,CRYPTO,SELL,4234.11,4,4,PENDING,2025-01-17 23:54:51.0
SELL-1763965655394-001995,TRADER-0495,CRYPTO,SELL,2939.33,6,6,PENDING,2025-01-16 04:12:12.0
SELL-1763965655403-007020,TRADER-0020,FOREX,SELL,8.01,573,573,PENDING,2025-01-18 16:10:43.0
SELL-1763965655392-001099,TRADER-0099,FOREX,SELL,8.75,70,70,PENDING,2025-01-15 17:32:23.0
SELL-1763965655397-003945,TRADER-0445,EQUITY,SELL,303.93,277,277,PENDING,2025-01-17 03:32:11.0
SELL-1763965655397-003693,TRADER-0193,CRYPTO,SELL,2731.06,18,18,PENDING,2025-01-17 00:18:25.0
SELL-1763965655394-001963,TRADER-0463,FOREX,SELL,9.16,783,783,PENDING,2025-01-16 03:47:26.0
SELL-1763965655403-007057,TRADER-0057,EQUITY,SELL,276.61,125,125,PENDING,2025-01-18 16:30:17.0
SELL-1763965655403-007007,TRADER-0007,CRYPTO,SELL,4826.56,5,5,PENDING,2025-01-18 15:51:44.0
SELL-1763965655393-001937,TRADER-0437,CRYPTO,SELL,3752.17,6,6,PENDING,2025-01-16 03:37:31.0
SELL-1763965655398-004349,TRADER-0349,CRYPTO,SELL,4270.3,10,10,PENDING,2025-01-17 08:20:47.0
SELL-1763965655399-004741,TRADER-0241,FOREX,SELL,9.14,778,778,PENDING,2025-01-17 13:02:54.0
SELL-1763965655399-004545,TRADER-0045,CRYPTO,SELL,2758.65,16,16,PENDING,2025-01-17 10:31:05.0
SELL-1763965655398-004134,TRADER-0134,CRYPTO,SELL,1237.28,18,18,PENDING,2025-01-17 05:27:22.0
SELL-1763965655401-006146,TRADER-0146,EQUITY,SELL,499.14,104,104,PENDING,2025-01-18 05:29:36.0
SELL-1763965655391-000653,TRADER-0153,FOREX,SELL,6.88,118,118,PENDING,2025-01-15 11:29:28.0
SELL-1763965655400-005368,TRADER-0368,EQUITY,SELL,434.28,126,126,PENDING,2025-01-17 20:36:20.0
SELL-1763965655397-003777,TRADER-0277,FOREX,SELL,7.65,289,289,PENDING,2025-01-17 01:48:59.0
SELL-1763965655393-001752,TRADER-0252,CRYPTO,SELL,2550.66,17,17,PENDING,2025-01-16 01:28:25.0
SELL-1763965655403-007077,TRADER-0077,EQUITY,SELL,283.12,320,320,PENDING,2025-01-18 16:48:41.0
SELL-1763965655394-001986,TRADER-0486,EQUITY,SELL,277.17,159,159,PENDING,2025-01-16 04:01:52.0
SELL-1763965655394-002257,TRADER-0257,FOREX,SELL,8.82,546,546,PENDING,2025-01-16 06:41:28.0
SELL-1763965655399-004667,TRADER-0167,EQUITY,SELL,403.42,200,200,PENDING,2025-01-17 11:32:05.0
SELL-1763965655392-001087,TRADER-0087,CRYPTO,SELL,4219.43,11,11,PENDING,2025-01-15 17:03:12.0
SELL-1763965655394-002366,TRADER-0366,CRYPTO,SELL,3202.43,9,9,PENDING,2025-01-16 07:59:57.0
SELL-1763965655403-007392,TRADER-0392,CRYPTO,SELL,3181.05,14,14,PENDING,2025-01-18 20:33:35.0
SELL-1763965655395-002648,TRADER-0148,FOREX,SELL,7.56,767,767,PENDING,2025-01-16 11:53:29.0
SELL-1763965655400-005642,TRADER-0142,CRYPTO,SELL,2998.35,3,3,PENDING,2025-01-17 23:56:24.0
SELL-1763965655398-004132,TRADER-0132,CRYPTO,SELL,1688.82,22,22,PENDING,2025-01-17 05:43:48.0
SELL-1763965655401-005793,TRADER-0293,FOREX,SELL,7.92,27,27,PENDING,2025-01-18 01:30:54.0
SELL-1763965655395-002675,TRADER-0175,CRYPTO,SELL,3840.83,13,13,PENDING,2025-01-16 12:04:01.0
SELL-1763965655399-004726,TRADER-0226,CRYPTO,SELL,1979.67,9,9,PENDING,2025-01-17 12:54:48.0
SELL-1763965655392-001333,TRADER-0333,EQUITY,SELL,256.94,176,176,PENDING,2025-01-15 19:55:39.0
SELL-1763965655401-006178,TRADER-0178,CRYPTO,SELL,4749.22,8,8,PENDING,2025-01-18 06:05:34.0
SELL-1763965655392-001007,TRADER-0007,EQUITY,SELL,372.34,254,254,PENDING,2025-01-15 16:20:06.0
SELL-1763965655400-005147,TRADER-0147,CRYPTO,SELL,2820.7,1,1,PENDING,2025-01-17 17:40:15.0
SELL-1763965655402-006711,TRADER-0211,EQUITY,SELL,404.12,218,218,PENDING,2025-01-18 12:34:59.0
SELL-1763965655393-001894,TRADER-0394,FOREX,SELL,7.6,587,587,PENDING,2025-01-16 02:47:57.0
SELL-1763965655393-001606,TRADER-0106,FOREX,SELL,7.9,667,667,PENDING,2025-01-15 23:02:26.0
SELL-1763965655392-001344,TRADER-0344,CRYPTO,SELL,3600.38,6,6,PENDING,2025-01-15 19:48:18.0
SELL-1763965655392-001373,TRADER-0373,CRYPTO,SELL,1080.42,17,17,PENDING,2025-01-15 20:48:46.0
SELL-1763965655403-006983,TRADER-0483,EQUITY,SELL,388.01,119,119,PENDING,2025-01-18 16:16:13.0
SELL-1763965655403-007358,TRADER-0358,CRYPTO,SELL,1951.48,1,1,PENDING,2025-01-18 20:43:54.0
SELL-1763965655392-001084,TRADER-0084,CRYPTO,SELL,4332.21,3,3,PENDING,2025-01-15 16:57:02.0
SELL-1763965655392-001130,TRADER-0130,EQUITY,SELL,469.9,179,179,PENDING,2025-01-15 17:03:38.0
SELL-1763965655392-000947,TRADER-0447,EQUITY,SELL,348.99,139,139,PENDING,2025-01-15 15:26:38.0
SELL-1763965655391-000546,TRADER-0046,EQUITY,SELL,233.62,267,267,PENDING,2025-01-15 10:30:02.0
SELL-1763965655395-002542,TRADER-0042,CRYPTO,SELL,2718.9,9,9,PENDING,2025-01-16 10:28:40.0
SELL-1763965655399-004969,TRADER-0469,CRYPTO,SELL,3105.06,13,13,PENDING,2025-01-17 16:04:42.0
SELL-1763965655393-001746,TRADER-0246,CRYPTO,SELL,1098.88,5,5,PENDING,2025-01-16 01:00:21.0
SELL-1763965655401-005740,TRADER-0240,EQUITY,SELL,269.55,176,176,PENDING,2025-01-18 00:50:48.0
SELL-1763965655402-006938,TRADER-0438,CRYPTO,SELL,3485.45,6,6,PENDING,2025-01-18 15:08:40.0
SELL-1763965655394-002235,TRADER-0235,EQUITY,SELL,298.31,182,182,PENDING,2025-01-16 07:09:59.0
SELL-1763965655403-007218,TRADER-0218,EQUITY,SELL,361.15,153,153,PENDING,2025-01-18 18:19:16.0
SELL-1763965655398-004252,TRADER-0252,EQUITY,SELL,344.14,71,71,PENDING,2025-01-17 06:58:02.0
SELL-1763965655394-002318,TRADER-0318,EQUITY,SELL,360.36,103,103,PENDING,2025-01-16 07:56:00.0
SELL-1763965655392-001123,TRADER-0123,CRYPTO,SELL,4819.35,5,5,PENDING,2025-01-15 17:01:22.0
SELL-1763965655391-000839,TRADER-0339,FOREX,SELL,8.71,251,251,PENDING,2025-01-15 13:36:22.0
SELL-1763965655399-004835,TRADER-0335,CRYPTO,SELL,2788.3,15,15,PENDING,2025-01-17 14:30:42.0
SELL-1763965655393-001677,TRADER-0177,FOREX,SELL,9.51,256,256,PENDING,2025-01-16 00:26:07.0
SELL-1763965655394-002081,TRADER-0081,CRYPTO,SELL,2420.61,5,5,PENDING,2025-01-16 04:45:12.0
SELL-1763965655395-002957,TRADER-0457,EQUITY,SELL,232.51,116,116,PENDING,2025-01-16 15:39:12.0
SELL-1763965655391-000513,TRADER-0013,EQUITY,SELL,444.67,52,52,PENDING,2025-01-15 09:40:32.0
SELL-1763965655401-006054,TRADER-0054,CRYPTO,SELL,4231.06,7,7,PENDING,2025-01-18 04:18:39.0
SELL-1763965655393-001817,TRADER-0317,FOREX,SELL,6.96,722,722,PENDING,2025-01-16 01:25:49.0
SELL-1763965655402-006379,TRADER-0379,FOREX,SELL,8.36,710,710,PENDING,2025-01-18 08:53:35.0
SELL-1763965655397-003537,TRADER-0037,EQUITY,SELL,330.91,109,109,PENDING,2025-01-16 22:02:19.0
SELL-1763965655400-005421,TRADER-0421,FOREX,SELL,8.61,669,669,PENDING,2025-01-17 20:57:36.0
SELL-1763965655394-002028,TRADER-0028,EQUITY,SELL,381.84,110,110,PENDING,2025-01-16 04:38:06.0
SELL-1763965655397-003659,TRADER-0159,CRYPTO,SELL,1928.63,25,25,PENDING,2025-01-17 00:02:48.0
SELL-1763965655398-004246,TRADER-0246,FOREX,SELL,9.47,227,227,PENDING,2025-01-17 06:39:43.0
SELL-1763965655401-006188,TRADER-0188,CRYPTO,SELL,3173.48,3,3,PENDING,2025-01-18 05:54:41.0
SELL-1763965655401-006174,TRADER-0174,FOREX,SELL,9.78,831,831,PENDING,2025-01-18 05:52:16.0
SELL-1763965655402-006937,TRADER-0437,CRYPTO,SELL,4618.62,9,9,PENDING,2025-01-18 14:54:48.0
SELL-1763965655399-004874,TRADER-0374,CRYPTO,SELL,2273.8,19,19,PENDING,2025-01-17 14:51:45.0
SELL-1763965655397-003682,TRADER-0182,EQUITY,SELL,484.3,137,137,PENDING,2025-01-17 00:11:32.0
SELL-1763965655398-004298,TRADER-0298,CRYPTO,SELL,3750.24,7,7,PENDING,2025-01-17 07:21:03.0
SELL-1763965655403-007302,TRADER-0302,CRYPTO,SELL,2382.14,4,4,PENDING,2025-01-18 19:53:43.0
SELL-1763965655394-002248,TRADER-0248,FOREX,SELL,8.81,253,253,PENDING,2025-01-16 06:35:38.0
SELL-1763965655395-002768,TRADER-0268,EQUITY,SELL,422.85,52,52,PENDING,2025-01-16 12:47:25.0
SELL-1763965655400-005176,TRADER-0176,FOREX,SELL,8.2,339,339,PENDING,2025-01-17 17:42:55.0
SELL-1763965655395-002667,TRADER-0167,EQUITY,SELL,478.18,70,70,PENDING,2025-01-16 11:57:26.0
SELL-1763965655392-001164,TRADER-0164,FOREX,SELL,9.96,279,279,PENDING,2025-01-15 18:04:07.0
SELL-1763965655393-001626,TRADER-0126,FOREX,SELL,6.53,957,957,PENDING,2025-01-15 23:19:47.0
SELL-1763965655398-004128,TRADER-0128,FOREX,SELL,9.71,728,728,PENDING,2025-01-17 05:24:25.0
SELL-1763965655393-001652,TRADER-0152,FOREX,SELL,7.58,45,45,PENDING,2025-01-15 23:32:40.0
SELL-1763965655400-005207,TRADER-0207,FOREX,SELL,7.45,451,451,PENDING,2025-01-17 18:07:52.0
SELL-1763965655401-006108,TRADER-0108,CRYPTO,SELL,2568.89,10,10,PENDING,2025-01-18 05:03:58.0
SELL-1763965655398-004250,TRADER-0250,CRYPTO,SELL,1679.74,3,3,PENDING,2025-01-17 07:23:20.0
SELL-1763965655398-004388,TRADER-0388,FOREX,SELL,9.42,858,858,PENDING,2025-01-17 08:40:55.0
SELL-1763965655400-005332,TRADER-0332,CRYPTO,SELL,4655.89,4,4,PENDING,2025-01-17 19:36:39.0
SELL-1763965655392-000965,TRADER-0465,CRYPTO,SELL,4040.63,4,4,PENDING,2025-01-15 15:38:53.0
SELL-1763965655399-004810,TRADER-0310,FOREX,SELL,7.69,263,263,PENDING,2025-01-17 13:18:16.0
SELL-1763965655402-006865,TRADER-0365,CRYPTO,SELL,4772.04,1,1,PENDING,2025-01-18 14:42:59.0
SELL-1763965655403-007338,TRADER-0338,EQUITY,SELL,346.23,129,129,PENDING,2025-01-18 20:01:31.0
SELL-1763965655401-006057,TRADER-0057,CRYPTO,SELL,1627.37,29,29,PENDING,2025-01-18 04:51:11.0
SELL-1763965655396-003338,TRADER-0338,CRYPTO,SELL,1075.43,9,9,PENDING,2025-01-16 19:52:41.0
SELL-1763965655401-005802,TRADER-0302,EQUITY,SELL,470.3,201,201,PENDING,2025-01-18 01:20:46.0
SELL-1763965655395-002655,TRADER-0155,CRYPTO,SELL,3992.26,4,4,PENDING,2025-01-16 11:39:36.0
SELL-1763965655392-001227,TRADER-0227,CRYPTO,SELL,1388.37,6,6,PENDING,2025-01-15 18:31:02.0
SELL-1763965655400-005663,TRADER-0163,CRYPTO,SELL,4969.17,3,3,PENDING,2025-01-17 23:37:07.0
SELL-1763965655394-002180,TRADER-0180,FOREX,SELL,6.87,455,455,PENDING,2025-01-16 06:35:10.0
SELL-1763965655399-005002,TRADER-0002,EQUITY,SELL,245.45,282,282,PENDING,2025-01-17 15:55:52.0
SELL-1763965655399-004657,TRADER-0157,EQUITY,SELL,421.13,71,71,PENDING,2025-01-17 11:38:29.0
SELL-1763965655394-001950,TRADER-0450,EQUITY,SELL,270.12,290,290,PENDING,2025-01-16 02:55:50.0
SELL-1763965655399-005104,TRADER-0104,CRYPTO,SELL,3147.21,4,4,PENDING,2025-01-17 17:17:21.0
SELL-1763965655403-007160,TRADER-0160,CRYPTO,SELL,1261.87,12,12,PENDING,2025-01-18 17:48:04.0
SELL-1763965655394-002199,TRADER-0199,CRYPTO,SELL,3235.44,1,1,PENDING,2025-01-16 06:17:33.0
SELL-1763965655394-002178,TRADER-0178,CRYPTO,SELL,4225.27,9,9,PENDING,2025-01-16 05:48:55.0
SELL-1763965655395-002581,TRADER-0081,CRYPTO,SELL,4318.9,3,3,PENDING,2025-01-16 10:59:33.0
SELL-1763965655403-007440,TRADER-0440,EQUITY,SELL,380.33,227,227,PENDING,2025-01-18 21:34:49.0
SELL-1763965655392-001156,TRADER-0156,CRYPTO,SELL,3266.25,8,8,PENDING,2025-01-15 17:26:36.0
SELL-1763965655393-001809,TRADER-0309,CRYPTO,SELL,1661.55,12,12,PENDING,2025-01-16 01:47:36.0
SELL-1763965655400-005141,TRADER-0141,EQUITY,SELL,315.07,297,297,PENDING,2025-01-17 18:04:52.0
SELL-1763965655398-004454,TRADER-0454,CRYPTO,SELL,3262.51,9,9,PENDING,2025-01-17 09:26:18.0
SELL-1763965655391-000848,TRADER-0348,CRYPTO,SELL,2072.11,9,9,PENDING,2025-01-15 14:33:49.0
SELL-1763965655396-003050,TRADER-0050,FOREX,SELL,9.87,621,621,PENDING,2025-01-16 16:09:00.0
SELL-1763965655402-006543,TRADER-0043,FOREX,SELL,9.64,920,920,PENDING,2025-01-18 10:05:02.0
SELL-1763965655401-006316,TRADER-0316,FOREX,SELL,9.28,142,142,PENDING,2025-01-18 07:32:10.0
SELL-1763965655401-005906,TRADER-0406,EQUITY,SELL,396.11,45,45,PENDING,2025-01-18 02:24:05.0
SELL-1763965655391-000872,TRADER-0372,CRYPTO,SELL,4839.33,4,4,PENDING,2025-01-15 14:31:56.0
SELL-1763965655395-002923,TRADER-0423,EQUITY,SELL,337.42,173,173,PENDING,2025-01-16 14:55:05.0
SELL-1763965655398-004104,TRADER-0104,CRYPTO,SELL,3837.81,13,13,PENDING,2025-01-17 05:04:28.0
SELL-1763965655392-001217,TRADER-0217,EQUITY,SELL,293.68,136,136,PENDING,2025-01-15 19:01:25.0
SELL-1763965655395-002793,TRADER-0293,EQUITY,SELL,451.87,37,37,PENDING,2025-01-16 13:05:50.0
SELL-1763965655397-003628,TRADER-0128,CRYPTO,SELL,3821.97,3,3,PENDING,2025-01-16 23:15:59.0
SELL-1763965655400-005437,TRADER-0437,EQUITY,SELL,339.07,157,157,PENDING,2025-01-17 21:43:42.0
SELL-1763965655401-005885,TRADER-0385,CRYPTO,SELL,4265.41,2,2,PENDING,2025-01-18 02:53:09.0
SELL-1763965655400-005161,TRADER-0161,CRYPTO,SELL,4888.5,9,9,PENDING,2025-01-17 17:46:08.0
SELL-1763965655403-007434,TRADER-0434,EQUITY,SELL,261.6,168,168,PENDING,2025-01-18 20:42:39.0
SELL-1763965655401-005879,TRADER-0379,EQUITY,SELL,471.02,80,80,PENDING,2025-01-18 02:54:41.0
SELL-1763965655399-004526,TRADER-0026,CRYPTO,SELL,3961.8,4,4,PENDING,2025-01-17 10:10:57.0
SELL-1763965655394-002212,TRADER-0212,FOREX,SELL,6.72,232,232,PENDING,2025-01-16 06:41:42.0
SELL-1763965655401-006288,TRADER-0288,CRYPTO,SELL,4402.57,8,8,PENDING,2025-01-18 07:56:01.0
SELL-1763965655392-001365,TRADER-0365,EQUITY,SELL,231.11,274,274,PENDING,2025-01-15 20:25:30.0
SELL-1763965655403-007155,TRADER-0155,CRYPTO,SELL,4190.75,10,10,PENDING,2025-01-18 18:03:44.0
SELL-1763965655397-003772,TRADER-0272,EQUITY,SELL,431.96,101,101,PENDING,2025-01-17 01:43:44.0
SELL-1763965655391-000823,TRADER-0323,FOREX,SELL,8.49,982,982,PENDING,2025-01-15 14:07:01.0
SELL-1763965655403-007111,TRADER-0111,CRYPTO,SELL,2796.42,8,8,PENDING,2025-01-18 17:28:55.0
SELL-1763965655401-005720,TRADER-0220,FOREX,SELL,8.86,47,47,PENDING,2025-01-18 00:44:57.0
SELL-1763965655395-002588,TRADER-0088,CRYPTO,SELL,3938.22,4,4,PENDING,2025-01-16 10:39:01.0
SELL-1763965655403-007475,TRADER-0475,FOREX,SELL,8.38,464,464,PENDING,2025-01-18 21:53:55.0
SELL-1763965655402-006504,TRADER-0004,FOREX,SELL,7.16,178,178,PENDING,2025-01-18 10:02:43.0
SELL-1763965655403-007461,TRADER-0461,CRYPTO,SELL,1617.52,25,25,PENDING,2025-01-18 21:37:38.0
SELL-1763965655402-006374,TRADER-0374,EQUITY,SELL,473.04,28,28,PENDING,2025-01-18 08:37:58.0
SELL-1763965655392-000980,TRADER-0480,FOREX,SELL,8.99,526,526,PENDING,2025-01-15 15:42:47.0
SELL-1763965655401-006192,TRADER-0192,CRYPTO,SELL,2962.11,16,16,PENDING,2025-01-18 05:56:56.0
SELL-1763965655392-001192,TRADER-0192,EQUITY,SELL,258.19,28,28,PENDING,2025-01-15 18:41:46.0
SELL-1763965655402-006955,TRADER-0455,FOREX,SELL,9.48,892,892,PENDING,2025-01-18 15:29:47.0
SELL-1763965655395-002674,TRADER-0174,CRYPTO,SELL,3256.99,1,1,PENDING,2025-01-16 12:08:12.0
SELL-1763965655398-004295,TRADER-0295,FOREX,SELL,7.4,605,605,PENDING,2025-01-17 07:42:48.0
SELL-1763965655402-006871,TRADER-0371,EQUITY,SELL,336.02,257,257,PENDING,2025-01-18 14:41:57.0
SELL-1763965655402-006396,TRADER-0396,CRYPTO,SELL,2415.8,16,16,PENDING,2025-01-18 08:27:49.0
SELL-1763965655403-007412,TRADER-0412,EQUITY,SELL,367.13,228,228,PENDING,2025-01-18 20:38:15.0
SELL-1763965655394-002220,TRADER-0220,CRYPTO,SELL,3510.18,8,8,PENDING,2025-01-16 06:57:47.0
SELL-1763965655397-003792,TRADER-0292,FOREX,SELL,6.62,607,607,PENDING,2025-01-17 01:31:53.0
SELL-1763965655397-003959,TRADER-0459,FOREX,SELL,8.05,892,892,PENDING,2025-01-17 03:54:21.0
SELL-1763965655393-001542,TRADER-0042,CRYPTO,SELL,3191.99,12,12,PENDING,2025-01-15 22:15:29.0
SELL-1763965655400-005202,TRADER-0202,FOREX,SELL,6.78,242,242,PENDING,2025-01-17 18:27:05.0
SELL-1763965655395-002686,TRADER-0186,EQUITY,SELL,313.18,201,201,PENDING,2025-01-16 12:35:44.0
SELL-1763965655400-005123,TRADER-0123,EQUITY,SELL,267.21,253,253,PENDING,2025-01-17 17:23:21.0
SELL-1763965655392-001191,TRADER-0191,EQUITY,SELL,358.45,237,237,PENDING,2025-01-15 18:09:02.0
SELL-1763965655399-004652,TRADER-0152,CRYPTO,SELL,1552.06,18,18,PENDING,2025-01-17 11:37:58.0
SELL-1763965655397-003885,TRADER-0385,CRYPTO,SELL,2769.13,12,12,PENDING,2025-01-17 02:18:26.0
SELL-1763965655396-003323,TRADER-0323,CRYPTO,SELL,4675.53,6,6,PENDING,2025-01-16 20:12:52.0
SELL-1763965655399-004658,TRADER-0158,CRYPTO,SELL,4562.27,6,6,PENDING,2025-01-17 12:05:42.0
SELL-1763965655397-003600,TRADER-0100,CRYPTO,SELL,1035.38,46,46,PENDING,2025-01-16 23:31:58.0
SELL-1763965655395-002576,TRADER-0076,EQUITY,SELL,454.13,180,180,PENDING,2025-01-16 10:54:13.0
SELL-1763965655392-001043,TRADER-0043,EQUITY,SELL,319.96,88,88,PENDING,2025-01-15 16:27:15.0
SELL-1763965655395-002987,TRADER-0487,FOREX,SELL,9.59,250,250,PENDING,2025-01-16 16:00:59.0
SELL-1763965655392-000941,TRADER-0441,EQUITY,SELL,251.74,97,97,PENDING,2025-01-15 15:26:58.0
SELL-1763965655403-006987,TRADER-0487,FOREX,SELL,9.42,842,842,PENDING,2025-01-18 15:51:42.0
SELL-1763965655401-006181,TRADER-0181,EQUITY,SELL,320.14,135,135,PENDING,2025-01-18 06:17:22.0
SELL-1763965655396-003251,TRADER-0251,CRYPTO,SELL,1113.09,8,8,PENDING,2025-01-16 18:45:34.0
SELL-1763965655397-003803,TRADER-0303,FOREX,SELL,6.51,758,758,PENDING,2025-01-17 02:00:06.0
SELL-1763965655401-005881,TRADER-0381,EQUITY,SELL,499.9,3,3,PENDING,2025-01-18 02:12:44.0
SELL-1763965655394-002457,TRADER-0457,CRYPTO,SELL,1727.04,8,8,PENDING,2025-01-16 09:01:39.0
SELL-1763965655401-005911,TRADER-0411,FOREX,SELL,6.75,149,149,PENDING,2025-01-18 02:46:01.0
SELL-1763965655392-001189,TRADER-0189,EQUITY,SELL,274.45,363,363,PENDING,2025-01-15 17:47:15.0
SELL-1763965655392-001158,TRADER-0158,CRYPTO,SELL,3612.87,7,7,PENDING,2025-01-15 18:09:50.0
SELL-1763965655397-003968,TRADER-0468,CRYPTO,SELL,4589.89,8,8,PENDING,2025-01-17 03:54:38.0
SELL-1763965655395-002983,TRADER-0483,FOREX,SELL,7.22,861,861,PENDING,2025-01-16 15:35:49.0
SELL-1763965655396-003101,TRADER-0101,CRYPTO,SELL,4547.08,7,7,PENDING,2025-01-16 17:19:09.0
SELL-1763965655392-000952,TRADER-0452,EQUITY,SELL,351.36,112,112,PENDING,2025-01-15 15:39:20.0
SELL-1763965655401-006027,TRADER-0027,FOREX,SELL,9.06,468,468,PENDING,2025-01-18 04:34:08.0
SELL-1763965655403-007410,TRADER-0410,EQUITY,SELL,280.74,348,348,PENDING,2025-01-18 20:40:07.0
SELL-1763965655403-007283,TRADER-0283,CRYPTO,SELL,2553.92,16,16,PENDING,2025-01-18 19:32:32.0
SELL-1763965655391-000688,TRADER-0188,CRYPTO,SELL,2210.59,10,10,PENDING,2025-01-15 12:42:55.0
SELL-1763965655402-006657,TRADER-0157,CRYPTO,SELL,4830.2,1,1,PENDING,2025-01-18 11:59:39.0
SELL-1763965655402-006956,TRADER-0456,CRYPTO,SELL,3208.5,10,10,PENDING,2025-01-18 15:35:56.0
SELL-1763965655394-002091,TRADER-0091,FOREX,SELL,7.79,226,226,PENDING,2025-01-16 04:53:51.0
SELL-1763965655397-003953,TRADER-0453,FOREX,SELL,9.08,835,835,PENDING,2025-01-17 03:42:53.0
SELL-1763965655400-005440,TRADER-0440,CRYPTO,SELL,1636.95,15,15,PENDING,2025-01-17 21:23:25.0
SELL-1763965655402-006490,TRADER-0490,FOREX,SELL,8.61,45,45,PENDING,2025-01-18 09:33:57.0
SELL-1763965655395-002615,TRADER-0115,FOREX,SELL,9.21,494,494,PENDING,2025-01-16 11:07:35.0
SELL-1763965655403-007290,TRADER-0290,CRYPTO,SELL,4248.32,1,1,PENDING,2025-01-18 19:24:47.0
SELL-1763965655399-004993,TRADER-0493,CRYPTO,SELL,2260.44,20,20,PENDING,2025-01-17 16:24:55.0
SELL-1763965655402-006524,TRADER-0024,EQUITY,SELL,240.59,340,340,PENDING,2025-01-18 10:01:36.0
SELL-1763965655395-002520,TRADER-0020,FOREX,SELL,7.58,480,480,PENDING,2025-01-16 09:57:00.0
SELL-1763965655390-000078,TRADER-0078,EQUITY,SELL,300.0,37,37,PENDING,2025-01-15 04:40:28.0
SELL-1763965655402-006687,TRADER-0187,FOREX,SELL,9.39,144,144,PENDING,2025-01-18 11:50:45.0
SELL-1763965655400-005436,TRADER-0436,CRYPTO,SELL,1998.77,1,1,PENDING,2025-01-17 20:48:58.0
SELL-1763965655396-003327,TRADER-0327,FOREX,SELL,8.53,268,268,PENDING,2025-01-16 19:56:49.0
SELL-1763965655393-001615,TRADER-0115,CRYPTO,SELL,1356.92,35,35,PENDING,2025-01-15 22:57:12.0
SELL-1763965655390-000064,TRADER-0064,EQUITY,SELL,250.0,71,71,PENDING,2025-01-15 04:42:35.0
SELL-1763965655394-001999,TRADER-0499,EQUITY,SELL,370.22,266,266,PENDING,2025-01-16 04:07:18.0
SELL-1763965655401-006260,TRADER-0260,EQUITY,SELL,407.19,215,215,PENDING,2025-01-18 07:26:42.0
SELL-1763965655390-000051,TRADER-0051,EQUITY,SELL,300.0,54,54,PENDING,2025-01-15 05:03:20.0
SELL-1763965655402-006558,TRADER-0058,EQUITY,SELL,441.52,94,94,PENDING,2025-01-18 10:34:53.0
SELL-1763965655399-004528,TRADER-0028,CRYPTO,SELL,2844.74,8,8,PENDING,2025-01-17 10:45:53.0
SELL-1763965655399-004825,TRADER-0325,FOREX,SELL,9.16,907,907,PENDING,2025-01-17 14:14:01.0
SELL-1763965655390-000293,TRADER-0293,EQUITY,SELL,300.0,42,42,PENDING,2025-01-15 07:46:55.0
SELL-1763965655394-002314,TRADER-0314,CRYPTO,SELL,1790.21,12,12,PENDING,2025-01-16 07:49:31.0
SELL-1763965655399-004753,TRADER-0253,FOREX,SELL,7.19,384,384,PENDING,2025-01-17 12:32:18.0
SELL-1763965655395-002870,TRADER-0370,CRYPTO,SELL,3597.65,5,5,PENDING,2025-01-16 14:03:29.0
SELL-1763965655402-006560,TRADER-0060,CRYPTO,SELL,3505.21,12,12,PENDING,2025-01-18 10:35:38.0
SELL-1763965655393-001613,TRADER-0113,CRYPTO,SELL,2564.51,14,14,PENDING,2025-01-15 23:10:22.0
SELL-1763965655401-005892,TRADER-0392,EQUITY,SELL,308.83,62,62,PENDING,2025-01-18 02:32:32.0
SELL-1763965655401-006157,TRADER-0157,CRYPTO,SELL,3317.49,4,4,PENDING,2025-01-18 05:41:18.0
SELL-1763965655394-002084,TRADER-0084,CRYPTO,SELL,2823.34,11,11,PENDING,2025-01-16 04:54:07.0
SELL-1763965655398-004320,TRADER-0320,EQUITY,SELL,410.04,241,241,PENDING,2025-01-17 07:24:54.0
SELL-1763965655401-005727,TRADER-0227,CRYPTO,SELL,4575.68,7,7,PENDING,2025-01-18 00:21:56.0
SELL-1763965655392-001309,TRADER-0309,CRYPTO,SELL,4997.2,5,5,PENDING,2025-01-15 19:35:49.0
SELL-1763965655396-003302,TRADER-0302,EQUITY,SELL,395.65,23,23,PENDING,2025-01-16 19:59:42.0
SELL-1763965655400-005256,TRADER-0256,CRYPTO,SELL,4275.8,3,3,PENDING,2025-01-17 19:28:01.0
SELL-1763965655399-005031,TRADER-0031,FOREX,SELL,9.48,90,90,PENDING,2025-01-17 16:44:53.0
SELL-1763965655401-006019,TRADER-0019,CRYPTO,SELL,1672.12,22,22,PENDING,2025-01-18 03:48:29.0
SELL-1763965655402-006452,TRADER-0452,CRYPTO,SELL,3985.24,7,7,PENDING,2025-01-18 09:54:05.0
SELL-1763965655392-001053,TRADER-0053,FOREX,SELL,7.32,600,600,PENDING,2025-01-15 16:21:07.0
SELL-1763965655399-005025,TRADER-0025,EQUITY,SELL,456.27,73,73,PENDING,2025-01-17 16:26:52.0
SELL-1763965655393-001782,TRADER-0282,CRYPTO,SELL,1864.28,9,9,PENDING,2025-01-16 01:35:24.0
SELL-1763965655396-003490,TRADER-0490,CRYPTO,SELL,4802.82,4,4,PENDING,2025-01-16 21:48:29.0
SELL-1763965655396-003493,TRADER-0493,FOREX,SELL,8.43,171,171,PENDING,2025-01-16 22:14:16.0
SELL-1763965655400-005461,TRADER-0461,CRYPTO,SELL,2776.05,1,1,PENDING,2025-01-17 21:35:05.0
SELL-1763965655401-006017,TRADER-0017,EQUITY,SELL,279.53,173,173,PENDING,2025-01-18 04:10:34.0
SELL-1763965655401-005846,TRADER-0346,EQUITY,SELL,259.33,296,296,PENDING,2025-01-18 02:15:25.0
SELL-1763965655398-004027,TRADER-0027,EQUITY,SELL,464.91,181,181,PENDING,2025-01-17 04:43:02.0
SELL-1763965655403-007293,TRADER-0293,EQUITY,SELL,261.27,141,141,PENDING,2025-01-18 19:40:35.0
SELL-1763965655396-003347,TRADER-0347,CRYPTO,SELL,3036.08,15,15,PENDING,2025-01-16 20:21:39.0
SELL-1763965655403-007152,TRADER-0152,CRYPTO,SELL,4743.31,5,5,PENDING,2025-01-18 17:56:38.0
SELL-1763965655391-000708,TRADER-0208,FOREX,SELL,6.22,419,419,PENDING,2025-01-15 12:43:49.0
SELL-1763965655402-006604,TRADER-0104,FOREX,SELL,8.05,718,718,PENDING,2025-01-18 11:12:10.0
SELL-1763965655399-004747,TRADER-0247,FOREX,SELL,8.93,702,702,PENDING,2025-01-17 13:24:15.0
SELL-1763965655395-002783,TRADER-0283,FOREX,SELL,8.68,525,525,PENDING,2025-01-16 13:49:45.0
SELL-1763965655398-004310,TRADER-0310,EQUITY,SELL,465.77,91,91,PENDING,2025-01-17 07:39:52.0
SELL-1763965655399-004523,TRADER-0023,CRYPTO,SELL,4707.98,1,1,PENDING,2025-01-17 10:17:17.0
SELL-1763965655392-001284,TRADER-0284,CRYPTO,SELL,4486.83,3,3,PENDING,2025-01-15 19:46:21.0
SELL-1763965655401-006322,TRADER-0322,EQUITY,SELL,252.85,210,210,PENDING,2025-01-18 07:30:13.0
SELL-1763965655397-003993,TRADER-0493,EQUITY,SELL,234.43,364,364,PENDING,2025-01-17 03:36:13.0
SELL-1763965655396-003227,TRADER-0227,FOREX,SELL,8.61,322,322,PENDING,2025-01-16 18:24:40.0
SELL-1763965655392-001208,TRADER-0208,CRYPTO,SELL,2353.19,18,18,PENDING,2025-01-15 18:35:00.0
SELL-1763965655391-000677,TRADER-0177,CRYPTO,SELL,2477.7,10,10,PENDING,2025-01-15 12:01:48.0
SELL-1763965655402-006537,TRADER-0037,CRYPTO,SELL,4375.29,8,8,PENDING,2025-01-18 10:24:33.0
SELL-1763965655402-006791,TRADER-0291,FOREX,SELL,6.88,303,303,PENDING,2025-01-18 13:27:57.0
SELL-1763965655400-005298,TRADER-0298,EQUITY,SELL,314.38,33,33,PENDING,2025-01-17 19:47:03.0
SELL-1763965655397-003966,TRADER-0466,EQUITY,SELL,486.49,163,163,PENDING,2025-01-17 03:37:15.0
SELL-1763965655395-002985,TRADER-0485,FOREX,SELL,6.82,157,157,PENDING,2025-01-16 15:38:32.0
SELL-1763965655396-003399,TRADER-0399,EQUITY,SELL,275.58,132,132,PENDING,2025-01-16 20:36:28.0
SELL-1763965655397-003771,TRADER-0271,CRYPTO,SELL,3881.68,8,8,PENDING,2025-01-17 01:02:07.0
SELL-1763965655401-006191,TRADER-0191,FOREX,SELL,9.82,713,713,PENDING,2025-01-18 06:26:08.0
SELL-1763965655403-007326,TRADER-0326,CRYPTO,SELL,2813.83,9,9,PENDING,2025-01-18 20:18:36.0
SELL-1763965655402-006570,TRADER-0070,EQUITY,SELL,433.54,128,128,PENDING,2025-01-18 10:30:51.0
SELL-1763965655399-005005,TRADER-0005,FOREX,SELL,7.64,108,108,PENDING,2025-01-17 15:52:10.0
SELL-1763965655393-001499,TRADER-0499,EQUITY,SELL,226.48,217,217,PENDING,2025-01-15 21:33:35.0
SELL-1763965655402-006822,TRADER-0322,FOREX,SELL,9.29,686,686,PENDING,2025-01-18 13:43:51.0
SELL-1763965655397-003655,TRADER-0155,CRYPTO,SELL,1541.4,3,3,PENDING,2025-01-16 23:33:46.0
SELL-1763965655391-000723,TRADER-0223,EQUITY,SELL,299.58,241,241,PENDING,2025-01-15 12:51:34.0
SELL-1763965655400-005354,TRADER-0354,EQUITY,SELL,358.55,7,7,PENDING,2025-01-17 20:25:53.0
SELL-1763965655402-006947,TRADER-0447,EQUITY,SELL,354.08,7,7,PENDING,2025-01-18 15:28:47.0
SELL-1763965655391-000637,TRADER-0137,CRYPTO,SELL,2016.52,16,16,PENDING,2025-01-15 11:12:28.0
SELL-1763965655398-004078,TRADER-0078,EQUITY,SELL,435.61,94,94,PENDING,2025-01-17 05:08:05.0
SELL-1763965655395-002593,TRADER-0093,EQUITY,SELL,260.74,22,22,PENDING,2025-01-16 10:40:45.0
SELL-1763965655394-001973,TRADER-0473,CRYPTO,SELL,1490.5,31,31,PENDING,2025-01-16 03:50:58.0
SELL-1763965655401-006327,TRADER-0327,EQUITY,SELL,383.23,242,242,PENDING,2025-01-18 07:42:37.0
SELL-1763965655390-000281,TRADER-0281,EQUITY,SELL,300.0,101,101,PENDING,2025-01-15 07:17:50.0
SELL-1763965655393-001452,TRADER-0452,EQUITY,SELL,324.59,146,146,PENDING,2025-01-15 21:14:38.0
SELL-1763965655397-003528,TRADER-0028,CRYPTO,SELL,4316.86,2,2,PENDING,2025-01-16 22:04:22.0
SELL-1763965655397-003965,TRADER-0465,CRYPTO,SELL,1735.35,27,27,PENDING,2025-01-17 03:28:17.0
SELL-1763965655402-006744,TRADER-0244,CRYPTO,SELL,1891.96,1,1,PENDING,2025-01-18 12:35:58.0
SELL-1763965655400-005367,TRADER-0367,CRYPTO,SELL,3632.5,6,6,PENDING,2025-01-17 19:55:32.0
SELL-1763965655392-001353,TRADER-0353,EQUITY,SELL,479.51,174,174,PENDING,2025-01-15 20:16:33.0
SELL-1763965655391-000771,TRADER-0271,FOREX,SELL,8.91,262,262,PENDING,2025-01-15 13:31:25.0
SELL-1763965655401-006112,TRADER-0112,CRYPTO,SELL,1623.21,27,27,PENDING,2025-01-18 05:27:24.0
SELL-1763965655392-001180,TRADER-0180,EQUITY,SELL,254.56,350,350,PENDING,2025-01-15 17:52:49.0
SELL-1763965655399-004992,TRADER-0492,EQUITY,SELL,349.09,26,26,PENDING,2025-01-17 15:27:01.0
SELL-1763965655400-005407,TRADER-0407,CRYPTO,SELL,3942.37,2,2,PENDING,2025-01-17 20:53:43.0
SELL-1763965655390-000252,TRADER-0252,EQUITY,SELL,250.0,49,49,PENDING,2025-01-15 07:26:36.0
SELL-1763965655398-004229,TRADER-0229,CRYPTO,SELL,1062.87,30,30,PENDING,2025-01-17 07:10:07.0
SELL-1763965655402-006415,TRADER-0415,EQUITY,SELL,361.34,174,174,PENDING,2025-01-18 08:59:25.0
SELL-1763965655402-006485,TRADER-0485,CRYPTO,SELL,4567.28,5,5,PENDING,2025-01-18 10:14:28.0
SELL-1763965655392-001366,TRADER-0366,EQUITY,SELL,296.91,281,281,PENDING,2025-01-15 20:45:25.0
SELL-1763965655396-003078,TRADER-0078,CRYPTO,SELL,3407.97,5,5,PENDING,2025-01-16 16:42:55.0
SELL-1763965655399-004938,TRADER-0438,EQUITY,SELL,291.37,242,242,PENDING,2025-01-17 15:45:20.0
SELL-1763965655402-006404,TRADER-0404,EQUITY,SELL,231.64,261,261,PENDING,2025-01-18 08:32:17.0
SELL-1763965655399-004732,TRADER-0232,EQUITY,SELL,446.6,143,143,PENDING,2025-01-17 12:53:05.0
SELL-1763965655394-002446,TRADER-0446,CRYPTO,SELL,4012.57,6,6,PENDING,2025-01-16 09:19:51.0
SELL-1763965655400-005284,TRADER-0284,FOREX,SELL,7.2,180,180,PENDING,2025-01-17 19:31:24.0
SELL-1763965655401-005721,TRADER-0221,CRYPTO,SELL,2832.92,1,1,PENDING,2025-01-18 00:29:50.0
SELL-1763965655399-004622,TRADER-0122,FOREX,SELL,6.36,538,538,PENDING,2025-01-17 11:42:53.0
SELL-1763965655395-002812,TRADER-0312,EQUITY,SELL,407.42,233,233,PENDING,2025-01-16 14:08:01.0
SELL-1763965655398-004284,TRADER-0284,FOREX,SELL,6.11,89,89,PENDING,2025-01-17 07:51:29.0
SELL-1763965655396-003361,TRADER-0361,EQUITY,SELL,237.16,301,301,PENDING,2025-01-16 20:20:35.0
SELL-1763965655400-005533,TRADER-0033,EQUITY,SELL,236.88,16,16,PENDING,2025-01-17 22:16:47.0
SELL-1763965655400-005550,TRADER-0050,CRYPTO,SELL,1141.57,41,41,PENDING,2025-01-17 22:31:56.0
SELL-1763965655399-004846,TRADER-0346,CRYPTO,SELL,4817.35,4,4,PENDING,2025-01-17 14:36:15.0
SELL-1763965655391-000572,TRADER-0072,FOREX,SELL,8.38,94,94,PENDING,2025-01-15 10:44:41.0
SELL-1763965655399-005007,TRADER-0007,EQUITY,SELL,401.61,238,238,PENDING,2025-01-17 16:33:26.0
SELL-1763965655402-006951,TRADER-0451,FOREX,SELL,7.22,160,160,PENDING,2025-01-18 15:37:56.0
SELL-1763965655401-005757,TRADER-0257,CRYPTO,SELL,4896.74,8,8,PENDING,2025-01-18 00:42:28.0
SELL-1763965655398-004194,TRADER-0194,CRYPTO,SELL,2959.73,13,13,PENDING,2025-01-17 06:06:36.0
SELL-1763965655395-002580,TRADER-0080,EQUITY,SELL,397.61,13,13,PENDING,2025-01-16 10:41:57.0
SELL-1763965655391-000727,TRADER-0227,CRYPTO,SELL,3985.07,3,3,PENDING,2025-01-15 12:22:13.0
SELL-1763965655400-005675,TRADER-0175,CRYPTO,SELL,1881.98,15,15,PENDING,2025-01-18 00:11:16.0
SELL-1763965655393-001793,TRADER-0293,CRYPTO,SELL,4166.33,10,10,PENDING,2025-01-16 01:25:00.0
SELL-1763965655395-002897,TRADER-0397,CRYPTO,SELL,4752.83,7,7,PENDING,2025-01-16 14:29:04.0
SELL-1763965655393-001497,TRADER-0497,FOREX,SELL,8.09,428,428,PENDING,2025-01-15 21:28:07.0
SELL-1763965655394-001947,TRADER-0447,FOREX,SELL,6.25,910,910,PENDING,2025-01-16 03:30:24.0
SELL-1763965655398-004377,TRADER-0377,EQUITY,SELL,248.2,301,301,PENDING,2025-01-17 08:56:29.0
SELL-1763965655399-004945,TRADER-0445,CRYPTO,SELL,3109.82,13,13,PENDING,2025-01-17 15:24:51.0
SELL-1763965655395-002596,TRADER-0096,EQUITY,SELL,324.14,208,208,PENDING,2025-01-16 11:38:57.0
SELL-1763965655403-007253,TRADER-0253,EQUITY,SELL,223.46,182,182,PENDING,2025-01-18 18:54:30.0
SELL-1763965655401-005954,TRADER-0454,EQUITY,SELL,219.94,276,276,PENDING,2025-01-18 03:27:53.0
SELL-1763965655393-001496,TRADER-0496,CRYPTO,SELL,1226.96,1,1,PENDING,2025-01-15 22:12:32.0
SELL-1763965655393-001611,TRADER-0111,CRYPTO,SELL,4126.33,11,11,PENDING,2025-01-15 23:39:33.0
SELL-1763965655391-000796,TRADER-0296,EQUITY,SELL,353.54,166,166,PENDING,2025-01-15 13:29:45.0
SELL-1763965655393-001649,TRADER-0149,FOREX,SELL,9.09,707,707,PENDING,2025-01-15 23:40:38.0
SELL-1763965655392-001067,TRADER-0067,EQUITY,SELL,218.86,404,404,PENDING,2025-01-15 16:40:33.0
SELL-1763965655392-000942,TRADER-0442,EQUITY,SELL,383.5,92,92,PENDING,2025-01-15 15:08:23.0
SELL-1763965655394-002062,TRADER-0062,CRYPTO,SELL,3240.21,2,2,PENDING,2025-01-16 05:03:52.0
SELL-1763965655403-007210,TRADER-0210,FOREX,SELL,6.24,385,385,PENDING,2025-01-18 18:02:58.0
SELL-1763965655403-007197,TRADER-0197,FOREX,SELL,6.1,87,87,PENDING,2025-01-18 18:27:22.0
SELL-1763965655393-001674,TRADER-0174,EQUITY,SELL,256.85,351,351,PENDING,2025-01-16 00:00:33.0
SELL-1763965655396-003284,TRADER-0284,EQUITY,SELL,494.88,160,160,PENDING,2025-01-16 19:33:34.0
SELL-1763965655395-002908,TRADER-0408,EQUITY,SELL,306.36,112,112,PENDING,2025-01-16 15:20:32.0
SELL-1763965655400-005565,TRADER-0065,CRYPTO,SELL,1278.73,22,22,PENDING,2025-01-17 23:14:54.0
SELL-1763965655391-000631,TRADER-0131,CRYPTO,SELL,2465.37,4,4,PENDING,2025-01-15 11:41:51.0
SELL-1763965655397-003596,TRADER-0096,FOREX,SELL,8.45,662,662,PENDING,2025-01-16 22:48:04.0
SELL-1763965655400-005616,TRADER-0116,CRYPTO,SELL,2819.79,10,10,PENDING,2025-01-17 23:49:38.0
SELL-1763965655393-001480,TRADER-0480,FOREX,SELL,7.33,285,285,PENDING,2025-01-15 21:45:46.0
SELL-1763965655399-004722,TRADER-0222,CRYPTO,SELL,3894.24,7,7,PENDING,2025-01-17 12:36:41.0
SELL-1763965655393-001816,TRADER-0316,EQUITY,SELL,291.41,176,176,PENDING,2025-01-16 02:09:23.0
SELL-1763965655403-007187,TRADER-0187,CRYPTO,SELL,2485.97,7,7,PENDING,2025-01-18 18:41:36.0
SELL-1763965655398-004400,TRADER-0400,CRYPTO,SELL,3127.31,2,2,PENDING,2025-01-17 09:14:11.0
SELL-1763965655403-007288,TRADER-0288,FOREX,SELL,8.2,752,752,PENDING,2025-01-18 19:44:09.0
SELL-1763965655392-001078,TRADER-0078,EQUITY,SELL,265.78,326,326,PENDING,2025-01-15 16:58:41.0
SELL-1763965655393-001912,TRADER-0412,EQUITY,SELL,426.95,87,87,PENDING,2025-01-16 02:29:01.0
SELL-1763965655397-003573,TRADER-0073,FOREX,SELL,7.48,532,532,PENDING,2025-01-16 23:09:31.0
SELL-1763965655402-006751,TRADER-0251,CRYPTO,SELL,4422.8,7,7,PENDING,2025-01-18 12:48:31.0
SELL-1763965655394-001953,TRADER-0453,CRYPTO,SELL,4589.77,9,9,PENDING,2025-01-16 03:22:08.0
SELL-1763965655395-002507,TRADER-0007,EQUITY,SELL,469.24,95,95,PENDING,2025-01-16 10:01:04.0
SELL-1763965655392-001108,TRADER-0108,CRYPTO,SELL,3541.71,1,1,PENDING,2025-01-15 16:48:14.0
SELL-1763965655391-000847,TRADER-0347,EQUITY,SELL,458.23,195,195,PENDING,2025-01-15 13:41:52.0
SELL-1763965655392-000918,TRADER-0418,EQUITY,SELL,472.15,163,163,PENDING,2025-01-15 14:59:28.0
SELL-1763965655392-001036,TRADER-0036,CRYPTO,SELL,3699.12,3,3,PENDING,2025-01-15 16:19:03.0
SELL-1763965655399-005069,TRADER-0069,EQUITY,SELL,269.59,28,28,PENDING,2025-01-17 16:44:10.0
SELL-1763965655399-005101,TRADER-0101,FOREX,SELL,6.13,75,75,PENDING,2025-01-17 17:39:36.0
SELL-1763965655392-001179,TRADER-0179,FOREX,SELL,9.23,531,531,PENDING,2025-01-15 18:01:09.0
SELL-1763965655395-002678,TRADER-0178,FOREX,SELL,7.66,330,330,PENDING,2025-01-16 12:22:08.0
SELL-1763965655399-004641,TRADER-0141,EQUITY,SELL,299.06,172,172,PENDING,2025-01-17 11:25:15.0
SELL-1763965655402-006442,TRADER-0442,FOREX,SELL,6.07,93,93,PENDING,2025-01-18 09:00:04.0
SELL-1763965655396-003384,TRADER-0384,FOREX,SELL,7.71,926,926,PENDING,2025-01-16 20:36:40.0
SELL-1763965655394-002293,TRADER-0293,CRYPTO,SELL,2862.0,7,7,PENDING,2025-01-16 07:46:46.0
SELL-1763965655403-007294,TRADER-0294,FOREX,SELL,7.31,348,348,PENDING,2025-01-18 19:18:29.0
SELL-1763965655393-001741,TRADER-0241,EQUITY,SELL,304.28,284,284,PENDING,2025-01-16 01:16:01.0
SELL-1763965655400-005429,TRADER-0429,EQUITY,SELL,298.59,317,317,PENDING,2025-01-17 21:21:19.0
SELL-1763965655392-001336,TRADER-0336,FOREX,SELL,7.61,375,375,PENDING,2025-01-15 19:38:28.0
SELL-1763965655391-000746,TRADER-0246,FOREX,SELL,6.5,339,339,PENDING,2025-01-15 13:20:05.0
SELL-1763965655391-000457,TRADER-0457,CRYPTO,SELL,1000.0,47,47,PENDING,2025-01-15 09:48:48.0
SELL-1763965655394-002284,TRADER-0284,CRYPTO,SELL,4267.13,6,6,PENDING,2025-01-16 06:58:10.0
SELL-1763965655402-006922,TRADER-0422,CRYPTO,SELL,1959.08,19,19,PENDING,2025-01-18 14:35:07.0
SELL-1763965655396-003131,TRADER-0131,EQUITY,SELL,366.58,228,228,PENDING,2025-01-16 17:16:56.0
SELL-1763965655398-004129,TRADER-0129,FOREX,SELL,9.9,629,629,PENDING,2025-01-17 05:55:49.0
SELL-1763965655402-006750,TRADER-0250,FOREX,SELL,7.62,625,625,PENDING,2025-01-18 12:43:50.0
SELL-1763965655399-004890,TRADER-0390,EQUITY,SELL,255.55,69,69,PENDING,2025-01-17 14:56:33.0
SELL-1763965655392-000907,TRADER-0407,EQUITY,SELL,315.09,302,302,PENDING,2025-01-15 14:57:49.0
SELL-1763965655403-007116,TRADER-0116,CRYPTO,SELL,1043.57,3,3,PENDING,2025-01-18 17:31:37.0
SELL-1763965655402-006825,TRADER-0325,CRYPTO,SELL,3310.01,13,13,PENDING,2025-01-18 13:53:30.0
SELL-1763965655401-006128,TRADER-0128,EQUITY,SELL,357.36,97,97,PENDING,2025-01-18 05:04:40.0
SELL-1763965655391-000779,TRADER-0279,CRYPTO,SELL,4424.02,4,4,PENDING,2025-01-15 13:26:28.0
SELL-1763965655394-002291,TRADER-0291,FOREX,SELL,7.05,215,215,PENDING,2025-01-16 07:27:59.0
SELL-1763965655398-004438,TRADER-0438,EQUITY,SELL,472.09,211,211,PENDING,2025-01-17 09:12:40.0
SELL-1763965655395-002689,TRADER-0189,EQUITY,SELL,422.39,44,44,PENDING,2025-01-16 12:30:17.0
SELL-1763965655401-006162,TRADER-0162,CRYPTO,SELL,2166.35,16,16,PENDING,2025-01-18 06:11:06.0
SELL-1763965655395-002636,TRADER-0136,FOREX,SELL,7.09,550,550,PENDING,2025-01-16 11:44:03.0
SELL-1763965655397-003679,TRADER-0179,EQUITY,SELL,354.28,133,133,PENDING,2025-01-17 00:07:51.0
SELL-1763965655392-000949,TRADER-0449,CRYPTO,SELL,2450.54,18,18,PENDING,2025-01-15 15:27:22.0
SELL-1763965655392-001263,TRADER-0263,CRYPTO,SELL,2396.34,15,15,PENDING,2025-01-15 19:08:13.0
SELL-1763965655400-005658,TRADER-0158,EQUITY,SELL,239.36,287,287,PENDING,2025-01-17 23:51:40.0
SELL-1763965655399-004583,TRADER-0083,CRYPTO,SELL,4138.29,4,4,PENDING,2025-01-17 11:09:43.0
SELL-1763965655400-005146,TRADER-0146,FOREX,SELL,9.85,929,929,PENDING,2025-01-17 17:53:53.0
SELL-1763965655391-000565,TRADER-0065,CRYPTO,SELL,1859.27,9,9,PENDING,2025-01-15 11:16:01.0
SELL-1763965655400-005149,TRADER-0149,EQUITY,SELL,420.76,45,45,PENDING,2025-01-17 17:31:02.0
SELL-1763965655400-005185,TRADER-0185,EQUITY,SELL,271.75,223,223,PENDING,2025-01-17 18:10:32.0
SELL-1763965655394-002031,TRADER-0031,EQUITY,SELL,413.74,93,93,PENDING,2025-01-16 03:57:20.0
SELL-1763965655402-006373,TRADER-0373,EQUITY,SELL,234.05,110,110,PENDING,2025-01-18 08:54:19.0
SELL-1763965655403-007153,TRADER-0153,FOREX,SELL,9.38,453,453,PENDING,2025-01-18 17:53:44.0
SELL-1763965655392-000921,TRADER-0421,EQUITY,SELL,373.01,175,175,PENDING,2025-01-15 15:24:24.0
SELL-1763965655397-003808,TRADER-0308,CRYPTO,SELL,3221.14,11,11,PENDING,2025-01-17 02:06:13.0
SELL-1763965655391-000707,TRADER-0207,EQUITY,SELL,298.24,335,335,PENDING,2025-01-15 12:01:49.0
SELL-1763965655399-004631,TRADER-0131,CRYPTO,SELL,2901.19,15,15,PENDING,2025-01-17 11:56:25.0
SELL-1763965655401-006187,TRADER-0187,CRYPTO,SELL,2055.05,3,3,PENDING,2025-01-18 05:55:59.0
SELL-1763965655400-005443,TRADER-0443,CRYPTO,SELL,2582.9,7,7,PENDING,2025-01-17 20:49:10.0
SELL-1763965655393-001811,TRADER-0311,FOREX,SELL,7.21,517,517,PENDING,2025-01-16 02:10:59.0
SELL-1763965655402-006628,TRADER-0128,CRYPTO,SELL,3222.49,11,11,PENDING,2025-01-18 11:16:12.0
SELL-1763965655401-006227,TRADER-0227,CRYPTO,SELL,2288.25,18,18,PENDING,2025-01-18 06:20:51.0
SELL-1763965655400-005224,TRADER-0224,EQUITY,SELL,385.85,120,120,PENDING,2025-01-17 18:38:28.0
SELL-1763965655396-003289,TRADER-0289,CRYPTO,SELL,1405.15,14,14,PENDING,2025-01-16 19:42:56.0
SELL-1763965655395-002817,TRADER-0317,CRYPTO,SELL,4072.26,10,10,PENDING,2025-01-16 14:04:18.0
SELL-1763965655392-001274,TRADER-0274,CRYPTO,SELL,3600.17,9,9,PENDING,2025-01-15 18:52:19.0
SELL-1763965655403-007305,TRADER-0305,EQUITY,SELL,414.18,155,155,PENDING,2025-01-18 19:12:26.0
SELL-1763965655397-003835,TRADER-0335,CRYPTO,SELL,1187.08,21,21,PENDING,2025-01-17 01:33:55.0
SELL-1763965655394-002093,TRADER-0093,CRYPTO,SELL,4164.82,3,3,PENDING,2025-01-16 05:33:46.0
SELL-1763965655393-001920,TRADER-0420,EQUITY,SELL,214.64,180,180,PENDING,2025-01-16 03:09:30.0
SELL-1763965655403-007344,TRADER-0344,FOREX,SELL,10.0,27,27,PENDING,2025-01-18 20:28:36.0
SELL-1763965655392-001103,TRADER-0103,EQUITY,SELL,421.77,20,20,PENDING,2025-01-15 17:00:42.0
SELL-1763965655393-001916,TRADER-0416,CRYPTO,SELL,2515.29,3,3,PENDING,2025-01-16 03:16:17.0
SELL-1763965655403-007220,TRADER-0220,CRYPTO,SELL,1829.5,21,21,PENDING,2025-01-18 18:41:07.0
SELL-1763965655399-004833,TRADER-0333,CRYPTO,SELL,1206.71,17,17,PENDING,2025-01-17 14:16:18.0
SELL-1763965655396-003470,TRADER-0470,EQUITY,SELL,439.51,40,40,PENDING,2025-01-16 21:15:45.0
SELL-1763965655396-003450,TRADER-0450,EQUITY,SELL,449.97,211,211,PENDING,2025-01-16 20:58:47.0
SELL-1763965655395-002732,TRADER-0232,EQUITY,SELL,436.59,3,3,PENDING,2025-01-16 12:56:41.0
SELL-1763965655393-001596,TRADER-0096,EQUITY,SELL,228.86,380,380,PENDING,2025-01-15 23:08:58.0
SELL-1763965655391-000548,TRADER-0048,EQUITY,SELL,416.94,175,175,PENDING,2025-01-15 10:11:20.0
SELL-1763965655397-003534,TRADER-0034,CRYPTO,SELL,4363.39,2,2,PENDING,2025-01-16 22:52:13.0
SELL-1763965655401-006270,TRADER-0270,EQUITY,SELL,214.75,448,448,PENDING,2025-01-18 07:06:24.0
SELL-1763965655402-006432,TRADER-0432,EQUITY,SELL,408.84,114,114,PENDING,2025-01-18 09:30:43.0
SELL-1763965655398-004103,TRADER-0103,EQUITY,SELL,350.24,47,47,PENDING,2025-01-17 05:29:07.0
SELL-1763965655397-003791,TRADER-0291,EQUITY,SELL,234.77,384,384,PENDING,2025-01-17 01:34:38.0
SELL-1763965655393-001609,TRADER-0109,EQUITY,SELL,252.29,367,367,PENDING,2025-01-15 23:10:35.0
SELL-1763965655403-007406,TRADER-0406,CRYPTO,SELL,4995.36,3,3,PENDING,2025-01-18 20:57:01.0
SELL-1763965655399-004570,TRADER-0070,FOREX,SELL,6.81,45,45,PENDING,2025-01-17 10:46:11.0
SELL-1763965655401-005889,TRADER-0389,CRYPTO,SELL,3804.74,4,4,PENDING,2025-01-18 02:18:52.0
SELL-1763965655400-005154,TRADER-0154,EQUITY,SELL,445.47,53,53,PENDING,2025-01-17 17:44:09.0
SELL-1763965655400-005279,TRADER-0279,CRYPTO,SELL,1323.42,35,35,PENDING,2025-01-17 18:53:06.0
SELL-1763965655393-001761,TRADER-0261,EQUITY,SELL,415.32,169,169,PENDING,2025-01-16 01:32:38.0
SELL-1763965655391-000606,TRADER-0106,EQUITY,SELL,287.71,4,4,PENDING,2025-01-15 11:02:48.0
SELL-1763965655394-002435,TRADER-0435,EQUITY,SELL,260.16,126,126,PENDING,2025-01-16 09:01:52.0
SELL-1763965655392-001220,TRADER-0220,CRYPTO,SELL,904.18,49,49,PENDING,2025-01-15 18:51:11.0
SELL-1763965655391-000648,TRADER-0148,CRYPTO,SELL,3721.95,11,11,PENDING,2025-01-15 11:28:33.0
SELL-1763965655392-001379,TRADER-0379,EQUITY,SELL,288.55,319,319,PENDING,2025-01-15 20:51:03.0
SELL-1763965655394-002286,TRADER-0286,EQUITY,SELL,237.95,387,387,PENDING,2025-01-16 07:17:19.0
SELL-1763965655395-002673,TRADER-0173,EQUITY,SELL,400.49,12,12,PENDING,2025-01-16 12:05:56.0
SELL-1763965655402-006486,TRADER-0486,CRYPTO,SELL,3476.01,8,8,PENDING,2025-01-18 09:47:51.0
SELL-1763965655402-006739,TRADER-0239,CRYPTO,SELL,1009.77,46,46,PENDING,2025-01-18 12:51:54.0
SELL-1763965655395-002502,TRADER-0002,FOREX,SELL,6.61,812,812,PENDING,2025-01-16 10:00:31.0
SELL-1763965655392-001026,TRADER-0026,EQUITY,SELL,358.06,103,103,PENDING,2025-01-15 16:15:19.0
SELL-1763965655394-002325,TRADER-0325,CRYPTO,SELL,3115.07,3,3,PENDING,2025-01-16 07:57:19.0
SELL-1763965655391-000824,TRADER-0324,EQUITY,SELL,288.66,114,114,PENDING,2025-01-15 14:21:58.0
SELL-1763965655400-005405,TRADER-0405,CRYPTO,SELL,2914.93,15,15,PENDING,2025-01-17 20:57:32.0
SELL-1763965655402-006685,TRADER-0185,FOREX,SELL,8.94,603,603,PENDING,2025-01-18 12:24:23.0
SELL-1763965655401-006118,TRADER-0118,EQUITY,SELL,269.77,33,33,PENDING,2025-01-18 05:53:42.0
SELL-1763965655395-002547,TRADER-0047,EQUITY,SELL,391.21,50,50,PENDING,2025-01-16 10:32:01.0
SELL-1763965655398-004437,TRADER-0437,EQUITY,SELL,492.48,93,93,PENDING,2025-01-17 09:16:46.0
SELL-1763965655400-005586,TRADER-0086,EQUITY,SELL,276.24,325,325,PENDING,2025-01-17 22:51:28.0
SELL-1763965655402-006589,TRADER-0089,CRYPTO,SELL,4187.74,2,2,PENDING,2025-01-18 10:38:39.0
SELL-1763965655393-001898,TRADER-0398,CRYPTO,SELL,3682.4,12,12,PENDING,2025-01-16 02:19:12.0
SELL-1763965655400-005528,TRADER-0028,EQUITY,SELL,273.5,20,20,PENDING,2025-01-17 22:44:54.0
SELL-1763965655394-002417,TRADER-0417,FOREX,SELL,9.17,336,336,PENDING,2025-01-16 08:33:36.0
SELL-1763965655396-002998,TRADER-0498,EQUITY,SELL,339.79,67,67,PENDING,2025-01-16 15:54:06.0
SELL-1763965655399-004536,TRADER-0036,FOREX,SELL,6.48,9,9,PENDING,2025-01-17 10:42:49.0
SELL-1763965655397-003832,TRADER-0332,CRYPTO,SELL,1704.96,23,23,PENDING,2025-01-17 01:39:52.0
SELL-1763965655392-001342,TRADER-0342,CRYPTO,SELL,4040.55,4,4,PENDING,2025-01-15 20:15:54.0
SELL-1763965655392-001351,TRADER-0351,CRYPTO,SELL,4903.49,3,3,PENDING,2025-01-15 19:50:03.0
SELL-1763965655399-004666,TRADER-0166,CRYPTO,SELL,1795.27,8,8,PENDING,2025-01-17 11:54:21.0
SELL-1763965655396-003405,TRADER-0405,FOREX,SELL,9.27,765,765,PENDING,2025-01-16 20:54:23.0
SELL-1763965655402-006874,TRADER-0374,EQUITY,SELL,206.97,160,160,PENDING,2025-01-18 14:50:49.0
SELL-1763965655400-005439,TRADER-0439,EQUITY,SELL,379.44,60,60,PENDING,2025-01-17 21:33:04.0
SELL-1763965655402-006433,TRADER-0433,CRYPTO,SELL,2913.22,7,7,PENDING,2025-01-18 08:51:13.0
SELL-1763965655400-005365,TRADER-0365,CRYPTO,SELL,2680.06,14,14,PENDING,2025-01-17 20:49:42.0
SELL-1763965655392-000901,TRADER-0401,FOREX,SELL,7.67,161,161,PENDING,2025-01-15 14:21:01.0
SELL-1763965655395-002752,TRADER-0252,EQUITY,SELL,391.76,118,118,PENDING,2025-01-16 12:42:51.0
SELL-1763965655393-001903,TRADER-0403,FOREX,SELL,5.99,356,356,PENDING,2025-01-16 02:53:33.0
SELL-1763965655396-003033,TRADER-0033,FOREX,SELL,6.85,492,492,PENDING,2025-01-16 15:57:12.0
SELL-1763965655392-001267,TRADER-0267,EQUITY,SELL,472.19,19,19,PENDING,2025-01-15 19:09:48.0
SELL-1763965655397-003975,TRADER-0475,EQUITY,SELL,488.65,166,166,PENDING,2025-01-17 03:37:02.0
SELL-1763965655400-005225,TRADER-0225,CRYPTO,SELL,1082.57,5,5,PENDING,2025-01-17 18:28:40.0
SELL-1763965655394-002009,TRADER-0009,EQUITY,SELL,355.64,251,251,PENDING,2025-01-16 03:58:12.0
SELL-1763965655401-006058,TRADER-0058,CRYPTO,SELL,2376.54,16,16,PENDING,2025-01-18 04:15:54.0
SELL-1763965655396-003165,TRADER-0165,CRYPTO,SELL,1766.26,27,27,PENDING,2025-01-16 17:33:42.0
SELL-1763965655400-005590,TRADER-0090,CRYPTO,SELL,924.17,21,21,PENDING,2025-01-17 22:37:23.0
SELL-1763965655401-006161,TRADER-0161,CRYPTO,SELL,1943.21,18,18,PENDING,2025-01-18 06:16:03.0
SELL-1763965655398-004299,TRADER-0299,EQUITY,SELL,426.86,26,26,PENDING,2025-01-17 07:52:45.0
SELL-1763965655401-005841,TRADER-0341,EQUITY,SELL,259.57,295,295,PENDING,2025-01-18 01:49:35.0
SELL-1763965655391-000842,TRADER-0342,FOREX,SELL,5.91,428,428,PENDING,2025-01-15 13:51:08.0
SELL-1763965655399-004888,TRADER-0388,FOREX,SELL,8.06,885,885,PENDING,2025-01-17 14:56:03.0
SELL-1763965655399-004673,TRADER-0173,FOREX,SELL,7.34,995,995,PENDING,2025-01-17 11:41:08.0
SELL-1763965655397-003793,TRADER-0293,EQUITY,SELL,216.89,46,46,PENDING,2025-01-17 01:01:13.0
SELL-1763965655391-000515,TRADER-0015,CRYPTO,SELL,3457.3,2,2,PENDING,2025-01-15 10:38:41.0
SELL-1763965655397-003858,TRADER-0358,FOREX,SELL,6.95,818,818,PENDING,2025-01-17 02:42:03.0
SELL-1763965655402-006441,TRADER-0441,EQUITY,SELL,352.56,164,164,PENDING,2025-01-18 09:10:21.0
SELL-1763965655396-003317,TRADER-0317,FOREX,SELL,8.08,639,639,PENDING,2025-01-16 19:55:18.0
SELL-1763965655391-000797,TRADER-0297,FOREX,SELL,7.38,840,840,PENDING,2025-01-15 14:00:19.0
SELL-1763965655395-002466,TRADER-0466,EQUITY,SELL,478.12,192,192,PENDING,2025-01-16 09:08:06.0
SELL-1763965655394-002146,TRADER-0146,EQUITY,SELL,209.43,217,217,PENDING,2025-01-16 06:09:39.0
SELL-1763965655401-006267,TRADER-0267,EQUITY,SELL,275.57,314,314,PENDING,2025-01-18 07:39:03.0
SELL-1763965655390-000191,TRADER-0191,CRYPTO,SELL,1000.0,13,13,PENDING,2025-01-15 06:23:18.0
SELL-1763965655402-006626,TRADER-0126,EQUITY,SELL,469.49,194,194,PENDING,2025-01-18 11:14:56.0
SELL-1763965655395-002837,TRADER-0337,CRYPTO,SELL,4166.53,9,9,PENDING,2025-01-16 13:58:51.0
SELL-1763965655401-006167,TRADER-0167,EQUITY,SELL,444.4,70,70,PENDING,2025-01-18 06:23:46.0
SELL-1763965655398-004200,TRADER-0200,EQUITY,SELL,215.66,85,85,PENDING,2025-01-17 06:36:05.0
SELL-1763965655401-005973,TRADER-0473,EQUITY,SELL,239.04,122,122,PENDING,2025-01-18 03:20:46.0
SELL-1763965655399-005001,TRADER-0001,EQUITY,SELL,380.99,21,21,PENDING,2025-01-17 16:03:41.0
SELL-1763965655395-002544,TRADER-0044,FOREX,SELL,7.59,819,819,PENDING,2025-01-16 10:30:55.0
SELL-1763965655397-003611,TRADER-0111,EQUITY,SELL,474.63,8,8,PENDING,2025-01-16 23:13:46.0
SELL-1763965655400-005364,TRADER-0364,EQUITY,SELL,446.28,213,213,PENDING,2025-01-17 20:31:15.0
SELL-1763965655393-001789,TRADER-0289,EQUITY,SELL,414.54,43,43,PENDING,2025-01-16 01:42:11.0
SELL-1763965655398-004044,TRADER-0044,EQUITY,SELL,459.08,189,189,PENDING,2025-01-17 04:07:41.0
SELL-1763965655395-002497,TRADER-0497,EQUITY,SELL,328.1,53,53,PENDING,2025-01-16 10:20:01.0
SELL-1763965655398-004386,TRADER-0386,FOREX,SELL,7.93,518,518,PENDING,2025-01-17 08:30:06.0
SELL-1763965655398-004023,TRADER-0023,FOREX,SELL,7.57,582,582,PENDING,2025-01-17 04:07:31.0
SELL-1763965655402-006787,TRADER-0287,FOREX,SELL,8.26,442,442,PENDING,2025-01-18 13:29:11.0
SELL-1763965655392-001219,TRADER-0219,FOREX,SELL,8.96,334,334,PENDING,2025-01-15 18:45:51.0
SELL-1763965655400-005265,TRADER-0265,CRYPTO,SELL,2379.26,5,5,PENDING,2025-01-17 19:37:56.0
SELL-1763965655403-007447,TRADER-0447,CRYPTO,SELL,1146.43,21,21,PENDING,2025-01-18 21:10:46.0
SELL-1763965655402-006388,TRADER-0388,CRYPTO,SELL,2044.95,24,24,PENDING,2025-01-18 08:52:24.0
SELL-1763965655402-006647,TRADER-0147,CRYPTO,SELL,1075.49,23,23,PENDING,2025-01-18 11:47:17.0
SELL-1763965655401-006047,TRADER-0047,FOREX,SELL,8.99,230,230,PENDING,2025-01-18 04:12:11.0
SELL-1763965655401-006069,TRADER-0069,EQUITY,SELL,385.8,62,62,PENDING,2025-01-18 05:12:38.0
SELL-1763965655403-007056,TRADER-0056,CRYPTO,SELL,3788.37,11,11,PENDING,2025-01-18 16:33:36.0
SELL-1763965655393-001550,TRADER-0050,CRYPTO,SELL,3099.23,12,12,PENDING,2025-01-15 23:05:43.0
SELL-1763965655403-007388,TRADER-0388,FOREX,SELL,6.99,941,941,PENDING,2025-01-18 20:13:55.0
SELL-1763965655392-001115,TRADER-0115,FOREX,SELL,6.88,45,45,PENDING,2025-01-15 17:31:27.0
SELL-1763965655399-004837,TRADER-0337,CRYPTO,SELL,3084.38,13,13,PENDING,2025-01-17 13:51:48.0
SELL-1763965655395-002586,TRADER-0086,FOREX,SELL,7.14,632,632,PENDING,2025-01-16 11:11:36.0
SELL-1763965655395-002634,TRADER-0134,EQUITY,SELL,370.61,146,146,PENDING,2025-01-16 11:43:40.0
SELL-1763965655402-006419,TRADER-0419,CRYPTO,SELL,3763.17,2,2,PENDING,2025-01-18 09:01:02.0
SELL-1763965655391-000724,TRADER-0224,EQUITY,SELL,297.84,95,95,PENDING,2025-01-15 12:58:13.0
SELL-1763965655400-005219,TRADER-0219,CRYPTO,SELL,1051.08,40,40,PENDING,2025-01-17 18:35:27.0
SELL-1763965655403-007370,TRADER-0370,CRYPTO,SELL,4438.04,8,8,PENDING,2025-01-18 20:14:22.0
SELL-1763965655393-001879,TRADER-0379,EQUITY,SELL,328.74,219,219,PENDING,2025-01-16 02:58:10.0
SELL-1763965655400-005391,TRADER-0391,EQUITY,SELL,348.27,242,242,PENDING,2025-01-17 21:04:55.0
SELL-1763965655395-002773,TRADER-0273,EQUITY,SELL,390.2,91,91,PENDING,2025-01-16 13:08:45.0
SELL-1763965655397-003927,TRADER-0427,CRYPTO,SELL,3611.29,7,7,PENDING,2025-01-17 02:39:58.0
SELL-1763965655399-004865,TRADER-0365,EQUITY,SELL,253.7,187,187,PENDING,2025-01-17 14:38:19.0
SELL-1763965655393-001881,TRADER-0381,CRYPTO,SELL,3534.39,12,12,PENDING,2025-01-16 02:20:37.0
SELL-1763965655392-001034,TRADER-0034,CRYPTO,SELL,1179.2,4,4,PENDING,2025-01-15 16:24:40.0
SELL-1763965655401-005813,TRADER-0313,EQUITY,SELL,327.46,297,297,PENDING,2025-01-18 01:19:59.0
SELL-1763965655393-001812,TRADER-0312,CRYPTO,SELL,1609.5,15,15,PENDING,2025-01-16 01:31:29.0
SELL-1763965655394-002421,TRADER-0421,CRYPTO,SELL,1645.0,1,1,PENDING,2025-01-16 08:38:06.0
SELL-1763965655399-004959,TRADER-0459,FOREX,SELL,7.47,638,638,PENDING,2025-01-17 15:49:51.0
SELL-1763965655398-004387,TRADER-0387,EQUITY,SELL,431.12,28,28,PENDING,2025-01-17 08:21:20.0
SELL-1763965655401-006190,TRADER-0190,CRYPTO,SELL,2145.49,9,9,PENDING,2025-01-18 05:57:35.0
SELL-1763965655394-001978,TRADER-0478,FOREX,SELL,9.18,778,778,PENDING,2025-01-16 03:59:21.0
SELL-1763965655392-001282,TRADER-0282,CRYPTO,SELL,3335.48,1,1,PENDING,2025-01-15 19:52:57.0
SELL-1763965655395-002922,TRADER-0422,EQUITY,SELL,232.58,163,163,PENDING,2025-01-16 14:59:10.0
SELL-1763965655400-005363,TRADER-0363,EQUITY,SELL,219.19,348,348,PENDING,2025-01-17 20:10:13.0
SELL-1763965655390-000242,TRADER-0242,EQUITY,SELL,300.0,17,17,PENDING,2025-01-15 06:44:51.0
SELL-1763965655402-006885,TRADER-0385,EQUITY,SELL,265.71,208,208,PENDING,2025-01-18 14:50:05.0
SELL-1763965655400-005260,TRADER-0260,FOREX,SELL,9.27,484,484,PENDING,2025-01-17 18:49:43.0
SELL-1763965655395-002717,TRADER-0217,EQUITY,SELL,343.58,199,199,PENDING,2025-01-16 12:35:35.0
SELL-1763965655396-003340,TRADER-0340,EQUITY,SELL,460.63,199,199,PENDING,2025-01-16 20:32:38.0
SELL-1763965655401-006177,TRADER-0177,EQUITY,SELL,215.66,139,139,PENDING,2025-01-18 05:58:22.0
SELL-1763965655400-005131,TRADER-0131,EQUITY,SELL,266.14,40,40,PENDING,2025-01-17 17:26:31.0
SELL-1763965655399-004682,TRADER-0182,CRYPTO,SELL,3413.13,6,6,PENDING,2025-01-17 12:19:12.0
SELL-1763965655401-006078,TRADER-0078,CRYPTO,SELL,3006.56,6,6,PENDING,2025-01-18 05:05:48.0
SELL-1763965655399-004571,TRADER-0071,FOREX,SELL,8.58,287,287,PENDING,2025-01-17 10:59:16.0
SELL-1763965655403-007241,TRADER-0241,CRYPTO,SELL,4715.05,9,9,PENDING,2025-01-18 18:40:13.0
SELL-1763965655398-004381,TRADER-0381,CRYPTO,SELL,2145.15,16,16,PENDING,2025-01-17 09:01:10.0
SELL-1763965655393-001738,TRADER-0238,FOREX,SELL,8.66,115,115,PENDING,2025-01-16 01:11:57.0
SELL-1763965655401-005747,TRADER-0247,EQUITY,SELL,304.84,289,289,PENDING,2025-01-18 00:50:46.0
SELL-1763965655394-002461,TRADER-0461,CRYPTO,SELL,4330.11,3,3,PENDING,2025-01-16 09:58:05.0
SELL-1763965655399-004826,TRADER-0326,CRYPTO,SELL,4366.73,7,7,PENDING,2025-01-17 13:38:47.0
SELL-1763965655394-002353,TRADER-0353,CRYPTO,SELL,3740.4,11,11,PENDING,2025-01-16 08:01:45.0
SELL-1763965655397-003834,TRADER-0334,FOREX,SELL,6.12,297,297,PENDING,2025-01-17 02:11:55.0
SELL-1763965655393-001758,TRADER-0258,EQUITY,SELL,322.17,39,39,PENDING,2025-01-16 01:07:23.0
SELL-1763965655396-003463,TRADER-0463,EQUITY,SELL,272.59,209,209,PENDING,2025-01-16 21:43:19.0
SELL-1763965655403-007002,TRADER-0002,CRYPTO,SELL,2879.07,4,4,PENDING,2025-01-18 15:39:14.0
SELL-1763965655398-004118,TRADER-0118,EQUITY,SELL,295.16,45,45,PENDING,2025-01-17 05:45:03.0
SELL-1763965655393-001585,TRADER-0085,CRYPTO,SELL,1153.13,24,24,PENDING,2025-01-15 22:41:01.0
SELL-1763965655396-003198,TRADER-0198,EQUITY,SELL,432.06,40,40,PENDING,2025-01-16 17:59:55.0
SELL-1763965655395-002872,TRADER-0372,CRYPTO,SELL,953.95,24,24,PENDING,2025-01-16 14:55:18.0
SELL-1763965655396-003006,TRADER-0006,CRYPTO,SELL,1619.8,7,7,PENDING,2025-01-16 16:21:44.0
SELL-1763965655397-003998,TRADER-0498,EQUITY,SELL,409.43,63,63,PENDING,2025-01-17 04:15:04.0
SELL-1763965655392-001144,TRADER-0144,CRYPTO,SELL,2347.57,6,6,PENDING,2025-01-15 18:04:23.0
SELL-1763965655401-005966,TRADER-0466,CRYPTO,SELL,1974.3,14,14,PENDING,2025-01-18 03:41:59.0
SELL-1763965655403-006984,TRADER-0484,CRYPTO,SELL,3133.73,3,3,PENDING,2025-01-18 15:25:10.0
SELL-1763965655393-001769,TRADER-0269,EQUITY,SELL,453.86,130,130,PENDING,2025-01-16 00:57:06.0
SELL-1763965655398-004357,TRADER-0357,EQUITY,SELL,243.96,132,132,PENDING,2025-01-17 07:49:20.0
SELL-1763965655392-001018,TRADER-0018,EQUITY,SELL,224.47,357,357,PENDING,2025-01-15 16:26:56.0
SELL-1763965655395-002664,TRADER-0164,CRYPTO,SELL,4835.46,10,10,PENDING,2025-01-16 11:47:22.0
SELL-1763965655402-006482,TRADER-0482,FOREX,SELL,9.28,828,828,PENDING,2025-01-18 10:02:40.0
SELL-1763965655401-006155,TRADER-0155,EQUITY,SELL,265.91,367,367,PENDING,2025-01-18 06:00:22.0
SELL-1763965655399-004946,TRADER-0446,EQUITY,SELL,246.16,279,279,PENDING,2025-01-17 15:14:25.0
SELL-1763965655395-002848,TRADER-0348,EQUITY,SELL,385.89,93,93,PENDING,2025-01-16 13:41:05.0
SELL-1763965655400-005428,TRADER-0428,FOREX,SELL,6.15,16,16,PENDING,2025-01-17 21:01:55.0
SELL-1763965655399-004587,TRADER-0087,EQUITY,SELL,205.47,162,162,PENDING,2025-01-17 10:50:29.0
SELL-1763965655402-006708,TRADER-0208,EQUITY,SELL,230.56,282,282,PENDING,2025-01-18 12:58:18.0
SELL-1763965655392-001074,TRADER-0074,EQUITY,SELL,343.96,140,140,PENDING,2025-01-15 16:50:23.0
SELL-1763965655400-005294,TRADER-0294,EQUITY,SELL,277.59,278,278,PENDING,2025-01-17 19:09:23.0
SELL-1763965655400-005338,TRADER-0338,CRYPTO,SELL,2752.27,10,10,PENDING,2025-01-17 20:20:23.0
SELL-1763965655399-004877,TRADER-0377,FOREX,SELL,7.14,19,19,PENDING,2025-01-17 14:01:34.0
SELL-1763965655392-001009,TRADER-0009,FOREX,SELL,8.28,268,268,PENDING,2025-01-15 16:12:14.0
SELL-1763965655400-005250,TRADER-0250,CRYPTO,SELL,1749.12,1,1,PENDING,2025-01-17 18:41:42.0
SELL-1763965655403-007236,TRADER-0236,EQUITY,SELL,344.09,3,3,PENDING,2025-01-18 18:35:01.0
SELL-1763965655395-002938,TRADER-0438,CRYPTO,SELL,3939.07,7,7,PENDING,2025-01-16 15:28:19.0
SELL-1763965655399-004947,TRADER-0447,CRYPTO,SELL,2382.83,18,18,PENDING,2025-01-17 15:02:14.0
SELL-1763965655392-000892,TRADER-0392,EQUITY,SELL,247.98,1,1,PENDING,2025-01-15 14:39:29.0
SELL-1763965655400-005400,TRADER-0400,CRYPTO,SELL,3140.92,2,2,PENDING,2025-01-17 20:33:38.0
SELL-1763965655394-002039,TRADER-0039,EQUITY,SELL,361.3,132,132,PENDING,2025-01-16 04:17:39.0
SELL-1763965655391-000598,TRADER-0098,FOREX,SELL,9.72,725,725,PENDING,2025-01-15 10:45:51.0
SELL-1763965655395-002756,TRADER-0256,FOREX,SELL,5.8,690,690,PENDING,2025-01-16 12:38:18.0
SELL-1763965655400-005477,TRADER-0477,CRYPTO,SELL,1558.64,14,14,PENDING,2025-01-17 22:06:09.0
SELL-1763965655393-001779,TRADER-0279,FOREX,SELL,9.97,176,176,PENDING,2025-01-16 01:11:35.0
SELL-1763965655397-004002,TRADER-0002,EQUITY,SELL,211.14,376,376,PENDING,2025-01-17 03:48:28.0
SELL-1763965655398-004409,TRADER-0409,CRYPTO,SELL,2292.44,14,14,PENDING,2025-01-17 09:23:13.0
SELL-1763965655399-004731,TRADER-0231,CRYPTO,SELL,3698.09,7,7,PENDING,2025-01-17 12:41:53.0
SELL-1763965655393-001587,TRADER-0087,EQUITY,SELL,401.45,200,200,PENDING,2025-01-15 23:13:37.0
SELL-1763965655396-003346,TRADER-0346,EQUITY,SELL,199.88,344,344,PENDING,2025-01-16 19:42:09.0
SELL-1763965655393-001482,TRADER-0482,FOREX,SELL,9.47,330,330,PENDING,2025-01-15 21:56:08.0
SELL-1763965655395-002746,TRADER-0246,EQUITY,SELL,394.02,226,226,PENDING,2025-01-16 12:55:11.0
SELL-1763965655397-003626,TRADER-0126,EQUITY,SELL,410.03,77,77,PENDING,2025-01-16 23:20:20.0
SELL-1763965655390-000255,TRADER-0255,EQUITY,SELL,200.0,80,80,PENDING,2025-01-15 06:46:23.0
SELL-1763965655403-007273,TRADER-0273,EQUITY,SELL,377.13,178,178,PENDING,2025-01-18 19:31:48.0
SELL-1763965655400-005258,TRADER-0258,CRYPTO,SELL,3915.49,11,11,PENDING,2025-01-17 19:28:11.0
SELL-1763965655400-005127,TRADER-0127,CRYPTO,SELL,4920.55,2,2,PENDING,2025-01-17 17:57:04.0
SELL-1763965655393-001657,TRADER-0157,CRYPTO,SELL,2483.46,20,20,PENDING,2025-01-15 23:33:23.0
SELL-1763965655398-004066,TRADER-0066,CRYPTO,SELL,1377.21,2,2,PENDING,2025-01-17 04:31:32.0
SELL-1763965655398-004415,TRADER-0415,EQUITY,SELL,287.94,227,227,PENDING,2025-01-17 08:39:07.0
SELL-1763965655396-003254,TRADER-0254,EQUITY,SELL,439.47,177,177,PENDING,2025-01-16 19:09:41.0
SELL-1763965655390-000300,TRADER-0300,EQUITY,SELL,200.0,37,37,PENDING,2025-01-15 07:38:00.0
SELL-1763965655395-002728,TRADER-0228,CRYPTO,SELL,2539.4,19,19,PENDING,2025-01-16 12:57:11.0
SELL-1763965655402-006648,TRADER-0148,CRYPTO,SELL,1605.37,21,21,PENDING,2025-01-18 11:53:08.0
SELL-1763965655394-002149,TRADER-0149,FOREX,SELL,7.27,602,602,PENDING,2025-01-16 05:26:34.0
SELL-1763965655394-002311,TRADER-0311,CRYPTO,SELL,4294.98,11,11,PENDING,2025-01-16 07:34:38.0
SELL-1763965655399-004827,TRADER-0327,FOREX,SELL,8.94,463,463,PENDING,2025-01-17 13:46:02.0
SELL-1763965655401-005822,TRADER-0322,CRYPTO,SELL,1398.71,25,25,PENDING,2025-01-18 01:53:45.0
SELL-1763965655390-000237,TRADER-0237,CRYPTO,SELL,1000.0,30,30,PENDING,2025-01-15 07:00:34.0
SELL-1763965655403-007034,TRADER-0034,CRYPTO,SELL,4484.75,9,9,PENDING,2025-01-18 16:11:48.0
SELL-1763965655394-002246,TRADER-0246,EQUITY,SELL,358.21,217,217,PENDING,2025-01-16 07:01:28.0
SELL-1763965655392-001288,TRADER-0288,EQUITY,SELL,314.38,178,178,PENDING,2025-01-15 19:46:08.0
SELL-1763965655395-002482,TRADER-0482,EQUITY,SELL,203.86,86,86,PENDING,2025-01-16 09:54:57.0
SELL-1763965655393-001892,TRADER-0392,CRYPTO,SELL,1729.87,5,5,PENDING,2025-01-16 02:42:01.0
SELL-1763965655403-007459,TRADER-0459,EQUITY,SELL,285.17,316,316,PENDING,2025-01-18 21:15:53.0
SELL-1763965655392-001140,TRADER-0140,CRYPTO,SELL,1780.11,1,1,PENDING,2025-01-15 17:42:12.0
SELL-1763965655399-005072,TRADER-0072,EQUITY,SELL,272.57,194,194,PENDING,2025-01-17 16:43:46.0
SELL-1763965655392-000960,TRADER-0460,EQUITY,SELL,436.61,94,94,PENDING,2025-01-15 15:48:15.0
SELL-1763965655401-005752,TRADER-0252,CRYPTO,SELL,3988.3,7,7,PENDING,2025-01-18 00:58:39.0
SELL-1763965655397-003656,TRADER-0156,EQUITY,SELL,416.66,237,237,PENDING,2025-01-16 23:46:21.0
SELL-1763965655401-006012,TRADER-0012,CRYPTO,SELL,1412.9,1,1,PENDING,2025-01-18 04:19:52.0
SELL-1763965655401-005848,TRADER-0348,FOREX,SELL,8.83,617,617,PENDING,2025-01-18 01:52:04.0
SELL-1763965655400-005524,TRADER-0024,EQUITY,SELL,361.18,140,140,PENDING,2025-01-17 22:35:50.0
SELL-1763965655400-005470,TRADER-0470,CRYPTO,SELL,2486.94,4,4,PENDING,2025-01-17 21:22:35.0
SELL-1763965655402-006594,TRADER-0094,FOREX,SELL,5.91,396,396,PENDING,2025-01-18 11:18:43.0
SELL-1763965655402-006862,TRADER-0362,FOREX,SELL,9.55,918,918,PENDING,2025-01-18 14:02:42.0
SELL-1763965655402-006716,TRADER-0216,EQUITY,SELL,259.95,274,274,PENDING,2025-01-18 12:18:05.0
SELL-1763965655397-003605,TRADER-0105,EQUITY,SELL,381.87,213,213,PENDING,2025-01-16 22:54:56.0
SELL-1763965655396-003391,TRADER-0391,EQUITY,SELL,497.78,88,88,PENDING,2025-01-16 20:56:55.0
SELL-1763965655395-002841,TRADER-0341,FOREX,SELL,5.99,319,319,PENDING,2025-01-16 14:10:43.0
SELL-1763965655398-004294,TRADER-0294,CRYPTO,SELL,1059.72,5,5,PENDING,2025-01-17 07:08:38.0
SELL-1763965655394-002234,TRADER-0234,FOREX,SELL,9.93,415,415,PENDING,2025-01-16 06:25:38.0
SELL-1763965655398-004362,TRADER-0362,FOREX,SELL,9.86,864,864,PENDING,2025-01-17 08:20:42.0
SELL-1763965655391-000698,TRADER-0198,FOREX,SELL,8.29,414,414,PENDING,2025-01-15 12:12:41.0
SELL-1763965655395-002856,TRADER-0356,EQUITY,SELL,386.4,211,211,PENDING,2025-01-16 14:09:42.0
SELL-1763965655400-005591,TRADER-0091,EQUITY,SELL,422.71,44,44,PENDING,2025-01-17 23:27:51.0
SELL-1763965655397-003645,TRADER-0145,EQUITY,SELL,433.12,6,6,PENDING,2025-01-17 00:07:09.0
SELL-1763965655396-003003,TRADER-0003,CRYPTO,SELL,1442.32,26,26,PENDING,2025-01-16 15:45:36.0
SELL-1763965655401-006063,TRADER-0063,FOREX,SELL,5.94,331,331,PENDING,2025-01-18 04:25:39.0
SELL-1763965655399-004745,TRADER-0245,CRYPTO,SELL,2906.24,14,14,PENDING,2025-01-17 12:30:16.0
SELL-1763965655397-003563,TRADER-0063,CRYPTO,SELL,2112.67,1,1,PENDING,2025-01-16 22:50:42.0
SELL-1763965655396-003380,TRADER-0380,CRYPTO,SELL,1929.82,8,8,PENDING,2025-01-16 20:09:31.0
SELL-1763965655399-004771,TRADER-0271,CRYPTO,SELL,1736.94,10,10,PENDING,2025-01-17 13:16:53.0
SELL-1763965655391-000671,TRADER-0171,EQUITY,SELL,475.84,89,89,PENDING,2025-01-15 12:15:17.0
SELL-1763965655392-001221,TRADER-0221,CRYPTO,SELL,1965.72,25,25,PENDING,2025-01-15 18:13:09.0
SELL-1763965655393-001703,TRADER-0203,FOREX,SELL,9.87,512,512,PENDING,2025-01-15 23:58:56.0
SELL-1763965655401-005993,TRADER-0493,CRYPTO,SELL,2119.01,15,15,PENDING,2025-01-18 03:27:13.0
SELL-1763965655397-003816,TRADER-0316,FOREX,SELL,8.78,735,735,PENDING,2025-01-17 02:15:07.0
SELL-1763965655401-006139,TRADER-0139,FOREX,SELL,7.8,562,562,PENDING,2025-01-18 06:01:07.0
SELL-1763965655403-007032,TRADER-0032,FOREX,SELL,6.24,372,372,PENDING,2025-01-18 16:32:43.0
SELL-1763965655400-005629,TRADER-0129,EQUITY,SELL,446.01,178,178,PENDING,2025-01-17 23:42:24.0
SELL-1763965655392-000931,TRADER-0431,CRYPTO,SELL,3777.37,5,5,PENDING,2025-01-15 14:54:28.0
SELL-1763965655403-007425,TRADER-0425,EQUITY,SELL,450.28,204,204,PENDING,2025-01-18 20:58:31.0
SELL-1763965655403-007195,TRADER-0195,EQUITY,SELL,404.19,132,132,PENDING,2025-01-18 18:26:02.0
SELL-1763965655394-002142,TRADER-0142,CRYPTO,SELL,3473.88,1,1,PENDING,2025-01-16 05:48:33.0
SELL-1763965655395-002766,TRADER-0266,EQUITY,SELL,398.14,171,171,PENDING,2025-01-16 13:14:31.0
SELL-1763965655400-005267,TRADER-0267,FOREX,SELL,6.26,789,789,PENDING,2025-01-17 19:00:46.0
SELL-1763965655402-006534,TRADER-0034,CRYPTO,SELL,3164.17,10,10,PENDING,2025-01-18 10:03:24.0
SELL-1763965655394-001979,TRADER-0479,CRYPTO,SELL,4597.11,5,5,PENDING,2025-01-16 03:16:04.0
SELL-1763965655399-004898,TRADER-0398,EQUITY,SELL,221.93,359,359,PENDING,2025-01-17 14:54:33.0
SELL-1763965655394-002222,TRADER-0222,FOREX,SELL,6.76,466,466,PENDING,2025-01-16 06:43:14.0
SELL-1763965655393-001468,TRADER-0468,CRYPTO,SELL,3321.88,5,5,PENDING,2025-01-15 21:58:50.0
SELL-1763965655392-001307,TRADER-0307,CRYPTO,SELL,4065.25,11,11,PENDING,2025-01-15 19:51:42.0
SELL-1763965655399-005078,TRADER-0078,CRYPTO,SELL,2831.54,17,17,PENDING,2025-01-17 17:25:08.0
SELL-1763965655395-002862,TRADER-0362,FOREX,SELL,7.31,724,724,PENDING,2025-01-16 14:21:19.0
SELL-1763965655393-001574,TRADER-0074,FOREX,SELL,8.39,460,460,PENDING,2025-01-15 23:18:20.0
SELL-1763965655392-001411,TRADER-0411,EQUITY,SELL,319.48,45,45,PENDING,2025-01-15 20:28:24.0
SELL-1763965655397-003574,TRADER-0074,CRYPTO,SELL,3742.78,8,8,PENDING,2025-01-16 22:25:04.0
SELL-1763965655392-001079,TRADER-0079,FOREX,SELL,8.97,116,116,PENDING,2025-01-15 17:11:49.0
SELL-1763965655392-001322,TRADER-0322,CRYPTO,SELL,2909.4,14,14,PENDING,2025-01-15 19:46:39.0
SELL-1763965655401-006088,TRADER-0088,CRYPTO,SELL,1890.6,18,18,PENDING,2025-01-18 05:24:58.0
SELL-1763965655401-005937,TRADER-0437,CRYPTO,SELL,3850.89,2,2,PENDING,2025-01-18 02:53:26.0
SELL-1763965655395-002921,TRADER-0421,FOREX,SELL,9.76,794,794,PENDING,2025-01-16 15:23:50.0
SELL-1763965655402-006917,TRADER-0417,CRYPTO,SELL,2756.25,2,2,PENDING,2025-01-18 14:48:50.0
SELL-1763965655393-001889,TRADER-0389,FOREX,SELL,6.84,755,755,PENDING,2025-01-16 02:49:26.0
SELL-1763965655390-000399,TRADER-0399,EQUITY,SELL,300.0,67,67,PENDING,2025-01-15 08:41:17.0
SELL-1763965655402-006932,TRADER-0432,FOREX,SELL,8.31,361,361,PENDING,2025-01-18 14:58:13.0
SELL-1763965655398-004511,TRADER-0011,CRYPTO,SELL,3268.3,12,12,PENDING,2025-01-17 09:47:30.0
SELL-1763965655399-004889,TRADER-0389,CRYPTO,SELL,4436.14,5,5,PENDING,2025-01-17 14:59:31.0
SELL-1763965655403-007354,TRADER-0354,EQUITY,SELL,315.93,77,77,PENDING,2025-01-18 20:41:53.0
SELL-1763965655398-004480,TRADER-0480,EQUITY,SELL,338.76,17,17,PENDING,2025-01-17 09:31:50.0
SELL-1763965655390-000185,TRADER-0185,EQUITY,SELL,200.0,89,89,PENDING,2025-01-15 05:58:28.0
SELL-1763965655396-003382,TRADER-0382,CRYPTO,SELL,2021.8,19,19,PENDING,2025-01-16 20:37:03.0
SELL-1763965655391-000524,TRADER-0024,CRYPTO,SELL,4279.87,7,7,PENDING,2025-01-15 10:08:21.0
SELL-1763965655392-001012,TRADER-0012,CRYPTO,SELL,3772.32,7,7,PENDING,2025-01-15 16:35:06.0
SELL-1763965655402-006674,TRADER-0174,FOREX,SELL,7.66,751,751,PENDING,2025-01-18 11:37:55.0
SELL-1763965655394-002184,TRADER-0184,FOREX,SELL,7.97,912,912,PENDING,2025-01-16 05:51:46.0
SELL-1763965655400-005268,TRADER-0268,CRYPTO,SELL,1775.81,27,27,PENDING,2025-01-17 19:19:54.0
SELL-1763965655399-004855,TRADER-0355,EQUITY,SELL,307.58,224,224,PENDING,2025-01-17 14:29:19.0
SELL-1763965655396-003457,TRADER-0457,EQUITY,SELL,239.52,323,323,PENDING,2025-01-16 21:02:55.0
SELL-1763965655395-002808,TRADER-0308,FOREX,SELL,5.77,791,791,PENDING,2025-01-16 14:01:41.0
SELL-1763965655401-005763,TRADER-0263,CRYPTO,SELL,1888.13,22,22,PENDING,2025-01-18 01:09:47.0
SELL-1763965655392-001005,TRADER-0005,CRYPTO,SELL,2986.11,5,5,PENDING,2025-01-15 16:25:33.0
SELL-1763965655394-002310,TRADER-0310,EQUITY,SELL,436.85,208,208,PENDING,2025-01-16 07:59:18.0
SELL-1763965655400-005247,TRADER-0247,EQUITY,SELL,273.89,177,177,PENDING,2025-01-17 19:15:01.0
SELL-1763965655403-007446,TRADER-0446,FOREX,SELL,9.07,177,177,PENDING,2025-01-18 21:44:29.0
SELL-1763965655397-003781,TRADER-0281,CRYPTO,SELL,3531.3,1,1,PENDING,2025-01-17 01:49:49.0
SELL-1763965655395-002467,TRADER-0467,EQUITY,SELL,331.09,76,76,PENDING,2025-01-16 09:32:30.0
SELL-1763965655400-005659,TRADER-0159,CRYPTO,SELL,2254.73,7,7,PENDING,2025-01-17 23:31:17.0
SELL-1763965655395-002690,TRADER-0190,CRYPTO,SELL,3197.09,3,3,PENDING,2025-01-16 11:49:13.0
SELL-1763965655399-004884,TRADER-0384,CRYPTO,SELL,1965.83,17,17,PENDING,2025-01-17 14:22:20.0
SELL-1763965655398-004391,TRADER-0391,FOREX,SELL,6.05,29,29,PENDING,2025-01-17 09:05:59.0
SELL-1763965655400-005626,TRADER-0126,FOREX,SELL,9.14,316,316,PENDING,2025-01-17 23:01:37.0
SELL-1763965655400-005396,TRADER-0396,EQUITY,SELL,420.97,13,13,PENDING,2025-01-17 20:21:35.0
SELL-1763965655390-000364,TRADER-0364,EQUITY,SELL,200.0,28,28,PENDING,2025-01-15 08:29:51.0
SELL-1763965655393-001880,TRADER-0380,FOREX,SELL,7.37,903,903,PENDING,2025-01-16 02:56:55.0
SELL-1763965655392-001339,TRADER-0339,EQUITY,SELL,261.08,113,113,PENDING,2025-01-15 19:45:39.0
SELL-1763965655401-005753,TRADER-0253,CRYPTO,SELL,4603.03,2,2,PENDING,2025-01-18 01:20:20.0
SELL-1763965655395-002858,TRADER-0358,CRYPTO,SELL,4705.77,3,3,PENDING,2025-01-16 14:37:56.0
SELL-1763965655402-006619,TRADER-0119,CRYPTO,SELL,2103.98,3,3,PENDING,2025-01-18 11:09:46.0
SELL-1763965655403-007242,TRADER-0242,FOREX,SELL,6.83,278,278,PENDING,2025-01-18 18:33:21.0
SELL-1763965655391-000561,TRADER-0061,EQUITY,SELL,268.61,107,107,PENDING,2025-01-15 10:23:32.0
SELL-1763965655400-005650,TRADER-0150,FOREX,SELL,5.94,978,978,PENDING,2025-01-17 23:57:23.0
SELL-1763965655398-004356,TRADER-0356,CRYPTO,SELL,4155.79,12,12,PENDING,2025-01-17 08:29:37.0
SELL-1763965655400-005466,TRADER-0466,CRYPTO,SELL,2474.9,14,14,PENDING,2025-01-17 21:48:59.0
SELL-1763965655398-004283,TRADER-0283,FOREX,SELL,8.06,402,402,PENDING,2025-01-17 07:45:31.0
SELL-1763965655403-007131,TRADER-0131,CRYPTO,SELL,2835.46,7,7,PENDING,2025-01-18 17:07:44.0
SELL-1763965655400-005223,TRADER-0223,CRYPTO,SELL,4551.05,2,2,PENDING,2025-01-17 18:51:36.0
SELL-1763965655403-007251,TRADER-0251,CRYPTO,SELL,1020.06,18,18,PENDING,2025-01-18 18:57:24.0
SELL-1763965655402-006725,TRADER-0225,CRYPTO,SELL,1429.74,19,19,PENDING,2025-01-18 13:01:51.0
SELL-1763965655394-002423,TRADER-0423,FOREX,SELL,9.6,423,423,PENDING,2025-01-16 08:59:01.0
SELL-1763965655400-005210,TRADER-0210,CRYPTO,SELL,1410.23,29,29,PENDING,2025-01-17 18:08:57.0
SELL-1763965655392-001319,TRADER-0319,FOREX,SELL,9.75,141,141,PENDING,2025-01-15 20:05:50.0
SELL-1763965655393-001605,TRADER-0105,CRYPTO,SELL,2635.89,12,12,PENDING,2025-01-15 22:58:13.0
SELL-1763965655403-007022,TRADER-0022,EQUITY,SELL,387.43,176,176,PENDING,2025-01-18 15:50:46.0
SELL-1763965655402-006807,TRADER-0307,CRYPTO,SELL,2110.32,14,14,PENDING,2025-01-18 13:48:18.0
SELL-1763965655398-004264,TRADER-0264,EQUITY,SELL,367.87,5,5,PENDING,2025-01-17 06:56:08.0
SELL-1763965655397-003831,TRADER-0331,CRYPTO,SELL,2818.73,16,16,PENDING,2025-01-17 02:12:53.0
SELL-1763965655402-006892,TRADER-0392,FOREX,SELL,9.65,471,471,PENDING,2025-01-18 14:46:56.0
SELL-1763965655390-000063,TRADER-0063,EQUITY,SELL,300.0,89,89,PENDING,2025-01-15 04:23:07.0
SELL-1763965655401-006106,TRADER-0106,CRYPTO,SELL,1119.86,31,31,PENDING,2025-01-18 05:28:20.0
SELL-1763965655397-003557,TRADER-0057,CRYPTO,SELL,4173.11,10,10,PENDING,2025-01-16 22:34:21.0
SELL-1763965655393-001672,TRADER-0172,CRYPTO,SELL,3494.51,14,14,PENDING,2025-01-15 23:34:42.0
SELL-1763965655393-001533,TRADER-0033,EQUITY,SELL,458.35,12,12,PENDING,2025-01-15 22:44:15.0
SELL-1763965655397-003629,TRADER-0129,EQUITY,SELL,237.58,206,206,PENDING,2025-01-16 23:03:45.0
SELL-1763965655392-001410,TRADER-0410,FOREX,SELL,8.1,600,600,PENDING,2025-01-15 20:37:14.0
SELL-1763965655394-002424,TRADER-0424,EQUITY,SELL,436.26,29,29,PENDING,2025-01-16 08:46:43.0
SELL-1763965655390-000182,TRADER-0182,EQUITY,SELL,250.0,43,43,PENDING,2025-01-15 06:33:29.0
SELL-1763965655392-001298,TRADER-0298,EQUITY,SELL,271.62,92,92,PENDING,2025-01-15 19:26:38.0
SELL-1763965655395-002597,TRADER-0097,FOREX,SELL,7.55,379,379,PENDING,2025-01-16 11:16:52.0
SELL-1763965655400-005452,TRADER-0452,CRYPTO,SELL,3325.52,1,1,PENDING,2025-01-17 21:43:45.0
SELL-1763965655396-003102,TRADER-0102,FOREX,SELL,8.3,733,733,PENDING,2025-01-16 17:25:09.0
SELL-1763965655395-002902,TRADER-0402,CRYPTO,SELL,3596.47,3,3,PENDING,2025-01-16 14:50:52.0
SELL-1763965655399-004648,TRADER-0148,FOREX,SELL,8.85,754,754,PENDING,2025-01-17 11:17:48.0
SELL-1763965655402-006653,TRADER-0153,CRYPTO,SELL,3411.27,8,8,PENDING,2025-01-18 12:12:28.0
SELL-1763965655393-001471,TRADER-0471,EQUITY,SELL,412.48,157,157,PENDING,2025-01-15 21:32:47.0
SELL-1763965655399-004619,TRADER-0119,EQUITY,SELL,442.7,172,172,PENDING,2025-01-17 11:53:26.0
SELL-1763965655401-005955,TRADER-0455,FOREX,SELL,9.58,748,748,PENDING,2025-01-18 03:55:53.0
SELL-1763965655398-004505,TRADER-0005,CRYPTO,SELL,4564.55,3,3,PENDING,2025-01-17 09:38:57.0
SELL-1763965655395-002560,TRADER-0060,FOREX,SELL,7.92,775,775,PENDING,2025-01-16 10:31:27.0
SELL-1763965655403-007238,TRADER-0238,EQUITY,SELL,400.39,175,175,PENDING,2025-01-18 19:06:39.0
SELL-1763965655398-004441,TRADER-0441,CRYPTO,SELL,954.34,27,27,PENDING,2025-01-17 09:03:52.0
SELL-1763965655399-004653,TRADER-0153,EQUITY,SELL,262.8,88,88,PENDING,2025-01-17 12:07:50.0
SELL-1763965655401-006126,TRADER-0126,EQUITY,SELL,267.64,135,135,PENDING,2025-01-18 05:08:21.0
SELL-1763965655395-002469,TRADER-0469,EQUITY,SELL,344.94,46,46,PENDING,2025-01-16 09:11:01.0
SELL-1763965655401-006140,TRADER-0140,FOREX,SELL,9.54,780,780,PENDING,2025-01-18 05:15:10.0
SELL-1763965655398-004427,TRADER-0427,CRYPTO,SELL,3730.84,13,13,PENDING,2025-01-17 08:38:04.0
SELL-1763965655399-005105,TRADER-0105,FOREX,SELL,7.11,387,387,PENDING,2025-01-17 17:29:25.0
SELL-1763965655400-005239,TRADER-0239,EQUITY,SELL,294.71,321,321,PENDING,2025-01-17 18:50:33.0
SELL-1763965655393-001539,TRADER-0039,FOREX,SELL,7.98,70,70,PENDING,2025-01-15 22:36:50.0
SELL-1763965655390-000301,TRADER-0301,EQUITY,SELL,200.0,52,52,PENDING,2025-01-15 07:43:57.0
SELL-1763965655393-001794,TRADER-0294,FOREX,SELL,7.36,334,334,PENDING,2025-01-16 01:18:13.0
SELL-1763965655399-004727,TRADER-0227,FOREX,SELL,6.23,707,707,PENDING,2025-01-17 12:30:59.0
SELL-1763965655394-002352,TRADER-0352,CRYPTO,SELL,3582.37,9,9,PENDING,2025-01-16 08:31:44.0
SELL-1763965655394-001974,TRADER-0474,FOREX,SELL,6.1,966,966,PENDING,2025-01-16 04:08:02.0
SELL-1763965655391-000871,TRADER-0371,EQUITY,SELL,406.6,104,104,PENDING,2025-01-15 14:21:49.0
SELL-1763965655398-004251,TRADER-0251,EQUITY,SELL,402.36,115,115,PENDING,2025-01-17 06:51:13.0
SELL-1763965655397-003826,TRADER-0326,CRYPTO,SELL,4244.24,11,11,PENDING,2025-01-17 02:16:29.0
SELL-1763965655401-005750,TRADER-0250,CRYPTO,SELL,3508.62,1,1,PENDING,2025-01-18 01:04:36.0
SELL-1763965655403-007204,TRADER-0204,FOREX,SELL,8.34,421,421,PENDING,2025-01-18 18:15:07.0
SELL-1763965655402-006808,TRADER-0308,FOREX,SELL,9.66,832,832,PENDING,2025-01-18 14:01:09.0
SELL-1763965655399-004721,TRADER-0221,FOREX,SELL,6.21,883,883,PENDING,2025-01-17 13:06:40.0
SELL-1763965655399-004887,TRADER-0387,CRYPTO,SELL,4431.99,5,5,PENDING,2025-01-17 15:05:17.0
SELL-1763965655403-007004,TRADER-0004,EQUITY,SELL,469.0,184,184,PENDING,2025-01-18 15:50:28.0
SELL-1763965655391-000837,TRADER-0337,FOREX,SELL,8.26,244,244,PENDING,2025-01-15 13:33:14.0
SELL-1763965655402-006526,TRADER-0026,FOREX,SELL,7.56,439,439,PENDING,2025-01-18 09:59:30.0
SELL-1763965655401-006053,TRADER-0053,FOREX,SELL,8.97,880,880,PENDING,2025-01-18 04:33:52.0
SELL-1763965655399-004795,TRADER-0295,FOREX,SELL,9.06,543,543,PENDING,2025-01-17 13:58:43.0
SELL-1763965655398-004258,TRADER-0258,FOREX,SELL,8.29,261,261,PENDING,2025-01-17 07:27:18.0
SELL-1763965655395-002570,TRADER-0070,EQUITY,SELL,382.16,198,198,PENDING,2025-01-16 10:44:19.0
SELL-1763965655401-006282,TRADER-0282,EQUITY,SELL,234.33,317,317,PENDING,2025-01-18 06:55:52.0
SELL-1763965655392-001318,TRADER-0318,FOREX,SELL,9.33,547,547,PENDING,2025-01-15 19:33:19.0
SELL-1763965655401-005827,TRADER-0327,EQUITY,SELL,374.18,162,162,PENDING,2025-01-18 01:29:47.0
SELL-1763965655402-006905,TRADER-0405,EQUITY,SELL,426.92,126,126,PENDING,2025-01-18 14:49:14.0
SELL-1763965655400-005170,TRADER-0170,EQUITY,SELL,269.57,330,330,PENDING,2025-01-17 18:29:46.0
SELL-1763965655396-003160,TRADER-0160,CRYPTO,SELL,4570.92,1,1,PENDING,2025-01-16 18:06:26.0
SELL-1763965655394-002005,TRADER-0005,FOREX,SELL,7.63,662,662,PENDING,2025-01-16 03:36:30.0
SELL-1763965655397-003830,TRADER-0330,EQUITY,SELL,393.11,108,108,PENDING,2025-01-17 02:01:53.0
SELL-1763965655402-006649,TRADER-0149,CRYPTO,SELL,3060.45,10,10,PENDING,2025-01-18 11:23:06.0
SELL-1763965655393-001715,TRADER-0215,CRYPTO,SELL,4998.12,9,9,PENDING,2025-01-16 00:52:13.0
SELL-1763965655402-006417,TRADER-0417,FOREX,SELL,9.81,582,582,PENDING,2025-01-18 09:11:35.0
SELL-1763965655398-004025,TRADER-0025,CRYPTO,SELL,2531.3,17,17,PENDING,2025-01-17 03:57:30.0
SELL-1763965655400-005245,TRADER-0245,EQUITY,SELL,297.25,33,33,PENDING,2025-01-17 19:10:46.0
SELL-1763965655394-002358,TRADER-0358,CRYPTO,SELL,799.23,52,52,PENDING,2025-01-16 07:54:13.0
SELL-1763965655398-004221,TRADER-0221,EQUITY,SELL,484.2,17,17,PENDING,2025-01-17 06:41:24.0
SELL-1763965655401-006292,TRADER-0292,FOREX,SELL,8.45,300,300,PENDING,2025-01-18 07:20:35.0
SELL-1763965655395-002973,TRADER-0473,CRYPTO,SELL,3649.35,12,12,PENDING,2025-01-16 15:14:39.0
SELL-1763965655402-006645,TRADER-0145,EQUITY,SELL,394.43,69,69,PENDING,2025-01-18 11:52:14.0
SELL-1763965655401-006249,TRADER-0249,EQUITY,SELL,269.76,339,339,PENDING,2025-01-18 06:55:05.0
SELL-1763965655401-006122,TRADER-0122,FOREX,SELL,5.94,228,228,PENDING,2025-01-18 05:18:56.0
SELL-1763965655403-007312,TRADER-0312,CRYPTO,SELL,2269.83,16,16,PENDING,2025-01-18 20:10:45.0
SELL-1763965655398-004478,TRADER-0478,CRYPTO,SELL,4522.82,10,10,PENDING,2025-01-17 09:49:31.0
SELL-1763965655392-001268,TRADER-0268,EQUITY,SELL,281.97,261,261,PENDING,2025-01-15 19:32:55.0
SELL-1763965655403-007039,TRADER-0039,EQUITY,SELL,390.76,58,58,PENDING,2025-01-18 16:48:05.0
SELL-1763965655402-006661,TRADER-0161,EQUITY,SELL,460.61,179,179,PENDING,2025-01-18 12:01:17.0
SELL-1763965655400-005186,TRADER-0186,CRYPTO,SELL,4490.39,4,4,PENDING,2025-01-17 17:54:12.0
SELL-1763965655400-005171,TRADER-0171,CRYPTO,SELL,2934.58,8,8,PENDING,2025-01-17 18:02:44.0
SELL-1763965655403-007100,TRADER-0100,FOREX,SELL,5.88,861,861,PENDING,2025-01-18 16:56:06.0
SELL-1763965655392-001188,TRADER-0188,FOREX,SELL,8.03,694,694,PENDING,2025-01-15 18:12:15.0
SELL-1763965655390-000156,TRADER-0156,CRYPTO,SELL,1000.0,39,39,PENDING,2025-01-15 05:31:34.0
SELL-1763965655396-003495,TRADER-0495,FOREX,SELL,7.12,974,974,PENDING,2025-01-16 22:23:33.0
SELL-1763965655403-007451,TRADER-0451,FOREX,SELL,7.0,182,182,PENDING,2025-01-18 21:46:31.0
SELL-1763965655395-002609,TRADER-0109,FOREX,SELL,7.78,113,113,PENDING,2025-01-16 11:30:02.0
SELL-1763965655393-001899,TRADER-0399,EQUITY,SELL,380.63,206,206,PENDING,2025-01-16 02:48:30.0
SELL-1763965655396-003360,TRADER-0360,EQUITY,SELL,284.51,75,75,PENDING,2025-01-16 20:31:57.0
SELL-1763965655393-001628,TRADER-0128,EQUITY,SELL,481.08,15,15,PENDING,2025-01-15 23:45:07.0
SELL-1763965655403-007442,TRADER-0442,EQUITY,SELL,279.86,214,214,PENDING,2025-01-18 21:47:58.0
SELL-1763965655400-005545,TRADER-0045,CRYPTO,SELL,4854.98,4,4,PENDING,2025-01-17 22:55:47.0
SELL-1763965655402-006691,TRADER-0191,CRYPTO,SELL,3002.45,9,9,PENDING,2025-01-18 11:49:51.0
SELL-1763965655401-005736,TRADER-0236,FOREX,SELL,5.56,496,496,PENDING,2025-01-18 00:25:14.0
SELL-1763965655403-007285,TRADER-0285,FOREX,SELL,5.7,865,865,PENDING,2025-01-18 19:53:27.0
SELL-1763965655394-002191,TRADER-0191,CRYPTO,SELL,4284.57,3,3,PENDING,2025-01-16 06:35:10.0
SELL-1763965655393-001545,TRADER-0045,FOREX,SELL,7.94,13,13,PENDING,2025-01-15 22:49:30.0
SELL-1763965655398-004172,TRADER-0172,CRYPTO,SELL,4248.81,3,3,PENDING,2025-01-17 05:53:36.0
SELL-1763965655402-006487,TRADER-0487,FOREX,SELL,9.44,181,181,PENDING,2025-01-18 09:37:54.0
SELL-1763965655401-006312,TRADER-0312,CRYPTO,SELL,2018.41,12,12,PENDING,2025-01-18 07:33:09.0
SELL-1763965655390-000081,TRADER-0081,EQUITY,SELL,200.0,28,28,PENDING,2025-01-15 05:17:42.0
SELL-1763965655396-003247,TRADER-0247,FOREX,SELL,8.82,542,542,PENDING,2025-01-16 18:36:31.0
SELL-1763965655395-002532,TRADER-0032,FOREX,SELL,9.99,30,30,PENDING,2025-01-16 10:12:49.0
SELL-1763965655403-007047,TRADER-0047,EQUITY,SELL,362.73,91,91,PENDING,2025-01-18 17:00:02.0
SELL-1763965655398-004489,TRADER-0489,FOREX,SELL,9.63,46,46,PENDING,2025-01-17 10:05:21.0
SELL-1763965655403-007321,TRADER-0321,FOREX,SELL,7.13,417,417,PENDING,2025-01-18 20:06:42.0
SELL-1763965655395-002945,TRADER-0445,FOREX,SELL,9.39,236,236,PENDING,2025-01-16 15:02:32.0
SELL-1763965655392-000929,TRADER-0429,CRYPTO,SELL,1016.97,24,24,PENDING,2025-01-15 14:43:05.0
SELL-1763965655395-002741,TRADER-0241,EQUITY,SELL,253.91,75,75,PENDING,2025-01-16 12:51:07.0
SELL-1763965655392-001133,TRADER-0133,FOREX,SELL,5.69,491,491,PENDING,2025-01-15 18:02:36.0
SELL-1763965655399-004863,TRADER-0363,CRYPTO,SELL,1113.32,2,2,PENDING,2025-01-17 14:23:36.0
SELL-1763965655394-002165,TRADER-0165,EQUITY,SELL,200.82,460,460,PENDING,2025-01-16 05:41:05.0
SELL-1763965655399-005028,TRADER-0028,CRYPTO,SELL,3571.22,10,10,PENDING,2025-01-17 16:33:42.0
SELL-1763965655399-004537,TRADER-0037,CRYPTO,SELL,2480.85,4,4,PENDING,2025-01-17 10:41:41.0
SELL-1763965655397-003955,TRADER-0455,CRYPTO,SELL,4463.67,10,10,PENDING,2025-01-17 03:08:39.0
SELL-1763965655401-006211,TRADER-0211,CRYPTO,SELL,4143.11,5,5,PENDING,2025-01-18 06:58:56.0
SELL-1763965655398-004464,TRADER-0464,EQUITY,SELL,375.93,26,26,PENDING,2025-01-17 09:18:02.0
SELL-1763965655392-001383,TRADER-0383,EQUITY,SELL,268.66,253,253,PENDING,2025-01-15 20:32:38.0
SELL-1763965655390-000386,TRADER-0386,CRYPTO,SELL,2000.0,21,21,PENDING,2025-01-15 08:08:29.0
SELL-1763965655400-005594,TRADER-0094,EQUITY,SELL,226.26,126,126,PENDING,2025-01-17 23:11:39.0
SELL-1763965655401-005859,TRADER-0359,CRYPTO,SELL,3475.71,4,4,PENDING,2025-01-18 02:25:44.0
SELL-1763965655399-005000,TRADER-0000,CRYPTO,SELL,1143.69,17,17,PENDING,2025-01-17 16:18:23.0
SELL-1763965655403-006972,TRADER-0472,FOREX,SELL,9.04,570,570,PENDING,2025-01-18 15:34:24.0
SELL-1763965655401-005795,TRADER-0295,CRYPTO,SELL,1496.85,3,3,PENDING,2025-01-18 02:01:08.0
SELL-1763965655399-004927,TRADER-0427,CRYPTO,SELL,828.82,58,58,PENDING,2025-01-17 14:59:16.0
SELL-1763965655402-006447,TRADER-0447,FOREX,SELL,7.5,914,914,PENDING,2025-01-18 09:48:54.0
SELL-1763965655398-004424,TRADER-0424,EQUITY,SELL,350.38,52,52,PENDING,2025-01-17 09:06:45.0
SELL-1763965655394-002052,TRADER-0052,CRYPTO,SELL,859.55,7,7,PENDING,2025-01-16 04:10:22.0
SELL-1763965655395-002735,TRADER-0235,CRYPTO,SELL,1516.67,13,13,PENDING,2025-01-16 12:43:29.0
SELL-1763965655401-005732,TRADER-0232,CRYPTO,SELL,2428.61,14,14,PENDING,2025-01-18 00:30:03.0
SELL-1763965655401-006212,TRADER-0212,FOREX,SELL,5.46,14,14,PENDING,2025-01-18 06:59:42.0
SELL-1763965655399-004845,TRADER-0345,FOREX,SELL,9.1,684,684,PENDING,2025-01-17 13:40:51.0
SELL-1763965655391-000740,TRADER-0240,FOREX,SELL,7.87,865,865,PENDING,2025-01-15 12:28:19.0
SELL-1763965655393-001797,TRADER-0297,CRYPTO,SELL,1462.38,3,3,PENDING,2025-01-16 01:52:27.0
SELL-1763965655402-006731,TRADER-0231,CRYPTO,SELL,4615.64,6,6,PENDING,2025-01-18 12:47:28.0
SELL-1763965655399-004804,TRADER-0304,EQUITY,SELL,366.16,31,31,PENDING,2025-01-17 13:25:25.0
SELL-1763965655393-001503,TRADER-0003,CRYPTO,SELL,4750.13,2,2,PENDING,2025-01-15 22:05:17.0
SELL-1763965655392-001414,TRADER-0414,CRYPTO,SELL,4001.63,10,10,PENDING,2025-01-15 20:39:52.0
SELL-1763965655395-002514,TRADER-0014,EQUITY,SELL,454.96,205,205,PENDING,2025-01-16 10:02:08.0
SELL-1763965655390-000179,TRADER-0179,CRYPTO,SELL,1000.0,41,41,PENDING,2025-01-15 06:21:40.0
SELL-1763965655392-001200,TRADER-0200,EQUITY,SELL,337.11,239,239,PENDING,2025-01-15 18:51:10.0
SELL-1763965655400-005291,TRADER-0291,CRYPTO,SELL,4469.29,7,7,PENDING,2025-01-17 19:02:05.0
SELL-1763965655397-003929,TRADER-0429,EQUITY,SELL,363.15,26,26,PENDING,2025-01-17 03:36:08.0
SELL-1763965655391-000470,TRADER-0470,EQUITY,SELL,250.0,57,57,PENDING,2025-01-15 09:10:44.0
SELL-1763965655398-004434,TRADER-0434,FOREX,SELL,6.37,445,445,PENDING,2025-01-17 09:38:58.0
SELL-1763965655402-006535,TRADER-0035,FOREX,SELL,9.87,182,182,PENDING,2025-01-18 10:53:33.0
SELL-1763965655393-001666,TRADER-0166,EQUITY,SELL,338.31,214,214,PENDING,2025-01-15 23:32:18.0
SELL-1763965655393-001522,TRADER-0022,EQUITY,SELL,229.76,211,211,PENDING,2025-01-15 21:49:58.0
SELL-1763965655400-005166,TRADER-0166,CRYPTO,SELL,3219.78,13,13,PENDING,2025-01-17 18:27:26.0
SELL-1763965655399-004948,TRADER-0448,FOREX,SELL,5.96,409,409,PENDING,2025-01-17 15:14:48.0
SELL-1763965655393-001663,TRADER-0163,FOREX,SELL,6.89,864,864,PENDING,2025-01-15 23:55:44.0
SELL-1763965655391-000567,TRADER-0067,CRYPTO,SELL,2086.17,13,13,PENDING,2025-01-15 11:09:44.0
SELL-1763965655399-005041,TRADER-0041,CRYPTO,SELL,4890.52,2,2,PENDING,2025-01-17 16:36:54.0
SELL-1763965655395-002540,TRADER-0040,CRYPTO,SELL,797.48,21,21,PENDING,2025-01-16 10:01:30.0
SELL-1763965655401-006131,TRADER-0131,CRYPTO,SELL,836.0,35,35,PENDING,2025-01-18 05:27:21.0
SELL-1763965655403-007345,TRADER-0345,CRYPTO,SELL,4788.1,2,2,PENDING,2025-01-18 20:35:56.0
SELL-1763965655398-004099,TRADER-0099,CRYPTO,SELL,4315.94,5,5,PENDING,2025-01-17 05:14:18.0
SELL-1763965655392-001362,TRADER-0362,CRYPTO,SELL,3636.51,7,7,PENDING,2025-01-15 20:09:07.0
SELL-1763965655392-000930,TRADER-0430,CRYPTO,SELL,3172.31,13,13,PENDING,2025-01-15 15:19:13.0
SELL-1763965655403-006998,TRADER-0498,FOREX,SELL,7.56,704,704,PENDING,2025-01-18 15:45:37.0
SELL-1763965655395-002820,TRADER-0320,EQUITY,SELL,365.16,268,268,PENDING,2025-01-16 14:19:24.0
SELL-1763965655402-006369,TRADER-0369,EQUITY,SELL,296.03,9,9,PENDING,2025-01-18 08:37:14.0
SELL-1763965655397-003587,TRADER-0087,CRYPTO,SELL,4042.98,6,6,PENDING,2025-01-16 23:17:00.0
SELL-1763965655401-006117,TRADER-0117,CRYPTO,SELL,4956.91,4,4,PENDING,2025-01-18 05:33:36.0
SELL-1763965655392-000977,TRADER-0477,CRYPTO,SELL,3568.95,10,10,PENDING,2025-01-15 16:09:14.0
SELL-1763965655396-003208,TRADER-0208,CRYPTO,SELL,3968.55,7,7,PENDING,2025-01-16 18:57:16.0
SELL-1763965655395-002836,TRADER-0336,CRYPTO,SELL,2363.04,5,5,PENDING,2025-01-16 13:56:40.0
SELL-1763965655403-007028,TRADER-0028,CRYPTO,SELL,1709.84,14,14,PENDING,2025-01-18 16:00:04.0
SELL-1763965655397-003921,TRADER-0421,FOREX,SELL,9.32,499,499,PENDING,2025-01-17 02:48:44.0
SELL-1763965655398-004065,TRADER-0065,CRYPTO,SELL,3557.12,6,6,PENDING,2025-01-17 04:41:03.0
SELL-1763965655403-007124,TRADER-0124,EQUITY,SELL,451.21,185,185,PENDING,2025-01-18 17:04:52.0
SELL-1763965655393-001930,TRADER-0430,EQUITY,SELL,340.36,258,258,PENDING,2025-01-16 03:02:29.0
SELL-1763965655392-000987,TRADER-0487,CRYPTO,SELL,831.66,11,11,PENDING,2025-01-15 15:49:45.0
SELL-1763965655396-003148,TRADER-0148,FOREX,SELL,8.71,707,707,PENDING,2025-01-16 17:48:37.0
SELL-1763965655397-003634,TRADER-0134,EQUITY,SELL,332.56,240,240,PENDING,2025-01-16 23:27:15.0
SELL-1763965655402-006430,TRADER-0430,CRYPTO,SELL,937.6,37,37,PENDING,2025-01-18 08:48:46.0
SELL-1763965655391-000590,TRADER-0090,CRYPTO,SELL,2995.66,14,14,PENDING,2025-01-15 11:15:16.0
SELL-1763965655399-004904,TRADER-0404,EQUITY,SELL,430.32,117,117,PENDING,2025-01-17 14:45:15.0
SELL-1763965655391-000635,TRADER-0135,EQUITY,SELL,254.33,185,185,PENDING,2025-01-15 11:25:56.0
SELL-1763965655398-004350,TRADER-0350,CRYPTO,SELL,4822.91,10,10,PENDING,2025-01-17 08:39:20.0
SELL-1763965655401-006119,TRADER-0119,EQUITY,SELL,289.79,135,135,PENDING,2025-01-18 05:00:54.0
SELL-1763965655402-006450,TRADER-0450,FOREX,SELL,8.32,931,931,PENDING,2025-01-18 09:36:11.0
SELL-1763965655401-006013,TRADER-0013,CRYPTO,SELL,3314.51,4,4,PENDING,2025-01-18 03:39:24.0
SELL-1763965655399-004980,TRADER-0480,CRYPTO,SELL,1276.0,29,29,PENDING,2025-01-17 15:24:17.0
SELL-1763965655402-006723,TRADER-0223,CRYPTO,SELL,3526.54,14,14,PENDING,2025-01-18 12:58:25.0
SELL-1763965655394-002392,TRADER-0392,EQUITY,SELL,298.1,213,213,PENDING,2025-01-16 09:02:51.0
SELL-1763965655402-006934,TRADER-0434,FOREX,SELL,5.88,87,87,PENDING,2025-01-18 14:53:41.0
SELL-1763965655400-005350,TRADER-0350,CRYPTO,SELL,4134.06,2,2,PENDING,2025-01-17 20:16:41.0
SELL-1763965655403-007079,TRADER-0079,EQUITY,SELL,443.27,172,172,PENDING,2025-01-18 17:07:41.0
SELL-1763965655400-005597,TRADER-0097,CRYPTO,SELL,3815.28,7,7,PENDING,2025-01-17 22:44:29.0
SELL-1763965655392-001323,TRADER-0323,CRYPTO,SELL,1578.89,3,3,PENDING,2025-01-15 19:40:28.0
SELL-1763965655393-001576,TRADER-0076,CRYPTO,SELL,2824.36,5,5,PENDING,2025-01-15 22:47:11.0
SELL-1763965655398-004090,TRADER-0090,EQUITY,SELL,216.09,68,68,PENDING,2025-01-17 05:01:04.0
SELL-1763965655393-001931,TRADER-0431,CRYPTO,SELL,3561.06,3,3,PENDING,2025-01-16 03:02:43.0
SELL-1763965655398-004202,TRADER-0202,CRYPTO,SELL,4783.14,7,7,PENDING,2025-01-17 06:04:46.0
SELL-1763965655401-006229,TRADER-0229,EQUITY,SELL,364.35,102,102,PENDING,2025-01-18 06:38:56.0
SELL-1763965655393-001749,TRADER-0249,CRYPTO,SELL,2041.6,24,24,PENDING,2025-01-16 01:28:01.0
SELL-1763965655400-005516,TRADER-0016,CRYPTO,SELL,1109.47,31,31,PENDING,2025-01-17 21:48:17.0
SELL-1763965655399-004754,TRADER-0254,CRYPTO,SELL,4742.6,9,9,PENDING,2025-01-17 13:21:51.0
SELL-1763965655402-006713,TRADER-0213,FOREX,SELL,9.43,739,739,PENDING,2025-01-18 12:35:43.0
SELL-1763965655397-003964,TRADER-0464,CRYPTO,SELL,2722.87,15,15,PENDING,2025-01-17 03:11:48.0
SELL-1763965655392-001032,TRADER-0032,FOREX,SELL,8.62,269,269,PENDING,2025-01-15 16:39:37.0
SELL-1763965655397-003900,TRADER-0400,EQUITY,SELL,419.97,69,69,PENDING,2025-01-17 02:54:30.0
SELL-1763965655395-002718,TRADER-0218,CRYPTO,SELL,2361.3,21,21,PENDING,2025-01-16 12:38:47.0
SELL-1763965655393-001540,TRADER-0040,EQUITY,SELL,210.29,238,238,PENDING,2025-01-15 22:42:23.0
SELL-1763965655398-004146,TRADER-0146,EQUITY,SELL,419.72,140,140,PENDING,2025-01-17 05:57:01.0
SELL-1763965655402-006676,TRADER-0176,EQUITY,SELL,276.59,237,237,PENDING,2025-01-18 12:22:49.0
SELL-1763965655395-002737,TRADER-0237,FOREX,SELL,8.64,92,92,PENDING,2025-01-16 12:57:26.0
SELL-1763965655394-002136,TRADER-0136,FOREX,SELL,9.66,566,566,PENDING,2025-01-16 05:27:24.0
SELL-1763965655403-007106,TRADER-0106,FOREX,SELL,9.67,245,245,PENDING,2025-01-18 17:09:44.0
SELL-1763965655390-000061,TRADER-0061,EQUITY,SELL,250.0,10,10,PENDING,2025-01-15 04:46:39.0
SELL-1763965655400-005661,TRADER-0161,CRYPTO,SELL,2122.99,14,14,PENDING,2025-01-17 23:39:05.0
SELL-1763965655399-004531,TRADER-0031,CRYPTO,SELL,3858.07,3,3,PENDING,2025-01-17 10:25:56.0
SELL-1763965655401-006011,TRADER-0011,EQUITY,SELL,367.27,152,152,PENDING,2025-01-18 03:54:35.0
SELL-1763965655396-003217,TRADER-0217,FOREX,SELL,7.01,749,749,PENDING,2025-01-16 19:05:39.0
SELL-1763965655401-006009,TRADER-0009,FOREX,SELL,5.53,442,442,PENDING,2025-01-18 04:30:01.0
SELL-1763965655401-006113,TRADER-0113,CRYPTO,SELL,1996.64,5,5,PENDING,2025-01-18 04:53:02.0
SELL-1763965655398-004521,TRADER-0021,CRYPTO,SELL,1089.41,33,33,PENDING,2025-01-17 10:26:31.0
SELL-1763965655399-004861,TRADER-0361,CRYPTO,SELL,4212.24,9,9,PENDING,2025-01-17 14:04:41.0
SELL-1763965655397-003787,TRADER-0287,CRYPTO,SELL,4144.08,5,5,PENDING,2025-01-17 01:37:39.0
SELL-1763965655399-004907,TRADER-0407,CRYPTO,SELL,4613.02,10,10,PENDING,2025-01-17 15:03:16.0
SELL-1763965655397-003970,TRADER-0470,CRYPTO,SELL,2204.96,9,9,PENDING,2025-01-17 03:25:25.0
SELL-1763965655401-005730,TRADER-0230,CRYPTO,SELL,3239.07,2,2,PENDING,2025-01-18 01:13:36.0
SELL-1763965655403-007443,TRADER-0443,CRYPTO,SELL,3252.88,5,5,PENDING,2025-01-18 21:00:25.0
SELL-1763965655403-007176,TRADER-0176,EQUITY,SELL,238.94,147,147,PENDING,2025-01-18 17:51:23.0
SELL-1763965655393-001845,TRADER-0345,CRYPTO,SELL,3582.86,12,12,PENDING,2025-01-16 01:50:22.0
SELL-1763965655395-002754,TRADER-0254,EQUITY,SELL,214.19,24,24,PENDING,2025-01-16 12:44:18.0
SELL-1763965655403-007180,TRADER-0180,CRYPTO,SELL,4860.77,7,7,PENDING,2025-01-18 18:28:03.0
SELL-1763965655397-003639,TRADER-0139,FOREX,SELL,6.13,796,796,PENDING,2025-01-16 23:20:10.0
SELL-1763965655401-006202,TRADER-0202,CRYPTO,SELL,4457.3,1,1,PENDING,2025-01-18 06:43:54.0
SELL-1763965655401-005867,TRADER-0367,CRYPTO,SELL,1767.74,1,1,PENDING,2025-01-18 01:56:46.0
SELL-1763965655391-000785,TRADER-0285,FOREX,SELL,9.83,976,976,PENDING,2025-01-15 13:20:00.0
SELL-1763965655391-000554,TRADER-0054,EQUITY,SELL,232.12,87,87,PENDING,2025-01-15 10:16:07.0
SELL-1763965655392-001388,TRADER-0388,CRYPTO,SELL,1111.48,21,21,PENDING,2025-01-15 20:43:49.0
SELL-1763965655397-003836,TRADER-0336,FOREX,SELL,7.87,978,978,PENDING,2025-01-17 01:57:35.0
SELL-1763965655390-000313,TRADER-0313,CRYPTO,SELL,1500.0,33,33,PENDING,2025-01-15 07:45:47.0
SELL-1763965655396-003121,TRADER-0121,CRYPTO,SELL,4772.18,2,2,PENDING,2025-01-16 17:18:41.0
SELL-1763965655391-000787,TRADER-0287,EQUITY,SELL,208.28,151,151,PENDING,2025-01-15 13:37:58.0
SELL-1763965655403-007284,TRADER-0284,EQUITY,SELL,444.77,184,184,PENDING,2025-01-18 19:09:26.0
SELL-1763965655391-000799,TRADER-0299,CRYPTO,SELL,4421.87,10,10,PENDING,2025-01-15 13:49:40.0
SELL-1763965655402-006828,TRADER-0328,EQUITY,SELL,470.43,50,50,PENDING,2025-01-18 13:45:01.0
SELL-1763965655397-003991,TRADER-0491,EQUITY,SELL,441.44,164,164,PENDING,2025-01-17 03:53:54.0
SELL-1763965655394-002196,TRADER-0196,CRYPTO,SELL,3942.14,4,4,PENDING,2025-01-16 05:53:51.0
SELL-1763965655397-003765,TRADER-0265,FOREX,SELL,9.59,374,374,PENDING,2025-01-17 00:53:14.0
SELL-1763965655403-007128,TRADER-0128,FOREX,SELL,8.9,140,140,PENDING,2025-01-18 17:49:45.0
SELL-1763965655400-005544,TRADER-0044,CRYPTO,SELL,1125.06,5,5,PENDING,2025-01-17 22:49:37.0
SELL-1763965655400-005302,TRADER-0302,CRYPTO,SELL,1758.13,12,12,PENDING,2025-01-17 20:02:14.0
SELL-1763965655402-006361,TRADER-0361,FOREX,SELL,5.96,608,608,PENDING,2025-01-18 08:21:42.0
SELL-1763965655399-005037,TRADER-0037,CRYPTO,SELL,1503.33,24,24,PENDING,2025-01-17 16:05:14.0
SELL-1763965655396-003138,TRADER-0138,CRYPTO,SELL,1225.58,2,2,PENDING,2025-01-16 17:16:56.0
SELL-1763965655395-002855,TRADER-0355,CRYPTO,SELL,1888.4,5,5,PENDING,2025-01-16 14:01:01.0
SELL-1763965655394-002386,TRADER-0386,EQUITY,SELL,186.68,88,88,PENDING,2025-01-16 09:07:36.0
SELL-1763965655394-001972,TRADER-0472,CRYPTO,SELL,4415.7,10,10,PENDING,2025-01-16 04:01:43.0
SELL-1763965655397-003802,TRADER-0302,FOREX,SELL,8.33,755,755,PENDING,2025-01-17 01:39:09.0
SELL-1763965655393-001744,TRADER-0244,EQUITY,SELL,401.57,141,141,PENDING,2025-01-16 00:50:44.0
SELL-1763965655392-000990,TRADER-0490,CRYPTO,SELL,2881.6,11,11,PENDING,2025-01-15 15:49:45.0
SELL-1763965655401-006258,TRADER-0258,FOREX,SELL,7.66,1,1,PENDING,2025-01-18 06:56:08.0
SELL-1763965655397-003625,TRADER-0125,FOREX,SELL,7.56,862,862,PENDING,2025-01-16 23:18:59.0
SELL-1763965655400-005541,TRADER-0041,EQUITY,SELL,286.66,47,47,PENDING,2025-01-17 22:38:08.0
SELL-1763965655399-005099,TRADER-0099,FOREX,SELL,6.15,889,889,PENDING,2025-01-17 17:11:44.0
SELL-1763965655402-006552,TRADER-0052,FOREX,SELL,9.21,830,830,PENDING,2025-01-18 10:15:56.0
SELL-1763965655400-005424,TRADER-0424,CRYPTO,SELL,2877.63,17,17,PENDING,2025-01-17 21:00:26.0
SELL-1763965655403-007363,TRADER-0363,CRYPTO,SELL,1319.77,21,21,PENDING,2025-01-18 20:34:52.0
SELL-1763965655391-000551,TRADER-0051,CRYPTO,SELL,3943.58,3,3,PENDING,2025-01-15 10:50:24.0
SELL-1763965655396-003434,TRADER-0434,EQUITY,SELL,216.69,2,2,PENDING,2025-01-16 20:59:59.0
SELL-1763965655397-003632,TRADER-0132,FOREX,SELL,6.3,795,795,PENDING,2025-01-16 23:32:02.0
SELL-1763965655401-005725,TRADER-0225,CRYPTO,SELL,1976.25,18,18,PENDING,2025-01-18 00:24:55.0
SELL-1763965655397-003769,TRADER-0269,CRYPTO,SELL,2474.53,13,13,PENDING,2025-01-17 01:10:06.0
SELL-1763965655391-000765,TRADER-0265,EQUITY,SELL,375.39,265,265,PENDING,2025-01-15 12:50:40.0
SELL-1763965655401-005788,TRADER-0288,EQUITY,SELL,284.68,334,334,PENDING,2025-01-18 01:12:25.0
SELL-1763965655403-007304,TRADER-0304,CRYPTO,SELL,4386.91,4,4,PENDING,2025-01-18 19:40:05.0
SELL-1763965655392-001279,TRADER-0279,FOREX,SELL,8.07,930,930,PENDING,2025-01-15 19:15:19.0
SELL-1763965655402-006823,TRADER-0323,CRYPTO,SELL,3098.86,4,4,PENDING,2025-01-18 14:03:23.0
SELL-1763965655400-005647,TRADER-0147,EQUITY,SELL,349.75,44,44,PENDING,2025-01-17 23:34:35.0
SELL-1763965655400-005435,TRADER-0435,CRYPTO,SELL,4751.0,5,5,PENDING,2025-01-17 21:36:46.0
SELL-1763965655400-005648,TRADER-0148,FOREX,SELL,8.78,85,85,PENDING,2025-01-18 00:00:51.0
SELL-1763965655390-000362,TRADER-0362,EQUITY,SELL,250.0,16,16,PENDING,2025-01-15 07:51:52.0
SELL-1763965655403-007346,TRADER-0346,EQUITY,SELL,297.62,76,76,PENDING,2025-01-18 20:14:09.0
SELL-1763965655400-005662,TRADER-0162,CRYPTO,SELL,4426.68,7,7,PENDING,2025-01-17 23:33:49.0
SELL-1763965655394-001982,TRADER-0482,CRYPTO,SELL,2107.19,13,13,PENDING,2025-01-16 03:36:40.0
SELL-1763965655398-004224,TRADER-0224,EQUITY,SELL,319.47,301,301,PENDING,2025-01-17 06:31:18.0
SELL-1763965655391-000509,TRADER-0009,EQUITY,SELL,387.84,229,229,PENDING,2025-01-15 10:28:43.0
SELL-1763965655398-004412,TRADER-0412,CRYPTO,SELL,2597.54,18,18,PENDING,2025-01-17 09:15:53.0
SELL-1763965655400-005502,TRADER-0002,CRYPTO,SELL,3966.31,5,5,PENDING,2025-01-17 22:19:24.0
SELL-1763965655394-002238,TRADER-0238,FOREX,SELL,7.14,444,444,PENDING,2025-01-16 06:35:08.0
SELL-1763965655402-006792,TRADER-0292,CRYPTO,SELL,1858.39,2,2,PENDING,2025-01-18 13:24:27.0
SELL-1763965655392-000968,TRADER-0468,EQUITY,SELL,301.53,271,271,PENDING,2025-01-15 15:57:01.0
SELL-1763965655396-003372,TRADER-0372,EQUITY,SELL,334.99,163,163,PENDING,2025-01-16 20:53:38.0
SELL-1763965655391-000573,TRADER-0073,EQUITY,SELL,317.37,69,69,PENDING,2025-01-15 10:57:35.0
SELL-1763965655393-001757,TRADER-0257,EQUITY,SELL,185.46,393,393,PENDING,2025-01-16 00:41:19.0
SELL-1763965655397-003585,TRADER-0085,CRYPTO,SELL,4197.27,8,8,PENDING,2025-01-16 22:46:05.0
SELL-1763965655399-004724,TRADER-0224,FOREX,SELL,8.49,871,871,PENDING,2025-01-17 13:04:27.0
SELL-1763965655401-005722,TRADER-0222,CRYPTO,SELL,1307.62,21,21,PENDING,2025-01-18 00:50:01.0
SELL-1763965655403-006997,TRADER-0497,FOREX,SELL,9.98,349,349,PENDING,2025-01-18 15:58:08.0
SELL-1763965655400-005475,TRADER-0475,EQUITY,SELL,206.65,282,282,PENDING,2025-01-17 21:44:30.0
SELL-1763965655394-002338,TRADER-0338,FOREX,SELL,8.86,253,253,PENDING,2025-01-16 08:12:25.0
SELL-1763965655392-001205,TRADER-0205,FOREX,SELL,7.9,725,725,PENDING,2025-01-15 18:23:08.0
SELL-1763965655394-002124,TRADER-0124,FOREX,SELL,9.12,101,101,PENDING,2025-01-16 05:09:47.0
SELL-1763965655392-001222,TRADER-0222,EQUITY,SELL,390.43,18,18,PENDING,2025-01-15 18:53:13.0
SELL-1763965655391-000616,TRADER-0116,EQUITY,SELL,229.39,432,432,PENDING,2025-01-15 11:16:35.0
SELL-1763965655400-005264,TRADER-0264,CRYPTO,SELL,884.88,13,13,PENDING,2025-01-17 19:23:59.0
SELL-1763965655401-006065,TRADER-0065,FOREX,SELL,5.91,811,811,PENDING,2025-01-18 04:48:59.0
SELL-1763965655398-004423,TRADER-0423,CRYPTO,SELL,4123.77,12,12,PENDING,2025-01-17 08:37:01.0
SELL-1763965655392-001173,TRADER-0173,CRYPTO,SELL,2699.99,12,12,PENDING,2025-01-15 18:10:32.0
SELL-1763965655399-004748,TRADER-0248,EQUITY,SELL,400.96,142,142,PENDING,2025-01-17 12:46:26.0
SELL-1763965655390-000273,TRADER-0273,EQUITY,SELL,250.0,85,85,PENDING,2025-01-15 07:38:49.0
SELL-1763965655401-005824,TRADER-0324,CRYPTO,SELL,4964.41,5,5,PENDING,2025-01-18 01:51:34.0
SELL-1763965655392-001168,TRADER-0168,CRYPTO,SELL,962.71,31,31,PENDING,2025-01-15 18:01:57.0
SELL-1763965655392-001169,TRADER-0169,EQUITY,SELL,495.37,187,187,PENDING,2025-01-15 17:53:57.0
SELL-1763965655394-002411,TRADER-0411,EQUITY,SELL,393.13,251,251,PENDING,2025-01-16 09:13:19.0
SELL-1763965655396-003252,TRADER-0252,CRYPTO,SELL,3785.56,3,3,PENDING,2025-01-16 19:28:11.0
SELL-1763965655397-003960,TRADER-0460,EQUITY,SELL,446.27,94,94,PENDING,2025-01-17 03:44:54.0
SELL-1763965655395-002826,TRADER-0326,FOREX,SELL,5.5,98,98,PENDING,2025-01-16 14:13:16.0
SELL-1763965655403-007366,TRADER-0366,FOREX,SELL,5.29,651,651,PENDING,2025-01-18 20:01:50.0
SELL-1763965655392-001294,TRADER-0294,CRYPTO,SELL,2544.17,8,8,PENDING,2025-01-15 19:44:52.0
SELL-1763965655400-005382,TRADER-0382,CRYPTO,SELL,2138.32,10,10,PENDING,2025-01-17 20:10:05.0
SELL-1763965655397-003615,TRADER-0115,EQUITY,SELL,485.54,161,161,PENDING,2025-01-16 23:51:41.0
SELL-1763965655397-003846,TRADER-0346,CRYPTO,SELL,723.93,59,59,PENDING,2025-01-17 02:05:28.0
SELL-1763965655401-005857,TRADER-0357,FOREX,SELL,5.63,294,294,PENDING,2025-01-18 02:44:05.0
SELL-1763965655396-003436,TRADER-0436,EQUITY,SELL,227.62,425,425,PENDING,2025-01-16 20:56:18.0
SELL-1763965655394-002459,TRADER-0459,EQUITY,SELL,243.04,55,55,PENDING,2025-01-16 09:07:50.0
SELL-1763965655401-006195,TRADER-0195,FOREX,SELL,9.65,367,367,PENDING,2025-01-18 06:22:37.0
SELL-1763965655397-003954,TRADER-0454,FOREX,SELL,9.53,147,147,PENDING,2025-01-17 03:06:50.0
SELL-1763965655396-003143,TRADER-0143,CRYPTO,SELL,2693.52,1,1,PENDING,2025-01-16 17:56:33.0
SELL-1763965655400-005458,TRADER-0458,CRYPTO,SELL,2573.93,6,6,PENDING,2025-01-17 21:16:15.0
SELL-1763965655393-001620,TRADER-0120,CRYPTO,SELL,4414.7,4,4,PENDING,2025-01-15 23:27:38.0
SELL-1763965655398-004205,TRADER-0205,CRYPTO,SELL,4710.08,4,4,PENDING,2025-01-17 06:42:54.0
SELL-1763965655400-005337,TRADER-0337,FOREX,SELL,6.24,928,928,PENDING,2025-01-17 20:07:06.0
SELL-1763965655400-005423,TRADER-0423,CRYPTO,SELL,1769.19,24,24,PENDING,2025-01-17 20:41:39.0
SELL-1763965655399-004576,TRADER-0076,FOREX,SELL,6.13,938,938,PENDING,2025-01-17 10:30:17.0
SELL-1763965655391-000832,TRADER-0332,CRYPTO,SELL,2865.36,1,1,PENDING,2025-01-15 14:06:40.0
SELL-1763965655398-004125,TRADER-0125,FOREX,SELL,9.48,964,964,PENDING,2025-01-17 05:35:07.0
SELL-1763965655397-003775,TRADER-0275,EQUITY,SELL,417.72,102,102,PENDING,2025-01-17 00:48:08.0
SELL-1763965655402-006857,TRADER-0357,CRYPTO,SELL,3033.39,10,10,PENDING,2025-01-18 14:25:57.0
SELL-1763965655402-006411,TRADER-0411,FOREX,SELL,6.37,250,250,PENDING,2025-01-18 08:57:12.0
SELL-1763965655401-005745,TRADER-0245,FOREX,SELL,7.97,540,540,PENDING,2025-01-18 00:32:04.0
SELL-1763965655403-007143,TRADER-0143,CRYPTO,SELL,2515.01,10,10,PENDING,2025-01-18 17:37:23.0
SELL-1763965655401-006209,TRADER-0209,EQUITY,SELL,222.53,383,383,PENDING,2025-01-18 06:31:54.0
SELL-1763965655403-007297,TRADER-0297,EQUITY,SELL,487.61,140,140,PENDING,2025-01-18 19:07:21.0
SELL-1763965655400-005329,TRADER-0329,EQUITY,SELL,342.89,258,258,PENDING,2025-01-17 20:13:31.0
SELL-1763965655402-006550,TRADER-0050,CRYPTO,SELL,813.37,5,5,PENDING,2025-01-18 10:36:00.0
SELL-1763965655398-004382,TRADER-0382,CRYPTO,SELL,4075.12,6,6,PENDING,2025-01-17 08:39:10.0
SELL-1763965655400-005494,TRADER-0494,EQUITY,SELL,406.61,131,131,PENDING,2025-01-17 22:10:34.0
SELL-1763965655398-004097,TRADER-0097,EQUITY,SELL,293.34,268,268,PENDING,2025-01-17 05:34:39.0
SELL-1763965655395-002706,TRADER-0206,CRYPTO,SELL,2299.63,12,12,PENDING,2025-01-16 12:55:05.0
SELL-1763965655400-005181,TRADER-0181,EQUITY,SELL,465.56,18,18,PENDING,2025-01-17 18:21:18.0
SELL-1763965655391-000852,TRADER-0352,CRYPTO,SELL,1881.64,23,23,PENDING,2025-01-15 14:23:59.0
SELL-1763965655397-003825,TRADER-0325,CRYPTO,SELL,929.46,42,42,PENDING,2025-01-17 02:14:21.0
SELL-1763965655391-000558,TRADER-0058,CRYPTO,SELL,1930.87,8,8,PENDING,2025-01-15 10:16:36.0
SELL-1763965655399-004662,TRADER-0162,CRYPTO,SELL,3974.5,9,9,PENDING,2025-01-17 12:21:48.0
SELL-1763965655396-003285,TRADER-0285,EQUITY,SELL,407.14,42,42,PENDING,2025-01-16 19:36:14.0
SELL-1763965655391-000817,TRADER-0317,FOREX,SELL,5.58,234,234,PENDING,2025-01-15 13:42:00.0
SELL-1763965655398-004292,TRADER-0292,EQUITY,SELL,275.68,240,240,PENDING,2025-01-17 07:42:31.0
SELL-1763965655398-004032,TRADER-0032,EQUITY,SELL,462.18,3,3,PENDING,2025-01-17 04:17:50.0
SELL-1763965655392-001056,TRADER-0056,EQUITY,SELL,282.73,111,111,PENDING,2025-01-15 16:25:54.0
SELL-1763965655398-004171,TRADER-0171,CRYPTO,SELL,3188.17,5,5,PENDING,2025-01-17 06:30:57.0
SELL-1763965655397-003918,TRADER-0418,EQUITY,SELL,299.06,320,320,PENDING,2025-01-17 02:59:32.0
SELL-1763965655398-004089,TRADER-0089,FOREX,SELL,9.67,497,497,PENDING,2025-01-17 05:10:10.0
SELL-1763965655392-001355,TRADER-0355,FOREX,SELL,9.45,707,707,PENDING,2025-01-15 20:19:07.0
SELL-1763965655397-003817,TRADER-0317,CRYPTO,SELL,1045.75,30,30,PENDING,2025-01-17 02:06:22.0
SELL-1763965655393-001707,TRADER-0207,CRYPTO,SELL,2536.56,16,16,PENDING,2025-01-16 00:44:51.0
SELL-1763965655402-006386,TRADER-0386,EQUITY,SELL,471.73,23,23,PENDING,2025-01-18 08:46:33.0
SELL-1763965655395-002613,TRADER-0113,EQUITY,SELL,266.44,132,132,PENDING,2025-01-16 11:28:02.0
SELL-1763965655400-005473,TRADER-0473,CRYPTO,SELL,3974.86,6,6,PENDING,2025-01-17 21:10:40.0
SELL-1763965655402-006671,TRADER-0171,CRYPTO,SELL,1245.37,4,4,PENDING,2025-01-18 11:40:41.0
SELL-1763965655395-002710,TRADER-0210,EQUITY,SELL,337.64,243,243,PENDING,2025-01-16 12:26:58.0
SELL-1763965655401-006309,TRADER-0309,CRYPTO,SELL,4750.9,3,3,PENDING,2025-01-18 07:42:02.0
SELL-1763965655395-002846,TRADER-0346,FOREX,SELL,7.95,106,106,PENDING,2025-01-16 14:23:55.0
SELL-1763965655401-006094,TRADER-0094,EQUITY,SELL,447.98,34,34,PENDING,2025-01-18 04:44:59.0
SELL-1763965655396-003189,TRADER-0189,EQUITY,SELL,392.42,96,96,PENDING,2025-01-16 18:00:50.0
SELL-1763965655395-002471,TRADER-0471,EQUITY,SELL,329.51,126,126,PENDING,2025-01-16 09:27:51.0
SELL-1763965655399-004883,TRADER-0383,FOREX,SELL,9.24,91,91,PENDING,2025-01-17 14:56:03.0
SELL-1763965655394-002450,TRADER-0450,FOREX,SELL,7.66,388,388,PENDING,2025-01-16 09:40:29.0
SELL-1763965655395-002701,TRADER-0201,FOREX,SELL,6.48,987,987,PENDING,2025-01-16 12:19:28.0
SELL-1763965655394-002202,TRADER-0202,CRYPTO,SELL,1729.23,13,13,PENDING,2025-01-16 06:40:13.0
SELL-1763965655402-006368,TRADER-0368,CRYPTO,SELL,1911.29,17,17,PENDING,2025-01-18 08:54:32.0
SELL-1763965655400-005322,TRADER-0322,FOREX,SELL,7.02,581,581,PENDING,2025-01-17 19:32:34.0
SELL-1763965655396-003105,TRADER-0105,FOREX,SELL,9.54,441,441,PENDING,2025-01-16 17:38:26.0
SELL-1763965655400-005578,TRADER-0078,EQUITY,SELL,335.14,39,39,PENDING,2025-01-17 23:09:12.0
SELL-1763965655397-003950,TRADER-0450,FOREX,SELL,8.23,207,207,PENDING,2025-01-17 02:59:58.0
SELL-1763965655391-000715,TRADER-0215,CRYPTO,SELL,4443.11,7,7,PENDING,2025-01-15 12:51:04.0
SELL-1763965655394-001965,TRADER-0465,FOREX,SELL,7.4,237,237,PENDING,2025-01-16 03:32:13.0
SELL-1763965655400-005600,TRADER-0100,FOREX,SELL,8.08,718,718,PENDING,2025-01-17 22:46:22.0
SELL-1763965655394-002079,TRADER-0079,EQUITY,SELL,345.39,70,70,PENDING,2025-01-16 04:30:55.0
SELL-1763965655401-005785,TRADER-0285,CRYPTO,SELL,2536.64,15,15,PENDING,2025-01-18 01:52:57.0
SELL-1763965655398-004057,TRADER-0057,EQUITY,SELL,259.8,224,224,PENDING,2025-01-17 04:36:54.0
SELL-1763965655401-006085,TRADER-0085,CRYPTO,SELL,4672.43,1,1,PENDING,2025-01-18 05:23:13.0
SELL-1763965655395-002515,TRADER-0015,CRYPTO,SELL,825.41,32,32,PENDING,2025-01-16 10:31:31.0
SELL-1763965655396-003233,TRADER-0233,FOREX,SELL,7.87,928,928,PENDING,2025-01-16 18:55:28.0
SELL-1763965655403-007010,TRADER-0010,FOREX,SELL,6.79,553,553,PENDING,2025-01-18 15:48:16.0
SELL-1763965655402-006728,TRADER-0228,EQUITY,SELL,460.91,45,45,PENDING,2025-01-18 12:29:03.0
SELL-1763965655402-006782,TRADER-0282,FOREX,SELL,6.79,19,19,PENDING,2025-01-18 13:34:49.0
SELL-1763965655400-005392,TRADER-0392,CRYPTO,SELL,1414.86,28,28,PENDING,2025-01-17 20:27:56.0
SELL-1763965655400-005334,TRADER-0334,EQUITY,SELL,427.86,12,12,PENDING,2025-01-17 20:25:03.0
SELL-1763965655393-001517,TRADER-0017,CRYPTO,SELL,1389.23,27,27,PENDING,2025-01-15 21:51:41.0
SELL-1763965655401-005728,TRADER-0228,EQUITY,SELL,286.82,30,30,PENDING,2025-01-18 00:26:37.0
SELL-1763965655398-004365,TRADER-0365,CRYPTO,SELL,4008.92,8,8,PENDING,2025-01-17 08:28:05.0
SELL-1763965655399-004858,TRADER-0358,CRYPTO,SELL,4579.14,10,10,PENDING,2025-01-17 14:41:13.0
SELL-1763965655401-005900,TRADER-0400,EQUITY,SELL,316.58,122,122,PENDING,2025-01-18 02:50:30.0
SELL-1763965655396-003288,TRADER-0288,EQUITY,SELL,267.21,242,242,PENDING,2025-01-16 19:33:13.0
SELL-1763965655393-001465,TRADER-0465,FOREX,SELL,7.27,43,43,PENDING,2025-01-15 21:54:40.0
SELL-1763965655391-000814,TRADER-0314,FOREX,SELL,8.24,181,181,PENDING,2025-01-15 14:13:31.0
SELL-1763965655401-006104,TRADER-0104,CRYPTO,SELL,1511.42,1,1,PENDING,2025-01-18 05:31:01.0
SELL-1763965655402-006705,TRADER-0205,CRYPTO,SELL,753.28,26,26,PENDING,2025-01-18 12:41:51.0
SELL-1763965655391-000767,TRADER-0267,CRYPTO,SELL,3334.58,6,6,PENDING,2025-01-15 13:31:32.0
SELL-1763965655402-006693,TRADER-0193,CRYPTO,SELL,2483.12,8,8,PENDING,2025-01-18 12:15:26.0
SELL-1763965655401-006066,TRADER-0066,EQUITY,SELL,324.44,162,162,PENDING,2025-01-18 05:05:36.0
SELL-1763965655401-005992,TRADER-0492,EQUITY,SELL,305.61,150,150,PENDING,2025-01-18 04:02:58.0
SELL-1763965655394-002381,TRADER-0381,FOREX,SELL,6.32,262,262,PENDING,2025-01-16 08:38:09.0
SELL-1763965655394-002161,TRADER-0161,CRYPTO,SELL,737.31,56,56,PENDING,2025-01-16 06:13:05.0
SELL-1763965655394-002186,TRADER-0186,CRYPTO,SELL,1527.07,8,8,PENDING,2025-01-16 06:27:42.0
SELL-1763965655395-002892,TRADER-0392,FOREX,SELL,5.79,80,80,PENDING,2025-01-16 14:48:07.0
SELL-1763965655402-006395,TRADER-0395,FOREX,SELL,7.01,971,971,PENDING,2025-01-18 09:02:59.0
SELL-1763965655399-004895,TRADER-0395,FOREX,SELL,7.32,372,372,PENDING,2025-01-17 14:54:23.0
SELL-1763965655396-003099,TRADER-0099,CRYPTO,SELL,4867.32,8,8,PENDING,2025-01-16 17:33:28.0
SELL-1763965655401-006269,TRADER-0269,EQUITY,SELL,467.72,149,149,PENDING,2025-01-18 06:55:36.0
SELL-1763965655403-007017,TRADER-0017,FOREX,SELL,6.97,439,439,PENDING,2025-01-18 16:10:58.0
SELL-1763965655395-002974,TRADER-0474,FOREX,SELL,5.57,176,176,PENDING,2025-01-16 15:11:49.0
SELL-1763965655400-005351,TRADER-0351,CRYPTO,SELL,3757.32,11,11,PENDING,2025-01-17 20:40:51.0
SELL-1763965655399-004930,TRADER-0430,EQUITY,SELL,480.17,21,21,PENDING,2025-01-17 15:00:20.0
SELL-1763965655403-007301,TRADER-0301,CRYPTO,SELL,3497.46,8,8,PENDING,2025-01-18 19:08:39.0
SELL-1763965655394-001993,TRADER-0493,CRYPTO,SELL,4349.79,6,6,PENDING,2025-01-16 03:35:08.0
SELL-1763965655394-002277,TRADER-0277,CRYPTO,SELL,2473.97,4,4,PENDING,2025-01-16 07:40:11.0
SELL-1763965655393-001636,TRADER-0136,EQUITY,SELL,461.04,14,14,PENDING,2025-01-15 23:27:57.0
SELL-1763965655390-000067,TRADER-0067,EQUITY,SELL,200.0,42,42,PENDING,2025-01-15 04:53:55.0
SELL-1763965655399-004529,TRADER-0029,CRYPTO,SELL,986.19,32,32,PENDING,2025-01-17 10:10:36.0
SELL-1763965655399-004750,TRADER-0250,EQUITY,SELL,275.1,101,101,PENDING,2025-01-17 12:44:21.0
SELL-1763965655403-007060,TRADER-0060,FOREX,SELL,8.73,419,419,PENDING,2025-01-18 16:21:47.0
SELL-1763965655402-006738,TRADER-0238,EQUITY,SELL,465.54,20,20,PENDING,2025-01-18 12:54:16.0
SELL-1763965655398-004319,TRADER-0319,CRYPTO,SELL,833.61,19,19,PENDING,2025-01-17 08:03:21.0
SELL-1763965655401-006008,TRADER-0008,EQUITY,SELL,470.25,44,44,PENDING,2025-01-18 03:59:52.0
SELL-1763965655402-006832,TRADER-0332,CRYPTO,SELL,3611.26,11,11,PENDING,2025-01-18 13:29:10.0
SELL-1763965655393-001877,TRADER-0377,EQUITY,SELL,309.13,313,313,PENDING,2025-01-16 02:54:17.0
SELL-1763965655391-000556,TRADER-0056,EQUITY,SELL,397.65,112,112,PENDING,2025-01-15 10:10:31.0
SELL-1763965655402-006692,TRADER-0192,CRYPTO,SELL,963.95,17,17,PENDING,2025-01-18 12:15:53.0
SELL-1763965655401-006213,TRADER-0213,EQUITY,SELL,248.58,389,389,PENDING,2025-01-18 06:26:41.0
SELL-1763965655397-003809,TRADER-0309,FOREX,SELL,8.86,403,403,PENDING,2025-01-17 01:23:41.0
SELL-1763965655403-007423,TRADER-0423,CRYPTO,SELL,4644.34,7,7,PENDING,2025-01-18 21:09:26.0
SELL-1763965655397-003972,TRADER-0472,FOREX,SELL,8.0,809,809,PENDING,2025-01-17 03:13:58.0
SELL-1763965655394-002419,TRADER-0419,FOREX,SELL,5.7,226,226,PENDING,2025-01-16 09:00:04.0
SELL-1763965655400-005336,TRADER-0336,FOREX,SELL,6.32,870,870,PENDING,2025-01-17 19:41:30.0
SELL-1763965655400-005401,TRADER-0401,CRYPTO,SELL,3006.11,11,11,PENDING,2025-01-17 20:26:55.0
SELL-1763965655403-007490,TRADER-0490,EQUITY,SELL,356.63,49,49,PENDING,2025-01-18 21:47:20.0
SELL-1763965655397-003618,TRADER-0118,CRYPTO,SELL,4775.26,1,1,PENDING,2025-01-16 23:31:48.0
SELL-1763965655393-001863,TRADER-0363,CRYPTO,SELL,3061.44,15,15,PENDING,2025-01-16 02:17:30.0
SELL-1763965655402-006549,TRADER-0049,CRYPTO,SELL,2308.37,7,7,PENDING,2025-01-18 10:17:48.0
SELL-1763965655390-000379,TRADER-0379,CRYPTO,SELL,1500.0,17,17,PENDING,2025-01-15 08:03:22.0
SELL-1763965655399-004679,TRADER-0179,CRYPTO,SELL,3814.73,12,12,PENDING,2025-01-17 12:11:52.0
SELL-1763965655402-006824,TRADER-0324,CRYPTO,SELL,4011.78,10,10,PENDING,2025-01-18 13:58:32.0
SELL-1763965655395-002504,TRADER-0004,CRYPTO,SELL,3640.81,9,9,PENDING,2025-01-16 09:49:04.0
SELL-1763965655394-002390,TRADER-0390,EQUITY,SELL,339.42,224,224,PENDING,2025-01-16 08:18:06.0
SELL-1763965655396-003478,TRADER-0478,EQUITY,SELL,326.75,261,261,PENDING,2025-01-16 22:02:52.0
SELL-1763965655402-006459,TRADER-0459,CRYPTO,SELL,3788.05,2,2,PENDING,2025-01-18 09:16:15.0
SELL-1763965655396-003281,TRADER-0281,CRYPTO,SELL,4276.43,5,5,PENDING,2025-01-16 19:16:18.0
SELL-1763965655398-004063,TRADER-0063,CRYPTO,SELL,3067.88,4,4,PENDING,2025-01-17 04:15:41.0
SELL-1763965655400-005618,TRADER-0118,EQUITY,SELL,396.61,53,53,PENDING,2025-01-17 23:43:32.0
SELL-1763965655391-000640,TRADER-0140,FOREX,SELL,5.93,428,428,PENDING,2025-01-15 11:21:29.0
SELL-1763965655394-002169,TRADER-0169,EQUITY,SELL,346.63,241,241,PENDING,2025-01-16 06:04:17.0
SELL-1763965655392-001295,TRADER-0295,FOREX,SELL,7.59,865,865,PENDING,2025-01-15 19:33:38.0
SELL-1763965655398-004175,TRADER-0175,CRYPTO,SELL,841.21,14,14,PENDING,2025-01-17 05:53:13.0
SELL-1763965655398-004062,TRADER-0062,FOREX,SELL,8.06,351,351,PENDING,2025-01-17 04:42:39.0
SELL-1763965655394-002151,TRADER-0151,CRYPTO,SELL,1494.54,15,15,PENDING,2025-01-16 05:58:52.0
SELL-1763965655395-002866,TRADER-0366,CRYPTO,SELL,4178.18,2,2,PENDING,2025-01-16 14:19:55.0
SELL-1763965655398-004150,TRADER-0150,EQUITY,SELL,361.29,85,85,PENDING,2025-01-17 05:59:40.0
SELL-1763965655395-002685,TRADER-0185,CRYPTO,SELL,4307.08,9,9,PENDING,2025-01-16 11:59:27.0
SELL-1763965655392-000998,TRADER-0498,FOREX,SELL,8.99,980,980,PENDING,2025-01-15 15:46:48.0
SELL-1763965655400-005672,TRADER-0172,CRYPTO,SELL,1144.3,11,11,PENDING,2025-01-18 00:19:05.0
SELL-1763965655392-001069,TRADER-0069,CRYPTO,SELL,4836.61,8,8,PENDING,2025-01-15 17:03:02.0
SELL-1763965655396-003499,TRADER-0499,CRYPTO,SELL,864.97,54,54,PENDING,2025-01-16 22:12:56.0
SELL-1763965655400-005343,TRADER-0343,EQUITY,SELL,238.78,46,46,PENDING,2025-01-17 19:57:20.0
SELL-1763965655398-004208,TRADER-0208,CRYPTO,SELL,4878.02,4,4,PENDING,2025-01-17 06:46:04.0
SELL-1763965655400-005238,TRADER-0238,CRYPTO,SELL,1410.4,18,18,PENDING,2025-01-17 19:04:56.0
SELL-1763965655394-002101,TRADER-0101,EQUITY,SELL,268.49,308,308,PENDING,2025-01-16 05:24:45.0
SELL-1763965655396-003076,TRADER-0076,EQUITY,SELL,259.75,353,353,PENDING,2025-01-16 17:01:09.0
SELL-1763965655398-004254,TRADER-0254,FOREX,SELL,7.75,378,378,PENDING,2025-01-17 06:49:34.0
SELL-1763965655401-006263,TRADER-0263,FOREX,SELL,9.9,877,877,PENDING,2025-01-18 06:58:56.0
SELL-1763965655401-005724,TRADER-0224,EQUITY,SELL,360.37,108,108,PENDING,2025-01-18 00:41:03.0
SELL-1763965655392-001089,TRADER-0089,CRYPTO,SELL,1619.38,4,4,PENDING,2025-01-15 17:24:21.0
SELL-1763965655393-001891,TRADER-0391,FOREX,SELL,8.26,223,223,PENDING,2025-01-16 02:26:57.0
SELL-1763965655401-006175,TRADER-0175,CRYPTO,SELL,4598.9,8,8,PENDING,2025-01-18 06:34:05.0
SELL-1763965655392-001364,TRADER-0364,FOREX,SELL,7.33,625,625,PENDING,2025-01-15 20:03:12.0
SELL-1763965655398-004050,TRADER-0050,EQUITY,SELL,230.6,231,231,PENDING,2025-01-17 04:52:53.0
SELL-1763965655403-007300,TRADER-0300,EQUITY,SELL,250.27,311,311,PENDING,2025-01-18 19:39:40.0
SELL-1763965655390-000228,TRADER-0228,EQUITY,SELL,200.0,20,20,PENDING,2025-01-15 06:46:21.0
SELL-1763965655396-003455,TRADER-0455,CRYPTO,SELL,733.9,25,25,PENDING,2025-01-16 21:44:09.0
SELL-1763965655394-002429,TRADER-0429,CRYPTO,SELL,2039.21,24,24,PENDING,2025-01-16 09:19:47.0
SELL-1763965655394-002112,TRADER-0112,EQUITY,SELL,410.27,24,24,PENDING,2025-01-16 05:02:09.0
SELL-1763965655399-004596,TRADER-0096,CRYPTO,SELL,1283.34,23,23,PENDING,2025-01-17 10:52:39.0
SELL-1763965655396-003473,TRADER-0473,CRYPTO,SELL,4453.09,9,9,PENDING,2025-01-16 21:21:42.0
SELL-1763965655396-003199,TRADER-0199,CRYPTO,SELL,1643.19,6,6,PENDING,2025-01-16 18:35:13.0
SELL-1763965655390-000038,TRADER-0038,EQUITY,SELL,250.0,17,17,PENDING,2025-01-15 04:39:01.0
SELL-1763965655395-002703,TRADER-0203,FOREX,SELL,6.71,37,37,PENDING,2025-01-16 12:53:51.0
SELL-1763965655394-002302,TRADER-0302,EQUITY,SELL,397.78,107,107,PENDING,2025-01-16 07:24:10.0
SELL-1763965655402-006358,TRADER-0358,FOREX,SELL,6.77,957,957,PENDING,2025-01-18 08:27:35.0
SELL-1763965655403-007149,TRADER-0149,EQUITY,SELL,421.76,24,24,PENDING,2025-01-18 17:55:59.0
SELL-1763965655400-005325,TRADER-0325,FOREX,SELL,6.33,695,695,PENDING,2025-01-17 19:49:29.0
SELL-1763965655396-003042,TRADER-0042,EQUITY,SELL,487.42,101,101,PENDING,2025-01-16 16:01:56.0
SELL-1763965655397-003542,TRADER-0042,FOREX,SELL,5.37,256,256,PENDING,2025-01-16 22:44:55.0
SELL-1763965655391-000617,TRADER-0117,CRYPTO,SELL,810.09,16,16,PENDING,2025-01-15 11:17:03.0
SELL-1763965655391-000811,TRADER-0311,EQUITY,SELL,210.31,174,174,PENDING,2025-01-15 13:38:49.0
SELL-1763965655399-004910,TRADER-0410,FOREX,SELL,9.94,559,559,PENDING,2025-01-17 15:22:48.0
SELL-1763965655402-006338,TRADER-0338,EQUITY,SELL,486.87,173,173,PENDING,2025-01-18 08:27:03.0
SELL-1763965655394-002152,TRADER-0152,CRYPTO,SELL,4783.02,7,7,PENDING,2025-01-16 06:12:47.0
SELL-1763965655395-002941,TRADER-0441,FOREX,SELL,6.94,461,461,PENDING,2025-01-16 15:22:10.0
SELL-1763965655391-000784,TRADER-0284,FOREX,SELL,5.26,280,280,PENDING,2025-01-15 13:28:16.0
SELL-1763965655402-006381,TRADER-0381,FOREX,SELL,7.52,444,444,PENDING,2025-01-18 08:18:50.0
SELL-1763965655398-004031,TRADER-0031,EQUITY,SELL,331.36,276,276,PENDING,2025-01-17 04:48:44.0
SELL-1763965655399-004535,TRADER-0035,CRYPTO,SELL,942.52,52,52,PENDING,2025-01-17 09:58:03.0
SELL-1763965655402-006370,TRADER-0370,EQUITY,SELL,286.18,320,320,PENDING,2025-01-18 08:49:42.0
SELL-1763965655402-006651,TRADER-0151,FOREX,SELL,6.17,641,641,PENDING,2025-01-18 11:44:26.0
SELL-1763965655393-001428,TRADER-0428,EQUITY,SELL,423.01,159,159,PENDING,2025-01-15 21:30:15.0
SELL-1763965655392-001095,TRADER-0095,EQUITY,SELL,348.24,65,65,PENDING,2025-01-15 17:16:41.0
SELL-1763965655396-003142,TRADER-0142,EQUITY,SELL,185.81,176,176,PENDING,2025-01-16 17:14:21.0
SELL-1763965655390-000215,TRADER-0215,EQUITY,SELL,200.0,60,60,PENDING,2025-01-15 06:41:25.0
SELL-1763965655396-003292,TRADER-0292,FOREX,SELL,5.19,207,207,PENDING,2025-01-16 19:14:55.0
SELL-1763965655392-001256,TRADER-0256,EQUITY,SELL,350.76,1,1,PENDING,2025-01-15 19:13:18.0
SELL-1763965655401-005864,TRADER-0364,CRYPTO,SELL,4569.11,9,9,PENDING,2025-01-18 02:14:24.0
SELL-1763965655402-006540,TRADER-0040,FOREX,SELL,7.27,167,167,PENDING,2025-01-18 10:44:59.0
SELL-1763965655394-002087,TRADER-0087,FOREX,SELL,8.52,679,679,PENDING,2025-01-16 05:11:04.0
SELL-1763965655400-005204,TRADER-0204,FOREX,SELL,6.73,731,731,PENDING,2025-01-17 18:29:36.0
SELL-1763965655395-002988,TRADER-0488,EQUITY,SELL,432.11,186,186,PENDING,2025-01-16 16:14:20.0
SELL-1763965655402-006359,TRADER-0359,CRYPTO,SELL,2098.19,3,3,PENDING,2025-01-18 08:25:40.0
SELL-1763965655403-007192,TRADER-0192,CRYPTO,SELL,3177.35,5,5,PENDING,2025-01-18 18:38:12.0
SELL-1763965655402-006541,TRADER-0041,CRYPTO,SELL,3440.0,5,5,PENDING,2025-01-18 10:36:04.0
SELL-1763965655397-003785,TRADER-0285,CRYPTO,SELL,2094.49,13,13,PENDING,2025-01-17 01:11:28.0
SELL-1763965655393-001802,TRADER-0302,FOREX,SELL,9.98,212,212,PENDING,2025-01-16 01:10:28.0
SELL-1763965655399-004815,TRADER-0315,FOREX,SELL,9.27,720,720,PENDING,2025-01-17 13:44:49.0
SELL-1763965655392-001239,TRADER-0239,EQUITY,SELL,198.24,20,20,PENDING,2025-01-15 19:00:16.0
SELL-1763965655394-002019,TRADER-0019,FOREX,SELL,5.9,626,626,PENDING,2025-01-16 04:07:07.0
SELL-1763965655398-004367,TRADER-0367,CRYPTO,SELL,2517.13,7,7,PENDING,2025-01-17 08:13:51.0
SELL-1763965655401-006160,TRADER-0160,CRYPTO,SELL,4474.76,7,7,PENDING,2025-01-18 05:48:13.0
SELL-1763965655396-003484,TRADER-0484,FOREX,SELL,6.99,295,295,PENDING,2025-01-16 21:54:01.0
SELL-1763965655401-006272,TRADER-0272,FOREX,SELL,8.36,28,28,PENDING,2025-01-18 07:21:30.0
SELL-1763965655401-006120,TRADER-0120,EQUITY,SELL,373.41,205,205,PENDING,2025-01-18 05:04:27.0
SELL-1763965655400-005137,TRADER-0137,CRYPTO,SELL,2763.3,16,16,PENDING,2025-01-17 17:32:27.0
SELL-1763965655397-003976,TRADER-0476,CRYPTO,SELL,1207.88,22,22,PENDING,2025-01-17 04:01:17.0
SELL-1763965655394-002082,TRADER-0082,EQUITY,SELL,284.78,259,259,PENDING,2025-01-16 04:31:01.0
SELL-1763965655403-007313,TRADER-0313,EQUITY,SELL,258.18,270,270,PENDING,2025-01-18 19:45:05.0
SELL-1763965655392-001137,TRADER-0137,EQUITY,SELL,373.49,13,13,PENDING,2025-01-15 17:34:14.0
SELL-1763965655401-006245,TRADER-0245,CRYPTO,SELL,4510.6,4,4,PENDING,2025-01-18 07:19:39.0
SELL-1763965655396-003475,TRADER-0475,CRYPTO,SELL,912.94,32,32,PENDING,2025-01-16 21:12:38.0
SELL-1763965655400-005512,TRADER-0012,CRYPTO,SELL,3653.59,12,12,PENDING,2025-01-17 22:20:02.0
SELL-1763965655398-004239,TRADER-0239,EQUITY,SELL,413.33,35,35,PENDING,2025-01-17 07:05:11.0
SELL-1763965655396-003058,TRADER-0058,EQUITY,SELL,183.53,141,141,PENDING,2025-01-16 16:32:45.0
SELL-1763965655403-007203,TRADER-0203,EQUITY,SELL,231.89,180,180,PENDING,2025-01-18 18:38:09.0
SELL-1763965655398-004058,TRADER-0058,EQUITY,SELL,176.25,164,164,PENDING,2025-01-17 04:48:59.0
SELL-1763965655401-006032,TRADER-0032,FOREX,SELL,6.96,266,266,PENDING,2025-01-18 04:18:20.0
SELL-1763965655391-000676,TRADER-0176,CRYPTO,SELL,3236.52,13,13,PENDING,2025-01-15 12:33:30.0
SELL-1763965655391-000455,TRADER-0455,EQUITY,SELL,200.0,45,45,PENDING,2025-01-15 09:52:15.0
SELL-1763965655402-006704,TRADER-0204,FOREX,SELL,7.29,470,470,PENDING,2025-01-18 12:10:46.0
SELL-1763965655390-000287,TRADER-0287,EQUITY,SELL,200.0,33,33,PENDING,2025-01-15 07:49:07.0
SELL-1763965655397-003658,TRADER-0158,CRYPTO,SELL,2323.34,6,6,PENDING,2025-01-16 23:34:58.0
SELL-1763965655395-002759,TRADER-0259,CRYPTO,SELL,895.01,11,11,PENDING,2025-01-16 13:16:47.0
SELL-1763965655401-006166,TRADER-0166,CRYPTO,SELL,1555.02,28,28,PENDING,2025-01-18 06:06:44.0
SELL-1763965655399-004624,TRADER-0124,FOREX,SELL,8.97,715,715,PENDING,2025-01-17 11:37:05.0
SELL-1763965655392-001035,TRADER-0035,EQUITY,SELL,246.98,199,199,PENDING,2025-01-15 16:27:08.0
SELL-1763965655395-002890,TRADER-0390,CRYPTO,SELL,4563.87,4,4,PENDING,2025-01-16 14:45:32.0
SELL-1763965655398-004260,TRADER-0260,CRYPTO,SELL,3456.41,4,4,PENDING,2025-01-17 07:05:44.0
SELL-1763965655392-000992,TRADER-0492,EQUITY,SELL,186.3,225,225,PENDING,2025-01-15 16:02:47.0
SELL-1763965655395-002972,TRADER-0472,EQUITY,SELL,420.26,13,13,PENDING,2025-01-16 15:16:20.0
SELL-1763965655400-005371,TRADER-0371,CRYPTO,SELL,1876.11,16,16,PENDING,2025-01-17 20:46:35.0
SELL-1763965655399-004918,TRADER-0418,EQUITY,SELL,408.38,173,173,PENDING,2025-01-17 14:54:25.0
SELL-1763965655402-006684,TRADER-0184,EQUITY,SELL,226.53,299,299,PENDING,2025-01-18 12:09:53.0
SELL-1763965655400-005610,TRADER-0110,EQUITY,SELL,473.25,51,51,PENDING,2025-01-17 23:21:04.0
SELL-1763965655391-000819,TRADER-0319,EQUITY,SELL,267.06,372,372,PENDING,2025-01-15 13:35:51.0
SELL-1763965655399-004552,TRADER-0052,EQUITY,SELL,496.56,38,38,PENDING,2025-01-17 10:09:48.0
SELL-1763965655394-002100,TRADER-0100,EQUITY,SELL,498.1,41,41,PENDING,2025-01-16 05:37:23.0
SELL-1763965655395-002481,TRADER-0481,EQUITY,SELL,449.51,147,147,PENDING,2025-01-16 10:04:51.0
SELL-1763965655399-005056,TRADER-0056,CRYPTO,SELL,2339.26,4,4,PENDING,2025-01-17 16:51:00.0
SELL-1763965655400-005615,TRADER-0115,FOREX,SELL,8.01,539,539,PENDING,2025-01-17 22:57:57.0
SELL-1763965655392-001186,TRADER-0186,CRYPTO,SELL,1343.8,34,34,PENDING,2025-01-15 18:13:52.0
SELL-1763965655394-002430,TRADER-0430,CRYPTO,SELL,1250.95,38,38,PENDING,2025-01-16 08:50:39.0
SELL-1763965655392-001216,TRADER-0216,CRYPTO,SELL,1695.85,28,28,PENDING,2025-01-15 18:49:51.0
SELL-1763965655403-007033,TRADER-0033,EQUITY,SELL,303.91,117,117,PENDING,2025-01-18 16:22:29.0
SELL-1763965655397-003930,TRADER-0430,CRYPTO,SELL,3403.48,7,7,PENDING,2025-01-17 03:07:19.0
SELL-1763965655394-002297,TRADER-0297,EQUITY,SELL,376.71,22,22,PENDING,2025-01-16 07:55:35.0
SELL-1763965655399-004757,TRADER-0257,EQUITY,SELL,264.71,322,322,PENDING,2025-01-17 13:14:17.0
SELL-1763965655399-004709,TRADER-0209,CRYPTO,SELL,3542.51,8,8,PENDING,2025-01-17 12:05:04.0
SELL-1763965655397-003919,TRADER-0419,CRYPTO,SELL,2246.39,3,3,PENDING,2025-01-17 03:19:42.0
SELL-1763965655402-006514,TRADER-0014,EQUITY,SELL,322.55,250,250,PENDING,2025-01-18 09:58:33.0
SELL-1763965655396-003305,TRADER-0305,FOREX,SELL,5.99,353,353,PENDING,2025-01-16 19:12:10.0
SELL-1763965655393-001824,TRADER-0324,EQUITY,SELL,421.43,37,37,PENDING,2025-01-16 01:34:46.0
SELL-1763965655398-004145,TRADER-0145,EQUITY,SELL,288.15,275,275,PENDING,2025-01-17 06:00:32.0
SELL-1763965655395-002853,TRADER-0353,EQUITY,SELL,374.12,155,155,PENDING,2025-01-16 14:41:43.0
SELL-1763965655400-005531,TRADER-0031,EQUITY,SELL,498.45,105,105,PENDING,2025-01-17 22:41:54.0
SELL-1763965655395-002617,TRADER-0117,CRYPTO,SELL,1518.82,11,11,PENDING,2025-01-16 11:24:11.0
SELL-1763965655393-001643,TRADER-0143,FOREX,SELL,8.23,879,879,PENDING,2025-01-15 23:35:14.0
SELL-1763965655397-003665,TRADER-0165,EQUITY,SELL,214.24,379,379,PENDING,2025-01-17 00:26:37.0
SELL-1763965655396-003223,TRADER-0223,EQUITY,SELL,367.55,119,119,PENDING,2025-01-16 18:44:24.0
SELL-1763965655403-007019,TRADER-0019,EQUITY,SELL,302.49,34,34,PENDING,2025-01-18 16:07:18.0
SELL-1763965655398-004008,TRADER-0008,CRYPTO,SELL,2795.47,7,7,PENDING,2025-01-17 04:23:34.0
SELL-1763965655395-002499,TRADER-0499,FOREX,SELL,8.36,474,474,PENDING,2025-01-16 09:32:20.0
SELL-1763965655402-006575,TRADER-0075,EQUITY,SELL,351.28,10,10,PENDING,2025-01-18 10:56:50.0
SELL-1763965655399-005092,TRADER-0092,CRYPTO,SELL,4811.83,2,2,PENDING,2025-01-17 17:10:32.0
SELL-1763965655396-003383,TRADER-0383,EQUITY,SELL,484.73,120,120,PENDING,2025-01-16 20:48:57.0
SELL-1763965655396-003212,TRADER-0212,CRYPTO,SELL,4626.01,1,1,PENDING,2025-01-16 18:09:42.0
SELL-1763965655403-007415,TRADER-0415,CRYPTO,SELL,4915.82,8,8,PENDING,2025-01-18 20:41:30.0
SELL-1763965655400-005348,TRADER-0348,CRYPTO,SELL,1455.67,27,27,PENDING,2025-01-17 20:14:53.0
SELL-1763965655393-001905,TRADER-0405,FOREX,SELL,8.68,201,201,PENDING,2025-01-16 02:54:12.0
SELL-1763965655403-007318,TRADER-0318,EQUITY,SELL,293.16,196,196,PENDING,2025-01-18 19:45:08.0
SELL-1763965655393-001726,TRADER-0226,EQUITY,SELL,428.07,184,184,PENDING,2025-01-16 01:06:38.0
SELL-1763965655399-004654,TRADER-0154,CRYPTO,SELL,3655.21,6,6,PENDING,2025-01-17 11:25:38.0
SELL-1763965655394-002173,TRADER-0173,CRYPTO,SELL,1022.81,37,37,PENDING,2025-01-16 06:31:19.0
SELL-1763965655393-001444,TRADER-0444,EQUITY,SELL,372.04,60,60,PENDING,2025-01-15 21:17:24.0
SELL-1763965655402-006879,TRADER-0379,FOREX,SELL,8.99,537,537,PENDING,2025-01-18 14:31:19.0
SELL-1763965655402-006710,TRADER-0210,EQUITY,SELL,449.35,191,191,PENDING,2025-01-18 12:39:40.0
SELL-1763965655395-002874,TRADER-0374,EQUITY,SELL,338.69,93,93,PENDING,2025-01-16 14:58:24.0
SELL-1763965655393-001806,TRADER-0306,CRYPTO,SELL,4900.83,7,7,PENDING,2025-01-16 01:44:02.0
SELL-1763965655401-006298,TRADER-0298,CRYPTO,SELL,1666.24,3,3,PENDING,2025-01-18 07:16:45.0
SELL-1763965655395-002639,TRADER-0139,EQUITY,SELL,481.68,27,27,PENDING,2025-01-16 11:29:18.0
SELL-1763965655403-006988,TRADER-0488,FOREX,SELL,6.56,705,705,PENDING,2025-01-18 16:17:28.0
SELL-1763965655391-000609,TRADER-0109,FOREX,SELL,6.49,552,552,PENDING,2025-01-15 11:35:28.0
SELL-1763965655394-001966,TRADER-0466,CRYPTO,SELL,3702.39,2,2,PENDING,2025-01-16 03:30:32.0
SELL-1763965655401-006320,TRADER-0320,EQUITY,SELL,255.24,192,192,PENDING,2025-01-18 07:42:39.0
SELL-1763965655395-002779,TRADER-0279,FOREX,SELL,6.26,640,640,PENDING,2025-01-16 13:20:19.0
SELL-1763965655399-005012,TRADER-0012,FOREX,SELL,7.6,288,288,PENDING,2025-01-17 15:59:16.0
SELL-1763965655390-000104,TRADER-0104,EQUITY,SELL,250.0,17,17,PENDING,2025-01-15 05:30:29.0
SELL-1763965655393-001679,TRADER-0179,CRYPTO,SELL,1010.15,28,28,PENDING,2025-01-16 00:16:35.0
SELL-1763965655392-000944,TRADER-0444,FOREX,SELL,6.17,753,753,PENDING,2025-01-15 15:44:49.0
SELL-1763965655391-000703,TRADER-0203,CRYPTO,SELL,3875.03,8,8,PENDING,2025-01-15 12:03:22.0
SELL-1763965655399-004614,TRADER-0114,FOREX,SELL,9.43,508,508,PENDING,2025-01-17 11:46:54.0
SELL-1763965655401-005933,TRADER-0433,EQUITY,SELL,193.79,52,52,PENDING,2025-01-18 02:52:58.0
SELL-1763965655399-004593,TRADER-0093,FOREX,SELL,9.05,783,783,PENDING,2025-01-17 11:31:57.0
SELL-1763965655394-002083,TRADER-0083,CRYPTO,SELL,3010.5,5,5,PENDING,2025-01-16 05:05:49.0
SELL-1763965655398-004034,TRADER-0034,EQUITY,SELL,381.95,89,89,PENDING,2025-01-17 04:52:46.0
SELL-1763965655398-004147,TRADER-0147,EQUITY,SELL,482.64,68,68,PENDING,2025-01-17 05:19:08.0
SELL-1763965655402-006770,TRADER-0270,CRYPTO,SELL,3691.27,13,13,PENDING,2025-01-18 13:37:27.0
SELL-1763965655396-003336,TRADER-0336,FOREX,SELL,9.23,7,7,PENDING,2025-01-16 20:10:34.0
SELL-1763965655393-001511,TRADER-0011,CRYPTO,SELL,1103.79,12,12,PENDING,2025-01-15 22:18:09.0
SELL-1763965655395-002628,TRADER-0128,CRYPTO,SELL,1761.57,28,28,PENDING,2025-01-16 11:19:24.0
SELL-1763965655392-001118,TRADER-0118,FOREX,SELL,8.83,776,776,PENDING,2025-01-15 17:32:52.0
SELL-1763965655395-002750,TRADER-0250,FOREX,SELL,8.69,404,404,PENDING,2025-01-16 12:33:46.0
SELL-1763965655399-004642,TRADER-0142,FOREX,SELL,7.16,798,798,PENDING,2025-01-17 12:02:54.0
SELL-1763965655396-003044,TRADER-0044,EQUITY,SELL,300.17,24,24,PENDING,2025-01-16 16:57:41.0
SELL-1763965655398-004497,TRADER-0497,EQUITY,SELL,368.29,173,173,PENDING,2025-01-17 09:41:20.0
SELL-1763965655397-003940,TRADER-0440,CRYPTO,SELL,4719.58,3,3,PENDING,2025-01-17 03:33:53.0
SELL-1763965655401-005868,TRADER-0368,CRYPTO,SELL,2182.04,16,16,PENDING,2025-01-18 01:57:49.0
SELL-1763965655396-003467,TRADER-0467,CRYPTO,SELL,3819.82,3,3,PENDING,2025-01-16 21:26:22.0
SELL-1763965655391-000791,TRADER-0291,CRYPTO,SELL,1659.87,7,7,PENDING,2025-01-15 13:49:19.0
SELL-1763965655392-001372,TRADER-0372,FOREX,SELL,8.09,729,729,PENDING,2025-01-15 20:00:34.0
SELL-1763965655402-006428,TRADER-0428,EQUITY,SELL,251.94,343,343,PENDING,2025-01-18 08:48:26.0
SELL-1763965655396-002994,TRADER-0494,EQUITY,SELL,217.54,249,249,PENDING,2025-01-16 16:21:39.0
SELL-1763965655394-002065,TRADER-0065,EQUITY,SELL,467.53,211,211,PENDING,2025-01-16 05:10:21.0
SELL-1763965655397-003838,TRADER-0338,CRYPTO,SELL,4620.49,3,3,PENDING,2025-01-17 02:14:31.0
SELL-1763965655400-005119,TRADER-0119,CRYPTO,SELL,4442.06,5,5,PENDING,2025-01-17 17:30:11.0
SELL-1763965655401-006148,TRADER-0148,FOREX,SELL,9.46,992,992,PENDING,2025-01-18 05:37:43.0
SELL-1763965655399-004875,TRADER-0375,EQUITY,SELL,446.82,68,68,PENDING,2025-01-17 14:56:13.0
SELL-1763965655399-004716,TRADER-0216,CRYPTO,SELL,1145.35,5,5,PENDING,2025-01-17 12:07:21.0
SELL-1763965655395-002831,TRADER-0331,EQUITY,SELL,286.93,347,347,PENDING,2025-01-16 13:59:39.0
SELL-1763965655402-006581,TRADER-0081,CRYPTO,SELL,4078.4,7,7,PENDING,2025-01-18 10:43:18.0
SELL-1763965655397-003512,TRADER-0012,EQUITY,SELL,385.63,110,110,PENDING,2025-01-16 22:12:35.0
SELL-1763965655394-002160,TRADER-0160,CRYPTO,SELL,3831.81,9,9,PENDING,2025-01-16 05:53:10.0
SELL-1763965655392-001081,TRADER-0081,EQUITY,SELL,207.45,457,457,PENDING,2025-01-15 16:57:34.0
SELL-1763965655401-006308,TRADER-0308,FOREX,SELL,9.22,730,730,PENDING,2025-01-18 07:55:53.0
SELL-1763965655400-005640,TRADER-0140,CRYPTO,SELL,4196.37,10,10,PENDING,2025-01-17 23:55:43.0
SELL-1763965655399-004929,TRADER-0429,FOREX,SELL,8.07,951,951,PENDING,2025-01-17 14:42:56.0
SELL-1763965655400-005449,TRADER-0449,CRYPTO,SELL,2515.36,10,10,PENDING,2025-01-17 21:04:36.0
SELL-1763965655399-004701,TRADER-0201,CRYPTO,SELL,2525.05,1,1,PENDING,2025-01-17 12:07:44.0
SELL-1763965655395-002727,TRADER-0227,FOREX,SELL,7.7,255,255,PENDING,2025-01-16 12:43:56.0
SELL-1763965655402-006785,TRADER-0285,CRYPTO,SELL,3583.31,7,7,PENDING,2025-01-18 13:29:01.0
SELL-1763965655394-002128,TRADER-0128,EQUITY,SELL,474.63,160,160,PENDING,2025-01-16 05:27:36.0
SELL-1763965655397-003996,TRADER-0496,EQUITY,SELL,390.32,241,241,PENDING,2025-01-17 03:43:32.0
SELL-1763965655400-005331,TRADER-0331,FOREX,SELL,6.86,794,794,PENDING,2025-01-17 20:17:31.0
SELL-1763965655395-002967,TRADER-0467,CRYPTO,SELL,1984.28,13,13,PENDING,2025-01-16 15:15:11.0
SELL-1763965655392-001337,TRADER-0337,FOREX,SELL,6.71,199,199,PENDING,2025-01-15 20:19:35.0
SELL-1763965655399-004525,TRADER-0025,FOREX,SELL,7.28,52,52,PENDING,2025-01-17 10:15:56.0
SELL-1763965655391-000583,TRADER-0083,CRYPTO,SELL,3193.49,7,7,PENDING,2025-01-15 10:52:14.0
SELL-1763965655394-002426,TRADER-0426,EQUITY,SELL,355.33,155,155,PENDING,2025-01-16 08:48:04.0
SELL-1763965655401-006043,TRADER-0043,EQUITY,SELL,439.85,37,37,PENDING,2025-01-18 04:36:40.0
SELL-1763965655399-004554,TRADER-0054,CRYPTO,SELL,2099.82,19,19,PENDING,2025-01-17 10:12:49.0
SELL-1763965655398-004094,TRADER-0094,FOREX,SELL,5.17,424,424,PENDING,2025-01-17 05:03:19.0
SELL-1763965655402-006422,TRADER-0422,EQUITY,SELL,388.24,69,69,PENDING,2025-01-18 09:05:59.0
SELL-1763965655400-005236,TRADER-0236,EQUITY,SELL,397.9,43,43,PENDING,2025-01-17 18:58:31.0
SELL-1763965655400-005150,TRADER-0150,CRYPTO,SELL,4092.78,7,7,PENDING,2025-01-17 17:38:29.0
SELL-1763965655401-006051,TRADER-0051,FOREX,SELL,5.98,644,644,PENDING,2025-01-18 05:01:11.0
SELL-1763965655397-003833,TRADER-0333,FOREX,SELL,8.1,559,559,PENDING,2025-01-17 02:28:10.0
SELL-1763965655400-005328,TRADER-0328,CRYPTO,SELL,4721.92,7,7,PENDING,2025-01-17 20:06:04.0
SELL-1763965655399-004867,TRADER-0367,FOREX,SELL,7.95,834,834,PENDING,2025-01-17 14:00:19.0
SELL-1763965655394-002221,TRADER-0221,FOREX,SELL,6.5,193,193,PENDING,2025-01-16 06:25:21.0
SELL-1763965655400-005656,TRADER-0156,FOREX,SELL,7.91,144,144,PENDING,2025-01-17 23:58:58.0
SELL-1763965655393-001501,TRADER-0001,CRYPTO,SELL,3639.79,12,12,PENDING,2025-01-15 22:21:01.0
SELL-1763965655392-001412,TRADER-0412,CRYPTO,SELL,2582.16,19,19,PENDING,2025-01-15 20:53:08.0
SELL-1763965655400-005340,TRADER-0340,FOREX,SELL,6.2,514,514,PENDING,2025-01-17 19:56:47.0
SELL-1763965655390-000171,TRADER-0171,EQUITY,SELL,200.0,102,102,PENDING,2025-01-15 06:32:08.0
SELL-1763965655395-002772,TRADER-0272,EQUITY,SELL,209.57,342,342,PENDING,2025-01-16 12:51:16.0
SELL-1763965655392-001076,TRADER-0076,EQUITY,SELL,170.24,158,158,PENDING,2025-01-15 17:23:49.0
SELL-1763965655393-001630,TRADER-0130,CRYPTO,SELL,4135.78,6,6,PENDING,2025-01-15 23:39:55.0
SELL-1763965655402-006538,TRADER-0038,EQUITY,SELL,335.56,252,252,PENDING,2025-01-18 10:18:43.0
SELL-1763965655403-006979,TRADER-0479,EQUITY,SELL,185.97,129,129,PENDING,2025-01-18 15:14:59.0
SELL-1763965655392-001159,TRADER-0159,CRYPTO,SELL,3285.44,7,7,PENDING,2025-01-15 17:26:32.0
SELL-1763965655397-003770,TRADER-0270,FOREX,SELL,8.38,386,386,PENDING,2025-01-17 01:26:15.0
SELL-1763965655392-000996,TRADER-0496,CRYPTO,SELL,1569.85,18,18,PENDING,2025-01-15 15:50:19.0
SELL-1763965655398-004307,TRADER-0307,CRYPTO,SELL,4774.77,7,7,PENDING,2025-01-17 07:57:21.0
SELL-1763965655401-005930,TRADER-0430,CRYPTO,SELL,4711.79,5,5,PENDING,2025-01-18 03:19:50.0
SELL-1763965655396-003195,TRADER-0195,EQUITY,SELL,205.96,194,194,PENDING,2025-01-16 18:04:42.0
SELL-1763965655397-003617,TRADER-0117,EQUITY,SELL,371.36,147,147,PENDING,2025-01-16 23:38:29.0
SELL-1763965655392-001024,TRADER-0024,EQUITY,SELL,300.87,219,219,PENDING,2025-01-15 16:35:29.0
SELL-1763965655398-004290,TRADER-0290,FOREX,SELL,9.39,860,860,PENDING,2025-01-17 07:20:15.0
SELL-1763965655394-002103,TRADER-0103,EQUITY,SELL,179.87,172,172,PENDING,2025-01-16 05:35:30.0
SELL-1763965655395-002633,TRADER-0133,FOREX,SELL,5.59,709,709,PENDING,2025-01-16 11:46:00.0
SELL-1763965655397-003944,TRADER-0444,CRYPTO,SELL,3620.0,13,13,PENDING,2025-01-17 03:27:02.0
SELL-1763965655397-003977,TRADER-0477,EQUITY,SELL,263.54,81,81,PENDING,2025-01-17 03:57:25.0
SELL-1763965655399-004941,TRADER-0441,EQUITY,SELL,433.29,83,83,PENDING,2025-01-17 15:42:04.0
SELL-1763965655394-002006,TRADER-0006,EQUITY,SELL,429.75,197,197,PENDING,2025-01-16 03:47:06.0
SELL-1763965655401-005735,TRADER-0235,FOREX,SELL,8.66,726,726,PENDING,2025-01-18 00:54:25.0
SELL-1763965655396-003324,TRADER-0324,CRYPTO,SELL,1933.09,24,24,PENDING,2025-01-16 19:24:06.0
SELL-1763965655394-002074,TRADER-0074,FOREX,SELL,7.69,214,214,PENDING,2025-01-16 04:45:24.0
SELL-1763965655400-005232,TRADER-0232,FOREX,SELL,5.18,315,315,PENDING,2025-01-17 18:22:54.0
SELL-1763965655399-004524,TRADER-0024,EQUITY,SELL,200.18,161,161,PENDING,2025-01-17 10:16:46.0
SELL-1763965655395-002620,TRADER-0120,EQUITY,SELL,462.69,207,207,PENDING,2025-01-16 11:20:10.0
SELL-1763965655399-005095,TRADER-0095,CRYPTO,SELL,3424.43,14,14,PENDING,2025-01-17 17:28:32.0
SELL-1763965655399-005023,TRADER-0023,FOREX,SELL,8.06,938,938,PENDING,2025-01-17 16:01:23.0
SELL-1763965655393-001890,TRADER-0390,EQUITY,SELL,384.03,8,8,PENDING,2025-01-16 02:18:14.0
SELL-1763965655401-005961,TRADER-0461,EQUITY,SELL,407.3,2,2,PENDING,2025-01-18 03:19:39.0
SELL-1763965655394-002369,TRADER-0369,CRYPTO,SELL,1350.79,29,29,PENDING,2025-01-16 08:41:35.0
SELL-1763965655401-005741,TRADER-0241,FOREX,SELL,7.79,65,65,PENDING,2025-01-18 00:55:06.0
SELL-1763965655394-002144,TRADER-0144,CRYPTO,SELL,1099.22,10,10,PENDING,2025-01-16 05:57:42.0
SELL-1763965655393-001594,TRADER-0094,CRYPTO,SELL,1081.04,5,5,PENDING,2025-01-15 23:02:06.0
SELL-1763965655395-002803,TRADER-0303,CRYPTO,SELL,2395.93,13,13,PENDING,2025-01-16 13:25:15.0
SELL-1763965655391-000729,TRADER-0229,CRYPTO,SELL,4993.62,7,7,PENDING,2025-01-15 13:14:26.0
SELL-1763965655391-000679,TRADER-0179,FOREX,SELL,5.77,260,260,PENDING,2025-01-15 11:55:19.0
SELL-1763965655399-004763,TRADER-0263,EQUITY,SELL,476.43,67,67,PENDING,2025-01-17 13:13:34.0
SELL-1763965655394-002131,TRADER-0131,CRYPTO,SELL,2197.84,6,6,PENDING,2025-01-16 05:21:28.0
SELL-1763965655399-004651,TRADER-0151,CRYPTO,SELL,1635.91,30,30,PENDING,2025-01-17 12:13:48.0
SELL-1763965655398-004133,TRADER-0133,EQUITY,SELL,453.6,22,22,PENDING,2025-01-17 05:23:32.0
SELL-1763965655403-007481,TRADER-0481,CRYPTO,SELL,1090.17,26,26,PENDING,2025-01-18 21:53:39.0
SELL-1763965655392-000926,TRADER-0426,EQUITY,SELL,314.05,72,72,PENDING,2025-01-15 15:15:19.0
SELL-1763965655395-002884,TRADER-0384,FOREX,SELL,9.42,56,56,PENDING,2025-01-16 14:29:41.0
SELL-1763965655394-002069,TRADER-0069,CRYPTO,SELL,3707.96,8,8,PENDING,2025-01-16 05:14:52.0
SELL-1763965655403-007208,TRADER-0208,EQUITY,SELL,413.55,211,211,PENDING,2025-01-18 18:29:42.0
SELL-1763965655399-004740,TRADER-0240,EQUITY,SELL,366.9,176,176,PENDING,2025-01-17 12:47:20.0
SELL-1763965655398-004341,TRADER-0341,FOREX,SELL,7.27,86,86,PENDING,2025-01-17 07:41:51.0
SELL-1763965655394-002232,TRADER-0232,CRYPTO,SELL,4762.2,1,1,PENDING,2025-01-16 06:57:56.0
SELL-1763965655401-005969,TRADER-0469,CRYPTO,SELL,2969.96,14,14,PENDING,2025-01-18 03:25:36.0
SELL-1763965655400-005158,TRADER-0158,FOREX,SELL,8.52,77,77,PENDING,2025-01-17 17:36:22.0
SELL-1763965655401-006026,TRADER-0026,CRYPTO,SELL,4479.16,9,9,PENDING,2025-01-18 03:54:47.0
SELL-1763965655399-004644,TRADER-0144,EQUITY,SELL,325.75,160,160,PENDING,2025-01-17 11:33:56.0
SELL-1763965655402-006902,TRADER-0402,EQUITY,SELL,368.2,191,191,PENDING,2025-01-18 15:12:09.0
SELL-1763965655392-001141,TRADER-0141,CRYPTO,SELL,2755.23,1,1,PENDING,2025-01-15 17:43:02.0
SELL-1763965655400-005563,TRADER-0063,CRYPTO,SELL,3789.26,12,12,PENDING,2025-01-17 22:21:55.0
SELL-1763965655396-003013,TRADER-0013,FOREX,SELL,7.99,303,303,PENDING,2025-01-16 15:45:11.0
SELL-1763965655402-006489,TRADER-0489,EQUITY,SELL,386.27,254,254,PENDING,2025-01-18 09:38:10.0
SELL-1763965655399-004954,TRADER-0454,CRYPTO,SELL,1544.04,18,18,PENDING,2025-01-17 15:56:47.0
SELL-1763965655402-006801,TRADER-0301,CRYPTO,SELL,2477.37,11,11,PENDING,2025-01-18 13:41:42.0
SELL-1763965655397-003650,TRADER-0150,EQUITY,SELL,497.19,17,17,PENDING,2025-01-16 23:36:43.0
SELL-1763965655402-006933,TRADER-0433,EQUITY,SELL,401.1,220,220,PENDING,2025-01-18 15:32:58.0
SELL-1763965655395-002833,TRADER-0333,EQUITY,SELL,276.99,103,103,PENDING,2025-01-16 13:42:21.0
SELL-1763965655392-001270,TRADER-0270,EQUITY,SELL,202.42,30,30,PENDING,2025-01-15 19:36:51.0
SELL-1763965655391-000711,TRADER-0211,CRYPTO,SELL,2839.57,3,3,PENDING,2025-01-15 12:27:29.0
SELL-1763965655400-005394,TRADER-0394,CRYPTO,SELL,963.76,13,13,PENDING,2025-01-17 20:42:54.0
SELL-1763965655390-000136,TRADER-0136,EQUITY,SELL,300.0,37,37,PENDING,2025-01-15 05:14:22.0
SELL-1763965655393-001553,TRADER-0053,CRYPTO,SELL,900.6,35,35,PENDING,2025-01-15 22:50:33.0
SELL-1763965655403-007395,TRADER-0395,CRYPTO,SELL,3216.12,12,12,PENDING,2025-01-18 20:15:45.0
SELL-1763965655393-001653,TRADER-0153,EQUITY,SELL,282.73,344,344,PENDING,2025-01-15 23:42:46.0
SELL-1763965655392-001098,TRADER-0098,CRYPTO,SELL,4398.68,1,1,PENDING,2025-01-15 16:47:10.0
SELL-1763965655402-006888,TRADER-0388,FOREX,SELL,5.88,256,256,PENDING,2025-01-18 14:48:24.0
SELL-1763965655397-003801,TRADER-0301,EQUITY,SELL,425.7,75,75,PENDING,2025-01-17 01:34:07.0
SELL-1763965655400-005321,TRADER-0321,CRYPTO,SELL,4249.8,1,1,PENDING,2025-01-17 20:06:30.0
SELL-1763965655400-005139,TRADER-0139,EQUITY,SELL,171.74,531,531,PENDING,2025-01-17 17:42:09.0
SELL-1763965655398-004368,TRADER-0368,FOREX,SELL,8.66,277,277,PENDING,2025-01-17 08:18:50.0
SELL-1763965655402-006706,TRADER-0206,EQUITY,SELL,397.99,56,56,PENDING,2025-01-18 12:42:17.0
SELL-1763965655397-003902,TRADER-0402,CRYPTO,SELL,4099.64,6,6,PENDING,2025-01-17 03:05:05.0
SELL-1763965655395-002781,TRADER-0281,FOREX,SELL,9.15,835,835,PENDING,2025-01-16 13:14:45.0
SELL-1763965655403-007089,TRADER-0089,FOREX,SELL,7.61,287,287,PENDING,2025-01-18 16:38:44.0
SELL-1763965655391-000603,TRADER-0103,EQUITY,SELL,319.25,70,70,PENDING,2025-01-15 10:53:35.0
SELL-1763965655392-000900,TRADER-0400,CRYPTO,SELL,2730.9,13,13,PENDING,2025-01-15 14:35:39.0
SELL-1763965655402-006593,TRADER-0093,CRYPTO,SELL,4826.63,3,3,PENDING,2025-01-18 11:25:26.0
SELL-1763965655397-003952,TRADER-0452,FOREX,SELL,6.11,372,372,PENDING,2025-01-17 03:31:15.0
SELL-1763965655396-003452,TRADER-0452,EQUITY,SELL,234.22,296,296,PENDING,2025-01-16 21:35:49.0
SELL-1763965655394-002059,TRADER-0059,FOREX,SELL,7.2,418,418,PENDING,2025-01-16 04:37:58.0
SELL-1763965655393-001498,TRADER-0498,EQUITY,SELL,499.73,187,187,PENDING,2025-01-15 21:41:05.0
SELL-1763965655397-003908,TRADER-0408,EQUITY,SELL,287.58,178,178,PENDING,2025-01-17 02:36:28.0
SELL-1763965655403-007409,TRADER-0409,FOREX,SELL,5.04,990,990,PENDING,2025-01-18 21:03:09.0
SELL-1763965655394-002090,TRADER-0090,EQUITY,SELL,271.57,353,353,PENDING,2025-01-16 05:16:00.0
SELL-1763965655394-002225,TRADER-0225,EQUITY,SELL,175.94,146,146,PENDING,2025-01-16 06:28:59.0
SELL-1763965655393-001705,TRADER-0205,CRYPTO,SELL,4400.39,5,5,PENDING,2025-01-16 00:48:31.0
SELL-1763965655396-003443,TRADER-0443,CRYPTO,SELL,2850.52,10,10,PENDING,2025-01-16 21:02:58.0
SELL-1763965655400-005433,TRADER-0433,CRYPTO,SELL,833.29,8,8,PENDING,2025-01-17 21:05:11.0
SELL-1763965655393-001590,TRADER-0090,FOREX,SELL,7.55,659,659,PENDING,2025-01-15 23:24:21.0
SELL-1763965655394-002296,TRADER-0296,CRYPTO,SELL,1488.03,16,16,PENDING,2025-01-16 07:04:42.0
SELL-1763965655394-002224,TRADER-0224,FOREX,SELL,7.09,676,676,PENDING,2025-01-16 06:49:50.0
SELL-1763965655395-002939,TRADER-0439,FOREX,SELL,6.54,622,622,PENDING,2025-01-16 15:05:47.0
SELL-1763965655391-000675,TRADER-0175,FOREX,SELL,9.72,479,479,PENDING,2025-01-15 11:40:15.0
SELL-1763965655396-003204,TRADER-0204,FOREX,SELL,5.05,337,337,PENDING,2025-01-16 18:00:42.0
SELL-1763965655401-005970,TRADER-0470,CRYPTO,SELL,2420.83,12,12,PENDING,2025-01-18 03:51:08.0
SELL-1763965655394-002148,TRADER-0148,CRYPTO,SELL,2768.66,1,1,PENDING,2025-01-16 05:19:53.0
SELL-1763965655398-004293,TRADER-0293,EQUITY,SELL,466.8,203,203,PENDING,2025-01-17 07:28:07.0
SELL-1763965655392-001224,TRADER-0224,EQUITY,SELL,182.04,438,438,PENDING,2025-01-15 18:19:03.0
SELL-1763965655398-004327,TRADER-0327,CRYPTO,SELL,1138.9,35,35,PENDING,2025-01-17 08:20:51.0
SELL-1763965655390-000145,TRADER-0145,EQUITY,SELL,200.0,61,61,PENDING,2025-01-15 05:14:37.0
SELL-1763965655393-001784,TRADER-0284,EQUITY,SELL,440.62,131,131,PENDING,2025-01-16 01:41:11.0
SELL-1763965655396-003406,TRADER-0406,FOREX,SELL,7.67,229,229,PENDING,2025-01-16 20:54:09.0
SELL-1763965655391-000527,TRADER-0027,CRYPTO,SELL,562.09,63,63,PENDING,2025-01-15 10:20:22.0
SELL-1763965655393-001836,TRADER-0336,CRYPTO,SELL,3340.64,11,11,PENDING,2025-01-16 02:08:26.0
SELL-1763965655399-004728,TRADER-0228,FOREX,SELL,8.96,711,711,PENDING,2025-01-17 12:44:56.0
SELL-1763965655392-001063,TRADER-0063,EQUITY,SELL,477.79,27,27,PENDING,2025-01-15 16:34:48.0
SELL-1763965655403-007286,TRADER-0286,CRYPTO,SELL,4429.77,4,4,PENDING,2025-01-18 19:40:16.0
SELL-1763965655401-005904,TRADER-0404,FOREX,SELL,6.87,370,370,PENDING,2025-01-18 02:24:03.0
SELL-1763965655395-002631,TRADER-0131,CRYPTO,SELL,4366.65,4,4,PENDING,2025-01-16 11:22:19.0
SELL-1763965655401-005756,TRADER-0256,FOREX,SELL,8.89,130,130,PENDING,2025-01-18 00:46:24.0
SELL-1763965655393-001604,TRADER-0104,CRYPTO,SELL,2418.44,6,6,PENDING,2025-01-15 23:37:56.0
SELL-1763965655401-006176,TRADER-0176,EQUITY,SELL,171.44,75,75,PENDING,2025-01-18 05:41:37.0
SELL-1763965655403-007237,TRADER-0237,EQUITY,SELL,434.91,121,121,PENDING,2025-01-18 18:43:08.0
SELL-1763965655402-006511,TRADER-0011,EQUITY,SELL,220.55,191,191,PENDING,2025-01-18 10:06:21.0
SELL-1763965655393-001450,TRADER-0450,EQUITY,SELL,384.9,118,118,PENDING,2025-01-15 21:46:18.0
SELL-1763965655402-006609,TRADER-0109,EQUITY,SELL,337.99,178,178,PENDING,2025-01-18 10:51:30.0
SELL-1763965655403-007473,TRADER-0473,CRYPTO,SELL,2324.7,12,12,PENDING,2025-01-18 22:09:04.0
SELL-1763965655392-000995,TRADER-0495,CRYPTO,SELL,2640.8,9,9,PENDING,2025-01-15 15:42:22.0
SELL-1763965655396-003432,TRADER-0432,FOREX,SELL,8.22,995,995,PENDING,2025-01-16 20:51:15.0
SELL-1763965655402-006455,TRADER-0455,EQUITY,SELL,195.29,468,468,PENDING,2025-01-18 09:13:29.0
SELL-1763965655403-007382,TRADER-0382,EQUITY,SELL,352.47,214,214,PENDING,2025-01-18 20:13:45.0
SELL-1763965655400-005498,TRADER-0498,CRYPTO,SELL,766.17,26,26,PENDING,2025-01-17 22:03:13.0
SELL-1763965655397-003860,TRADER-0360,FOREX,SELL,7.77,212,212,PENDING,2025-01-17 01:57:34.0
SELL-1763965655399-005039,TRADER-0039,FOREX,SELL,7.01,358,358,PENDING,2025-01-17 16:23:58.0
SELL-1763965655399-004994,TRADER-0494,EQUITY,SELL,250.12,329,329,PENDING,2025-01-17 15:42:44.0
SELL-1763965655403-007024,TRADER-0024,EQUITY,SELL,390.92,74,74,PENDING,2025-01-18 16:14:05.0
SELL-1763965655402-006765,TRADER-0265,CRYPTO,SELL,2604.86,19,19,PENDING,2025-01-18 13:26:09.0
SELL-1763965655394-002287,TRADER-0287,CRYPTO,SELL,1138.3,11,11,PENDING,2025-01-16 07:41:32.0
SELL-1763965655402-006456,TRADER-0456,FOREX,SELL,6.85,274,274,PENDING,2025-01-18 09:21:47.0
SELL-1763965655392-001138,TRADER-0138,FOREX,SELL,6.34,25,25,PENDING,2025-01-15 17:49:29.0
SELL-1763965655402-006545,TRADER-0045,CRYPTO,SELL,619.86,25,25,PENDING,2025-01-18 10:50:17.0
SELL-1763965655392-001394,TRADER-0394,EQUITY,SELL,280.69,244,244,PENDING,2025-01-15 20:39:47.0
SELL-1763965655391-000530,TRADER-0030,CRYPTO,SELL,4995.18,5,5,PENDING,2025-01-15 10:10:46.0
SELL-1763965655396-003071,TRADER-0071,FOREX,SELL,8.56,448,448,PENDING,2025-01-16 16:45:43.0
SELL-1763965655400-005486,TRADER-0486,CRYPTO,SELL,990.25,18,18,PENDING,2025-01-17 21:47:08.0
SELL-1763965655394-002364,TRADER-0364,FOREX,SELL,6.85,926,926,PENDING,2025-01-16 08:12:43.0
SELL-1763965655390-000303,TRADER-0303,EQUITY,SELL,250.0,20,20,PENDING,2025-01-15 07:28:30.0
SELL-1763965655401-006059,TRADER-0059,EQUITY,SELL,264.18,210,210,PENDING,2025-01-18 04:28:47.0
SELL-1763965655402-006454,TRADER-0454,CRYPTO,SELL,1824.4,27,27,PENDING,2025-01-18 09:21:06.0
SELL-1763965655399-004902,TRADER-0402,EQUITY,SELL,372.62,116,116,PENDING,2025-01-17 14:55:40.0
SELL-1763965655401-006150,TRADER-0150,FOREX,SELL,8.98,542,542,PENDING,2025-01-18 05:31:27.0
SELL-1763965655395-002548,TRADER-0048,CRYPTO,SELL,4409.69,5,5,PENDING,2025-01-16 11:00:23.0
SELL-1763965655399-004674,TRADER-0174,FOREX,SELL,5.15,472,472,PENDING,2025-01-17 12:07:46.0
SELL-1763965655392-001193,TRADER-0193,FOREX,SELL,5.22,554,554,PENDING,2025-01-15 18:18:02.0
SELL-1763965655400-005645,TRADER-0145,FOREX,SELL,7.43,202,202,PENDING,2025-01-17 23:56:36.0
SELL-1763965655395-002465,TRADER-0465,EQUITY,SELL,336.11,217,217,PENDING,2025-01-16 09:34:04.0
SELL-1763965655403-007438,TRADER-0438,CRYPTO,SELL,1593.35,25,25,PENDING,2025-01-18 21:28:25.0
SELL-1763965655397-003638,TRADER-0138,CRYPTO,SELL,4286.88,1,1,PENDING,2025-01-16 23:49:37.0
SELL-1763965655401-005731,TRADER-0231,CRYPTO,SELL,4106.6,11,11,PENDING,2025-01-18 00:41:26.0
SELL-1763965655398-004257,TRADER-0257,CRYPTO,SELL,1888.01,24,24,PENDING,2025-01-17 06:36:06.0
SELL-1763965655394-002150,TRADER-0150,EQUITY,SELL,403.39,112,112,PENDING,2025-01-16 05:44:00.0
SELL-1763965655391-000623,TRADER-0123,FOREX,SELL,8.47,700,700,PENDING,2025-01-15 11:04:45.0
SELL-1763965655391-000845,TRADER-0345,CRYPTO,SELL,1940.32,14,14,PENDING,2025-01-15 13:57:23.0
SELL-1763965655400-005651,TRADER-0151,CRYPTO,SELL,2356.83,11,11,PENDING,2025-01-17 23:55:25.0
SELL-1763965655398-004080,TRADER-0080,FOREX,SELL,7.64,649,649,PENDING,2025-01-17 04:36:49.0
SELL-1763965655395-002683,TRADER-0183,CRYPTO,SELL,3166.88,10,10,PENDING,2025-01-16 12:31:36.0
SELL-1763965655397-003646,TRADER-0146,FOREX,SELL,5.88,399,399,PENDING,2025-01-17 00:06:59.0
SELL-1763965655393-001417,TRADER-0417,CRYPTO,SELL,2234.33,11,11,PENDING,2025-01-15 20:45:00.0
SELL-1763965655395-002909,TRADER-0409,EQUITY,SELL,347.98,37,37,PENDING,2025-01-16 15:13:44.0
SELL-1763965655400-005649,TRADER-0149,CRYPTO,SELL,1411.11,27,27,PENDING,2025-01-18 00:06:00.0
SELL-1763965655400-005419,TRADER-0419,FOREX,SELL,8.35,340,340,PENDING,2025-01-17 20:49:37.0
SELL-1763965655397-003812,TRADER-0312,CRYPTO,SELL,4803.17,5,5,PENDING,2025-01-17 01:15:37.0
SELL-1763965655396-003167,TRADER-0167,FOREX,SELL,6.4,957,957,PENDING,2025-01-16 18:20:55.0
SELL-1763965655394-002117,TRADER-0117,EQUITY,SELL,210.5,320,320,PENDING,2025-01-16 05:34:29.0
SELL-1763965655396-003031,TRADER-0031,EQUITY,SELL,285.6,227,227,PENDING,2025-01-16 16:34:13.0
SELL-1763965655391-000762,TRADER-0262,CRYPTO,SELL,4485.04,3,3,PENDING,2025-01-15 12:44:03.0
SELL-1763965655392-001019,TRADER-0019,CRYPTO,SELL,4767.51,6,6,PENDING,2025-01-15 16:13:08.0
SELL-1763965655400-005667,TRADER-0167,CRYPTO,SELL,2089.22,11,11,PENDING,2025-01-17 23:47:10.0
SELL-1763965655395-002814,TRADER-0314,EQUITY,SELL,249.17,100,100,PENDING,2025-01-16 14:13:08.0
SELL-1763965655401-006152,TRADER-0152,CRYPTO,SELL,4569.0,6,6,PENDING,2025-01-18 06:17:46.0
SELL-1763965655396-003261,TRADER-0261,CRYPTO,SELL,2859.12,14,14,PENDING,2025-01-16 19:16:01.0
SELL-1763965655398-004380,TRADER-0380,FOREX,SELL,8.2,460,460,PENDING,2025-01-17 08:53:54.0
SELL-1763965655393-001430,TRADER-0430,EQUITY,SELL,247.25,131,131,PENDING,2025-01-15 20:55:50.0
SELL-1763965655395-002625,TRADER-0125,CRYPTO,SELL,2730.44,3,3,PENDING,2025-01-16 11:30:49.0
SELL-1763965655403-007337,TRADER-0337,CRYPTO,SELL,3183.17,11,11,PENDING,2025-01-18 20:17:52.0
SELL-1763965655392-001232,TRADER-0232,EQUITY,SELL,184.47,169,169,PENDING,2025-01-15 18:20:09.0
SELL-1763965655395-002619,TRADER-0119,CRYPTO,SELL,4471.37,11,11,PENDING,2025-01-16 11:44:42.0
SELL-1763965655402-006936,TRADER-0436,EQUITY,SELL,485.59,71,71,PENDING,2025-01-18 15:34:29.0
SELL-1763965655396-003191,TRADER-0191,FOREX,SELL,8.85,804,804,PENDING,2025-01-16 17:58:20.0
SELL-1763965655402-006789,TRADER-0289,EQUITY,SELL,206.07,17,17,PENDING,2025-01-18 13:39:28.0
SELL-1763965655400-005500,TRADER-0000,CRYPTO,SELL,937.22,39,39,PENDING,2025-01-17 22:07:53.0
SELL-1763965655397-003863,TRADER-0363,CRYPTO,SELL,1101.46,43,43,PENDING,2025-01-17 02:18:05.0
SELL-1763965655394-002134,TRADER-0134,CRYPTO,SELL,2690.13,16,16,PENDING,2025-01-16 05:32:51.0
SELL-1763965655391-000728,TRADER-0228,EQUITY,SELL,176.32,564,564,PENDING,2025-01-15 12:26:06.0
SELL-1763965655395-002920,TRADER-0420,FOREX,SELL,8.41,336,336,PENDING,2025-01-16 15:10:09.0
SELL-1763965655393-001722,TRADER-0222,FOREX,SELL,7.52,505,505,PENDING,2025-01-16 00:15:14.0
SELL-1763965655399-004597,TRADER-0097,EQUITY,SELL,365.19,147,147,PENDING,2025-01-17 11:32:03.0
SELL-1763965655391-000867,TRADER-0367,CRYPTO,SELL,1703.61,10,10,PENDING,2025-01-15 14:09:50.0
SELL-1763965655393-001437,TRADER-0437,CRYPTO,SELL,2398.8,12,12,PENDING,2025-01-15 20:51:06.0
SELL-1763965655398-004114,TRADER-0114,EQUITY,SELL,385.18,77,77,PENDING,2025-01-17 05:42:59.0
SELL-1763965655397-003609,TRADER-0109,EQUITY,SELL,482.6,119,119,PENDING,2025-01-16 23:45:22.0
SELL-1763965655393-001569,TRADER-0069,EQUITY,SELL,460.55,32,32,PENDING,2025-01-15 22:21:32.0
SELL-1763965655400-005574,TRADER-0074,CRYPTO,SELL,2502.44,4,4,PENDING,2025-01-17 23:20:40.0
SELL-1763965655390-000152,TRADER-0152,CRYPTO,SELL,2500.0,16,16,PENDING,2025-01-15 05:41:02.0
SELL-1763965655396-003286,TRADER-0286,FOREX,SELL,6.58,68,68,PENDING,2025-01-16 19:31:08.0
SELL-1763965655401-005932,TRADER-0432,CRYPTO,SELL,3832.95,9,9,PENDING,2025-01-18 03:12:00.0
SELL-1763965655400-005551,TRADER-0051,FOREX,SELL,6.4,241,241,PENDING,2025-01-17 22:42:25.0
SELL-1763965655399-004926,TRADER-0426,CRYPTO,SELL,4229.25,4,4,PENDING,2025-01-17 14:45:46.0
SELL-1763965655395-002949,TRADER-0449,FOREX,SELL,9.15,182,182,PENDING,2025-01-16 15:37:20.0
SELL-1763965655400-005117,TRADER-0117,EQUITY,SELL,426.55,154,154,PENDING,2025-01-17 17:15:47.0
SELL-1763965655401-006067,TRADER-0067,EQUITY,SELL,421.15,86,86,PENDING,2025-01-18 04:31:39.0
SELL-1763965655392-001198,TRADER-0198,CRYPTO,SELL,1681.44,17,17,PENDING,2025-01-15 18:02:41.0
SELL-1763965655398-004420,TRADER-0420,FOREX,SELL,7.95,570,570,PENDING,2025-01-17 08:38:55.0
SELL-1763965655400-005438,TRADER-0438,EQUITY,SELL,243.43,106,106,PENDING,2025-01-17 21:38:13.0
SELL-1763965655402-006913,TRADER-0413,CRYPTO,SELL,948.13,13,13,PENDING,2025-01-18 14:45:29.0
SELL-1763965655391-000638,TRADER-0138,FOREX,SELL,6.35,764,764,PENDING,2025-01-15 11:18:11.0
SELL-1763965655403-007158,TRADER-0158,EQUITY,SELL,302.81,312,312,PENDING,2025-01-18 17:55:33.0
SELL-1763965655401-006246,TRADER-0246,FOREX,SELL,6.77,284,284,PENDING,2025-01-18 06:51:08.0
SELL-1763965655402-006557,TRADER-0057,CRYPTO,SELL,4011.33,2,2,PENDING,2025-01-18 10:22:27.0
SELL-1763965655400-005509,TRADER-0009,CRYPTO,SELL,3568.68,7,7,PENDING,2025-01-17 21:41:45.0
SELL-1763965655393-001598,TRADER-0098,FOREX,SELL,7.97,242,242,PENDING,2025-01-15 23:27:24.0
SELL-1763965655403-007452,TRADER-0452,EQUITY,SELL,491.95,180,180,PENDING,2025-01-18 21:22:33.0
SELL-1763965655400-005425,TRADER-0425,EQUITY,SELL,222.21,394,394,PENDING,2025-01-17 21:19:49.0
SELL-1763965655396-003395,TRADER-0395,EQUITY,SELL,172.15,413,413,PENDING,2025-01-16 21:04:09.0
SELL-1763965655390-000244,TRADER-0244,EQUITY,SELL,200.0,53,53,PENDING,2025-01-15 07:24:39.0
SELL-1763965655395-002629,TRADER-0129,CRYPTO,SELL,1614.57,1,1,PENDING,2025-01-16 11:44:30.0
SELL-1763965655398-004378,TRADER-0378,EQUITY,SELL,346.37,3,3,PENDING,2025-01-17 08:24:14.0
SELL-1763965655395-002800,TRADER-0300,CRYPTO,SELL,3674.38,8,8,PENDING,2025-01-16 13:16:24.0
SELL-1763965655403-007232,TRADER-0232,EQUITY,SELL,189.24,187,187,PENDING,2025-01-18 18:33:05.0
SELL-1763965655402-006683,TRADER-0183,EQUITY,SELL,203.7,243,243,PENDING,2025-01-18 12:24:14.0
SELL-1763965655396-003503,TRADER-0003,CRYPTO,SELL,4758.84,1,1,PENDING,2025-01-16 22:10:26.0
SELL-1763965655397-003507,TRADER-0007,FOREX,SELL,6.94,784,784,PENDING,2025-01-16 22:14:44.0
SELL-1763965655390-000012,TRADER-0012,CRYPTO,SELL,1500.0,15,15,PENDING,2025-01-15 03:56:03.0
SELL-1763965655392-000891,TRADER-0391,CRYPTO,SELL,1157.87,9,9,PENDING,2025-01-15 14:40:44.0
SELL-1763965655401-006159,TRADER-0159,CRYPTO,SELL,4099.89,8,8,PENDING,2025-01-18 06:17:38.0
SELL-1763965655398-004335,TRADER-0335,FOREX,SELL,8.51,739,739,PENDING,2025-01-17 07:51:21.0
SELL-1763965655399-004544,TRADER-0044,CRYPTO,SELL,730.22,47,47,PENDING,2025-01-17 10:55:31.0
SELL-1763965655394-002099,TRADER-0099,EQUITY,SELL,340.97,34,34,PENDING,2025-01-16 05:14:52.0
SELL-1763965655402-006344,TRADER-0344,EQUITY,SELL,319.85,96,96,PENDING,2025-01-18 08:06:37.0
SELL-1763965655395-002486,TRADER-0486,CRYPTO,SELL,3394.71,1,1,PENDING,2025-01-16 09:21:35.0
SELL-1763965655393-001622,TRADER-0122,EQUITY,SELL,308.13,26,26,PENDING,2025-01-15 23:14:28.0
SELL-1763965655392-001326,TRADER-0326,EQUITY,SELL,290.09,65,65,PENDING,2025-01-15 19:42:25.0
SELL-1763965655403-006959,TRADER-0459,EQUITY,SELL,386.33,15,15,PENDING,2025-01-18 15:17:00.0
SELL-1763965655402-006352,TRADER-0352,CRYPTO,SELL,2919.12,17,17,PENDING,2025-01-18 08:02:01.0
SELL-1763965655394-002288,TRADER-0288,EQUITY,SELL,219.05,17,17,PENDING,2025-01-16 07:37:40.0
SELL-1763965655396-003206,TRADER-0206,FOREX,SELL,8.32,549,549,PENDING,2025-01-16 18:02:26.0
SELL-1763965655399-004549,TRADER-0049,EQUITY,SELL,306.97,155,155,PENDING,2025-01-17 10:46:59.0
SELL-1763965655398-004397,TRADER-0397,FOREX,SELL,5.21,474,474,PENDING,2025-01-17 08:32:24.0
SELL-1763965655395-002679,TRADER-0179,FOREX,SELL,5.49,869,869,PENDING,2025-01-16 11:42:58.0
SELL-1763965655391-000625,TRADER-0125,FOREX,SELL,6.98,466,466,PENDING,2025-01-15 11:57:07.0
SELL-1763965655400-005182,TRADER-0182,FOREX,SELL,9.28,248,248,PENDING,2025-01-17 18:35:50.0
SELL-1763965655397-003588,TRADER-0088,FOREX,SELL,9.92,939,939,PENDING,2025-01-16 23:23:38.0
SELL-1763965655402-006457,TRADER-0457,CRYPTO,SELL,2739.41,5,5,PENDING,2025-01-18 09:53:44.0
SELL-1763965655402-006784,TRADER-0284,CRYPTO,SELL,3941.8,5,5,PENDING,2025-01-18 13:14:08.0
SELL-1763965655395-002621,TRADER-0121,EQUITY,SELL,234.51,347,347,PENDING,2025-01-16 10:59:16.0
SELL-1763965655397-003558,TRADER-0058,EQUITY,SELL,381.98,257,257,PENDING,2025-01-16 22:39:50.0
SELL-1763965655402-006806,TRADER-0306,EQUITY,SELL,181.56,228,228,PENDING,2025-01-18 13:52:46.0
SELL-1763965655400-005504,TRADER-0004,EQUITY,SELL,172.93,480,480,PENDING,2025-01-17 22:03:27.0
SELL-1763965655402-006695,TRADER-0195,EQUITY,SELL,222.56,442,442,PENDING,2025-01-18 12:45:55.0
SELL-1763965655392-001022,TRADER-0022,CRYPTO,SELL,1347.95,4,4,PENDING,2025-01-15 16:40:37.0
SELL-1763965655394-002382,TRADER-0382,FOREX,SELL,6.43,356,356,PENDING,2025-01-16 08:30:36.0
SELL-1763965655403-006976,TRADER-0476,FOREX,SELL,9.96,752,752,PENDING,2025-01-18 15:27:24.0
SELL-1763965655401-005991,TRADER-0491,CRYPTO,SELL,3969.62,2,2,PENDING,2025-01-18 03:29:24.0
SELL-1763965655400-005386,TRADER-0386,CRYPTO,SELL,2662.14,13,13,PENDING,2025-01-17 20:14:36.0
SELL-1763965655397-003553,TRADER-0053,EQUITY,SELL,256.81,329,329,PENDING,2025-01-16 23:01:25.0
SELL-1763965655397-003660,TRADER-0160,EQUITY,SELL,244.96,303,303,PENDING,2025-01-16 23:30:12.0
SELL-1763965655396-003504,TRADER-0004,CRYPTO,SELL,2970.22,14,14,PENDING,2025-01-16 22:11:42.0
SELL-1763965655402-006488,TRADER-0488,CRYPTO,SELL,2159.37,18,18,PENDING,2025-01-18 10:15:01.0
SELL-1763965655400-005670,TRADER-0170,FOREX,SELL,8.47,641,641,PENDING,2025-01-18 00:17:13.0
SELL-1763965655399-005034,TRADER-0034,CRYPTO,SELL,4412.14,7,7,PENDING,2025-01-17 16:16:59.0
SELL-1763965655401-005965,TRADER-0465,FOREX,SELL,9.51,336,336,PENDING,2025-01-18 03:25:03.0
SELL-1763965655398-004447,TRADER-0447,EQUITY,SELL,357.52,169,169,PENDING,2025-01-17 09:48:35.0
SELL-1763965655396-003298,TRADER-0298,FOREX,SELL,5.31,600,600,PENDING,2025-01-16 19:45:44.0
SELL-1763965655396-003112,TRADER-0112,EQUITY,SELL,497.84,149,149,PENDING,2025-01-16 17:08:42.0
SELL-1763965655396-003345,TRADER-0345,CRYPTO,SELL,3324.99,5,5,PENDING,2025-01-16 19:54:43.0
SELL-1763965655401-005920,TRADER-0420,CRYPTO,SELL,4422.78,3,3,PENDING,2025-01-18 03:16:23.0
SELL-1763965655393-001458,TRADER-0458,CRYPTO,SELL,4861.86,10,10,PENDING,2025-01-15 21:02:31.0
SELL-1763965655402-006839,TRADER-0339,FOREX,SELL,8.83,896,896,PENDING,2025-01-18 13:53:38.0
SELL-1763965655394-002213,TRADER-0213,CRYPTO,SELL,2718.9,7,7,PENDING,2025-01-16 06:58:28.0
SELL-1763965655396-003280,TRADER-0280,EQUITY,SELL,350.64,214,214,PENDING,2025-01-16 18:56:34.0
SELL-1763965655401-006265,TRADER-0265,EQUITY,SELL,216.51,59,59,PENDING,2025-01-18 07:29:41.0
SELL-1763965655398-004176,TRADER-0176,CRYPTO,SELL,2077.19,14,14,PENDING,2025-01-17 06:01:42.0
SELL-1763965655394-002183,TRADER-0183,CRYPTO,SELL,4787.08,6,6,PENDING,2025-01-16 06:26:21.0
SELL-1763965655402-006465,TRADER-0465,CRYPTO,SELL,2281.45,16,16,PENDING,2025-01-18 09:22:42.0
SELL-1763965655399-004881,TRADER-0381,FOREX,SELL,9.11,217,217,PENDING,2025-01-17 14:51:10.0
SELL-1763965655403-007453,TRADER-0453,CRYPTO,SELL,676.43,56,56,PENDING,2025-01-18 21:47:41.0
SELL-1763965655393-001597,TRADER-0097,FOREX,SELL,7.99,683,683,PENDING,2025-01-15 23:26:52.0
SELL-1763965655392-001332,TRADER-0332,CRYPTO,SELL,4955.18,6,6,PENDING,2025-01-15 19:33:10.0
SELL-1763965655401-005913,TRADER-0413,FOREX,SELL,7.0,391,391,PENDING,2025-01-18 02:44:48.0
SELL-1763965655394-002350,TRADER-0350,EQUITY,SELL,230.0,431,431,PENDING,2025-01-16 08:32:38.0
SELL-1763965655396-003140,TRADER-0140,CRYPTO,SELL,1882.34,25,25,PENDING,2025-01-16 17:32:12.0
SELL-1763965655393-001441,TRADER-0441,EQUITY,SELL,408.36,196,196,PENDING,2025-01-15 21:10:11.0
SELL-1763965655401-005878,TRADER-0378,CRYPTO,SELL,2884.93,16,16,PENDING,2025-01-18 02:28:15.0
SELL-1763965655392-001313,TRADER-0313,EQUITY,SELL,479.5,168,168,PENDING,2025-01-15 19:19:00.0
SELL-1763965655398-004051,TRADER-0051,EQUITY,SELL,358.69,129,129,PENDING,2025-01-17 04:57:59.0
SELL-1763965655390-000146,TRADER-0146,CRYPTO,SELL,1000.0,32,32,PENDING,2025-01-15 05:19:46.0
SELL-1763965655401-006264,TRADER-0264,FOREX,SELL,8.0,495,495,PENDING,2025-01-18 07:16:26.0
SELL-1763965655397-003936,TRADER-0436,EQUITY,SELL,462.75,97,97,PENDING,2025-01-17 03:07:02.0
SELL-1763965655400-005412,TRADER-0412,CRYPTO,SELL,3987.82,6,6,PENDING,2025-01-17 20:38:01.0
SELL-1763965655395-002684,TRADER-0184,CRYPTO,SELL,3020.59,11,11,PENDING,2025-01-16 12:06:30.0
SELL-1763965655394-002185,TRADER-0185,CRYPTO,SELL,3039.51,11,11,PENDING,2025-01-16 06:42:55.0
SELL-1763965655401-006132,TRADER-0132,CRYPTO,SELL,1216.07,15,15,PENDING,2025-01-18 05:30:29.0
SELL-1763965655396-003362,TRADER-0362,FOREX,SELL,7.26,472,472,PENDING,2025-01-16 19:59:43.0
SELL-1763965655402-006380,TRADER-0380,EQUITY,SELL,453.98,92,92,PENDING,2025-01-18 08:54:36.0
SELL-1763965655395-002485,TRADER-0485,EQUITY,SELL,468.79,62,62,PENDING,2025-01-16 10:04:49.0
SELL-1763965655395-002662,TRADER-0162,FOREX,SELL,9.75,698,698,PENDING,2025-01-16 11:49:32.0
SELL-1763965655394-002463,TRADER-0463,FOREX,SELL,8.89,848,848,PENDING,2025-01-16 09:24:54.0
SELL-1763965655399-005102,TRADER-0102,CRYPTO,SELL,1064.4,18,18,PENDING,2025-01-17 17:39:15.0
SELL-1763965655397-003612,TRADER-0112,CRYPTO,SELL,3811.44,10,10,PENDING,2025-01-16 23:17:00.0
SELL-1763965655402-006949,TRADER-0449,CRYPTO,SELL,1954.24,12,12,PENDING,2025-01-18 15:31:42.0
SELL-1763965655398-004214,TRADER-0214,FOREX,SELL,6.59,436,436,PENDING,2025-01-17 06:35:15.0
SELL-1763965655402-006605,TRADER-0105,EQUITY,SELL,381.04,150,150,PENDING,2025-01-18 10:50:18.0
SELL-1763965655399-004616,TRADER-0116,CRYPTO,SELL,4088.74,11,11,PENDING,2025-01-17 11:44:00.0
SELL-1763965655394-002445,TRADER-0445,EQUITY,SELL,209.51,56,56,PENDING,2025-01-16 09:31:46.0
SELL-1763965655394-002108,TRADER-0108,FOREX,SELL,7.21,516,516,PENDING,2025-01-16 04:52:13.0
SELL-1763965655395-002810,TRADER-0310,CRYPTO,SELL,881.36,26,26,PENDING,2025-01-16 13:39:27.0
SELL-1763965655402-006510,TRADER-0010,FOREX,SELL,9.91,331,331,PENDING,2025-01-18 10:16:23.0
SELL-1763965655398-004446,TRADER-0446,CRYPTO,SELL,1082.36,16,16,PENDING,2025-01-17 09:24:25.0
SELL-1763965655399-004649,TRADER-0149,FOREX,SELL,5.94,975,975,PENDING,2025-01-17 12:10:44.0
SELL-1763965655399-004539,TRADER-0039,FOREX,SELL,6.33,702,702,PENDING,2025-01-17 10:52:39.0
SELL-1763965655398-004405,TRADER-0405,EQUITY,SELL,228.98,60,60,PENDING,2025-01-17 08:53:06.0
SELL-1763965655392-001131,TRADER-0131,EQUITY,SELL,464.21,57,57,PENDING,2025-01-15 18:03:48.0
SELL-1763965655398-004461,TRADER-0461,EQUITY,SELL,326.58,281,281,PENDING,2025-01-17 09:27:08.0
SELL-1763965655393-001616,TRADER-0116,EQUITY,SELL,399.6,200,200,PENDING,2025-01-15 23:48:45.0
SELL-1763965655391-000410,TRADER-0410,EQUITY,SELL,200.0,93,93,PENDING,2025-01-15 08:35:09.0
SELL-1763965655396-003245,TRADER-0245,CRYPTO,SELL,3942.06,8,8,PENDING,2025-01-16 18:55:45.0
SELL-1763965655403-007267,TRADER-0267,CRYPTO,SELL,4452.32,6,6,PENDING,2025-01-18 19:38:35.0
SELL-1763965655402-006480,TRADER-0480,EQUITY,SELL,495.42,56,56,PENDING,2025-01-18 09:52:56.0
SELL-1763965655392-001055,TRADER-0055,EQUITY,SELL,438.09,6,6,PENDING,2025-01-15 16:53:37.0
SELL-1763965655398-004392,TRADER-0392,CRYPTO,SELL,2207.04,8,8,PENDING,2025-01-17 08:30:18.0
SELL-1763965655394-002214,TRADER-0214,CRYPTO,SELL,4157.02,4,4,PENDING,2025-01-16 06:21:31.0
SELL-1763965655397-003662,TRADER-0162,EQUITY,SELL,324.99,186,186,PENDING,2025-01-16 23:48:37.0
SELL-1763965655395-002971,TRADER-0471,FOREX,SELL,9.89,611,611,PENDING,2025-01-16 16:01:06.0
SELL-1763965655397-003786,TRADER-0286,CRYPTO,SELL,4943.99,1,1,PENDING,2025-01-17 01:21:22.0
SELL-1763965655395-002716,TRADER-0216,EQUITY,SELL,437.97,185,185,PENDING,2025-01-16 12:09:37.0
SELL-1763965655399-004605,TRADER-0105,FOREX,SELL,9.72,916,916,PENDING,2025-01-17 11:34:57.0
SELL-1763965655391-000660,TRADER-0160,CRYPTO,SELL,1811.0,11,11,PENDING,2025-01-15 12:14:57.0
SELL-1763965655394-002115,TRADER-0115,EQUITY,SELL,199.88,268,268,PENDING,2025-01-16 05:04:03.0
SELL-1763965655391-000860,TRADER-0360,FOREX,SELL,6.01,442,442,PENDING,2025-01-15 14:37:18.0
SELL-1763965655397-003999,TRADER-0499,CRYPTO,SELL,4960.83,8,8,PENDING,2025-01-17 03:48:54.0
SELL-1763965655400-005530,TRADER-0030,CRYPTO,SELL,2619.69,11,11,PENDING,2025-01-17 22:49:06.0
SELL-1763965655393-001834,TRADER-0334,CRYPTO,SELL,2092.64,1,1,PENDING,2025-01-16 02:18:06.0
SELL-1763965655400-005217,TRADER-0217,FOREX,SELL,7.11,565,565,PENDING,2025-01-17 18:11:52.0
SELL-1763965655395-002657,TRADER-0157,EQUITY,SELL,402.8,233,233,PENDING,2025-01-16 11:43:17.0
SELL-1763965655402-006820,TRADER-0320,FOREX,SELL,7.83,577,577,PENDING,2025-01-18 13:25:56.0
SELL-1763965655402-006802,TRADER-0302,CRYPTO,SELL,4276.87,4,4,PENDING,2025-01-18 13:31:31.0
SELL-1763965655403-007342,TRADER-0342,FOREX,SELL,8.53,154,154,PENDING,2025-01-18 20:34:58.0
SELL-1763965655397-003538,TRADER-0038,EQUITY,SELL,431.99,193,193,PENDING,2025-01-16 22:48:31.0
SELL-1763965655402-006624,TRADER-0124,EQUITY,SELL,404.78,188,188,PENDING,2025-01-18 11:27:47.0
SELL-1763965655398-004203,TRADER-0203,CRYPTO,SELL,3285.73,10,10,PENDING,2025-01-17 06:55:18.0
SELL-1763965655393-001621,TRADER-0121,EQUITY,SELL,491.3,91,91,PENDING,2025-01-15 23:37:15.0
SELL-1763965655398-004173,TRADER-0173,FOREX,SELL,4.82,953,953,PENDING,2025-01-17 06:21:40.0
SELL-1763965655401-005901,TRADER-0401,CRYPTO,SELL,1168.24,9,9,PENDING,2025-01-18 02:35:20.0
SELL-1763965655391-000841,TRADER-0341,CRYPTO,SELL,2878.03,14,14,PENDING,2025-01-15 13:47:57.0
SELL-1763965655399-004979,TRADER-0479,FOREX,SELL,8.81,731,731,PENDING,2025-01-17 15:52:35.0
SELL-1763965655392-001006,TRADER-0006,FOREX,SELL,6.9,972,972,PENDING,2025-01-15 16:04:20.0
SELL-1763965655394-002230,TRADER-0230,EQUITY,SELL,443.62,103,103,PENDING,2025-01-16 06:37:18.0
SELL-1763965655395-002523,TRADER-0023,EQUITY,SELL,312.35,167,167,PENDING,2025-01-16 10:32:01.0
SELL-1763965655396-003404,TRADER-0404,CRYPTO,SELL,2536.99,9,9,PENDING,2025-01-16 20:26:11.0
SELL-1763965655393-001709,TRADER-0209,FOREX,SELL,6.02,315,315,PENDING,2025-01-16 00:02:48.0
SELL-1763965655391-000709,TRADER-0209,CRYPTO,SELL,3214.0,14,14,PENDING,2025-01-15 12:28:22.0
SELL-1763965655394-002129,TRADER-0129,FOREX,SELL,7.7,253,253,PENDING,2025-01-16 05:59:41.0
SELL-1763965655403-007169,TRADER-0169,CRYPTO,SELL,701.35,58,58,PENDING,2025-01-18 17:44:58.0
SELL-1763965655401-005891,TRADER-0391,FOREX,SELL,7.78,456,456,PENDING,2025-01-18 02:18:53.0
SELL-1763965655391-000710,TRADER-0210,EQUITY,SELL,480.01,155,155,PENDING,2025-01-15 12:59:09.0
SELL-1763965655392-001374,TRADER-0374,EQUITY,SELL,300.43,263,263,PENDING,2025-01-15 20:48:02.0
SELL-1763965655398-004215,TRADER-0215,EQUITY,SELL,392.57,191,191,PENDING,2025-01-17 06:16:15.0
SELL-1763965655394-002188,TRADER-0188,FOREX,SELL,8.81,301,301,PENDING,2025-01-16 06:13:49.0
SELL-1763965655394-002406,TRADER-0406,CRYPTO,SELL,4372.47,11,11,PENDING,2025-01-16 09:21:59.0
SELL-1763965655403-007489,TRADER-0489,CRYPTO,SELL,1378.68,19,19,PENDING,2025-01-18 21:57:14.0
SELL-1763965655403-007262,TRADER-0262,EQUITY,SELL,279.53,285,285,PENDING,2025-01-18 19:21:43.0
SELL-1763965655402-006903,TRADER-0403,EQUITY,SELL,194.37,309,309,PENDING,2025-01-18 14:37:28.0
SELL-1763965655399-004899,TRADER-0399,CRYPTO,SELL,2217.86,9,9,PENDING,2025-01-17 14:54:15.0
SELL-1763965655399-004801,TRADER-0301,CRYPTO,SELL,4069.01,9,9,PENDING,2025-01-17 13:08:44.0
SELL-1763965655403-007248,TRADER-0248,CRYPTO,SELL,2154.18,19,19,PENDING,2025-01-18 19:06:13.0
SELL-1763965655400-005660,TRADER-0160,CRYPTO,SELL,4257.42,7,7,PENDING,2025-01-18 00:18:55.0
SELL-1763965655401-006198,TRADER-0198,CRYPTO,SELL,1784.1,1,1,PENDING,2025-01-18 06:04:12.0
SELL-1763965655398-004336,TRADER-0336,CRYPTO,SELL,1241.06,12,12,PENDING,2025-01-17 07:59:49.0
SELL-1763965655395-002743,TRADER-0243,CRYPTO,SELL,3643.32,8,8,PENDING,2025-01-16 12:26:09.0
SELL-1763965655402-006796,TRADER-0296,EQUITY,SELL,174.64,75,75,PENDING,2025-01-18 13:57:10.0
SELL-1763965655399-004634,TRADER-0134,EQUITY,SELL,484.73,71,71,PENDING,2025-01-17 11:19:22.0
SELL-1763965655401-006030,TRADER-0030,CRYPTO,SELL,716.95,67,67,PENDING,2025-01-18 04:22:32.0
SELL-1763965655399-005055,TRADER-0055,FOREX,SELL,6.73,733,733,PENDING,2025-01-17 16:22:47.0
SELL-1763965655393-001460,TRADER-0460,CRYPTO,SELL,2053.67,21,21,PENDING,2025-01-15 21:12:12.0
SELL-1763965655397-003677,TRADER-0177,FOREX,SELL,6.47,666,666,PENDING,2025-01-17 00:09:48.0
SELL-1763965655394-002403,TRADER-0403,FOREX,SELL,5.23,728,728,PENDING,2025-01-16 09:02:41.0
SELL-1763965655392-000978,TRADER-0478,FOREX,SELL,8.38,761,761,PENDING,2025-01-15 15:54:14.0
SELL-1763965655395-002777,TRADER-0277,CRYPTO,SELL,2405.39,12,12,PENDING,2025-01-16 13:05:25.0
SELL-1763965655395-002818,TRADER-0318,FOREX,SELL,9.32,259,259,PENDING,2025-01-16 13:50:39.0
SELL-1763965655390-000319,TRADER-0319,EQUITY,SELL,300.0,38,38,PENDING,2025-01-15 08:07:38.0
SELL-1763965655399-004730,TRADER-0230,FOREX,SELL,7.62,20,20,PENDING,2025-01-17 12:47:52.0
SELL-1763965655402-006815,TRADER-0315,CRYPTO,SELL,2533.73,9,9,PENDING,2025-01-18 13:40:53.0
SELL-1763965655399-004660,TRADER-0160,CRYPTO,SELL,3089.68,4,4,PENDING,2025-01-17 11:30:35.0
SELL-1763965655396-003083,TRADER-0083,FOREX,SELL,6.64,285,285,PENDING,2025-01-16 16:58:45.0
SELL-1763965655393-001568,TRADER-0068,EQUITY,SELL,177.99,228,228,PENDING,2025-01-15 22:21:24.0
SELL-1763965655392-001080,TRADER-0080,EQUITY,SELL,390.34,244,244,PENDING,2025-01-15 16:34:49.0
SELL-1763965655400-005376,TRADER-0376,FOREX,SELL,9.53,755,755,PENDING,2025-01-17 20:03:05.0
SELL-1763965655393-001641,TRADER-0141,FOREX,SELL,7.11,830,830,PENDING,2025-01-15 23:42:18.0
SELL-1763965655393-001419,TRADER-0419,CRYPTO,SELL,1723.04,13,13,PENDING,2025-01-15 21:13:00.0
SELL-1763965655398-004421,TRADER-0421,EQUITY,SELL,200.08,396,396,PENDING,2025-01-17 08:53:32.0
SELL-1763965655396-003139,TRADER-0139,FOREX,SELL,6.96,72,72,PENDING,2025-01-16 17:46:25.0
SELL-1763965655395-002786,TRADER-0286,CRYPTO,SELL,555.51,27,27,PENDING,2025-01-16 13:06:46.0
SELL-1763965655391-000526,TRADER-0026,CRYPTO,SELL,3594.05,3,3,PENDING,2025-01-15 10:13:59.0
SELL-1763965655402-006440,TRADER-0440,FOREX,SELL,9.9,607,607,PENDING,2025-01-18 09:16:03.0
SELL-1763965655396-003315,TRADER-0315,CRYPTO,SELL,2546.78,9,9,PENDING,2025-01-16 19:26:22.0
SELL-1763965655399-004589,TRADER-0089,EQUITY,SELL,493.91,156,156,PENDING,2025-01-17 10:57:31.0
SELL-1763965655396-003002,TRADER-0002,FOREX,SELL,9.3,440,440,PENDING,2025-01-16 16:16:02.0
SELL-1763965655402-006592,TRADER-0092,EQUITY,SELL,314.16,24,24,PENDING,2025-01-18 10:50:42.0
SELL-1763965655403-006964,TRADER-0464,EQUITY,SELL,265.87,63,63,PENDING,2025-01-18 15:40:27.0
SELL-1763965655396-003449,TRADER-0449,CRYPTO,SELL,3651.57,13,13,PENDING,2025-01-16 20:55:45.0
SELL-1763965655402-006858,TRADER-0358,FOREX,SELL,6.65,905,905,PENDING,2025-01-18 14:46:02.0
SELL-1763965655401-005863,TRADER-0363,FOREX,SELL,6.81,897,897,PENDING,2025-01-18 02:14:54.0
SELL-1763965655393-001564,TRADER-0064,EQUITY,SELL,166.51,400,400,PENDING,2025-01-15 22:45:46.0
SELL-1763965655396-003222,TRADER-0222,CRYPTO,SELL,2301.38,15,15,PENDING,2025-01-16 18:20:44.0
SELL-1763965655397-003582,TRADER-0082,EQUITY,SELL,431.22,4,4,PENDING,2025-01-16 22:43:40.0
SELL-1763965655403-006999,TRADER-0499,EQUITY,SELL,229.43,304,304,PENDING,2025-01-18 15:50:27.0
SELL-1763965655397-003800,TRADER-0300,CRYPTO,SELL,3726.72,13,13,PENDING,2025-01-17 01:08:23.0
SELL-1763965655391-000716,TRADER-0216,CRYPTO,SELL,2643.24,3,3,PENDING,2025-01-15 12:51:13.0
SELL-1763965655401-006306,TRADER-0306,EQUITY,SELL,241.72,331,331,PENDING,2025-01-18 07:40:51.0
SELL-1763965655400-005497,TRADER-0497,FOREX,SELL,6.46,608,608,PENDING,2025-01-17 21:30:19.0
SELL-1763965655396-003151,TRADER-0151,FOREX,SELL,4.76,778,778,PENDING,2025-01-16 17:30:00.0
SELL-1763965655394-002127,TRADER-0127,CRYPTO,SELL,757.03,14,14,PENDING,2025-01-16 05:04:39.0
SELL-1763965655400-005484,TRADER-0484,FOREX,SELL,8.77,25,25,PENDING,2025-01-17 21:59:38.0
SELL-1763965655397-003670,TRADER-0170,CRYPTO,SELL,2898.04,3,3,PENDING,2025-01-17 00:13:06.0
SELL-1763965655395-002755,TRADER-0255,CRYPTO,SELL,1482.43,30,30,PENDING,2025-01-16 12:34:47.0
SELL-1763965655399-004547,TRADER-0047,EQUITY,SELL,420.05,79,79,PENDING,2025-01-17 10:55:18.0
SELL-1763965655401-006171,TRADER-0171,EQUITY,SELL,383.19,56,56,PENDING,2025-01-18 05:38:50.0
SELL-1763965655398-004520,TRADER-0020,EQUITY,SELL,336.71,266,266,PENDING,2025-01-17 10:16:54.0
SELL-1763965655399-005006,TRADER-0006,CRYPTO,SELL,4693.96,10,10,PENDING,2025-01-17 15:34:29.0
SELL-1763965655400-005676,TRADER-0176,EQUITY,SELL,470.32,165,165,PENDING,2025-01-18 00:28:11.0
SELL-1763965655403-007372,TRADER-0372,EQUITY,SELL,236.91,226,226,PENDING,2025-01-18 20:31:57.0
SELL-1763965655403-007184,TRADER-0184,CRYPTO,SELL,4659.53,9,9,PENDING,2025-01-18 18:34:55.0
SELL-1763965655394-002130,TRADER-0130,FOREX,SELL,6.72,564,564,PENDING,2025-01-16 05:40:23.0
SELL-1763965655399-004996,TRADER-0496,CRYPTO,SELL,2473.29,14,14,PENDING,2025-01-17 16:19:29.0
SELL-1763965655395-002804,TRADER-0304,EQUITY,SELL,179.03,48,48,PENDING,2025-01-16 13:14:01.0
SELL-1763965655399-004807,TRADER-0307,FOREX,SELL,6.73,27,27,PENDING,2025-01-17 13:40:53.0
SELL-1763965655391-000789,TRADER-0289,CRYPTO,SELL,3220.93,14,14,PENDING,2025-01-15 13:47:24.0
SELL-1763965655397-003519,TRADER-0019,EQUITY,SELL,204.59,67,67,PENDING,2025-01-16 22:43:15.0
SELL-1763965655395-002899,TRADER-0399,FOREX,SELL,9.99,801,801,PENDING,2025-01-16 14:20:36.0
SELL-1763965655400-005330,TRADER-0330,EQUITY,SELL,436.17,69,69,PENDING,2025-01-17 20:19:59.0
SELL-1763965655403-007048,TRADER-0048,CRYPTO,SELL,1974.21,15,15,PENDING,2025-01-18 16:55:02.0
SELL-1763965655400-005390,TRADER-0390,FOREX,SELL,8.61,804,804,PENDING,2025-01-17 20:46:30.0
SELL-1763965655396-002996,TRADER-0496,CRYPTO,SELL,4817.12,2,2,PENDING,2025-01-16 16:09:30.0
SELL-1763965655399-004567,TRADER-0067,FOREX,SELL,7.03,931,931,PENDING,2025-01-17 10:54:00.0
SELL-1763965655400-005133,TRADER-0133,EQUITY,SELL,363.31,230,230,PENDING,2025-01-17 18:04:30.0
SELL-1763965655394-002205,TRADER-0205,CRYPTO,SELL,4896.65,3,3,PENDING,2025-01-16 06:21:46.0
SELL-1763965655393-001470,TRADER-0470,FOREX,SELL,9.98,493,493,PENDING,2025-01-15 21:41:07.0
SELL-1763965655397-003657,TRADER-0157,CRYPTO,SELL,4159.28,9,9,PENDING,2025-01-16 23:58:40.0
SELL-1763965655392-001154,TRADER-0154,FOREX,SELL,5.49,401,401,PENDING,2025-01-15 17:26:56.0
SELL-1763965655397-003864,TRADER-0364,CRYPTO,SELL,4711.75,1,1,PENDING,2025-01-17 02:33:14.0
SELL-1763965655398-004130,TRADER-0130,EQUITY,SELL,278.33,71,71,PENDING,2025-01-17 05:41:05.0
SELL-1763965655397-003891,TRADER-0391,EQUITY,SELL,274.28,312,312,PENDING,2025-01-17 03:10:27.0
SELL-1763965655402-006494,TRADER-0494,FOREX,SELL,7.15,759,759,PENDING,2025-01-18 09:38:00.0
SELL-1763965655396-003079,TRADER-0079,FOREX,SELL,4.95,549,549,PENDING,2025-01-16 17:20:16.0
SELL-1763965655403-007462,TRADER-0462,EQUITY,SELL,468.05,105,105,PENDING,2025-01-18 21:36:22.0
SELL-1763965655393-001434,TRADER-0434,CRYPTO,SELL,2487.73,16,16,PENDING,2025-01-15 21:37:34.0
SELL-1763965655392-001386,TRADER-0386,EQUITY,SELL,204.74,207,207,PENDING,2025-01-15 20:43:42.0
SELL-1763965655390-000020,TRADER-0020,EQUITY,SELL,250.0,72,72,PENDING,2025-01-15 03:59:05.0
SELL-1763965655401-006238,TRADER-0238,FOREX,SELL,7.69,801,801,PENDING,2025-01-18 07:20:41.0
SELL-1763965655395-002975,TRADER-0475,CRYPTO,SELL,4799.1,1,1,PENDING,2025-01-16 15:45:44.0
SELL-1763965655403-007361,TRADER-0361,CRYPTO,SELL,2169.98,16,16,PENDING,2025-01-18 19:54:35.0
SELL-1763965655392-000972,TRADER-0472,CRYPTO,SELL,4260.58,2,2,PENDING,2025-01-15 15:45:42.0
SELL-1763965655392-000939,TRADER-0439,FOREX,SELL,7.18,446,446,PENDING,2025-01-15 15:17:34.0
SELL-1763965655401-006253,TRADER-0253,CRYPTO,SELL,1853.27,13,13,PENDING,2025-01-18 06:57:51.0
SELL-1763965655399-004592,TRADER-0092,CRYPTO,SELL,2336.97,16,16,PENDING,2025-01-17 11:26:36.0
SELL-1763965655398-004120,TRADER-0120,EQUITY,SELL,241.67,53,53,PENDING,2025-01-17 05:03:12.0
SELL-1763965655400-005657,TRADER-0157,FOREX,SELL,4.78,58,58,PENDING,2025-01-18 00:17:05.0
SELL-1763965655401-006151,TRADER-0151,CRYPTO,SELL,4561.76,10,10,PENDING,2025-01-18 05:45:30.0
SELL-1763965655401-006042,TRADER-0042,CRYPTO,SELL,852.38,29,29,PENDING,2025-01-18 04:22:18.0
SELL-1763965655401-005754,TRADER-0254,FOREX,SELL,7.37,239,239,PENDING,2025-01-18 00:38:39.0
SELL-1763965655403-007380,TRADER-0380,EQUITY,SELL,413.98,112,112,PENDING,2025-01-18 20:39:01.0
SELL-1763965655398-004178,TRADER-0178,CRYPTO,SELL,3455.52,14,14,PENDING,2025-01-17 06:18:39.0
SELL-1763965655394-002409,TRADER-0409,EQUITY,SELL,495.52,93,93,PENDING,2025-01-16 08:38:23.0
SELL-1763965655395-002705,TRADER-0205,FOREX,SELL,5.85,613,613,PENDING,2025-01-16 12:43:22.0
SELL-1763965655391-000461,TRADER-0461,EQUITY,SELL,200.0,78,78,PENDING,2025-01-15 09:36:38.0
SELL-1763965655391-000626,TRADER-0126,CRYPTO,SELL,2781.9,16,16,PENDING,2025-01-15 11:57:57.0
SELL-1763965655401-006071,TRADER-0071,FOREX,SELL,5.73,267,267,PENDING,2025-01-18 05:16:45.0
SELL-1763965655399-004829,TRADER-0329,EQUITY,SELL,438.72,198,198,PENDING,2025-01-17 13:28:21.0
SELL-1763965655401-006070,TRADER-0070,CRYPTO,SELL,582.6,59,59,PENDING,2025-01-18 04:59:57.0
SELL-1763965655394-002170,TRADER-0170,FOREX,SELL,9.41,111,111,PENDING,2025-01-16 06:04:26.0
SELL-1763965655393-001854,TRADER-0354,EQUITY,SELL,484.43,151,151,PENDING,2025-01-16 02:39:44.0
SELL-1763965655401-006038,TRADER-0038,CRYPTO,SELL,3273.27,15,15,PENDING,2025-01-18 04:52:42.0
SELL-1763965655392-000938,TRADER-0438,FOREX,SELL,4.79,124,124,PENDING,2025-01-15 15:03:56.0
SELL-1763965655394-002438,TRADER-0438,EQUITY,SELL,223.94,139,139,PENDING,2025-01-16 09:22:14.0
SELL-1763965655399-004974,TRADER-0474,EQUITY,SELL,156.68,78,78,PENDING,2025-01-17 15:16:16.0
SELL-1763965655393-001886,TRADER-0386,FOREX,SELL,5.82,398,398,PENDING,2025-01-16 02:59:15.0
SELL-1763965655392-001037,TRADER-0037,FOREX,SELL,8.43,853,853,PENDING,2025-01-15 16:20:14.0
SELL-1763965655403-006992,TRADER-0492,EQUITY,SELL,230.0,203,203,PENDING,2025-01-18 15:37:49.0
SELL-1763965655396-003152,TRADER-0152,CRYPTO,SELL,2069.54,10,10,PENDING,2025-01-16 17:43:23.0
SELL-1763965655402-006718,TRADER-0218,EQUITY,SELL,238.32,348,348,PENDING,2025-01-18 12:30:04.0
SELL-1763965655402-006873,TRADER-0373,CRYPTO,SELL,3846.82,9,9,PENDING,2025-01-18 14:29:45.0
SELL-1763965655395-002757,TRADER-0257,CRYPTO,SELL,2041.51,21,21,PENDING,2025-01-16 13:02:43.0
SELL-1763965655398-004074,TRADER-0074,FOREX,SELL,5.34,449,449,PENDING,2025-01-17 05:22:51.0
SELL-1763965655403-007040,TRADER-0040,EQUITY,SELL,482.51,69,69,PENDING,2025-01-18 16:21:08.0
SELL-1763965655399-004966,TRADER-0466,FOREX,SELL,8.52,269,269,PENDING,2025-01-17 15:38:27.0
SELL-1763965655399-004612,TRADER-0112,FOREX,SELL,7.34,134,134,PENDING,2025-01-17 10:56:27.0
SELL-1763965655393-001866,TRADER-0366,EQUITY,SELL,339.01,201,201,PENDING,2025-01-16 02:47:51.0
SELL-1763965655396-003048,TRADER-0048,FOREX,SELL,9.33,653,653,PENDING,2025-01-16 16:30:52.0
SELL-1763965655399-004672,TRADER-0172,CRYPTO,SELL,2179.71,11,11,PENDING,2025-01-17 12:19:26.0
SELL-1763965655393-001669,TRADER-0169,EQUITY,SELL,304.29,118,118,PENDING,2025-01-16 00:20:54.0
SELL-1763965655393-001801,TRADER-0301,CRYPTO,SELL,2148.86,7,7,PENDING,2025-01-16 01:17:19.0
SELL-1763965655399-004831,TRADER-0331,EQUITY,SELL,418.41,161,161,PENDING,2025-01-17 14:14:57.0
SELL-1763965655399-004600,TRADER-0100,CRYPTO,SELL,3270.48,8,8,PENDING,2025-01-17 11:34:23.0
SELL-1763965655392-001368,TRADER-0368,CRYPTO,SELL,1813.26,20,20,PENDING,2025-01-15 20:29:30.0
SELL-1763965655399-004594,TRADER-0094,CRYPTO,SELL,3996.6,11,11,PENDING,2025-01-17 11:14:52.0
SELL-1763965655397-003869,TRADER-0369,CRYPTO,SELL,788.97,44,44,PENDING,2025-01-17 02:46:22.0
SELL-1763965655392-001403,TRADER-0403,CRYPTO,SELL,3579.9,4,4,PENDING,2025-01-15 21:12:45.0
SELL-1763965655402-006826,TRADER-0326,FOREX,SELL,7.6,711,711,PENDING,2025-01-18 13:36:31.0
SELL-1763965655400-005537,TRADER-0037,EQUITY,SELL,490.05,18,18,PENDING,2025-01-17 22:21:42.0
SELL-1763965655396-003368,TRADER-0368,CRYPTO,SELL,2600.68,10,10,PENDING,2025-01-16 20:02:25.0
SELL-1763965655392-001207,TRADER-0207,CRYPTO,SELL,2201.83,20,20,PENDING,2025-01-15 18:23:14.0
SELL-1763965655392-001215,TRADER-0215,FOREX,SELL,4.99,437,437,PENDING,2025-01-15 18:16:41.0
SELL-1763965655401-006237,TRADER-0237,FOREX,SELL,6.55,882,882,PENDING,2025-01-18 06:46:19.0
SELL-1763965655393-001815,TRADER-0315,CRYPTO,SELL,1280.48,2,2,PENDING,2025-01-16 02:10:10.0
SELL-1763965655394-002413,TRADER-0413,FOREX,SELL,7.17,464,464,PENDING,2025-01-16 09:23:45.0
SELL-1763965655394-002156,TRADER-0156,CRYPTO,SELL,2778.39,8,8,PENDING,2025-01-16 05:44:00.0
SELL-1763965655396-003446,TRADER-0446,EQUITY,SELL,319.43,246,246,PENDING,2025-01-16 21:15:38.0
SELL-1763965655402-006851,TRADER-0351,CRYPTO,SELL,1854.93,10,10,PENDING,2025-01-18 14:35:30.0
SELL-1763965655401-006261,TRADER-0261,EQUITY,SELL,396.54,73,73,PENDING,2025-01-18 06:47:21.0
SELL-1763965655398-004177,TRADER-0177,CRYPTO,SELL,784.87,56,56,PENDING,2025-01-17 06:10:25.0
SELL-1763965655401-006022,TRADER-0022,CRYPTO,SELL,1234.68,33,33,PENDING,2025-01-18 04:25:17.0
SELL-1763965655400-005555,TRADER-0055,FOREX,SELL,6.11,574,574,PENDING,2025-01-17 22:18:09.0
SELL-1763965655391-000582,TRADER-0082,CRYPTO,SELL,3524.78,7,7,PENDING,2025-01-15 11:06:26.0
SELL-1763965655394-002162,TRADER-0162,CRYPTO,SELL,2768.73,8,8,PENDING,2025-01-16 06:23:09.0
SELL-1763965655393-001701,TRADER-0201,CRYPTO,SELL,2626.7,1,1,PENDING,2025-01-16 00:40:48.0
SELL-1763965655403-007053,TRADER-0053,FOREX,SELL,6.81,427,427,PENDING,2025-01-18 16:35:13.0
SELL-1763965655401-006305,TRADER-0305,EQUITY,SELL,445.61,129,129,PENDING,2025-01-18 07:15:15.0
SELL-1763965655390-000175,TRADER-0175,EQUITY,SELL,200.0,63,63,PENDING,2025-01-15 05:56:01.0
SELL-1763965655400-005237,TRADER-0237,CRYPTO,SELL,2588.95,6,6,PENDING,2025-01-17 18:30:59.0
SELL-1763965655401-005912,TRADER-0412,FOREX,SELL,9.24,268,268,PENDING,2025-01-18 02:27:09.0
SELL-1763965655396-003085,TRADER-0085,FOREX,SELL,7.02,645,645,PENDING,2025-01-16 17:06:03.0
SELL-1763965655398-004077,TRADER-0077,CRYPTO,SELL,4573.94,9,9,PENDING,2025-01-17 05:24:34.0
SELL-1763965655395-002714,TRADER-0214,FOREX,SELL,7.37,780,780,PENDING,2025-01-16 12:05:33.0
SELL-1763965655395-002730,TRADER-0230,CRYPTO,SELL,2931.13,17,17,PENDING,2025-01-16 12:18:31.0
SELL-1763965655400-005562,TRADER-0062,EQUITY,SELL,432.61,50,50,PENDING,2025-01-17 22:20:49.0
SELL-1763965655395-002529,TRADER-0029,EQUITY,SELL,447.97,99,99,PENDING,2025-01-16 10:01:35.0
SELL-1763965655402-006461,TRADER-0461,EQUITY,SELL,407.12,157,157,PENDING,2025-01-18 09:16:11.0
SELL-1763965655392-001371,TRADER-0371,CRYPTO,SELL,2306.36,9,9,PENDING,2025-01-15 20:45:21.0
SELL-1763965655401-006077,TRADER-0077,CRYPTO,SELL,1937.29,12,12,PENDING,2025-01-18 05:15:42.0
SELL-1763965655396-003400,TRADER-0400,FOREX,SELL,5.61,297,297,PENDING,2025-01-16 20:54:01.0
SELL-1763965655397-003805,TRADER-0305,EQUITY,SELL,480.93,13,13,PENDING,2025-01-17 02:05:43.0
SELL-1763965655393-001814,TRADER-0314,CRYPTO,SELL,1291.33,16,16,PENDING,2025-01-16 01:51:47.0
SELL-1763965655401-006180,TRADER-0180,CRYPTO,SELL,1321.32,1,1,PENDING,2025-01-18 06:27:05.0
SELL-1763965655394-002153,TRADER-0153,CRYPTO,SELL,4990.81,7,7,PENDING,2025-01-16 06:12:30.0
SELL-1763965655401-005755,TRADER-0255,FOREX,SELL,6.6,907,907,PENDING,2025-01-18 01:12:05.0
SELL-1763965655393-001837,TRADER-0337,CRYPTO,SELL,3073.52,5,5,PENDING,2025-01-16 02:27:31.0
SELL-1763965655394-002145,TRADER-0145,CRYPTO,SELL,1316.24,24,24,PENDING,2025-01-16 06:12:10.0
SELL-1763965655395-002736,TRADER-0236,FOREX,SELL,8.79,397,397,PENDING,2025-01-16 12:47:24.0
SELL-1763965655403-007025,TRADER-0025,EQUITY,SELL,384.54,104,104,PENDING,2025-01-18 15:54:39.0
SELL-1763965655402-006335,TRADER-0335,CRYPTO,SELL,998.51,11,11,PENDING,2025-01-18 08:04:16.0
SELL-1763965655396-003162,TRADER-0162,EQUITY,SELL,454.45,4,4,PENDING,2025-01-16 17:51:12.0
SELL-1763965655401-005869,TRADER-0369,EQUITY,SELL,294.57,246,246,PENDING,2025-01-18 02:07:44.0
SELL-1763965655396-003427,TRADER-0427,FOREX,SELL,7.42,697,697,PENDING,2025-01-16 20:48:25.0
SELL-1763965655394-002157,TRADER-0157,EQUITY,SELL,321.97,274,274,PENDING,2025-01-16 06:09:20.0
SELL-1763965655392-000984,TRADER-0484,CRYPTO,SELL,956.72,28,28,PENDING,2025-01-15 15:44:06.0
SELL-1763965655392-001255,TRADER-0255,EQUITY,SELL,232.04,104,104,PENDING,2025-01-15 19:30:51.0
SELL-1763965655402-006715,TRADER-0215,CRYPTO,SELL,3260.62,14,14,PENDING,2025-01-18 12:35:18.0
SELL-1763965655392-000982,TRADER-0482,FOREX,SELL,6.63,392,392,PENDING,2025-01-15 16:14:08.0
SELL-1763965655402-006953,TRADER-0453,CRYPTO,SELL,3246.32,14,14,PENDING,2025-01-18 15:52:04.0
SELL-1763965655395-002535,TRADER-0035,EQUITY,SELL,212.37,413,413,PENDING,2025-01-16 10:28:21.0
SELL-1763965655398-004119,TRADER-0119,FOREX,SELL,5.04,741,741,PENDING,2025-01-17 05:43:33.0
SELL-1763965655395-002640,TRADER-0140,EQUITY,SELL,185.35,260,260,PENDING,2025-01-16 12:00:46.0
SELL-1763965655402-006939,TRADER-0439,EQUITY,SELL,169.93,349,349,PENDING,2025-01-18 14:49:01.0
SELL-1763965655397-003818,TRADER-0318,FOREX,SELL,5.86,677,677,PENDING,2025-01-17 01:39:07.0
SELL-1763965655394-002425,TRADER-0425,FOREX,SELL,8.46,217,217,PENDING,2025-01-16 08:58:36.0
SELL-1763965655392-001105,TRADER-0105,EQUITY,SELL,268.28,6,6,PENDING,2025-01-15 17:06:30.0
SELL-1763965655398-004346,TRADER-0346,EQUITY,SELL,189.7,502,502,PENDING,2025-01-17 08:23:20.0
SELL-1763965655403-007379,TRADER-0379,EQUITY,SELL,343.36,205,205,PENDING,2025-01-18 20:31:33.0
SELL-1763965655400-005194,TRADER-0194,EQUITY,SELL,442.73,90,90,PENDING,2025-01-17 17:59:40.0
SELL-1763965655403-007261,TRADER-0261,FOREX,SELL,6.16,488,488,PENDING,2025-01-18 19:16:31.0
SELL-1763965655396-003122,TRADER-0122,FOREX,SELL,6.01,431,431,PENDING,2025-01-16 17:11:18.0
SELL-1763965655393-001469,TRADER-0469,CRYPTO,SELL,4924.78,6,6,PENDING,2025-01-15 21:28:09.0
SELL-1763965655392-001066,TRADER-0066,CRYPTO,SELL,4834.71,6,6,PENDING,2025-01-15 16:28:00.0
SELL-1763965655392-001384,TRADER-0384,CRYPTO,SELL,4783.15,7,7,PENDING,2025-01-15 20:22:04.0
SELL-1763965655403-006985,TRADER-0485,EQUITY,SELL,434.15,153,153,PENDING,2025-01-18 15:25:39.0
SELL-1763965655401-006074,TRADER-0074,EQUITY,SELL,414.28,88,88,PENDING,2025-01-18 05:02:00.0
SELL-1763965655393-001566,TRADER-0066,CRYPTO,SELL,3670.14,7,7,PENDING,2025-01-15 23:13:18.0
SELL-1763965655395-002506,TRADER-0006,EQUITY,SELL,401.35,178,178,PENDING,2025-01-16 09:53:23.0
SELL-1763965655395-002649,TRADER-0149,CRYPTO,SELL,3795.09,8,8,PENDING,2025-01-16 11:21:31.0
SELL-1763965655402-006943,TRADER-0443,EQUITY,SELL,162.18,332,332,PENDING,2025-01-18 15:34:11.0
SELL-1763965655399-004690,TRADER-0190,EQUITY,SELL,321.18,10,10,PENDING,2025-01-17 12:04:31.0
SELL-1763965655402-006935,TRADER-0435,CRYPTO,SELL,981.2,28,28,PENDING,2025-01-18 15:08:46.0
SELL-1763965655390-000291,TRADER-0291,EQUITY,SELL,300.0,36,36,PENDING,2025-01-15 07:13:54.0
SELL-1763965655395-002807,TRADER-0307,CRYPTO,SELL,1502.29,24,24,PENDING,2025-01-16 13:55:41.0
SELL-1763965655398-004231,TRADER-0231,FOREX,SELL,6.26,810,810,PENDING,2025-01-17 06:19:29.0
SELL-1763965655391-000629,TRADER-0129,CRYPTO,SELL,1848.52,4,4,PENDING,2025-01-15 11:30:17.0
SELL-1763965655401-005914,TRADER-0414,EQUITY,SELL,305.16,315,315,PENDING,2025-01-18 02:28:12.0
SELL-1763965655395-002478,TRADER-0478,FOREX,SELL,6.7,9,9,PENDING,2025-01-16 09:41:12.0
SELL-1763965655399-004655,TRADER-0155,FOREX,SELL,7.92,463,463,PENDING,2025-01-17 11:34:11.0
SELL-1763965655396-003123,TRADER-0123,CRYPTO,SELL,3144.34,8,8,PENDING,2025-01-16 17:48:23.0
SELL-1763965655395-002500,TRADER-0000,CRYPTO,SELL,1757.08,5,5,PENDING,2025-01-16 10:08:16.0
SELL-1763965655399-004602,TRADER-0102,EQUITY,SELL,294.92,13,13,PENDING,2025-01-17 10:44:39.0
SELL-1763965655400-005666,TRADER-0166,EQUITY,SELL,390.71,204,204,PENDING,2025-01-18 00:27:44.0
SELL-1763965655390-000285,TRADER-0285,EQUITY,SELL,250.0,87,87,PENDING,2025-01-15 07:29:43.0
SELL-1763965655400-005398,TRADER-0398,CRYPTO,SELL,3434.43,9,9,PENDING,2025-01-17 20:43:41.0
SELL-1763965655395-002525,TRADER-0025,CRYPTO,SELL,2485.08,14,14,PENDING,2025-01-16 10:00:35.0
SELL-1763965655398-004153,TRADER-0153,FOREX,SELL,7.13,658,658,PENDING,2025-01-17 05:46:33.0
SELL-1763965655390-000283,TRADER-0283,EQUITY,SELL,250.0,61,61,PENDING,2025-01-15 07:13:59.0
SELL-1763965655401-006203,TRADER-0203,EQUITY,SELL,438.46,223,223,PENDING,2025-01-18 06:09:06.0
SELL-1763965655400-005487,TRADER-0487,FOREX,SELL,7.24,188,188,PENDING,2025-01-17 21:40:30.0
SELL-1763965655391-000665,TRADER-0165,EQUITY,SELL,459.67,65,65,PENDING,2025-01-15 12:01:15.0
SELL-1763965655395-002880,TRADER-0380,EQUITY,SELL,499.63,66,66,PENDING,2025-01-16 14:39:29.0
SELL-1763965655399-004812,TRADER-0312,CRYPTO,SELL,4211.82,3,3,PENDING,2025-01-17 14:09:56.0
SELL-1763965655402-006870,TRADER-0370,EQUITY,SELL,375.52,251,251,PENDING,2025-01-18 14:20:29.0
SELL-1763965655399-004821,TRADER-0321,FOREX,SELL,6.62,970,970,PENDING,2025-01-17 14:03:48.0
SELL-1763965655403-007201,TRADER-0201,CRYPTO,SELL,3451.36,1,1,PENDING,2025-01-18 18:33:27.0
SELL-1763965655399-004755,TRADER-0255,CRYPTO,SELL,503.41,7,7,PENDING,2025-01-17 13:12:35.0
SELL-1763965655401-005989,TRADER-0489,CRYPTO,SELL,3099.55,16,16,PENDING,2025-01-18 03:42:20.0
SELL-1763965655391-000641,TRADER-0141,EQUITY,SELL,157.89,277,277,PENDING,2025-01-15 12:09:56.0
SELL-1763965655402-006497,TRADER-0497,EQUITY,SELL,458.43,204,204,PENDING,2025-01-18 09:53:50.0
SELL-1763965655393-001714,TRADER-0214,CRYPTO,SELL,3245.81,9,9,PENDING,2025-01-16 01:03:18.0
SELL-1763965655391-000563,TRADER-0063,FOREX,SELL,5.31,774,774,PENDING,2025-01-15 11:02:30.0
SELL-1763965655393-001732,TRADER-0232,FOREX,SELL,7.49,777,777,PENDING,2025-01-16 00:23:05.0
SELL-1763965655402-006682,TRADER-0182,FOREX,SELL,5.66,533,533,PENDING,2025-01-18 11:56:01.0
SELL-1763965655401-005895,TRADER-0395,EQUITY,SELL,297.12,133,133,PENDING,2025-01-18 02:31:10.0
SELL-1763965655399-005073,TRADER-0073,CRYPTO,SELL,2426.53,20,20,PENDING,2025-01-17 16:23:15.0
SELL-1763965655401-005907,TRADER-0407,EQUITY,SELL,254.67,257,257,PENDING,2025-01-18 02:36:24.0
SELL-1763965655402-006849,TRADER-0349,FOREX,SELL,8.67,98,98,PENDING,2025-01-18 14:01:29.0
SELL-1763965655400-005192,TRADER-0192,EQUITY,SELL,196.28,500,500,PENDING,2025-01-17 18:34:11.0
SELL-1763965655402-006471,TRADER-0471,FOREX,SELL,6.41,654,654,PENDING,2025-01-18 09:27:31.0
SELL-1763965655403-006995,TRADER-0495,EQUITY,SELL,245.53,388,388,PENDING,2025-01-18 15:53:26.0
SELL-1763965655398-004014,TRADER-0014,FOREX,SELL,8.65,530,530,PENDING,2025-01-17 03:56:21.0
SELL-1763965655401-006093,TRADER-0093,FOREX,SELL,8.13,654,654,PENDING,2025-01-18 05:10:19.0
SELL-1763965655400-005177,TRADER-0177,EQUITY,SELL,215.71,382,382,PENDING,2025-01-17 18:17:30.0
SELL-1763965655393-001479,TRADER-0479,EQUITY,SELL,151.52,42,42,PENDING,2025-01-15 22:04:18.0
SELL-1763965655395-002511,TRADER-0011,EQUITY,SELL,358.35,146,146,PENDING,2025-01-16 09:40:31.0
SELL-1763965655390-000305,TRADER-0305,EQUITY,SELL,250.0,46,46,PENDING,2025-01-15 07:59:39.0
SELL-1763965655396-003158,TRADER-0158,CRYPTO,SELL,2244.25,18,18,PENDING,2025-01-16 17:45:49.0
SELL-1763965655397-003961,TRADER-0461,EQUITY,SELL,439.68,174,174,PENDING,2025-01-17 03:44:17.0
SELL-1763965655400-005197,TRADER-0197,CRYPTO,SELL,578.74,77,77,PENDING,2025-01-17 18:41:19.0
SELL-1763965655402-006372,TRADER-0372,FOREX,SELL,6.31,532,532,PENDING,2025-01-18 08:15:19.0
SELL-1763965655402-006468,TRADER-0468,EQUITY,SELL,406.35,119,119,PENDING,2025-01-18 09:10:29.0
SELL-1763965655396-003453,TRADER-0453,CRYPTO,SELL,1757.73,6,6,PENDING,2025-01-16 21:54:30.0
SELL-1763965655396-003216,TRADER-0216,CRYPTO,SELL,1030.49,17,17,PENDING,2025-01-16 18:20:03.0
SELL-1763965655396-003370,TRADER-0370,CRYPTO,SELL,2814.34,14,14,PENDING,2025-01-16 20:40:35.0
SELL-1763965655395-002536,TRADER-0036,EQUITY,SELL,193.89,463,463,PENDING,2025-01-16 10:10:34.0
SELL-1763965655401-005897,TRADER-0397,EQUITY,SELL,302.7,26,26,PENDING,2025-01-18 02:56:59.0
SELL-1763965655400-005199,TRADER-0199,FOREX,SELL,7.56,655,655,PENDING,2025-01-17 18:18:13.0
SELL-1763965655399-004636,TRADER-0136,FOREX,SELL,7.51,22,22,PENDING,2025-01-17 11:11:53.0
SELL-1763965655399-004579,TRADER-0079,EQUITY,SELL,214.07,332,332,PENDING,2025-01-17 11:25:05.0
SELL-1763965655403-007278,TRADER-0278,FOREX,SELL,5.35,565,565,PENDING,2025-01-18 19:29:51.0
SELL-1763965655391-000612,TRADER-0112,CRYPTO,SELL,1626.29,26,26,PENDING,2025-01-15 11:07:57.0
SELL-1763965655391-000877,TRADER-0377,FOREX,SELL,9.91,580,580,PENDING,2025-01-15 14:05:43.0
SELL-1763965655395-002822,TRADER-0322,EQUITY,SELL,443.43,124,124,PENDING,2025-01-16 13:36:14.0
SELL-1763965655397-003789,TRADER-0289,EQUITY,SELL,335.24,40,40,PENDING,2025-01-17 01:35:12.0
SELL-1763965655401-005887,TRADER-0387,FOREX,SELL,6.35,138,138,PENDING,2025-01-18 02:15:04.0
SELL-1763965655401-005849,TRADER-0349,CRYPTO,SELL,3484.11,2,2,PENDING,2025-01-18 02:14:16.0
SELL-1763965655394-002462,TRADER-0462,CRYPTO,SELL,2304.35,9,9,PENDING,2025-01-16 09:19:27.0
SELL-1763965655397-003943,TRADER-0443,CRYPTO,SELL,4874.62,8,8,PENDING,2025-01-17 03:10:44.0
SELL-1763965655403-007200,TRADER-0200,FOREX,SELL,8.48,785,785,PENDING,2025-01-18 18:07:44.0
SELL-1763965655391-000770,TRADER-0270,CRYPTO,SELL,651.13,3,3,PENDING,2025-01-15 13:30:29.0
SELL-1763965655394-002105,TRADER-0105,CRYPTO,SELL,3599.52,13,13,PENDING,2025-01-16 04:50:23.0
SELL-1763965655401-006225,TRADER-0225,CRYPTO,SELL,2299.45,11,11,PENDING,2025-01-18 06:37:35.0
SELL-1763965655391-000759,TRADER-0259,EQUITY,SELL,152.38,68,68,PENDING,2025-01-15 12:37:38.0
SELL-1763965655393-001831,TRADER-0331,CRYPTO,SELL,1044.44,17,17,PENDING,2025-01-16 01:59:55.0
SELL-1763965655396-003001,TRADER-0001,CRYPTO,SELL,2531.81,9,9,PENDING,2025-01-16 15:35:12.0
SELL-1763965655399-004919,TRADER-0419,CRYPTO,SELL,4132.5,2,2,PENDING,2025-01-17 14:48:50.0
SELL-1763965655391-000883,TRADER-0383,CRYPTO,SELL,3794.02,2,2,PENDING,2025-01-15 14:24:35.0
SELL-1763965655403-007357,TRADER-0357,FOREX,SELL,9.04,720,720,PENDING,2025-01-18 20:16:39.0
SELL-1763965655400-005561,TRADER-0061,EQUITY,SELL,331.04,95,95,PENDING,2025-01-17 22:36:29.0
SELL-1763965655393-001800,TRADER-0300,CRYPTO,SELL,2476.69,5,5,PENDING,2025-01-16 02:03:24.0
SELL-1763965655399-004650,TRADER-0150,CRYPTO,SELL,3892.15,4,4,PENDING,2025-01-17 11:28:34.0
SELL-1763965655391-000868,TRADER-0368,CRYPTO,SELL,2191.01,2,2,PENDING,2025-01-15 14:10:31.0
SELL-1763965655398-004075,TRADER-0075,CRYPTO,SELL,2543.43,9,9,PENDING,2025-01-17 04:51:25.0
SELL-1763965655399-004678,TRADER-0178,FOREX,SELL,7.18,445,445,PENDING,2025-01-17 12:34:25.0
SELL-1763965655396-003164,TRADER-0164,CRYPTO,SELL,4308.23,10,10,PENDING,2025-01-16 18:01:26.0
SELL-1763965655403-007390,TRADER-0390,EQUITY,SELL,159.57,446,446,PENDING,2025-01-18 21:00:51.0
SELL-1763965655400-005506,TRADER-0006,CRYPTO,SELL,2014.79,15,15,PENDING,2025-01-17 22:00:22.0
SELL-1763965655403-007137,TRADER-0137,EQUITY,SELL,418.34,116,116,PENDING,2025-01-18 17:59:07.0
SELL-1763965655401-005870,TRADER-0370,CRYPTO,SELL,3845.89,12,12,PENDING,2025-01-18 02:15:41.0
SELL-1763965655396-003008,TRADER-0008,CRYPTO,SELL,2909.04,3,3,PENDING,2025-01-16 15:39:41.0
SELL-1763965655402-006863,TRADER-0363,CRYPTO,SELL,893.31,32,32,PENDING,2025-01-18 14:33:05.0
SELL-1763965655397-003673,TRADER-0173,CRYPTO,SELL,2574.3,17,17,PENDING,2025-01-17 00:25:48.0
SELL-1763965655398-004430,TRADER-0430,FOREX,SELL,8.61,320,320,PENDING,2025-01-17 09:39:34.0
SELL-1763965655395-002956,TRADER-0456,CRYPTO,SELL,4516.78,2,2,PENDING,2025-01-16 15:18:07.0
SELL-1763965655398-004226,TRADER-0226,CRYPTO,SELL,3030.85,13,13,PENDING,2025-01-17 06:33:32.0
SELL-1763965655400-005511,TRADER-0011,EQUITY,SELL,307.45,182,182,PENDING,2025-01-17 22:10:02.0
SELL-1763965655395-002907,TRADER-0407,FOREX,SELL,9.77,601,601,PENDING,2025-01-16 15:17:09.0
SELL-1763965655399-004894,TRADER-0394,FOREX,SELL,9.33,279,279,PENDING,2025-01-17 14:19:34.0
SELL-1763965655395-002541,TRADER-0041,FOREX,SELL,8.04,857,857,PENDING,2025-01-16 10:49:48.0
SELL-1763965655399-004618,TRADER-0118,CRYPTO,SELL,3111.4,4,4,PENDING,2025-01-17 11:07:14.0
SELL-1763965655398-004036,TRADER-0036,CRYPTO,SELL,4760.49,7,7,PENDING,2025-01-17 04:15:58.0
SELL-1763965655390-000025,TRADER-0025,CRYPTO,SELL,1000.0,49,49,PENDING,2025-01-15 04:25:41.0
SELL-1763965655394-002187,TRADER-0187,CRYPTO,SELL,1982.78,1,1,PENDING,2025-01-16 06:25:53.0
SELL-1763965655398-004330,TRADER-0330,CRYPTO,SELL,764.63,36,36,PENDING,2025-01-17 08:17:59.0
SELL-1763965655392-000997,TRADER-0497,CRYPTO,SELL,4087.69,8,8,PENDING,2025-01-15 16:02:06.0
SELL-1763965655392-001399,TRADER-0399,CRYPTO,SELL,4968.39,9,9,PENDING,2025-01-15 20:52:04.0
SELL-1763965655395-002549,TRADER-0049,CRYPTO,SELL,1938.26,3,3,PENDING,2025-01-16 10:37:47.0
SELL-1763965655396-003471,TRADER-0471,CRYPTO,SELL,2373.51,15,15,PENDING,2025-01-16 21:13:58.0
SELL-1763965655397-003619,TRADER-0119,FOREX,SELL,8.13,435,435,PENDING,2025-01-16 23:11:16.0
SELL-1763965655393-001439,TRADER-0439,EQUITY,SELL,337.51,59,59,PENDING,2025-01-15 21:00:06.0
SELL-1763965655395-002713,TRADER-0213,CRYPTO,SELL,4336.65,8,8,PENDING,2025-01-16 12:18:34.0
SELL-1763965655391-000874,TRADER-0374,EQUITY,SELL,215.02,297,297,PENDING,2025-01-15 14:40:41.0
SELL-1763965655392-001230,TRADER-0230,EQUITY,SELL,460.69,9,9,PENDING,2025-01-15 18:48:07.0
SELL-1763965655399-004778,TRADER-0278,CRYPTO,SELL,3681.61,3,3,PENDING,2025-01-17 13:25:57.0
SELL-1763965655393-001733,TRADER-0233,EQUITY,SELL,160.54,343,343,PENDING,2025-01-16 01:10:31.0
SELL-1763965655403-007165,TRADER-0165,CRYPTO,SELL,4384.07,11,11,PENDING,2025-01-18 18:19:19.0
SELL-1763965655399-004586,TRADER-0086,EQUITY,SELL,192.12,409,409,PENDING,2025-01-17 10:56:53.0
SELL-1763965655391-000620,TRADER-0120,EQUITY,SELL,234.58,349,349,PENDING,2025-01-15 11:14:16.0
SELL-1763965655399-004743,TRADER-0243,CRYPTO,SELL,3807.28,9,9,PENDING,2025-01-17 12:28:12.0
SELL-1763965655396-003485,TRADER-0485,CRYPTO,SELL,4161.23,6,6,PENDING,2025-01-16 21:41:44.0
SELL-1763965655395-002919,TRADER-0419,FOREX,SELL,8.21,494,494,PENDING,2025-01-16 15:00:17.0
SELL-1763965655399-005060,TRADER-0060,FOREX,SELL,7.34,44,44,PENDING,2025-01-17 16:55:55.0
SELL-1763965655401-006189,TRADER-0189,EQUITY,SELL,398.62,116,116,PENDING,2025-01-18 06:33:46.0
SELL-1763965655391-000520,TRADER-0020,EQUITY,SELL,495.9,159,159,PENDING,2025-01-15 10:16:31.0
SELL-1763965655401-005916,TRADER-0416,EQUITY,SELL,331.04,117,117,PENDING,2025-01-18 03:25:07.0
SELL-1763965655398-004013,TRADER-0013,EQUITY,SELL,439.94,149,149,PENDING,2025-01-17 03:43:30.0
SELL-1763965655392-001259,TRADER-0259,CRYPTO,SELL,1941.27,17,17,PENDING,2025-01-15 19:25:21.0
SELL-1763965655396-003486,TRADER-0486,FOREX,SELL,7.58,869,869,PENDING,2025-01-16 21:42:33.0
SELL-1763965655390-000034,TRADER-0034,EQUITY,SELL,250.0,104,104,PENDING,2025-01-15 04:23:57.0
SELL-1763965655395-002665,TRADER-0165,CRYPTO,SELL,1656.0,27,27,PENDING,2025-01-16 11:37:40.0
SELL-1763965655397-003547,TRADER-0047,EQUITY,SELL,376.23,135,135,PENDING,2025-01-16 22:56:41.0
SELL-1763965655391-000474,TRADER-0474,EQUITY,SELL,250.0,18,18,PENDING,2025-01-15 09:29:02.0
SELL-1763965655393-001425,TRADER-0425,EQUITY,SELL,400.61,173,173,PENDING,2025-01-15 21:20:02.0
SELL-1763965655393-001740,TRADER-0240,FOREX,SELL,6.41,632,632,PENDING,2025-01-16 00:59:18.0
SELL-1763965655390-000031,TRADER-0031,EQUITY,SELL,200.0,49,49,PENDING,2025-01-15 04:06:06.0
SELL-1763965655392-001257,TRADER-0257,FOREX,SELL,4.82,176,176,PENDING,2025-01-15 19:12:16.0
SELL-1763965655394-002190,TRADER-0190,EQUITY,SELL,441.59,207,207,PENDING,2025-01-16 06:15:08.0
SELL-1763965655402-006627,TRADER-0127,CRYPTO,SELL,1472.2,2,2,PENDING,2025-01-18 11:42:13.0
SELL-1763965655396-003242,TRADER-0242,CRYPTO,SELL,1716.76,5,5,PENDING,2025-01-16 19:08:24.0
SELL-1763965655395-002646,TRADER-0146,EQUITY,SELL,354.27,250,250,PENDING,2025-01-16 11:35:51.0
SELL-1763965655400-005505,TRADER-0005,FOREX,SELL,4.6,366,366,PENDING,2025-01-17 22:09:32.0
SELL-1763965655395-002764,TRADER-0264,FOREX,SELL,8.56,277,277,PENDING,2025-01-16 13:20:01.0
SELL-1763965655400-005385,TRADER-0385,FOREX,SELL,4.7,480,480,PENDING,2025-01-17 20:40:25.0
SELL-1763965655396-003030,TRADER-0030,CRYPTO,SELL,1827.82,26,26,PENDING,2025-01-16 16:00:37.0
SELL-1763965655396-003266,TRADER-0266,EQUITY,SELL,407.08,158,158,PENDING,2025-01-16 19:29:31.0
SELL-1763965655398-004444,TRADER-0444,EQUITY,SELL,403.29,236,236,PENDING,2025-01-17 08:58:20.0
SELL-1763965655395-002905,TRADER-0405,CRYPTO,SELL,1601.02,14,14,PENDING,2025-01-16 15:15:25.0
SELL-1763965655391-000599,TRADER-0099,EQUITY,SELL,367.34,6,6,PENDING,2025-01-15 11:21:16.0
SELL-1763965655396-003157,TRADER-0157,CRYPTO,SELL,2835.45,12,12,PENDING,2025-01-16 18:17:07.0
SELL-1763965655391-000884,TRADER-0384,EQUITY,SELL,171.3,205,205,PENDING,2025-01-15 14:47:38.0
SELL-1763965655397-003508,TRADER-0008,EQUITY,SELL,358.02,258,258,PENDING,2025-01-16 21:47:57.0
SELL-1763965655393-001805,TRADER-0305,CRYPTO,SELL,4823.28,10,10,PENDING,2025-01-16 01:47:49.0
SELL-1763965655399-004897,TRADER-0397,EQUITY,SELL,179.94,55,55,PENDING,2025-01-17 14:23:28.0
SELL-1763965655401-005899,TRADER-0399,CRYPTO,SELL,3839.3,3,3,PENDING,2025-01-18 02:17:49.0
SELL-1763965655394-002440,TRADER-0440,FOREX,SELL,5.22,884,884,PENDING,2025-01-16 09:03:57.0
SELL-1763965655394-002418,TRADER-0418,CRYPTO,SELL,992.14,15,15,PENDING,2025-01-16 09:03:24.0
SELL-1763965655403-007083,TRADER-0083,EQUITY,SELL,285.43,155,155,PENDING,2025-01-18 17:00:42.0
SELL-1763965655401-005875,TRADER-0375,CRYPTO,SELL,2325.21,9,9,PENDING,2025-01-18 02:33:34.0
SELL-1763965655393-001565,TRADER-0065,FOREX,SELL,6.91,74,74,PENDING,2025-01-15 23:07:40.0
SELL-1763965655393-001633,TRADER-0133,EQUITY,SELL,275.34,360,360,PENDING,2025-01-15 23:09:06.0
SELL-1763965655391-000888,TRADER-0388,FOREX,SELL,7.58,864,864,PENDING,2025-01-15 14:35:10.0
SELL-1763965655399-004749,TRADER-0249,CRYPTO,SELL,1340.39,9,9,PENDING,2025-01-17 13:20:34.0
SELL-1763965655397-003829,TRADER-0329,CRYPTO,SELL,645.13,36,36,PENDING,2025-01-17 01:27:05.0
SELL-1763965655391-000667,TRADER-0167,FOREX,SELL,5.42,34,34,PENDING,2025-01-15 11:52:16.0
SELL-1763965655394-002219,TRADER-0219,EQUITY,SELL,470.76,74,74,PENDING,2025-01-16 06:41:21.0
SELL-1763965655394-002201,TRADER-0201,EQUITY,SELL,210.32,159,159,PENDING,2025-01-16 06:01:29.0
SELL-1763965655390-000029,TRADER-0029,EQUITY,SELL,300.0,87,87,PENDING,2025-01-15 03:59:58.0
SELL-1763965655397-003523,TRADER-0023,EQUITY,SELL,361.68,257,257,PENDING,2025-01-16 22:14:56.0
SELL-1763965655394-002192,TRADER-0192,EQUITY,SELL,349.16,80,80,PENDING,2025-01-16 06:02:49.0
SELL-1763965655397-003544,TRADER-0044,EQUITY,SELL,167.43,493,493,PENDING,2025-01-16 22:07:47.0
SELL-1763965655397-003820,TRADER-0320,FOREX,SELL,9.94,589,589,PENDING,2025-01-17 02:07:17.0
SELL-1763965655394-002460,TRADER-0460,CRYPTO,SELL,3496.42,6,6,PENDING,2025-01-16 09:55:15.0
SELL-1763965655396-003378,TRADER-0378,CRYPTO,SELL,4800.13,2,2,PENDING,2025-01-16 20:54:29.0
SELL-1763965655396-003118,TRADER-0118,CRYPTO,SELL,937.15,10,10,PENDING,2025-01-16 17:26:55.0
SELL-1763965655393-001591,TRADER-0091,EQUITY,SELL,351.75,167,167,PENDING,2025-01-15 23:31:28.0
SELL-1763965655397-003874,TRADER-0374,EQUITY,SELL,452.23,170,170,PENDING,2025-01-17 02:52:20.0
SELL-1763965655393-001454,TRADER-0454,CRYPTO,SELL,3578.12,4,4,PENDING,2025-01-15 21:13:49.0
SELL-1763965655393-001808,TRADER-0308,CRYPTO,SELL,579.0,72,72,PENDING,2025-01-16 01:31:09.0
SELL-1763965655399-004789,TRADER-0289,EQUITY,SELL,434.41,25,25,PENDING,2025-01-17 13:00:14.0
SELL-1763965655403-007468,TRADER-0468,CRYPTO,SELL,513.37,12,12,PENDING,2025-01-18 21:30:59.0
SELL-1763965655394-002239,TRADER-0239,FOREX,SELL,7.46,672,672,PENDING,2025-01-16 06:48:09.0
SELL-1763965655398-004073,TRADER-0073,CRYPTO,SELL,4080.19,7,7,PENDING,2025-01-17 04:36:34.0
SELL-1763965655402-006378,TRADER-0378,EQUITY,SELL,473.61,143,143,PENDING,2025-01-18 08:39:30.0
SELL-1763965655396-003084,TRADER-0084,CRYPTO,SELL,868.94,1,1,PENDING,2025-01-16 16:35:34.0
SELL-1763965655399-005075,TRADER-0075,EQUITY,SELL,331.75,116,116,PENDING,2025-01-17 17:19:09.0
SELL-1763965655399-004973,TRADER-0473,EQUITY,SELL,155.51,288,288,PENDING,2025-01-17 15:36:24.0
SELL-1763965655400-005160,TRADER-0160,FOREX,SELL,6.21,663,663,PENDING,2025-01-17 18:11:38.0
SELL-1763965655394-002229,TRADER-0229,CRYPTO,SELL,3178.3,10,10,PENDING,2025-01-16 07:07:22.0
SELL-1763965655403-007486,TRADER-0486,EQUITY,SELL,368.6,31,31,PENDING,2025-01-18 21:26:39.0
SELL-1763965655403-007476,TRADER-0476,FOREX,SELL,5.96,454,454,PENDING,2025-01-18 21:22:59.0
SELL-1763965655403-007177,TRADER-0177,EQUITY,SELL,486.5,86,86,PENDING,2025-01-18 17:39:05.0
SELL-1763965655401-006315,TRADER-0315,EQUITY,SELL,182.04,446,446,PENDING,2025-01-18 08:03:57.0
SELL-1763965655402-006836,TRADER-0336,FOREX,SELL,7.25,125,125,PENDING,2025-01-18 14:09:16.0
SELL-1763965655402-006554,TRADER-0054,FOREX,SELL,8.1,859,859,PENDING,2025-01-18 10:28:30.0
SELL-1763965655391-000553,TRADER-0053,EQUITY,SELL,206.95,253,253,PENDING,2025-01-15 10:08:52.0
SELL-1763965655398-004479,TRADER-0479,EQUITY,SELL,310.31,305,305,PENDING,2025-01-17 10:11:07.0
SELL-1763965655403-007183,TRADER-0183,CRYPTO,SELL,3495.41,9,9,PENDING,2025-01-18 18:32:58.0
SELL-1763965655402-006387,TRADER-0387,CRYPTO,SELL,4945.98,8,8,PENDING,2025-01-18 08:47:04.0
SELL-1763965655392-001243,TRADER-0243,FOREX,SELL,9.78,284,284,PENDING,2025-01-15 18:29:33.0
SELL-1763965655395-002734,TRADER-0234,EQUITY,SELL,150.7,143,143,PENDING,2025-01-16 13:07:03.0
SELL-1763965655394-002176,TRADER-0176,EQUITY,SELL,390.0,189,189,PENDING,2025-01-16 05:49:47.0
SELL-1763965655393-001907,TRADER-0407,CRYPTO,SELL,3159.38,11,11,PENDING,2025-01-16 03:11:40.0
SELL-1763965655399-004617,TRADER-0117,FOREX,SELL,6.09,983,983,PENDING,2025-01-17 11:11:03.0
SELL-1763965655390-000002,TRADER-0002,EQUITY,SELL,150.0,40,40,PENDING,2025-01-15 03:44:57.0
SELL-1763965655401-006184,TRADER-0184,EQUITY,SELL,176.36,44,44,PENDING,2025-01-18 05:59:56.0
SELL-1763965655402-006496,TRADER-0496,EQUITY,SELL,283.78,76,76,PENDING,2025-01-18 09:56:35.0
SELL-1763965655401-005896,TRADER-0396,EQUITY,SELL,418.88,17,17,PENDING,2025-01-18 02:40:21.0
SELL-1763965655392-001264,TRADER-0264,EQUITY,SELL,219.2,270,270,PENDING,2025-01-15 19:10:54.0
SELL-1763965655402-006630,TRADER-0130,EQUITY,SELL,180.12,153,153,PENDING,2025-01-18 11:21:22.0
SELL-1763965655399-004901,TRADER-0401,CRYPTO,SELL,4892.07,3,3,PENDING,2025-01-17 15:14:11.0
SELL-1763965655400-005664,TRADER-0164,CRYPTO,SELL,620.34,51,51,PENDING,2025-01-18 00:19:06.0
SELL-1763965655403-007469,TRADER-0469,CRYPTO,SELL,2352.66,1,1,PENDING,2025-01-18 22:04:04.0
SELL-1763965655398-004323,TRADER-0323,CRYPTO,SELL,540.63,29,29,PENDING,2025-01-17 07:31:28.0
SELL-1763965655391-000630,TRADER-0130,EQUITY,SELL,369.24,128,128,PENDING,2025-01-15 11:24:35.0
SELL-1763965655390-000345,TRADER-0345,EQUITY,SELL,150.0,25,25,PENDING,2025-01-15 07:46:12.0
SELL-1763965655397-003894,TRADER-0394,CRYPTO,SELL,2242.44,17,17,PENDING,2025-01-17 03:11:35.0
SELL-1763965655391-000889,TRADER-0389,CRYPTO,SELL,3083.92,12,12,PENDING,2025-01-15 14:48:58.0
SELL-1763965655402-006636,TRADER-0136,FOREX,SELL,5.62,396,396,PENDING,2025-01-18 11:36:47.0
SELL-1763965655401-006182,TRADER-0182,CRYPTO,SELL,2272.33,8,8,PENDING,2025-01-18 05:55:19.0
SELL-1763965655397-003814,TRADER-0314,FOREX,SELL,8.28,556,556,PENDING,2025-01-17 01:35:27.0
SELL-1763965655403-007277,TRADER-0277,FOREX,SELL,9.27,623,623,PENDING,2025-01-18 19:09:18.0
SELL-1763965655401-005909,TRADER-0409,EQUITY,SELL,323.72,156,156,PENDING,2025-01-18 02:54:33.0
SELL-1763965655399-004893,TRADER-0393,CRYPTO,SELL,4855.17,9,9,PENDING,2025-01-17 14:33:55.0
SELL-1763965655397-003543,TRADER-0043,EQUITY,SELL,430.58,209,209,PENDING,2025-01-16 22:44:18.0
SELL-1763965655394-002216,TRADER-0216,EQUITY,SELL,208.21,186,186,PENDING,2025-01-16 06:16:18.0
SELL-1763965655391-000766,TRADER-0266,CRYPTO,SELL,1648.0,29,29,PENDING,2025-01-15 13:29:46.0
SELL-1763965655397-003763,TRADER-0263,EQUITY,SELL,195.54,361,361,PENDING,2025-01-17 01:33:00.0
SELL-1763965655396-003115,TRADER-0115,EQUITY,SELL,449.15,153,153,PENDING,2025-01-16 17:13:37.0
SELL-1763965655400-005624,TRADER-0124,EQUITY,SELL,420.11,168,168,PENDING,2025-01-17 23:28:46.0
SELL-1763965655390-000297,TRADER-0297,CRYPTO,SELL,1500.0,19,19,PENDING,2025-01-15 07:46:05.0
SELL-1763965655401-005733,TRADER-0233,CRYPTO,SELL,3302.36,2,2,PENDING,2025-01-18 01:02:41.0
SELL-1763965655400-005178,TRADER-0178,FOREX,SELL,8.97,288,288,PENDING,2025-01-17 17:48:37.0
SELL-1763965655397-003598,TRADER-0098,CRYPTO,SELL,773.33,64,64,PENDING,2025-01-16 23:22:35.0
SELL-1763965655395-002813,TRADER-0313,FOREX,SELL,7.6,181,181,PENDING,2025-01-16 13:33:46.0
SELL-1763965655393-001567,TRADER-0067,EQUITY,SELL,349.04,263,263,PENDING,2025-01-15 22:52:35.0
SELL-1763965655403-007243,TRADER-0243,CRYPTO,SELL,4057.76,2,2,PENDING,2025-01-18 18:26:24.0
SELL-1763965655398-004453,TRADER-0453,FOREX,SELL,5.65,123,123,PENDING,2025-01-17 09:15:01.0
SELL-1763965655395-002681,TRADER-0181,EQUITY,SELL,252.8,342,342,PENDING,2025-01-16 11:48:17.0
SELL-1763965655391-000772,TRADER-0272,CRYPTO,SELL,4531.32,8,8,PENDING,2025-01-15 12:47:25.0
SELL-1763965655398-004456,TRADER-0456,CRYPTO,SELL,1257.45,20,20,PENDING,2025-01-17 09:19:23.0
SELL-1763965655393-001586,TRADER-0086,CRYPTO,SELL,3160.23,9,9,PENDING,2025-01-15 23:28:39.0
SELL-1763965655402-006834,TRADER-0334,EQUITY,SELL,446.22,7,7,PENDING,2025-01-18 14:00:20.0
SELL-1763965655391-000885,TRADER-0385,EQUITY,SELL,245.92,188,188,PENDING,2025-01-15 14:35:13.0
SELL-1763965655396-003316,TRADER-0316,CRYPTO,SELL,3010.23,2,2,PENDING,2025-01-16 19:45:55.0
SELL-1763965655396-003306,TRADER-0306,CRYPTO,SELL,3730.0,8,8,PENDING,2025-01-16 19:28:56.0
SELL-1763965655403-007333,TRADER-0333,CRYPTO,SELL,1718.58,25,25,PENDING,2025-01-18 19:40:37.0
SELL-1763965655401-005880,TRADER-0380,EQUITY,SELL,279.2,277,277,PENDING,2025-01-18 03:02:33.0
SELL-1763965655392-000898,TRADER-0398,EQUITY,SELL,456.86,57,57,PENDING,2025-01-15 14:31:20.0
SELL-1763965655398-004020,TRADER-0020,EQUITY,SELL,317.74,309,309,PENDING,2025-01-17 04:16:36.0
SELL-1763965655390-000309,TRADER-0309,EQUITY,SELL,300.0,56,56,PENDING,2025-01-15 07:55:27.0
SELL-1763965655392-001251,TRADER-0251,CRYPTO,SELL,3837.04,9,9,PENDING,2025-01-15 19:25:07.0
SELL-1763965655398-004220,TRADER-0220,CRYPTO,SELL,2577.14,9,9,PENDING,2025-01-17 06:14:25.0
SELL-1763965655393-001476,TRADER-0476,CRYPTO,SELL,2277.0,9,9,PENDING,2025-01-15 21:17:04.0
SELL-1763965655402-006463,TRADER-0463,CRYPTO,SELL,4438.53,5,5,PENDING,2025-01-18 09:16:00.0
SELL-1763965655401-005860,TRADER-0360,EQUITY,SELL,200.29,71,71,PENDING,2025-01-18 02:21:32.0
SELL-1763965655401-006221,TRADER-0221,CRYPTO,SELL,4469.18,8,8,PENDING,2025-01-18 06:12:41.0
SELL-1763965655401-006199,TRADER-0199,EQUITY,SELL,336.03,183,183,PENDING,2025-01-18 06:17:30.0
SELL-1763965655399-004572,TRADER-0072,CRYPTO,SELL,2245.11,1,1,PENDING,2025-01-17 10:45:18.0
SELL-1763965655403-007477,TRADER-0477,EQUITY,SELL,236.16,91,91,PENDING,2025-01-18 22:04:04.0
SELL-1763965655395-002763,TRADER-0263,FOREX,SELL,7.12,509,509,PENDING,2025-01-16 12:40:43.0
SELL-1763965655401-005873,TRADER-0373,FOREX,SELL,7.29,442,442,PENDING,2025-01-18 02:57:43.0
SELL-1763965655402-006462,TRADER-0462,EQUITY,SELL,246.65,205,205,PENDING,2025-01-18 09:43:22.0
SELL-1763965655400-005507,TRADER-0007,FOREX,SELL,4.96,208,208,PENDING,2025-01-17 21:53:12.0
SELL-1763965655399-004665,TRADER-0165,FOREX,SELL,5.93,159,159,PENDING,2025-01-17 11:58:18.0
SELL-1763965655401-006236,TRADER-0236,CRYPTO,SELL,1384.81,22,22,PENDING,2025-01-18 06:20:24.0
SELL-1763965655401-005871,TRADER-0371,CRYPTO,SELL,3761.68,3,3,PENDING,2025-01-18 02:49:43.0
SELL-1763965655403-007226,TRADER-0226,CRYPTO,SELL,4504.24,6,6,PENDING,2025-01-18 18:40:56.0
SELL-1763965655391-000615,TRADER-0115,EQUITY,SELL,449.95,3,3,PENDING,2025-01-15 11:50:20.0
SELL-1763965655401-005739,TRADER-0239,EQUITY,SELL,391.95,9,9,PENDING,2025-01-18 00:32:09.0
SELL-1763965655402-006898,TRADER-0398,CRYPTO,SELL,4223.1,10,10,PENDING,2025-01-18 15:15:38.0
SELL-1763965655397-003884,TRADER-0384,CRYPTO,SELL,4880.56,10,10,PENDING,2025-01-17 02:18:12.0
SELL-1763965655395-002916,TRADER-0416,CRYPTO,SELL,3267.69,10,10,PENDING,2025-01-16 14:40:33.0
SELL-1763965655393-001582,TRADER-0082,FOREX,SELL,7.98,717,717,PENDING,2025-01-15 22:35:56.0
SELL-1763965655401-006220,TRADER-0220,FOREX,SELL,7.4,576,576,PENDING,2025-01-18 06:48:21.0
SELL-1763965655398-004018,TRADER-0018,CRYPTO,SELL,4844.77,6,6,PENDING,2025-01-17 04:13:11.0
SELL-1763965655400-005536,TRADER-0036,EQUITY,SELL,275.48,275,275,PENDING,2025-01-17 22:22:04.0
SELL-1763965655396-003107,TRADER-0107,EQUITY,SELL,152.01,103,103,PENDING,2025-01-16 17:13:57.0
SELL-1763965655397-003815,TRADER-0315,CRYPTO,SELL,722.26,4,4,PENDING,2025-01-17 01:45:26.0
SELL-1763965655399-004886,TRADER-0386,EQUITY,SELL,179.78,251,251,PENDING,2025-01-17 14:45:18.0
SELL-1763965655398-004152,TRADER-0152,CRYPTO,SELL,3177.56,8,8,PENDING,2025-01-17 05:49:34.0
SELL-1763965655399-004630,TRADER-0130,CRYPTO,SELL,3681.95,2,2,PENDING,2025-01-17 11:31:13.0
SELL-1763965655403-007217,TRADER-0217,CRYPTO,SELL,4023.4,9,9,PENDING,2025-01-18 18:33:17.0
SELL-1763965655401-005742,TRADER-0242,EQUITY,SELL,347.43,198,198,PENDING,2025-01-18 00:52:28.0
SELL-1763965655397-003806,TRADER-0306,CRYPTO,SELL,3422.04,2,2,PENDING,2025-01-17 01:47:49.0
SELL-1763965655393-001583,TRADER-0083,CRYPTO,SELL,3477.51,10,10,PENDING,2025-01-15 22:35:57.0
SELL-1763965655393-001472,TRADER-0472,EQUITY,SELL,470.91,138,138,PENDING,2025-01-15 21:40:49.0
SELL-1763965655397-003901,TRADER-0401,EQUITY,SELL,151.27,644,644,PENDING,2025-01-17 02:34:48.0
SELL-1763965655392-001236,TRADER-0236,FOREX,SELL,8.05,718,718,PENDING,2025-01-15 18:48:04.0
SELL-1763965655392-000993,TRADER-0493,FOREX,SELL,5.33,626,626,PENDING,2025-01-15 15:34:08.0
SELL-1763965655396-003416,TRADER-0416,FOREX,SELL,9.5,16,16,PENDING,2025-01-16 20:30:37.0
SELL-1763965655396-003177,TRADER-0177,EQUITY,SELL,358.01,149,149,PENDING,2025-01-16 18:06:32.0
SELL-1763965655394-002210,TRADER-0210,EQUITY,SELL,327.18,145,145,PENDING,2025-01-16 06:41:08.0
SELL-1763965655393-001578,TRADER-0078,FOREX,SELL,8.19,711,711,PENDING,2025-01-15 23:10:18.0
SELL-1763965655403-007118,TRADER-0118,CRYPTO,SELL,4333.25,10,10,PENDING,2025-01-18 17:08:25.0
SELL-1763965655393-001463,TRADER-0463,CRYPTO,SELL,4903.55,2,2,PENDING,2025-01-15 21:40:39.0
SELL-1763965655402-006516,TRADER-0016,CRYPTO,SELL,1896.41,5,5,PENDING,2025-01-18 10:22:33.0
SELL-1763965655393-001573,TRADER-0073,FOREX,SELL,5.49,614,614,PENDING,2025-01-15 23:03:23.0
SELL-1763965655402-006813,TRADER-0313,EQUITY,SELL,221.74,389,389,PENDING,2025-01-18 14:04:19.0
SELL-1763965655392-000904,TRADER-0404,CRYPTO,SELL,2751.02,9,9,PENDING,2025-01-15 15:20:42.0
SELL-1763965655392-001175,TRADER-0175,CRYPTO,SELL,696.83,36,36,PENDING,2025-01-15 17:37:18.0
SELL-1763965655400-005341,TRADER-0341,EQUITY,SELL,196.82,491,491,PENDING,2025-01-17 19:39:38.0
SELL-1763965655402-006926,TRADER-0426,CRYPTO,SELL,4329.73,6,6,PENDING,2025-01-18 15:29:44.0
SELL-1763965655402-006384,TRADER-0384,FOREX,SELL,6.41,478,478,PENDING,2025-01-18 08:53:37.0
SELL-1763965655397-003764,TRADER-0264,FOREX,SELL,7.93,389,389,PENDING,2025-01-17 00:44:30.0
SELL-1763965655401-006318,TRADER-0318,EQUITY,SELL,331.89,35,35,PENDING,2025-01-18 08:12:46.0
SELL-1763965655398-004059,TRADER-0059,EQUITY,SELL,248.05,4,4,PENDING,2025-01-17 05:01:59.0
SELL-1763965655401-005843,TRADER-0343,EQUITY,SELL,234.74,133,133,PENDING,2025-01-18 02:01:12.0
SELL-1763965655399-004891,TRADER-0391,CRYPTO,SELL,4161.7,4,4,PENDING,2025-01-17 14:52:39.0
SELL-1763965655396-003134,TRADER-0134,EQUITY,SELL,231.57,358,358,PENDING,2025-01-16 17:15:29.0
SELL-1763965655402-006559,TRADER-0059,CRYPTO,SELL,1184.8,30,30,PENDING,2025-01-18 11:05:51.0
SELL-1763965655401-005872,TRADER-0372,EQUITY,SELL,161.78,190,190,PENDING,2025-01-18 02:28:19.0
SELL-1763965655401-005751,TRADER-0251,EQUITY,SELL,357.63,15,15,PENDING,2025-01-18 00:32:28.0
SELL-1763965655395-002688,TRADER-0188,FOREX,SELL,8.76,439,439,PENDING,2025-01-16 12:12:28.0
SELL-1763965655391-000786,TRADER-0286,CRYPTO,SELL,2926.72,15,15,PENDING,2025-01-15 13:42:08.0
SELL-1763965655391-000663,TRADER-0163,EQUITY,SELL,371.84,265,265,PENDING,2025-01-15 12:19:33.0
SELL-1763965655402-006868,TRADER-0368,CRYPTO,SELL,4926.67,5,5,PENDING,2025-01-18 14:19:40.0
SELL-1763965655399-004871,TRADER-0371,FOREX,SELL,4.42,740,740,PENDING,2025-01-17 14:53:03.0
SELL-1763965655398-004029,TRADER-0029,CRYPTO,SELL,4678.97,4,4,PENDING,2025-01-17 03:57:40.0
SELL-1763965655402-006620,TRADER-0120,CRYPTO,SELL,2549.64,18,18,PENDING,2025-01-18 11:26:25.0
SELL-1763965655399-004786,TRADER-0286,EQUITY,SELL,313.82,121,121,PENDING,2025-01-17 13:38:21.0
SELL-1763965655400-005547,TRADER-0047,EQUITY,SELL,208.94,51,51,PENDING,2025-01-17 22:04:25.0
SELL-1763965655398-004112,TRADER-0112,EQUITY,SELL,451.62,150,150,PENDING,2025-01-17 05:17:48.0
SELL-1763965655401-006185,TRADER-0185,CRYPTO,SELL,2729.29,17,17,PENDING,2025-01-18 06:13:36.0
SELL-1763965655391-000579,TRADER-0079,CRYPTO,SELL,3813.27,11,11,PENDING,2025-01-15 11:01:15.0
SELL-1763965655403-007487,TRADER-0487,EQUITY,SELL,227.1,185,185,PENDING,2025-01-18 21:31:00.0
SELL-1763965655397-003799,TRADER-0299,FOREX,SELL,4.69,820,820,PENDING,2025-01-17 01:13:36.0
SELL-1763965655401-005876,TRADER-0376,CRYPTO,SELL,1912.2,11,11,PENDING,2025-01-18 02:28:49.0
SELL-1763965655391-000649,TRADER-0149,FOREX,SELL,8.62,64,64,PENDING,2025-01-15 11:25:02.0
SELL-1763965655400-005523,TRADER-0023,EQUITY,SELL,252.31,394,394,PENDING,2025-01-17 21:52:29.0
SELL-1763965655395-002913,TRADER-0413,CRYPTO,SELL,3830.88,9,9,PENDING,2025-01-16 14:46:26.0
SELL-1763965655402-006453,TRADER-0453,EQUITY,SELL,333.91,220,220,PENDING,2025-01-18 09:01:40.0
SELL-1763965655396-003311,TRADER-0311,EQUITY,SELL,181.51,218,218,PENDING,2025-01-16 19:25:57.0
SELL-1763965655401-005905,TRADER-0405,FOREX,SELL,6.37,92,92,PENDING,2025-01-18 02:50:30.0
SELL-1763965655398-004321,TRADER-0321,CRYPTO,SELL,3449.89,11,11,PENDING,2025-01-17 08:17:54.0
SELL-1763965655402-006363,TRADER-0363,CRYPTO,SELL,1188.58,30,30,PENDING,2025-01-18 08:36:31.0
SELL-1763965655400-005115,TRADER-0115,FOREX,SELL,5.58,459,459,PENDING,2025-01-17 17:47:47.0
SELL-1763965655390-000368,TRADER-0368,EQUITY,SELL,200.0,95,95,PENDING,2025-01-15 08:17:48.0
SELL-1763965655396-003459,TRADER-0459,CRYPTO,SELL,3642.2,3,3,PENDING,2025-01-16 21:30:07.0
SELL-1763965655402-006810,TRADER-0310,FOREX,SELL,9.78,772,772,PENDING,2025-01-18 14:02:11.0
SELL-1763965655391-000684,TRADER-0184,FOREX,SELL,9.09,659,659,PENDING,2025-01-15 12:00:59.0
SELL-1763965655391-000642,TRADER-0142,FOREX,SELL,8.67,353,353,PENDING,2025-01-15 11:52:46.0
SELL-1763965655398-004322,TRADER-0322,CRYPTO,SELL,1551.6,25,25,PENDING,2025-01-17 07:31:31.0
SELL-1763965655391-000717,TRADER-0217,EQUITY,SELL,432.67,11,11,PENDING,2025-01-15 13:02:25.0
SELL-1763965655399-005044,TRADER-0044,FOREX,SELL,7.77,397,397,PENDING,2025-01-17 16:02:50.0
SELL-1763965655401-006183,TRADER-0183,FOREX,SELL,9.27,314,314,PENDING,2025-01-18 06:30:03.0
SELL-1763965655401-005858,TRADER-0358,EQUITY,SELL,277.9,36,36,PENDING,2025-01-18 02:22:09.0
SELL-1763965655391-000581,TRADER-0081,CRYPTO,SELL,1859.09,12,12,PENDING,2025-01-15 11:15:39.0
SELL-1763965655403-007356,TRADER-0356,CRYPTO,SELL,4450.96,7,7,PENDING,2025-01-18 20:45:27.0
SELL-1763965655400-005339,TRADER-0339,FOREX,SELL,6.66,338,338,PENDING,2025-01-17 20:32:45.0
SELL-1763965655398-004332,TRADER-0332,FOREX,SELL,9.88,165,165,PENDING,2025-01-17 08:16:55.0
SELL-1763965655397-003796,TRADER-0296,FOREX,SELL,4.71,534,534,PENDING,2025-01-17 01:23:46.0
SELL-1763965655398-004326,TRADER-0326,CRYPTO,SELL,2824.77,4,4,PENDING,2025-01-17 07:28:08.0
SELL-1763965655400-005112,TRADER-0112,FOREX,SELL,4.78,685,685,PENDING,2025-01-17 17:07:04.0
SELL-1763965655391-000713,TRADER-0213,CRYPTO,SELL,2726.72,2,2,PENDING,2025-01-15 13:00:46.0
SELL-1763965655399-005020,TRADER-0020,EQUITY,SELL,214.33,198,198,PENDING,2025-01-17 16:14:58.0
SELL-1763965655390-000373,TRADER-0373,EQUITY,SELL,300.0,93,93,PENDING,2025-01-15 08:51:42.0
SELL-1763965655401-006193,TRADER-0193,EQUITY,SELL,251.96,225,225,PENDING,2025-01-18 06:24:18.0
SELL-1763965655391-000576,TRADER-0076,CRYPTO,SELL,4730.18,6,6,PENDING,2025-01-15 10:26:26.0
SELL-1763965655391-000704,TRADER-0204,FOREX,SELL,8.97,662,662,PENDING,2025-01-15 12:46:45.0
SELL-1763965655399-005011,TRADER-0011,FOREX,SELL,9.59,824,824,PENDING,2025-01-17 16:27:08.0
SELL-1763965655399-004611,TRADER-0111,FOREX,SELL,8.98,802,802,PENDING,2025-01-17 10:58:25.0
SELL-1763965655395-002745,TRADER-0245,CRYPTO,SELL,3642.29,1,1,PENDING,2025-01-16 12:46:18.0
SELL-1763965655397-003956,TRADER-0456,FOREX,SELL,4.52,191,191,PENDING,2025-01-17 03:22:33.0
SELL-1763965655402-006394,TRADER-0394,FOREX,SELL,6.5,143,143,PENDING,2025-01-18 08:40:26.0
SELL-1763965655397-003520,TRADER-0020,CRYPTO,SELL,2762.54,17,17,PENDING,2025-01-16 22:09:21.0
SELL-1763965655391-000673,TRADER-0173,CRYPTO,SELL,4408.01,8,8,PENDING,2025-01-15 12:15:39.0
SELL-1763965655391-000678,TRADER-0178,CRYPTO,SELL,1948.81,12,12,PENDING,2025-01-15 11:56:46.0
SELL-1763965655400-005180,TRADER-0180,EQUITY,SELL,318.33,286,286,PENDING,2025-01-17 17:48:34.0
SELL-1763965655391-000685,TRADER-0185,EQUITY,SELL,226.72,104,104,PENDING,2025-01-15 12:02:50.0
SELL-1763965655402-006696,TRADER-0196,FOREX,SELL,8.61,253,253,PENDING,2025-01-18 12:19:05.0
SELL-1763965655391-000670,TRADER-0170,EQUITY,SELL,323.95,254,254,PENDING,2025-01-15 11:53:44.0
SELL-1763965655391-000594,TRADER-0094,EQUITY,SELL,277.23,291,291,PENDING,2025-01-15 11:35:06.0
SELL-1763965655391-000586,TRADER-0086,EQUITY,SELL,313.76,270,270,PENDING,2025-01-15 10:58:17.0
SELL-1763965655398-004449,TRADER-0449,CRYPTO,SELL,3852.36,2,2,PENDING,2025-01-17 09:51:51.0
SELL-1763965655391-000656,TRADER-0156,EQUITY,SELL,353.48,28,28,PENDING,2025-01-15 12:11:24.0
SELL-1763965655397-003545,TRADER-0045,FOREX,SELL,9.06,225,225,PENDING,2025-01-16 22:56:04.0
SELL-1763965655400-005671,TRADER-0171,FOREX,SELL,5.32,6,6,PENDING,2025-01-18 00:27:38.0
SELL-1763965655399-004746,TRADER-0246,EQUITY,SELL,430.92,197,197,PENDING,2025-01-17 12:32:44.0
SELL-1763965655396-003117,TRADER-0117,CRYPTO,SELL,504.22,22,22,PENDING,2025-01-16 16:58:56.0
SELL-1763965655400-005585,TRADER-0085,EQUITY,SELL,352.32,136,136,PENDING,2025-01-17 23:07:28.0
SELL-1763965655403-007250,TRADER-0250,FOREX,SELL,9.84,816,816,PENDING,2025-01-18 18:59:17.0
SELL-1763965655403-007497,TRADER-0497,EQUITY,SELL,408.0,25,25,PENDING,2025-01-18 21:50:07.0
SELL-1763965655391-000533,TRADER-0033,FOREX,SELL,7.45,312,312,PENDING,2025-01-15 09:56:21.0
SELL-1763965655391-000686,TRADER-0186,CRYPTO,SELL,4502.11,1,1,PENDING,2025-01-15 11:52:30.0
SELL-1763965655391-000687,TRADER-0187,EQUITY,SELL,362.19,248,248,PENDING,2025-01-15 12:42:16.0
SELL-1763965655398-004237,TRADER-0237,CRYPTO,SELL,3905.0,12,12,PENDING,2025-01-17 07:10:00.0
SELL-1763965655400-005560,TRADER-0060,CRYPTO,SELL,2768.74,8,8,PENDING,2025-01-17 23:00:28.0
SELL-1763965655395-002970,TRADER-0470,FOREX,SELL,5.12,211,211,PENDING,2025-01-16 15:13:05.0
SELL-1763965655402-006846,TRADER-0346,FOREX,SELL,6.06,782,782,PENDING,2025-01-18 13:46:37.0
SELL-1763965655397-003525,TRADER-0025,FOREX,SELL,9.8,343,343,PENDING,2025-01-16 22:43:19.0
SELL-1763965655395-002656,TRADER-0156,CRYPTO,SELL,3148.51,7,7,PENDING,2025-01-16 12:18:54.0
SELL-1763965655400-005190,TRADER-0190,CRYPTO,SELL,3947.91,3,3,PENDING,2025-01-17 17:51:11.0
SELL-1763965655398-004228,TRADER-0228,EQUITY,SELL,312.52,225,225,PENDING,2025-01-17 07:04:58.0
SELL-1763965655402-006408,TRADER-0408,CRYPTO,SELL,4706.23,3,3,PENDING,2025-01-18 08:34:03.0
SELL-1763965655396-002992,TRADER-0492,EQUITY,SELL,414.15,160,160,PENDING,2025-01-16 16:13:48.0
SELL-1763965655402-006475,TRADER-0475,CRYPTO,SELL,1934.3,17,17,PENDING,2025-01-18 10:07:57.0
SELL-1763965655400-005155,TRADER-0155,EQUITY,SELL,442.62,48,48,PENDING,2025-01-17 17:43:34.0
SELL-1763965655397-003513,TRADER-0013,EQUITY,SELL,305.1,115,115,PENDING,2025-01-16 22:19:47.0
SELL-1763965655396-003010,TRADER-0010,EQUITY,SELL,153.56,188,188,PENDING,2025-01-16 16:33:49.0
SELL-1763965655399-005067,TRADER-0067,EQUITY,SELL,417.08,22,22,PENDING,2025-01-17 16:33:20.0
SELL-1763965655399-004756,TRADER-0256,EQUITY,SELL,167.39,401,401,PENDING,2025-01-17 13:00:54.0
SELL-1763965655396-003005,TRADER-0005,EQUITY,SELL,334.26,207,207,PENDING,2025-01-16 16:09:52.0
SELL-1763965655399-005009,TRADER-0009,CRYPTO,SELL,4343.33,7,7,PENDING,2025-01-17 15:57:03.0
SELL-1763965655398-004462,TRADER-0462,EQUITY,SELL,209.72,350,350,PENDING,2025-01-17 09:25:53.0
SELL-1763965655399-004799,TRADER-0299,EQUITY,SELL,435.88,65,65,PENDING,2025-01-17 13:23:56.0
SELL-1763965655400-005652,TRADER-0152,EQUITY,SELL,362.81,177,177,PENDING,2025-01-18 00:15:34.0
SELL-1763965655396-003023,TRADER-0023,CRYPTO,SELL,2484.7,10,10,PENDING,2025-01-16 16:43:45.0
SELL-1763965655399-005030,TRADER-0030,EQUITY,SELL,259.26,107,107,PENDING,2025-01-17 16:06:24.0
SELL-1763965655402-006872,TRADER-0372,CRYPTO,SELL,4523.09,1,1,PENDING,2025-01-18 14:43:22.0
SELL-1763965655397-003766,TRADER-0266,CRYPTO,SELL,923.07,27,27,PENDING,2025-01-17 00:47:09.0
SELL-1763965655402-006869,TRADER-0369,EQUITY,SELL,473.66,102,102,PENDING,2025-01-18 14:14:50.0
SELL-1763965655397-003939,TRADER-0439,FOREX,SELL,5.3,605,605,PENDING,2025-01-17 03:11:10.0
SELL-1763965655401-005877,TRADER-0377,CRYPTO,SELL,4485.79,5,5,PENDING,2025-01-18 02:11:55.0
SELL-1763965655400-005415,TRADER-0415,EQUITY,SELL,361.23,133,133,PENDING,2025-01-17 21:14:36.0
SELL-1763965655398-004352,TRADER-0352,CRYPTO,SELL,2439.76,13,13,PENDING,2025-01-17 07:50:57.0
SELL-1763965655403-006960,TRADER-0460,CRYPTO,SELL,4391.94,9,9,PENDING,2025-01-18 15:29:23.0
SELL-1763965655403-007484,TRADER-0484,EQUITY,SELL,221.72,93,93,PENDING,2025-01-18 21:47:35.0
SELL-1763965655400-005522,TRADER-0022,EQUITY,SELL,222.04,304,304,PENDING,2025-01-17 21:54:23.0
SELL-1763965655400-005548,TRADER-0048,EQUITY,SELL,432.18,60,60,PENDING,2025-01-17 22:20:51.0
SELL-1763965655403-007399,TRADER-0399,EQUITY,SELL,442.11,201,201,PENDING,2025-01-18 21:00:17.0
SELL-1763965655398-004101,TRADER-0101,CRYPTO,SELL,1636.35,6,6,PENDING,2025-01-17 05:20:19.0
SELL-1763965655398-004117,TRADER-0117,EQUITY,SELL,167.14,130,130,PENDING,2025-01-17 05:00:43.0
SELL-1763965655403-007115,TRADER-0115,FOREX,SELL,8.97,772,772,PENDING,2025-01-18 17:20:11.0
SELL-1763965655401-006186,TRADER-0186,EQUITY,SELL,221.39,290,290,PENDING,2025-01-18 06:30:12.0
SELL-1763965655400-005118,TRADER-0118,CRYPTO,SELL,1536.89,3,3,PENDING,2025-01-17 17:19:58.0
SELL-1763965655403-007264,TRADER-0264,CRYPTO,SELL,1529.92,20,20,PENDING,2025-01-18 18:46:47.0
SELL-1763965655397-003969,TRADER-0469,EQUITY,SELL,185.6,410,410,PENDING,2025-01-17 03:29:22.0
SELL-1763965655401-005915,TRADER-0415,FOREX,SELL,4.46,990,990,PENDING,2025-01-18 02:54:29.0
SELL-1763965655396-003000,TRADER-0000,CRYPTO,SELL,1803.21,4,4,PENDING,2025-01-16 16:13:23.0
SELL-1763965655398-004095,TRADER-0095,EQUITY,SELL,185.52,353,353,PENDING,2025-01-17 05:06:13.0
SELL-1763965655401-006289,TRADER-0289,EQUITY,SELL,149.04,369,369,PENDING,2025-01-18 07:30:28.0
SELL-1763965655396-003074,TRADER-0074,EQUITY,SELL,158.07,252,252,PENDING,2025-01-16 17:10:54.0
SELL-1763965655399-005062,TRADER-0062,CRYPTO,SELL,954.83,49,49,PENDING,2025-01-17 16:35:00.0
SELL-1763965655396-003170,TRADER-0170,EQUITY,SELL,477.49,107,107,PENDING,2025-01-16 18:08:12.0
SELL-1763965655398-004450,TRADER-0450,CRYPTO,SELL,2983.95,12,12,PENDING,2025-01-17 09:32:00.0
SELL-1763965655399-004668,TRADER-0168,CRYPTO,SELL,3203.48,6,6,PENDING,2025-01-17 11:58:29.0
SELL-1763965655396-003209,TRADER-0209,CRYPTO,SELL,1092.17,25,25,PENDING,2025-01-16 18:40:41.0
SELL-1763965655403-007244,TRADER-0244,EQUITY,SELL,176.4,309,309,PENDING,2025-01-18 18:39:06.0
SELL-1763965655396-003032,TRADER-0032,CRYPTO,SELL,3116.26,15,15,PENDING,2025-01-16 16:44:10.0
SELL-1763965655400-005588,TRADER-0088,CRYPTO,SELL,1189.94,11,11,PENDING,2025-01-17 23:10:12.0
SELL-1763965655398-004448,TRADER-0448,CRYPTO,SELL,3283.37,15,15,PENDING,2025-01-17 09:19:44.0
SELL-1763965655401-005919,TRADER-0419,FOREX,SELL,9.81,387,387,PENDING,2025-01-18 02:46:07.0
SELL-1763965655399-005086,TRADER-0086,EQUITY,SELL,456.0,2,2,PENDING,2025-01-17 17:27:12.0
SELL-1763965655398-004328,TRADER-0328,EQUITY,SELL,398.37,73,73,PENDING,2025-01-17 07:57:09.0
SELL-1763965655397-003933,TRADER-0433,FOREX,SELL,9.75,134,134,PENDING,2025-01-17 02:56:07.0
SELL-1763965655398-004342,TRADER-0342,EQUITY,SELL,430.43,26,26,PENDING,2025-01-17 08:18:20.0
SELL-1763965655398-004331,TRADER-0331,EQUITY,SELL,251.92,106,106,PENDING,2025-01-17 07:45:56.0
SELL-1763965655397-003540,TRADER-0040,CRYPTO,SELL,1066.3,45,45,PENDING,2025-01-16 22:10:24.0
SELL-1763965655401-006259,TRADER-0259,FOREX,SELL,6.12,427,427,PENDING,2025-01-18 07:11:29.0
SELL-1763965655400-005655,TRADER-0155,FOREX,SELL,4.35,185,185,PENDING,2025-01-17 23:59:40.0
SELL-1763965655402-006418,TRADER-0418,EQUITY,SELL,387.09,150,150,PENDING,2025-01-18 08:46:57.0
SELL-1763965655397-003780,TRADER-0280,CRYPTO,SELL,3235.58,2,2,PENDING,2025-01-17 01:48:07.0
SELL-1763965655398-004096,TRADER-0096,FOREX,SELL,5.13,691,691,PENDING,2025-01-17 05:01:49.0
SELL-1763965655400-005479,TRADER-0479,EQUITY,SELL,367.11,205,205,PENDING,2025-01-17 22:01:46.0
SELL-1763965655399-005064,TRADER-0064,EQUITY,SELL,276.06,349,349,PENDING,2025-01-17 16:28:40.0
SELL-1763965655396-003190,TRADER-0190,CRYPTO,SELL,2111.77,13,13,PENDING,2025-01-16 18:26:24.0
SELL-1763965655402-006391,TRADER-0391,CRYPTO,SELL,3213.91,12,12,PENDING,2025-01-18 08:44:52.0
SELL-1763965655397-003997,TRADER-0497,FOREX,SELL,4.72,469,469,PENDING,2025-01-17 03:56:00.0
SELL-1763965655401-005884,TRADER-0384,EQUITY,SELL,473.53,36,36,PENDING,2025-01-18 02:46:27.0
SELL-1763965655396-003394,TRADER-0394,CRYPTO,SELL,4841.26,6,6,PENDING,2025-01-16 20:15:46.0
SELL-1763965655397-003811,TRADER-0311,CRYPTO,SELL,3655.19,8,8,PENDING,2025-01-17 01:27:33.0
SELL-1763965655402-006717,TRADER-0217,EQUITY,SELL,185.06,302,302,PENDING,2025-01-18 12:54:30.0
SELL-1763965655399-004991,TRADER-0491,EQUITY,SELL,216.51,25,25,PENDING,2025-01-17 15:45:00.0
SELL-1763965655401-006274,TRADER-0274,CRYPTO,SELL,2074.49,21,21,PENDING,2025-01-18 06:48:28.0
SELL-1763965655401-005908,TRADER-0408,FOREX,SELL,7.7,326,326,PENDING,2025-01-18 02:48:25.0
SELL-1763965655397-003590,TRADER-0090,EQUITY,SELL,295.89,231,231,PENDING,2025-01-16 23:28:24.0
SELL-1763965655399-004584,TRADER-0084,CRYPTO,SELL,2748.36,4,4,PENDING,2025-01-17 10:54:24.0
SELL-1763965655397-003839,TRADER-0339,FOREX,SELL,6.88,109,109,PENDING,2025-01-17 01:41:16.0
SELL-1763965655396-003396,TRADER-0396,CRYPTO,SELL,3148.42,7,7,PENDING,2025-01-16 20:29:14.0
SELL-1763965655402-006393,TRADER-0393,EQUITY,SELL,354.34,52,52,PENDING,2025-01-18 08:13:41.0
SELL-1763965655402-006698,TRADER-0198,EQUITY,SELL,168.51,26,26,PENDING,2025-01-18 11:55:39.0
SELL-1763965655399-004606,TRADER-0106,CRYPTO,SELL,1806.25,8,8,PENDING,2025-01-17 11:39:04.0
SELL-1763965655397-003768,TRADER-0268,CRYPTO,SELL,1426.71,7,7,PENDING,2025-01-17 00:52:36.0
SELL-1763965655396-003154,TRADER-0154,FOREX,SELL,9.37,774,774,PENDING,2025-01-16 18:07:25.0
SELL-1763965655397-003526,TRADER-0026,EQUITY,SELL,497.43,169,169,PENDING,2025-01-16 22:03:21.0
SELL-1763965655397-003567,TRADER-0067,CRYPTO,SELL,772.58,57,57,PENDING,2025-01-16 22:42:22.0
SELL-1763965655398-004334,TRADER-0334,FOREX,SELL,5.38,237,237,PENDING,2025-01-17 07:31:30.0
SELL-1763965655398-004338,TRADER-0338,CRYPTO,SELL,3226.71,7,7,PENDING,2025-01-17 07:52:18.0
SELL-1763965655396-003314,TRADER-0314,CRYPTO,SELL,772.3,27,27,PENDING,2025-01-16 19:30:58.0
SELL-1763965655399-004685,TRADER-0185,FOREX,SELL,7.76,616,616,PENDING,2025-01-17 11:46:38.0
SELL-1763965655399-004718,TRADER-0218,CRYPTO,SELL,4679.08,9,9,PENDING,2025-01-17 12:21:25.0
SELL-1763965655401-005882,TRADER-0382,CRYPTO,SELL,3925.09,3,3,PENDING,2025-01-18 02:36:54.0
SELL-1763965655401-005902,TRADER-0402,FOREX,SELL,6.47,396,396,PENDING,2025-01-18 03:01:41.0
SELL-1763965655398-004098,TRADER-0098,FOREX,SELL,5.3,779,779,PENDING,2025-01-17 05:23:00.0
SELL-1763965655399-004704,TRADER-0204,CRYPTO,SELL,1713.64,18,18,PENDING,2025-01-17 12:16:37.0
SELL-1763965655401-005888,TRADER-0388,CRYPTO,SELL,1263.26,24,24,PENDING,2025-01-18 02:46:05.0
SELL-1763965655397-003546,TRADER-0046,CRYPTO,SELL,4775.84,8,8,PENDING,2025-01-16 22:53:31.0
SELL-1763965655396-003197,TRADER-0197,CRYPTO,SELL,4268.34,8,8,PENDING,2025-01-16 17:54:33.0
SELL-1763965655396-003156,TRADER-0156,CRYPTO,SELL,3199.0,5,5,PENDING,2025-01-16 18:10:34.0
SELL-1763965655397-003505,TRADER-0005,CRYPTO,SELL,923.07,21,21,PENDING,2025-01-16 21:35:15.0
SELL-1763965655402-006405,TRADER-0405,EQUITY,SELL,478.33,61,61,PENDING,2025-01-18 08:53:48.0
SELL-1763965655399-004714,TRADER-0214,CRYPTO,SELL,4887.72,1,1,PENDING,2025-01-17 12:12:42.0
SELL-1763965655397-003931,TRADER-0431,FOREX,SELL,8.55,253,253,PENDING,2025-01-17 03:30:40.0
SELL-1763965655397-003880,TRADER-0380,CRYPTO,SELL,930.93,33,33,PENDING,2025-01-17 02:04:13.0
SELL-1763965655396-003180,TRADER-0180,FOREX,SELL,5.56,219,219,PENDING,2025-01-16 18:13:11.0
SELL-1763965655401-005850,TRADER-0350,CRYPTO,SELL,3408.42,10,10,PENDING,2025-01-18 02:32:05.0
SELL-1763965655402-006478,TRADER-0478,CRYPTO,SELL,3713.07,3,3,PENDING,2025-01-18 10:03:35.0
SELL-1763965655402-006360,TRADER-0360,EQUITY,SELL,406.38,88,88,PENDING,2025-01-18 07:52:10.0
SELL-1763965655399-004689,TRADER-0189,CRYPTO,SELL,1011.58,35,35,PENDING,2025-01-17 11:52:36.0
SELL-1763965655397-003837,TRADER-0337,EQUITY,SELL,164.4,557,557,PENDING,2025-01-17 02:21:35.0
SELL-1763965655395-002968,TRADER-0468,CRYPTO,SELL,1750.42,28,28,PENDING,2025-01-16 15:28:26.0
SELL-1763965655398-004105,TRADER-0105,EQUITY,SELL,445.91,137,137,PENDING,2025-01-17 05:39:28.0
SELL-1763965655399-004684,TRADER-0184,CRYPTO,SELL,3098.43,9,9,PENDING,2025-01-17 11:59:00.0
SELL-1763965655403-007162,TRADER-0162,EQUITY,SELL,324.73,307,307,PENDING,2025-01-18 17:51:12.0
SELL-1763965655396-003176,TRADER-0176,FOREX,SELL,4.52,951,951,PENDING,2025-01-16 18:11:48.0
SELL-1763965655402-006376,TRADER-0376,FOREX,SELL,8.14,622,622,PENDING,2025-01-18 08:38:13.0
SELL-1763965655397-003727,TRADER-0227,CRYPTO,SELL,3609.86,1,1,PENDING,2025-01-17 00:43:37.0
SELL-1763965655396-003221,TRADER-0221,FOREX,SELL,6.47,328,328,PENDING,2025-01-16 18:13:40.0
SELL-1763965655396-003318,TRADER-0318,CRYPTO,SELL,4226.0,9,9,PENDING,2025-01-16 20:17:12.0
SELL-1763965655399-004697,TRADER-0197,EQUITY,SELL,428.13,74,74,PENDING,2025-01-17 12:44:26.0
SELL-1763965655402-006700,TRADER-0200,EQUITY,SELL,415.95,192,192,PENDING,2025-01-18 12:35:58.0
SELL-1763965655403-007331,TRADER-0331,FOREX,SELL,7.23,159,159,PENDING,2025-01-18 20:15:23.0
SELL-1763965655396-003129,TRADER-0129,CRYPTO,SELL,773.3,35,35,PENDING,2025-01-16 17:40:04.0
SELL-1763965655398-004106,TRADER-0106,EQUITY,SELL,138.22,591,591,PENDING,2025-01-17 04:53:50.0
SELL-1763965655398-004047,TRADER-0047,CRYPTO,SELL,3981.56,2,2,PENDING,2025-01-17 04:08:44.0
SELL-1763965655402-006366,TRADER-0366,CRYPTO,SELL,4275.84,3,3,PENDING,2025-01-18 08:06:55.0
SELL-1763965655402-006341,TRADER-0341,CRYPTO,SELL,2001.18,11,11,PENDING,2025-01-18 07:45:30.0
SELL-1763965655401-005786,TRADER-0286,FOREX,SELL,6.34,363,363,PENDING,2025-01-18 01:54:58.0
SELL-1763965655396-003307,TRADER-0307,FOREX,SELL,7.13,595,595,PENDING,2025-01-16 19:20:40.0
SELL-1763965655398-004343,TRADER-0343,EQUITY,SELL,304.24,273,273,PENDING,2025-01-17 08:35:50.0
SELL-1763965655399-004703,TRADER-0203,EQUITY,SELL,340.34,246,246,PENDING,2025-01-17 12:14:22.0
SELL-1763965655396-003295,TRADER-0295,FOREX,SELL,5.99,498,498,PENDING,2025-01-16 19:26:30.0
SELL-1763965655396-003020,TRADER-0020,EQUITY,SELL,449.3,76,76,PENDING,2025-01-16 16:42:37.0
SELL-1763965655398-004353,TRADER-0353,EQUITY,SELL,278.34,314,314,PENDING,2025-01-17 08:33:26.0
SELL-1763965655396-003210,TRADER-0210,EQUITY,SELL,266.97,145,145,PENDING,2025-01-16 18:06:34.0
SELL-1763965655396-003021,TRADER-0021,CRYPTO,SELL,4905.47,6,6,PENDING,2025-01-16 16:26:22.0
SELL-1763965655398-004428,TRADER-0428,EQUITY,SELL,286.14,87,87,PENDING,2025-01-17 09:06:52.0
SELL-1763965655396-003145,TRADER-0145,CRYPTO,SELL,2086.56,5,5,PENDING,2025-01-16 17:50:19.0
SELL-1763965655401-006224,TRADER-0224,FOREX,SELL,5.29,321,321,PENDING,2025-01-18 06:24:51.0
SELL-1763965655398-004222,TRADER-0222,CRYPTO,SELL,4251.45,3,3,PENDING,2025-01-17 06:27:24.0
SELL-1763965655396-003188,TRADER-0188,FOREX,SELL,4.73,165,165,PENDING,2025-01-16 18:29:49.0
SELL-1763965655396-003179,TRADER-0179,CRYPTO,SELL,1502.82,7,7,PENDING,2025-01-16 18:14:42.0
SELL-1763965655399-004699,TRADER-0199,CRYPTO,SELL,4497.08,2,2,PENDING,2025-01-17 12:25:24.0
SELL-1763965655396-003501,TRADER-0001,EQUITY,SELL,339.86,283,283,PENDING,2025-01-16 21:40:27.0
SELL-1763965655403-007348,TRADER-0348,CRYPTO,SELL,1980.11,21,21,PENDING,2025-01-18 20:29:17.0
SELL-1763965655402-006707,TRADER-0207,FOREX,SELL,7.94,504,504,PENDING,2025-01-18 12:24:47.0
SELL-1763965655403-007470,TRADER-0470,CRYPTO,SELL,2574.43,8,8,PENDING,2025-01-18 21:21:45.0
SELL-1763965655396-003313,TRADER-0313,EQUITY,SELL,249.84,65,65,PENDING,2025-01-16 19:55:14.0
SELL-1763965655396-003264,TRADER-0264,CRYPTO,SELL,1426.07,12,12,PENDING,2025-01-16 18:52:23.0
SELL-1763965655402-006803,TRADER-0303,FOREX,SELL,9.2,31,31,PENDING,2025-01-18 14:07:10.0
SELL-1763965655396-003174,TRADER-0174,CRYPTO,SELL,4196.02,6,6,PENDING,2025-01-16 18:00:00.0
SELL-1763965655396-003374,TRADER-0374,CRYPTO,SELL,1884.05,21,21,PENDING,2025-01-16 20:27:55.0
SELL-1763965655403-006967,TRADER-0467,EQUITY,SELL,151.77,93,93,PENDING,2025-01-18 15:44:03.0
SELL-1763965655396-003130,TRADER-0130,FOREX,SELL,8.39,121,121,PENDING,2025-01-16 17:24:25.0
SELL-1763965655396-003127,TRADER-0127,EQUITY,SELL,367.28,45,45,PENDING,2025-01-16 17:43:17.0
SELL-1763965655403-007179,TRADER-0179,CRYPTO,SELL,4353.56,11,11,PENDING,2025-01-18 17:59:00.0
SELL-1763965655396-003144,TRADER-0144,EQUITY,SELL,466.4,142,142,PENDING,2025-01-16 17:35:59.0
SELL-1763965655395-002827,TRADER-0327,FOREX,SELL,6.9,798,798,PENDING,2025-01-16 13:49:40.0
SELL-1763965655396-003310,TRADER-0310,FOREX,SELL,4.29,234,234,PENDING,2025-01-16 19:52:26.0
SELL-1763965655396-003291,TRADER-0291,EQUITY,SELL,340.93,155,155,PENDING,2025-01-16 19:14:28.0
SELL-1763965655397-003509,TRADER-0009,CRYPTO,SELL,3748.2,13,13,PENDING,2025-01-16 22:27:57.0
SELL-1763965655402-006838,TRADER-0338,FOREX,SELL,8.67,718,718,PENDING,2025-01-18 14:32:15.0
SELL-1763965655396-003308,TRADER-0308,EQUITY,SELL,170.62,360,360,PENDING,2025-01-16 19:55:49.0
SELL-1763965655396-003243,TRADER-0243,EQUITY,SELL,172.45,78,78,PENDING,2025-01-16 19:02:50.0
SELL-1763965655403-007188,TRADER-0188,EQUITY,SELL,183.01,444,444,PENDING,2025-01-18 18:11:01.0
SELL-1763965655403-007245,TRADER-0245,CRYPTO,SELL,2467.19,4,4,PENDING,2025-01-18 18:33:23.0
SELL-1763965655403-007189,TRADER-0189,FOREX,SELL,5.13,942,942,PENDING,2025-01-18 18:17:09.0
SELL-1763965655396-003269,TRADER-0269,EQUITY,SELL,304.42,242,242,PENDING,2025-01-16 18:55:59.0
SELL-1763965655402-006446,TRADER-0446,CRYPTO,SELL,4084.19,12,12,PENDING,2025-01-18 09:17:54.0
SELL-1763965655396-003456,TRADER-0456,CRYPTO,SELL,3309.3,14,14,PENDING,2025-01-16 21:00:02.0
SELL-1763965655403-007349,TRADER-0349,FOREX,SELL,5.82,786,786,PENDING,2025-01-18 20:27:12.0
SELL-1763965655396-003425,TRADER-0425,FOREX,SELL,7.45,76,76,PENDING,2025-01-16 21:13:22.0
SELL-1763965655396-003185,TRADER-0185,CRYPTO,SELL,1724.76,16,16,PENDING,2025-01-16 18:22:33.0
SELL-1763965655402-006680,TRADER-0180,FOREX,SELL,6.31,748,748,PENDING,2025-01-18 12:27:04.0
SELL-1763965655403-007174,TRADER-0174,EQUITY,SELL,178.34,371,371,PENDING,2025-01-18 17:56:00.0
SELL-1763965655402-006606,TRADER-0106,CRYPTO,SELL,996.62,1,1,PENDING,2025-01-18 10:58:21.0
SELL-1763965655403-006974,TRADER-0474,CRYPTO,SELL,4574.79,9,9,PENDING,2025-01-18 15:16:21.0
SELL-1763965655403-007271,TRADER-0271,CRYPTO,SELL,3444.85,13,13,PENDING,2025-01-18 19:41:44.0
SELL-1763965655403-007256,TRADER-0256,CRYPTO,SELL,1657.37,29,29,PENDING,2025-01-18 19:20:25.0
SELL-1763965655402-006571,TRADER-0071,CRYPTO,SELL,1585.92,11,11,PENDING,2025-01-18 11:00:39.0
SELL-1763965655402-006740,TRADER-0240,FOREX,SELL,6.91,388,388,PENDING,2025-01-18 12:35:44.0
SELL-1763965655403-006980,TRADER-0480,FOREX,SELL,8.94,321,321,PENDING,2025-01-18 15:33:46.0
SELL-1763965655403-007102,TRADER-0102,CRYPTO,SELL,4358.09,7,7,PENDING,2025-01-18 17:09:42.0
SELL-1763965655403-007341,TRADER-0341,FOREX,SELL,6.86,992,992,PENDING,2025-01-18 19:50:41.0
SELL-1763965655403-007119,TRADER-0119,CRYPTO,SELL,4165.66,6,6,PENDING,2025-01-18 17:05:48.0
SELL-1763965655403-007252,TRADER-0252,EQUITY,SELL,420.92,71,71,PENDING,2025-01-18 18:36:18.0
SELL-1763965655403-007091,TRADER-0091,FOREX,SELL,7.54,935,935,PENDING,2025-01-18 17:19:37.0
SELL-1763965655403-007092,TRADER-0092,EQUITY,SELL,231.64,161,161,PENDING,2025-01-18 17:11:31.0
SELL-1763965655403-007336,TRADER-0336,FOREX,SELL,8.69,8,8,PENDING,2025-01-18 20:02:43.0
SELL-1763965655403-007105,TRADER-0105,EQUITY,SELL,175.21,384,384,PENDING,2025-01-18 16:59:29.0
SELL-1763965655403-007295,TRADER-0295,CRYPTO,SELL,4104.94,3,3,PENDING,2025-01-18 19:16:27.0
SELL-1763965655403-007246,TRADER-0246,CRYPTO,SELL,4809.61,6,6,PENDING,2025-01-18 19:02:48.0
SELL-1763965655403-007214,TRADER-0214,FOREX,SELL,6.96,806,806,PENDING,2025-01-18 18:41:34.0
SELL-1763965655403-007299,TRADER-0299,FOREX,SELL,5.42,306,306,PENDING,2025-01-18 19:18:08.0
SELL-1763965655403-007339,TRADER-0339,FOREX,SELL,6.76,155,155,PENDING,2025-01-18 20:09:04.0
SELL-1763965655403-007191,TRADER-0191,EQUITY,SELL,227.24,26,26,PENDING,2025-01-18 18:45:01.0
SELL-1763965655403-007257,TRADER-0257,CRYPTO,SELL,697.36,37,37,PENDING,2025-01-18 19:31:32.0
SELL-1763965655403-007157,TRADER-0157,EQUITY,SELL,136.41,260,260,PENDING,2025-01-18 17:48:19.0
SELL-1763965655403-007070,TRADER-0070,CRYPTO,SELL,3010.68,16,16,PENDING,2025-01-18 17:07:32.0
SELL-1763965655403-007170,TRADER-0170,CRYPTO,SELL,3294.88,10,10,PENDING,2025-01-18 18:25:58.0
SELL-1763965655403-007309,TRADER-0309,CRYPTO,SELL,4688.32,7,7,PENDING,2025-01-18 19:30:12.0
SELL-1763965655403-007352,TRADER-0352,EQUITY,SELL,162.75,58,58,PENDING,2025-01-18 19:54:23.0
SELL-1763965655403-007317,TRADER-0317,CRYPTO,SELL,3904.61,2,2,PENDING,2025-01-18 20:11:52.0
SELL-1763965655403-007292,TRADER-0292,CRYPTO,SELL,4869.67,4,4,PENDING,2025-01-18 19:32:18.0
SELL-1763965655403-007319,TRADER-0319,CRYPTO,SELL,4202.44,4,4,PENDING,2025-01-18 19:19:46.0
SELL-1763965655403-007272,TRADER-0272,EQUITY,SELL,229.02,35,35,PENDING,2025-01-18 19:14:49.0
SELL-1763965655403-007269,TRADER-0269,EQUITY,SELL,343.46,247,247,PENDING,2025-01-18 19:10:14.0
SELL-1763965655403-007306,TRADER-0306,CRYPTO,SELL,2753.06,14,14,PENDING,2025-01-18 19:11:10.0
SELL-1763965655401-005734,TRADER-0234,EQUITY,SELL,395.42,7,7,PENDING,2025-01-18 00:23:59.0
SELL-1763965655403-006970,TRADER-0470,CRYPTO,SELL,660.88,23,23,PENDING,2025-01-18 15:09:35.0
